turn_node_id,condition,condition_id,conversation_id,sequence_index,turn_index,slot,x,y
1,AI-AI,ai-ai,conv_01d1444f684c48af9cc5978f92742c23,1,1.0,author_1,-0.08685327243531105,0.13652581389200497
2,AI-AI,ai-ai,conv_01d1444f684c48af9cc5978f92742c23,2,1.0,author_2,-0.1580220049932202,0.1110852691818425
3,AI-AI,ai-ai,conv_01d1444f684c48af9cc5978f92742c23,3,2.0,author_1,0.0014683316108421683,0.11768811513511146
4,AI-AI,ai-ai,conv_01d1444f684c48af9cc5978f92742c23,4,2.0,author_2,-0.03662967207051468,0.022465415418585186
5,AI-AI,ai-ai,conv_01d1444f684c48af9cc5978f92742c23,5,3.0,author_1,0.05146546554913774,0.14906984830783052
6,AI-AI,ai-ai,conv_01d1444f684c48af9cc5978f92742c23,6,3.0,author_2,-0.002153006086345336,0.12991376865794826
7,AI-AI,ai-ai,conv_01d1444f684c48af9cc5978f92742c23,7,4.0,author_1,-0.0675391116697131,0.035317118778333434
8,AI-AI,ai-ai,conv_01d1444f684c48af9cc5978f92742c23,8,4.0,author_2,-0.17639848584782972,0.1221206245759944
9,AI-AI,ai-ai,conv_01d1444f684c48af9cc5978f92742c23,9,5.0,author_1,-0.0776911589918991,0.23820134437719814
10,AI-AI,ai-ai,conv_01d1444f684c48af9cc5978f92742c23,10,5.0,author_2,0.043024074534168226,0.14982489315536268
11,AI-AI,ai-ai,conv_01d1444f684c48af9cc5978f92742c23,11,6.0,author_1,0.20528629100964818,0.11413225987750254
12,AI-AI,ai-ai,conv_01d1444f684c48af9cc5978f92742c23,12,6.0,author_2,0.10928700268310648,0.12215086190700952
13,AI-AI,ai-ai,conv_01d1444f684c48af9cc5978f92742c23,13,7.0,author_1,0.19143099432992647,0.07457679997742529
14,AI-AI,ai-ai,conv_01d1444f684c48af9cc5978f92742c23,14,7.0,author_2,-0.1795110784072511,-0.12842880696868741
15,AI-AI,ai-ai,conv_01d1444f684c48af9cc5978f92742c23,15,8.0,author_1,0.0640442484381263,0.032651147388483404
16,AI-AI,ai-ai,conv_01d1444f684c48af9cc5978f92742c23,16,8.0,author_2,0.04642117961509881,0.09377548873253556
17,AI-AI,ai-ai,conv_01d1444f684c48af9cc5978f92742c23,17,9.0,author_1,0.09634152547081684,0.09830128826813883
18,AI-AI,ai-ai,conv_01d1444f684c48af9cc5978f92742c23,18,9.0,author_2,0.034486659314613886,0.10075157800092274
19,AI-AI,ai-ai,conv_0388f204ccd644f39221d0d8afff6d09,1,1.0,author_2,-0.04499217863468122,0.06106616645498167
20,AI-AI,ai-ai,conv_0388f204ccd644f39221d0d8afff6d09,2,1.0,author_1,-0.18968424682939272,-0.007992307443991261
21,AI-AI,ai-ai,conv_0388f204ccd644f39221d0d8afff6d09,3,2.0,author_2,-0.06079678724747759,0.08304941227771151
22,AI-AI,ai-ai,conv_0388f204ccd644f39221d0d8afff6d09,4,2.0,author_1,-0.11927128383251445,0.051995659861211185
24,AI-AI,ai-ai,conv_0388f204ccd644f39221d0d8afff6d09,6,3.0,author_1,0.07297969294728063,0.13235064662320215
25,AI-AI,ai-ai,conv_0388f204ccd644f39221d0d8afff6d09,7,4.0,author_2,-0.0714962297978495,0.18329102145663229
26,AI-AI,ai-ai,conv_0388f204ccd644f39221d0d8afff6d09,8,4.0,author_1,0.003448293100006364,0.1295833274591281
27,AI-AI,ai-ai,conv_0388f204ccd644f39221d0d8afff6d09,9,5.0,author_2,0.05394996286821084,0.19359622833640033
28,AI-AI,ai-ai,conv_0388f204ccd644f39221d0d8afff6d09,10,5.0,author_1,0.08702800919067806,0.053268308571145
29,AI-AI,ai-ai,conv_0388f204ccd644f39221d0d8afff6d09,11,6.0,author_2,0.13565354941842211,-0.06823713964963779
30,AI-AI,ai-ai,conv_0388f204ccd644f39221d0d8afff6d09,12,6.0,author_1,0.15689863535381185,-0.0066339581286436414
31,AI-AI,ai-ai,conv_0388f204ccd644f39221d0d8afff6d09,13,7.0,author_2,0.07868790031252902,0.12217289573559248
32,AI-AI,ai-ai,conv_0388f204ccd644f39221d0d8afff6d09,14,7.0,author_1,-0.07189322431097207,-0.07871080073743349
33,AI-AI,ai-ai,conv_0388f204ccd644f39221d0d8afff6d09,15,8.0,author_2,-0.017957223783238933,0.0439636936475529
34,AI-AI,ai-ai,conv_0388f204ccd644f39221d0d8afff6d09,16,8.0,author_1,-0.1003094179696492,0.06611368426322978
35,AI-AI,ai-ai,conv_0388f204ccd644f39221d0d8afff6d09,17,9.0,author_2,0.03351314121896709,0.13496666646983524
36,AI-AI,ai-ai,conv_0388f204ccd644f39221d0d8afff6d09,18,9.0,author_1,0.007944644594863479,0.09044743886688711
38,AI-AI,ai-ai,conv_1135e4a162c64105aaf2934e6fecd74b,2,1.0,author_1,-0.0498906266757465,0.08969778932276995
39,AI-AI,ai-ai,conv_1135e4a162c64105aaf2934e6fecd74b,3,2.0,author_2,-0.0674242714378859,-0.044308071724604645
40,AI-AI,ai-ai,conv_1135e4a162c64105aaf2934e6fecd74b,4,2.0,author_1,-0.019400848322886723,-0.021185761548540745
41,AI-AI,ai-ai,conv_1135e4a162c64105aaf2934e6fecd74b,5,3.0,author_2,0.07308668114506205,0.096246450401265
42,AI-AI,ai-ai,conv_1135e4a162c64105aaf2934e6fecd74b,6,3.0,author_1,-0.2229201411276847,0.23784912133370104
43,AI-AI,ai-ai,conv_1135e4a162c64105aaf2934e6fecd74b,7,4.0,author_2,0.07504148135395367,0.08138609218731449
44,AI-AI,ai-ai,conv_1135e4a162c64105aaf2934e6fecd74b,8,4.0,author_1,0.02059090822381257,0.18144601605486588
45,AI-AI,ai-ai,conv_1135e4a162c64105aaf2934e6fecd74b,9,5.0,author_2,0.003563432422687885,0.2667457412951568
46,AI-AI,ai-ai,conv_1135e4a162c64105aaf2934e6fecd74b,10,5.0,author_1,0.1338581025137806,-0.009753133077010041
47,AI-AI,ai-ai,conv_1135e4a162c64105aaf2934e6fecd74b,11,6.0,author_2,0.13395310085721931,0.06298733350014468
48,AI-AI,ai-ai,conv_1135e4a162c64105aaf2934e6fecd74b,12,6.0,author_1,0.029483033553040237,0.13965852428892372
49,AI-AI,ai-ai,conv_1135e4a162c64105aaf2934e6fecd74b,13,7.0,author_2,0.09153774025859193,0.054859872802359086
50,AI-AI,ai-ai,conv_1135e4a162c64105aaf2934e6fecd74b,14,7.0,author_1,0.07936463919154282,0.2142076675547818
51,AI-AI,ai-ai,conv_1135e4a162c64105aaf2934e6fecd74b,15,8.0,author_2,0.024932086896313974,0.12170964389881345
52,AI-AI,ai-ai,conv_1135e4a162c64105aaf2934e6fecd74b,16,8.0,author_1,0.07975953722445837,0.11857752211039886
53,AI-AI,ai-ai,conv_1135e4a162c64105aaf2934e6fecd74b,17,9.0,author_2,0.04432962851785616,0.051788357625238174
54,AI-AI,ai-ai,conv_1135e4a162c64105aaf2934e6fecd74b,18,9.0,author_1,0.057806742555791164,0.18281190357475777
55,AI-AI,ai-ai,conv_11c2622ee391485c9913d2f1479b665b,1,1.0,author_1,0.11989183232094974,0.03737851387198817
56,AI-AI,ai-ai,conv_11c2622ee391485c9913d2f1479b665b,2,1.0,author_2,0.16229070843833934,0.13340303708688064
57,AI-AI,ai-ai,conv_11c2622ee391485c9913d2f1479b665b,3,2.0,author_1,0.14787006793065827,-0.08371974729911885
58,AI-AI,ai-ai,conv_11c2622ee391485c9913d2f1479b665b,4,2.0,author_2,0.13811741820093698,0.02201868131048177
59,AI-AI,ai-ai,conv_11c2622ee391485c9913d2f1479b665b,5,3.0,author_1,0.28804728613013053,0.004261165103833566
60,AI-AI,ai-ai,conv_11c2622ee391485c9913d2f1479b665b,6,3.0,author_2,0.20422703909058798,-0.07806303569732014
61,AI-AI,ai-ai,conv_11c2622ee391485c9913d2f1479b665b,7,4.0,author_1,0.13211255482134257,0.06455909581480868
62,AI-AI,ai-ai,conv_11c2622ee391485c9913d2f1479b665b,8,4.0,author_2,0.11103210155538863,-0.014514087949435112
63,AI-AI,ai-ai,conv_11c2622ee391485c9913d2f1479b665b,9,5.0,author_1,0.13604270244792444,-0.02472019712799943
64,AI-AI,ai-ai,conv_11c2622ee391485c9913d2f1479b665b,10,5.0,author_2,0.07045079160251126,-0.06895508302354815
65,AI-AI,ai-ai,conv_11c2622ee391485c9913d2f1479b665b,11,6.0,author_1,0.3426141749916618,-0.052170327115904636
66,AI-AI,ai-ai,conv_11c2622ee391485c9913d2f1479b665b,12,6.0,author_2,0.22742379858987005,0.05184433963872732
67,AI-AI,ai-ai,conv_11c2622ee391485c9913d2f1479b665b,13,7.0,author_1,0.2476867190031322,-0.05495942919749958
68,AI-AI,ai-ai,conv_11c2622ee391485c9913d2f1479b665b,14,7.0,author_2,0.14693735684919892,-0.14781860375732836
69,AI-AI,ai-ai,conv_11c2622ee391485c9913d2f1479b665b,15,8.0,author_1,0.2710976721062544,-0.05034881618505206
70,AI-AI,ai-ai,conv_11c2622ee391485c9913d2f1479b665b,16,8.0,author_2,0.180555857826092,-0.19355825978217653
71,AI-AI,ai-ai,conv_11c2622ee391485c9913d2f1479b665b,17,9.0,author_1,0.23780459064092388,-0.1086285140098612
72,AI-AI,ai-ai,conv_11c2622ee391485c9913d2f1479b665b,18,9.0,author_2,0.18444354086878878,-0.19970623793630235
73,AI-AI,ai-ai,conv_145de5a68d014da88f143860a2aed6fd,1,1.0,author_2,0.026068033740484664,-0.06430538855680104
74,AI-AI,ai-ai,conv_145de5a68d014da88f143860a2aed6fd,2,1.0,author_1,0.02735365899007935,0.04241917056027169
75,AI-AI,ai-ai,conv_145de5a68d014da88f143860a2aed6fd,3,2.0,author_2,0.03214540814977573,0.20794076549783594
76,AI-AI,ai-ai,conv_145de5a68d014da88f143860a2aed6fd,4,2.0,author_1,0.19818205884979964,0.11508214386307136
77,AI-AI,ai-ai,conv_145de5a68d014da88f143860a2aed6fd,5,3.0,author_2,-0.04623203214013161,0.21780147069873707
78,AI-AI,ai-ai,conv_145de5a68d014da88f143860a2aed6fd,6,3.0,author_1,-0.08811527550541853,0.2743235042425445
79,AI-AI,ai-ai,conv_145de5a68d014da88f143860a2aed6fd,7,4.0,author_2,0.0318856736397333,0.1441054415627614
80,AI-AI,ai-ai,conv_145de5a68d014da88f143860a2aed6fd,8,4.0,author_1,-0.01862374260469668,0.0639985221342213
81,AI-AI,ai-ai,conv_145de5a68d014da88f143860a2aed6fd,9,5.0,author_2,0.09254582451796532,0.09542447145369415
82,AI-AI,ai-ai,conv_145de5a68d014da88f143860a2aed6fd,10,5.0,author_1,0.11654093222022038,0.22041000355110807
83,AI-AI,ai-ai,conv_145de5a68d014da88f143860a2aed6fd,11,6.0,author_2,-0.16889616214963912,0.06377015803927939
84,AI-AI,ai-ai,conv_145de5a68d014da88f143860a2aed6fd,12,6.0,author_1,-0.01118220234626139,0.07472622716417711
85,AI-AI,ai-ai,conv_145de5a68d014da88f143860a2aed6fd,13,7.0,author_2,0.06483364377934098,0.034267720765934685
86,AI-AI,ai-ai,conv_145de5a68d014da88f143860a2aed6fd,14,7.0,author_1,0.1078360917460689,0.07403436965933805
87,AI-AI,ai-ai,conv_145de5a68d014da88f143860a2aed6fd,15,8.0,author_2,-0.025097784797856716,0.08384104383507121
88,AI-AI,ai-ai,conv_145de5a68d014da88f143860a2aed6fd,16,8.0,author_1,0.1451474022926187,0.12576685667962956
89,AI-AI,ai-ai,conv_145de5a68d014da88f143860a2aed6fd,17,9.0,author_2,0.03264738804705408,-0.035772225743991005
90,AI-AI,ai-ai,conv_145de5a68d014da88f143860a2aed6fd,18,9.0,author_1,0.0026506587654213706,-0.10129097364435927
91,AI-AI,ai-ai,conv_1a4cdabdded94039ac38c6be264efe9f,1,1.0,author_2,0.023286247563841053,-0.012698016387111705
92,AI-AI,ai-ai,conv_1a4cdabdded94039ac38c6be264efe9f,2,1.0,author_1,-0.004827202402182548,0.14903284453054175
93,AI-AI,ai-ai,conv_1a4cdabdded94039ac38c6be264efe9f,3,2.0,author_2,0.16856533617096425,0.029132952793829055
94,AI-AI,ai-ai,conv_1a4cdabdded94039ac38c6be264efe9f,4,2.0,author_1,-0.016746299066576473,-0.004621382524139444
95,AI-AI,ai-ai,conv_1a4cdabdded94039ac38c6be264efe9f,5,3.0,author_2,0.06518905335564448,0.08372343603599113
96,AI-AI,ai-ai,conv_1a4cdabdded94039ac38c6be264efe9f,6,3.0,author_1,0.05422012959957587,0.1383572849194519
97,AI-AI,ai-ai,conv_1a4cdabdded94039ac38c6be264efe9f,7,4.0,author_2,0.02379483238418672,0.1568414942732546
98,AI-AI,ai-ai,conv_1a4cdabdded94039ac38c6be264efe9f,8,4.0,author_1,0.10919166538828955,0.15813271389845268
99,AI-AI,ai-ai,conv_1a4cdabdded94039ac38c6be264efe9f,9,5.0,author_2,0.023844491686222817,0.17101002624411377
100,AI-AI,ai-ai,conv_1a4cdabdded94039ac38c6be264efe9f,10,5.0,author_1,0.08298965083916379,0.2211742688466921
101,AI-AI,ai-ai,conv_1a4cdabdded94039ac38c6be264efe9f,11,6.0,author_2,0.04970341773102713,0.1889506912109224
102,AI-AI,ai-ai,conv_1a4cdabdded94039ac38c6be264efe9f,12,6.0,author_1,0.04856187191511124,0.2333316336781955
103,AI-AI,ai-ai,conv_1a4cdabdded94039ac38c6be264efe9f,13,7.0,author_2,0.15593858653364875,0.04849086625379769
104,AI-AI,ai-ai,conv_1a4cdabdded94039ac38c6be264efe9f,14,7.0,author_1,0.19070279456093708,0.06347495268430778
105,AI-AI,ai-ai,conv_1a4cdabdded94039ac38c6be264efe9f,15,8.0,author_2,0.1219738601172439,0.06557506549734178
106,AI-AI,ai-ai,conv_1a4cdabdded94039ac38c6be264efe9f,16,8.0,author_1,0.19345381852547985,-0.03829771948804758
107,AI-AI,ai-ai,conv_1a4cdabdded94039ac38c6be264efe9f,17,9.0,author_2,0.04304392316752163,0.13407767285701078
108,AI-AI,ai-ai,conv_1a4cdabdded94039ac38c6be264efe9f,18,9.0,author_1,0.21002307966656428,0.0448257333340699
110,AI-AI,ai-ai,conv_1b0e1bf3782340208c862eb1953a6489,2,1.0,author_2,0.2969484095309352,-0.008462090232515951
111,AI-AI,ai-ai,conv_1b0e1bf3782340208c862eb1953a6489,3,2.0,author_1,0.2467540179146515,-0.0023608772816884104
112,AI-AI,ai-ai,conv_1b0e1bf3782340208c862eb1953a6489,4,2.0,author_2,0.25937485400915733,0.10507207299005403
114,AI-AI,ai-ai,conv_1b0e1bf3782340208c862eb1953a6489,6,3.0,author_2,0.13959532119340162,0.1526986855089773
115,AI-AI,ai-ai,conv_1b0e1bf3782340208c862eb1953a6489,7,4.0,author_1,0.20006602866662593,-0.03230843884586587
116,AI-AI,ai-ai,conv_1b0e1bf3782340208c862eb1953a6489,8,4.0,author_2,0.24091008906653252,-0.1164951520667556
117,AI-AI,ai-ai,conv_1b0e1bf3782340208c862eb1953a6489,9,5.0,author_1,0.3863392439138491,-0.08118360363862706
118,AI-AI,ai-ai,conv_1b0e1bf3782340208c862eb1953a6489,10,5.0,author_2,0.043844807573186484,-0.08169741066894241
119,AI-AI,ai-ai,conv_1b0e1bf3782340208c862eb1953a6489,11,6.0,author_1,0.2075582964985055,0.024637712868750695
120,AI-AI,ai-ai,conv_1b0e1bf3782340208c862eb1953a6489,12,6.0,author_2,0.11859246301220161,-0.11544360232587075
121,AI-AI,ai-ai,conv_1b0e1bf3782340208c862eb1953a6489,13,7.0,author_1,0.0978572125838021,-0.02645549905468615
122,AI-AI,ai-ai,conv_1b0e1bf3782340208c862eb1953a6489,14,7.0,author_2,0.3036809897337422,-0.004459706416420733
123,AI-AI,ai-ai,conv_1b0e1bf3782340208c862eb1953a6489,15,8.0,author_1,0.27366709605453676,-0.1459797515875139
124,AI-AI,ai-ai,conv_1b0e1bf3782340208c862eb1953a6489,16,8.0,author_2,0.27862120140631613,-0.037081532146481515
125,AI-AI,ai-ai,conv_1b0e1bf3782340208c862eb1953a6489,17,9.0,author_1,0.1705014217418902,0.04287442008482791
126,AI-AI,ai-ai,conv_1b0e1bf3782340208c862eb1953a6489,18,9.0,author_2,0.13379199900225883,0.11348880289134927
127,AI-AI,ai-ai,conv_25b3327db15a448db32cb8f42d05655e,1,1.0,author_2,0.21913106955347128,0.01172518066729871
128,AI-AI,ai-ai,conv_25b3327db15a448db32cb8f42d05655e,2,1.0,author_1,0.10916251064107041,0.1379365199830122
129,AI-AI,ai-ai,conv_25b3327db15a448db32cb8f42d05655e,3,2.0,author_2,0.068285446225685,0.14501273212750765
130,AI-AI,ai-ai,conv_25b3327db15a448db32cb8f42d05655e,4,2.0,author_1,0.03130851368441164,0.15007569381777414
131,AI-AI,ai-ai,conv_25b3327db15a448db32cb8f42d05655e,5,3.0,author_2,0.07284502679202104,0.20544572065719474
132,AI-AI,ai-ai,conv_25b3327db15a448db32cb8f42d05655e,6,3.0,author_1,0.2777470677878824,0.1759284004535547
133,AI-AI,ai-ai,conv_25b3327db15a448db32cb8f42d05655e,7,4.0,author_2,0.24984127673252615,0.08390992574605476
134,AI-AI,ai-ai,conv_25b3327db15a448db32cb8f42d05655e,8,4.0,author_1,0.09941704268472062,0.0785739077901622
135,AI-AI,ai-ai,conv_25b3327db15a448db32cb8f42d05655e,9,5.0,author_2,0.2263014366600829,0.1784724607624741
136,AI-AI,ai-ai,conv_25b3327db15a448db32cb8f42d05655e,10,5.0,author_1,0.1260161461215153,-0.01682319333975912
137,AI-AI,ai-ai,conv_25b3327db15a448db32cb8f42d05655e,11,6.0,author_2,0.13587316556493478,0.11644679901544322
138,AI-AI,ai-ai,conv_25b3327db15a448db32cb8f42d05655e,12,6.0,author_1,0.252574087032229,0.13317257816377398
139,AI-AI,ai-ai,conv_25b3327db15a448db32cb8f42d05655e,13,7.0,author_2,0.2631395372838829,-0.017000994976049563
140,AI-AI,ai-ai,conv_25b3327db15a448db32cb8f42d05655e,14,7.0,author_1,0.24694839624478473,-0.003105348446631095
141,AI-AI,ai-ai,conv_25b3327db15a448db32cb8f42d05655e,15,8.0,author_2,0.2288458313620211,0.038345280575024114
142,AI-AI,ai-ai,conv_25b3327db15a448db32cb8f42d05655e,16,8.0,author_1,0.20091019455295922,0.05951954604390193
143,AI-AI,ai-ai,conv_25b3327db15a448db32cb8f42d05655e,17,9.0,author_2,0.3085651853747179,-0.025051860616209898
144,AI-AI,ai-ai,conv_25b3327db15a448db32cb8f42d05655e,18,9.0,author_1,0.20154367858570887,-0.030658681346384574
145,AI-AI,ai-ai,conv_272a28c1cb76483fb0bcc11661b06dbc,1,1.0,author_1,0.27940737333080107,-0.11638730764446044
146,AI-AI,ai-ai,conv_272a28c1cb76483fb0bcc11661b06dbc,2,1.0,author_2,0.2045906027726746,-0.06089764660336027
147,AI-AI,ai-ai,conv_272a28c1cb76483fb0bcc11661b06dbc,3,2.0,author_1,0.33789253356891025,-0.17656642575313378
148,AI-AI,ai-ai,conv_272a28c1cb76483fb0bcc11661b06dbc,4,2.0,author_2,0.16531465814693871,0.08120478946402492
149,AI-AI,ai-ai,conv_272a28c1cb76483fb0bcc11661b06dbc,5,3.0,author_1,0.08171121251083402,0.21442220181639948
150,AI-AI,ai-ai,conv_272a28c1cb76483fb0bcc11661b06dbc,6,3.0,author_2,0.12449100526285727,-0.07986202353496655
151,AI-AI,ai-ai,conv_272a28c1cb76483fb0bcc11661b06dbc,7,4.0,author_1,0.190574722329236,0.25644413120207554
152,AI-AI,ai-ai,conv_272a28c1cb76483fb0bcc11661b06dbc,8,4.0,author_2,0.1435617560322698,0.046272150963212216
153,AI-AI,ai-ai,conv_272a28c1cb76483fb0bcc11661b06dbc,9,5.0,author_1,0.3150972647007616,0.1112534861713925
154,AI-AI,ai-ai,conv_272a28c1cb76483fb0bcc11661b06dbc,10,5.0,author_2,0.26115736475688134,0.12364273233801504
155,AI-AI,ai-ai,conv_272a28c1cb76483fb0bcc11661b06dbc,11,6.0,author_1,0.1907542779978902,0.07744995492059492
156,AI-AI,ai-ai,conv_272a28c1cb76483fb0bcc11661b06dbc,12,6.0,author_2,0.32354702349332454,0.04598904943747549
157,AI-AI,ai-ai,conv_272a28c1cb76483fb0bcc11661b06dbc,13,7.0,author_1,0.23454262900822517,0.017973488679112914
158,AI-AI,ai-ai,conv_272a28c1cb76483fb0bcc11661b06dbc,14,7.0,author_2,0.22365683219409596,0.0965325107625935
159,AI-AI,ai-ai,conv_272a28c1cb76483fb0bcc11661b06dbc,15,8.0,author_1,0.21644397309333108,0.10191610889542674
160,AI-AI,ai-ai,conv_272a28c1cb76483fb0bcc11661b06dbc,16,8.0,author_2,0.2639077546805362,-0.016459826152170377
161,AI-AI,ai-ai,conv_272a28c1cb76483fb0bcc11661b06dbc,17,9.0,author_1,0.2950074322567094,0.07338815250433936
162,AI-AI,ai-ai,conv_272a28c1cb76483fb0bcc11661b06dbc,18,9.0,author_2,0.18795400514660457,-0.13173223879364665
163,AI-AI,ai-ai,conv_30e43acd01e24513a5f6f65aa3fc5f50,1,1.0,author_2,0.2355344890559957,-0.1544316816986554
164,AI-AI,ai-ai,conv_30e43acd01e24513a5f6f65aa3fc5f50,2,1.0,author_1,0.25799350769479906,-0.29742153750365263
165,AI-AI,ai-ai,conv_30e43acd01e24513a5f6f65aa3fc5f50,3,2.0,author_2,0.2731365178077272,-0.2735439635844509
166,AI-AI,ai-ai,conv_30e43acd01e24513a5f6f65aa3fc5f50,4,2.0,author_1,0.2808812416073585,-0.21268553612191965
167,AI-AI,ai-ai,conv_30e43acd01e24513a5f6f65aa3fc5f50,5,3.0,author_2,0.2268148444923071,-0.11942902390516033
168,AI-AI,ai-ai,conv_30e43acd01e24513a5f6f65aa3fc5f50,6,3.0,author_1,0.24037679144989066,0.003089682356055872
169,AI-AI,ai-ai,conv_30e43acd01e24513a5f6f65aa3fc5f50,7,4.0,author_2,0.2992437871640059,-0.14244449661555952
170,AI-AI,ai-ai,conv_30e43acd01e24513a5f6f65aa3fc5f50,8,4.0,author_1,0.06551019758115385,-0.032771957834991705
172,AI-AI,ai-ai,conv_30e43acd01e24513a5f6f65aa3fc5f50,10,5.0,author_1,0.278462417573606,-0.061747679436262165
173,AI-AI,ai-ai,conv_30e43acd01e24513a5f6f65aa3fc5f50,11,6.0,author_2,0.26366293044168176,0.024536734945944737
174,AI-AI,ai-ai,conv_30e43acd01e24513a5f6f65aa3fc5f50,12,6.0,author_1,0.13969681189926758,-0.07367097466225023
175,AI-AI,ai-ai,conv_30e43acd01e24513a5f6f65aa3fc5f50,13,7.0,author_2,0.19968630972459014,-0.04179744198000058
176,AI-AI,ai-ai,conv_30e43acd01e24513a5f6f65aa3fc5f50,14,7.0,author_1,0.18942565503798753,0.011394590553955034
177,AI-AI,ai-ai,conv_30e43acd01e24513a5f6f65aa3fc5f50,15,8.0,author_2,0.11783570840588291,0.03977482845542163
178,AI-AI,ai-ai,conv_30e43acd01e24513a5f6f65aa3fc5f50,16,8.0,author_1,0.2552582414665187,0.00931870664081082
179,AI-AI,ai-ai,conv_30e43acd01e24513a5f6f65aa3fc5f50,17,9.0,author_2,0.17923063332799202,0.10039121417395179
180,AI-AI,ai-ai,conv_30e43acd01e24513a5f6f65aa3fc5f50,18,9.0,author_1,0.2497097065913989,0.012171104714431794
181,AI-AI,ai-ai,conv_3cd6a9b2f37747109eaa80d6ec7ce875,1,1.0,author_2,0.3371043826243154,-0.1639334313867027
182,AI-AI,ai-ai,conv_3cd6a9b2f37747109eaa80d6ec7ce875,2,1.0,author_1,0.22744077430818543,-0.18990854217968706
183,AI-AI,ai-ai,conv_3cd6a9b2f37747109eaa80d6ec7ce875,3,2.0,author_2,0.1821116393008091,-0.049589241280049476
184,AI-AI,ai-ai,conv_3cd6a9b2f37747109eaa80d6ec7ce875,4,2.0,author_1,0.10150276416289697,-0.17928642812171003
185,AI-AI,ai-ai,conv_3cd6a9b2f37747109eaa80d6ec7ce875,5,3.0,author_2,0.12115496784688114,-0.022543175452641295
186,AI-AI,ai-ai,conv_3cd6a9b2f37747109eaa80d6ec7ce875,6,3.0,author_1,0.30557714435609107,-0.07172001248918423
187,AI-AI,ai-ai,conv_3cd6a9b2f37747109eaa80d6ec7ce875,7,4.0,author_2,0.21767910897914505,-0.07934355289828833
188,AI-AI,ai-ai,conv_3cd6a9b2f37747109eaa80d6ec7ce875,8,4.0,author_1,0.21104588785010525,0.0725440210971785
189,AI-AI,ai-ai,conv_3cd6a9b2f37747109eaa80d6ec7ce875,9,5.0,author_2,0.018921077576855464,0.1686453284263506
190,AI-AI,ai-ai,conv_3cd6a9b2f37747109eaa80d6ec7ce875,10,5.0,author_1,0.027242600756326348,0.07915430522216002
191,AI-AI,ai-ai,conv_3cd6a9b2f37747109eaa80d6ec7ce875,11,6.0,author_2,0.1484414657453602,0.026965829285560038
192,AI-AI,ai-ai,conv_3cd6a9b2f37747109eaa80d6ec7ce875,12,6.0,author_1,0.05873815395361551,0.10520153117852761
193,AI-AI,ai-ai,conv_3cd6a9b2f37747109eaa80d6ec7ce875,13,7.0,author_2,0.32536589916975056,0.011637878459247797
194,AI-AI,ai-ai,conv_3cd6a9b2f37747109eaa80d6ec7ce875,14,7.0,author_1,0.19493013841698728,0.008508786290092506
195,AI-AI,ai-ai,conv_3cd6a9b2f37747109eaa80d6ec7ce875,15,8.0,author_2,0.20604430013915115,0.06106872061501135
196,AI-AI,ai-ai,conv_3cd6a9b2f37747109eaa80d6ec7ce875,16,8.0,author_1,0.17927174513175884,0.16730063632300274
197,AI-AI,ai-ai,conv_3cd6a9b2f37747109eaa80d6ec7ce875,17,9.0,author_2,0.06479562504672495,0.09425271880811459
198,AI-AI,ai-ai,conv_3cd6a9b2f37747109eaa80d6ec7ce875,18,9.0,author_1,0.10038649983188423,0.06059230407191407
200,AI-AI,ai-ai,conv_423a3b9f2e0640e789caf6a9f5e374b9,2,1.0,author_1,0.05399923372088811,-0.1704142118618181
201,AI-AI,ai-ai,conv_423a3b9f2e0640e789caf6a9f5e374b9,3,2.0,author_2,0.1255113309834407,0.07110643454026003
202,AI-AI,ai-ai,conv_423a3b9f2e0640e789caf6a9f5e374b9,4,2.0,author_1,0.08693501864246159,-0.020126793193911887
203,AI-AI,ai-ai,conv_423a3b9f2e0640e789caf6a9f5e374b9,5,3.0,author_2,0.14498608464800447,0.022103418744011276
204,AI-AI,ai-ai,conv_423a3b9f2e0640e789caf6a9f5e374b9,6,3.0,author_1,0.25205845333468163,-0.03989758964568938
205,AI-AI,ai-ai,conv_423a3b9f2e0640e789caf6a9f5e374b9,7,4.0,author_2,0.28236965636985834,0.07043460606426324
206,AI-AI,ai-ai,conv_423a3b9f2e0640e789caf6a9f5e374b9,8,4.0,author_1,0.2979327217524437,0.03543141836249593
207,AI-AI,ai-ai,conv_423a3b9f2e0640e789caf6a9f5e374b9,9,5.0,author_2,0.22531461645489473,0.09818192145692028
208,AI-AI,ai-ai,conv_423a3b9f2e0640e789caf6a9f5e374b9,10,5.0,author_1,0.18919114940838636,0.05073300199064542
209,AI-AI,ai-ai,conv_423a3b9f2e0640e789caf6a9f5e374b9,11,6.0,author_2,0.06071718808235395,-0.10202094076772353
210,AI-AI,ai-ai,conv_423a3b9f2e0640e789caf6a9f5e374b9,12,6.0,author_1,0.29310486299100447,-0.051543309532742096
211,AI-AI,ai-ai,conv_423a3b9f2e0640e789caf6a9f5e374b9,13,7.0,author_2,0.07979992105154628,-0.223151915473538
212,AI-AI,ai-ai,conv_423a3b9f2e0640e789caf6a9f5e374b9,14,7.0,author_1,0.28204807496226,-0.2377723079613561
213,AI-AI,ai-ai,conv_423a3b9f2e0640e789caf6a9f5e374b9,15,8.0,author_2,0.0931205394354771,-0.28197778082963754
214,AI-AI,ai-ai,conv_423a3b9f2e0640e789caf6a9f5e374b9,16,8.0,author_1,0.09230405810928359,-0.31580970797505126
215,AI-AI,ai-ai,conv_423a3b9f2e0640e789caf6a9f5e374b9,17,9.0,author_2,-0.010057601436768777,-0.19274642410159115
216,AI-AI,ai-ai,conv_423a3b9f2e0640e789caf6a9f5e374b9,18,9.0,author_1,0.0705392485061216,0.036756019008006194
217,AI-AI,ai-ai,conv_462717bcc40d4415847da0610f472914,1,1.0,author_2,0.297730024611364,-0.11715575701634451
218,AI-AI,ai-ai,conv_462717bcc40d4415847da0610f472914,2,1.0,author_1,0.2259882424462933,-0.02307561408620356
219,AI-AI,ai-ai,conv_462717bcc40d4415847da0610f472914,3,2.0,author_2,0.06875009151353306,0.06147777393874475
220,AI-AI,ai-ai,conv_462717bcc40d4415847da0610f472914,4,2.0,author_1,0.20351636655506233,0.23273764157442345
221,AI-AI,ai-ai,conv_462717bcc40d4415847da0610f472914,5,3.0,author_2,0.10227442044679218,0.10393607100676125
222,AI-AI,ai-ai,conv_462717bcc40d4415847da0610f472914,6,3.0,author_1,0.2859881897091204,0.14933439425148998
223,AI-AI,ai-ai,conv_462717bcc40d4415847da0610f472914,7,4.0,author_2,0.2623544437583885,-0.06959308163849291
224,AI-AI,ai-ai,conv_462717bcc40d4415847da0610f472914,8,4.0,author_1,0.18298148820705995,0.0747775550850184
225,AI-AI,ai-ai,conv_462717bcc40d4415847da0610f472914,9,5.0,author_2,0.15917461952239303,-0.057919740640547376
226,AI-AI,ai-ai,conv_462717bcc40d4415847da0610f472914,10,5.0,author_1,0.16380951890826528,0.032219551602926784
227,AI-AI,ai-ai,conv_462717bcc40d4415847da0610f472914,11,6.0,author_2,0.2272162928344828,0.08979231432189128
228,AI-AI,ai-ai,conv_462717bcc40d4415847da0610f472914,12,6.0,author_1,0.26100343726361214,-0.09060218113057404
229,AI-AI,ai-ai,conv_462717bcc40d4415847da0610f472914,13,7.0,author_2,0.17932482133389888,-0.016407835686870615
230,AI-AI,ai-ai,conv_462717bcc40d4415847da0610f472914,14,7.0,author_1,0.04467192824025434,-0.0320306061775656
231,AI-AI,ai-ai,conv_462717bcc40d4415847da0610f472914,15,8.0,author_2,0.2572440087377807,-0.021156404219924305
232,AI-AI,ai-ai,conv_462717bcc40d4415847da0610f472914,16,8.0,author_1,0.09572458963990935,0.23047825873564864
233,AI-AI,ai-ai,conv_462717bcc40d4415847da0610f472914,17,9.0,author_2,0.2953156946744101,0.028354250903793926
234,AI-AI,ai-ai,conv_462717bcc40d4415847da0610f472914,18,9.0,author_1,0.34813438457770357,0.03837194729635688
235,AI-AI,ai-ai,conv_4f8a0b7e568d40eba7e40164ecf1db73,1,1.0,author_2,0.12859002582365273,-0.08140883931971801
236,AI-AI,ai-ai,conv_4f8a0b7e568d40eba7e40164ecf1db73,2,1.0,author_1,0.03293903247891344,-0.03259706476378097
237,AI-AI,ai-ai,conv_4f8a0b7e568d40eba7e40164ecf1db73,3,2.0,author_2,0.008103067382327168,0.09588236247674146
238,AI-AI,ai-ai,conv_4f8a0b7e568d40eba7e40164ecf1db73,4,2.0,author_1,-0.0018242923325391125,0.04924439168311951
239,AI-AI,ai-ai,conv_4f8a0b7e568d40eba7e40164ecf1db73,5,3.0,author_2,0.03020414727323373,0.1530555769965913
240,AI-AI,ai-ai,conv_4f8a0b7e568d40eba7e40164ecf1db73,6,3.0,author_1,-0.15384324809409158,-0.02568779714589134
241,AI-AI,ai-ai,conv_4f8a0b7e568d40eba7e40164ecf1db73,7,4.0,author_2,0.027976952999166783,0.17519451699434327
242,AI-AI,ai-ai,conv_4f8a0b7e568d40eba7e40164ecf1db73,8,4.0,author_1,0.07663665810946084,0.23730029520445003
243,AI-AI,ai-ai,conv_4f8a0b7e568d40eba7e40164ecf1db73,9,5.0,author_2,0.01793615977838555,0.13206530908834616
244,AI-AI,ai-ai,conv_4f8a0b7e568d40eba7e40164ecf1db73,10,5.0,author_1,-0.0024840431506988163,0.20366021958799274
245,AI-AI,ai-ai,conv_4f8a0b7e568d40eba7e40164ecf1db73,11,6.0,author_2,0.01653520947665357,0.11166242665535284
246,AI-AI,ai-ai,conv_4f8a0b7e568d40eba7e40164ecf1db73,12,6.0,author_1,-0.11430800800506452,0.013108558678880198
247,AI-AI,ai-ai,conv_4f8a0b7e568d40eba7e40164ecf1db73,13,7.0,author_2,-0.17843115679368737,0.05219944820757937
248,AI-AI,ai-ai,conv_4f8a0b7e568d40eba7e40164ecf1db73,14,7.0,author_1,-0.03008605164918874,0.1270653037914797
249,AI-AI,ai-ai,conv_4f8a0b7e568d40eba7e40164ecf1db73,15,8.0,author_2,-0.1502208415619077,-0.07120450445850547
250,AI-AI,ai-ai,conv_4f8a0b7e568d40eba7e40164ecf1db73,16,8.0,author_1,0.09352553707389778,0.248345316929734
251,AI-AI,ai-ai,conv_4f8a0b7e568d40eba7e40164ecf1db73,17,9.0,author_2,0.009227726442297307,0.10884122242418354
252,AI-AI,ai-ai,conv_4f8a0b7e568d40eba7e40164ecf1db73,18,9.0,author_1,0.16537884723828583,0.08193882716215442
253,AI-AI,ai-ai,conv_59e7ea5807ff4367bf49dd3541d68e49,1,1.0,author_1,0.2353873427850232,0.039668522078906365
254,AI-AI,ai-ai,conv_59e7ea5807ff4367bf49dd3541d68e49,2,1.0,author_2,0.2842110499202606,0.053961177936535515
255,AI-AI,ai-ai,conv_59e7ea5807ff4367bf49dd3541d68e49,3,2.0,author_1,0.05902017524107504,0.16383510680284238
256,AI-AI,ai-ai,conv_59e7ea5807ff4367bf49dd3541d68e49,4,2.0,author_2,0.1630117214499976,0.14002648179406102
257,AI-AI,ai-ai,conv_59e7ea5807ff4367bf49dd3541d68e49,5,3.0,author_1,0.20931314636391152,-0.02462912374109409
258,AI-AI,ai-ai,conv_59e7ea5807ff4367bf49dd3541d68e49,6,3.0,author_2,0.11427932109151312,0.1501709272335094
259,AI-AI,ai-ai,conv_59e7ea5807ff4367bf49dd3541d68e49,7,4.0,author_1,0.07130078167760828,0.19765137672444066
260,AI-AI,ai-ai,conv_59e7ea5807ff4367bf49dd3541d68e49,8,4.0,author_2,0.0678611307872711,0.1048460822407034
261,AI-AI,ai-ai,conv_59e7ea5807ff4367bf49dd3541d68e49,9,5.0,author_1,0.025091769652245473,0.061115158816020566
262,AI-AI,ai-ai,conv_59e7ea5807ff4367bf49dd3541d68e49,10,5.0,author_2,0.07609834839865431,0.041415001536822926
263,AI-AI,ai-ai,conv_59e7ea5807ff4367bf49dd3541d68e49,11,6.0,author_1,0.12698597012598486,-0.003079377885485889
264,AI-AI,ai-ai,conv_59e7ea5807ff4367bf49dd3541d68e49,12,6.0,author_2,0.1744546209148547,0.01864354252436752
265,AI-AI,ai-ai,conv_59e7ea5807ff4367bf49dd3541d68e49,13,7.0,author_1,0.19696275626109647,-0.06013885082350908
266,AI-AI,ai-ai,conv_59e7ea5807ff4367bf49dd3541d68e49,14,7.0,author_2,0.22784527894540646,-0.04789536354571064
268,AI-AI,ai-ai,conv_59e7ea5807ff4367bf49dd3541d68e49,16,8.0,author_2,0.2295122473769651,-0.030762706451165973
269,AI-AI,ai-ai,conv_59e7ea5807ff4367bf49dd3541d68e49,17,9.0,author_1,0.23208369594166206,0.08690061093569315
270,AI-AI,ai-ai,conv_59e7ea5807ff4367bf49dd3541d68e49,18,9.0,author_2,0.17122162813498004,-0.05243745150562796
271,AI-AI,ai-ai,conv_5f83922b1e334cfcb374e90c11c81c1e,1,1.0,author_1,0.12467335756515924,0.16247563935103054
272,AI-AI,ai-ai,conv_5f83922b1e334cfcb374e90c11c81c1e,2,1.0,author_2,0.08041148980815249,0.030003532795029268
273,AI-AI,ai-ai,conv_5f83922b1e334cfcb374e90c11c81c1e,3,2.0,author_1,0.1616703821672773,-0.014909575895934616
274,AI-AI,ai-ai,conv_5f83922b1e334cfcb374e90c11c81c1e,4,2.0,author_2,0.09035004914784958,-0.06563818288786885
275,AI-AI,ai-ai,conv_5f83922b1e334cfcb374e90c11c81c1e,5,3.0,author_1,0.17482004736358628,0.138247650249714
276,AI-AI,ai-ai,conv_5f83922b1e334cfcb374e90c11c81c1e,6,3.0,author_2,0.17390433792498555,0.00917883691030291
277,AI-AI,ai-ai,conv_5f83922b1e334cfcb374e90c11c81c1e,7,4.0,author_1,0.22608679967687142,0.0974026515984445
278,AI-AI,ai-ai,conv_5f83922b1e334cfcb374e90c11c81c1e,8,4.0,author_2,0.17326562575823937,0.13662767050572677
279,AI-AI,ai-ai,conv_5f83922b1e334cfcb374e90c11c81c1e,9,5.0,author_1,0.05672658079684477,0.29196434516630615
280,AI-AI,ai-ai,conv_5f83922b1e334cfcb374e90c11c81c1e,10,5.0,author_2,0.19491386247753514,0.14357204905134668
281,AI-AI,ai-ai,conv_5f83922b1e334cfcb374e90c11c81c1e,11,6.0,author_1,0.3599917232662445,0.07363540167213611
282,AI-AI,ai-ai,conv_5f83922b1e334cfcb374e90c11c81c1e,12,6.0,author_2,0.22262186123969377,0.02349035711705835
283,AI-AI,ai-ai,conv_5f83922b1e334cfcb374e90c11c81c1e,13,7.0,author_1,0.23094927776547308,0.012370619449000938
284,AI-AI,ai-ai,conv_5f83922b1e334cfcb374e90c11c81c1e,14,7.0,author_2,0.2806899014950529,-0.021389196907577825
285,AI-AI,ai-ai,conv_5f83922b1e334cfcb374e90c11c81c1e,15,8.0,author_1,0.26081441654927745,-0.06579999511216274
287,AI-AI,ai-ai,conv_5f83922b1e334cfcb374e90c11c81c1e,17,9.0,author_1,0.18093286437195977,0.04596918706386925
288,AI-AI,ai-ai,conv_5f83922b1e334cfcb374e90c11c81c1e,18,9.0,author_2,0.23580930810704764,-0.1197155837929056
289,AI-AI,ai-ai,conv_628470d6e6cb42949e29a2c7866a28ab,1,1.0,author_1,0.2264538599602665,-0.10469810690098194
290,AI-AI,ai-ai,conv_628470d6e6cb42949e29a2c7866a28ab,2,1.0,author_2,0.29748734026646784,-0.15353741714142963
291,AI-AI,ai-ai,conv_628470d6e6cb42949e29a2c7866a28ab,3,2.0,author_1,0.283437088336101,-0.21266756896065095
292,AI-AI,ai-ai,conv_628470d6e6cb42949e29a2c7866a28ab,4,2.0,author_2,0.3217411298199113,-0.10137624579409724
293,AI-AI,ai-ai,conv_628470d6e6cb42949e29a2c7866a28ab,5,3.0,author_1,0.2609323935033136,-0.14630305956897893
294,AI-AI,ai-ai,conv_628470d6e6cb42949e29a2c7866a28ab,6,3.0,author_2,0.31457712340470373,-0.1333533686964706
295,AI-AI,ai-ai,conv_628470d6e6cb42949e29a2c7866a28ab,7,4.0,author_1,0.14050073285036138,-0.07788469096053456
296,AI-AI,ai-ai,conv_628470d6e6cb42949e29a2c7866a28ab,8,4.0,author_2,0.12368124904484026,-0.022801752725687463
297,AI-AI,ai-ai,conv_628470d6e6cb42949e29a2c7866a28ab,9,5.0,author_1,0.22020613957196794,-0.0530507803495684
298,AI-AI,ai-ai,conv_628470d6e6cb42949e29a2c7866a28ab,10,5.0,author_2,0.14598094072696965,0.031220805233666604
299,AI-AI,ai-ai,conv_628470d6e6cb42949e29a2c7866a28ab,11,6.0,author_1,0.14682999286535403,0.05931147378458833
300,AI-AI,ai-ai,conv_628470d6e6cb42949e29a2c7866a28ab,12,6.0,author_2,0.10517224087420557,0.16686883577071898
301,AI-AI,ai-ai,conv_628470d6e6cb42949e29a2c7866a28ab,13,7.0,author_1,0.17943097978172917,0.15845186870230385
302,AI-AI,ai-ai,conv_628470d6e6cb42949e29a2c7866a28ab,14,7.0,author_2,0.25114513970008423,0.08402674222425104
303,AI-AI,ai-ai,conv_628470d6e6cb42949e29a2c7866a28ab,15,8.0,author_1,0.1608090962740169,0.08848900777309376
304,AI-AI,ai-ai,conv_628470d6e6cb42949e29a2c7866a28ab,16,8.0,author_2,0.011136437970521525,0.09585450987794109
305,AI-AI,ai-ai,conv_628470d6e6cb42949e29a2c7866a28ab,17,9.0,author_1,0.2630368471034242,0.07579406772145983
306,AI-AI,ai-ai,conv_628470d6e6cb42949e29a2c7866a28ab,18,9.0,author_2,0.15799675655874998,0.04419895762151782
307,AI-AI,ai-ai,conv_6f7b4058431b47a49069aa04afdcc338,1,1.0,author_2,0.18079362668304036,-0.016841275793775895
308,AI-AI,ai-ai,conv_6f7b4058431b47a49069aa04afdcc338,2,1.0,author_1,-0.10350471252904345,-0.07524107664868754
309,AI-AI,ai-ai,conv_6f7b4058431b47a49069aa04afdcc338,3,2.0,author_2,0.15914166698949736,0.04308615522322587
310,AI-AI,ai-ai,conv_6f7b4058431b47a49069aa04afdcc338,4,2.0,author_1,0.27582258146953514,0.0536068441656167
311,AI-AI,ai-ai,conv_6f7b4058431b47a49069aa04afdcc338,5,3.0,author_2,0.1168602186479622,0.1364051560577658
312,AI-AI,ai-ai,conv_6f7b4058431b47a49069aa04afdcc338,6,3.0,author_1,0.08241289232311298,0.2938211930498824
313,AI-AI,ai-ai,conv_6f7b4058431b47a49069aa04afdcc338,7,4.0,author_2,0.16648739816714475,0.060548980554438886
314,AI-AI,ai-ai,conv_6f7b4058431b47a49069aa04afdcc338,8,4.0,author_1,0.2600922948468283,0.16380581575403885
315,AI-AI,ai-ai,conv_6f7b4058431b47a49069aa04afdcc338,9,5.0,author_2,0.1240567999166095,0.07754575554323444
316,AI-AI,ai-ai,conv_6f7b4058431b47a49069aa04afdcc338,10,5.0,author_1,0.04740184713017973,0.11143478844068894
317,AI-AI,ai-ai,conv_6f7b4058431b47a49069aa04afdcc338,11,6.0,author_2,0.010773252772213596,0.3395657608091378
318,AI-AI,ai-ai,conv_6f7b4058431b47a49069aa04afdcc338,12,6.0,author_1,0.06096370973931051,0.19174287663430667
319,AI-AI,ai-ai,conv_6f7b4058431b47a49069aa04afdcc338,13,7.0,author_2,0.07164046516430705,0.12954216629245913
320,AI-AI,ai-ai,conv_6f7b4058431b47a49069aa04afdcc338,14,7.0,author_1,0.0640680370032066,0.07093341467213633
321,AI-AI,ai-ai,conv_6f7b4058431b47a49069aa04afdcc338,15,8.0,author_2,0.09072572243969991,0.2248562142300055
322,AI-AI,ai-ai,conv_6f7b4058431b47a49069aa04afdcc338,16,8.0,author_1,0.1623902871985227,0.17543092497375973
323,AI-AI,ai-ai,conv_6f7b4058431b47a49069aa04afdcc338,17,9.0,author_2,0.22963034647276037,0.13066710131255346
324,AI-AI,ai-ai,conv_6f7b4058431b47a49069aa04afdcc338,18,9.0,author_1,0.21213186242952858,-0.04917674670799173
325,AI-AI,ai-ai,conv_7a911b33d930428b9119a670406e96b1,1,1.0,author_1,-0.06060253548239784,0.179791101304344
326,AI-AI,ai-ai,conv_7a911b33d930428b9119a670406e96b1,2,1.0,author_2,0.016586243201328142,0.20743674111625016
327,AI-AI,ai-ai,conv_7a911b33d930428b9119a670406e96b1,3,2.0,author_1,0.19876594719169444,0.05957093812135786
328,AI-AI,ai-ai,conv_7a911b33d930428b9119a670406e96b1,4,2.0,author_2,-0.07323075282600373,0.15257726524650747
329,AI-AI,ai-ai,conv_7a911b33d930428b9119a670406e96b1,5,3.0,author_1,0.04950308034721683,0.21773650653938356
330,AI-AI,ai-ai,conv_7a911b33d930428b9119a670406e96b1,6,3.0,author_2,0.07037075454900749,0.07872356510858325
331,AI-AI,ai-ai,conv_7a911b33d930428b9119a670406e96b1,7,4.0,author_1,0.05771343939747712,0.246398355035106
332,AI-AI,ai-ai,conv_7a911b33d930428b9119a670406e96b1,8,4.0,author_2,0.020169837309093226,0.15284159284925852
333,AI-AI,ai-ai,conv_7a911b33d930428b9119a670406e96b1,9,5.0,author_1,0.06878104880445242,0.17563878294488833
334,AI-AI,ai-ai,conv_7a911b33d930428b9119a670406e96b1,10,5.0,author_2,-0.008759525196465567,0.10629776022575066
335,AI-AI,ai-ai,conv_7a911b33d930428b9119a670406e96b1,11,6.0,author_1,-0.009416870287516034,0.01384967712309043
336,AI-AI,ai-ai,conv_7a911b33d930428b9119a670406e96b1,12,6.0,author_2,0.10345594912962833,0.18966487647001937
337,AI-AI,ai-ai,conv_7a911b33d930428b9119a670406e96b1,13,7.0,author_1,-0.013647000637108444,0.24959540631337362
338,AI-AI,ai-ai,conv_7a911b33d930428b9119a670406e96b1,14,7.0,author_2,0.0859796467548148,0.06234798361325976
339,AI-AI,ai-ai,conv_7a911b33d930428b9119a670406e96b1,15,8.0,author_1,0.13017483590238058,0.1502028363475519
340,AI-AI,ai-ai,conv_7a911b33d930428b9119a670406e96b1,16,8.0,author_2,0.010188882797464037,0.22111360906842523
341,AI-AI,ai-ai,conv_7a911b33d930428b9119a670406e96b1,17,9.0,author_1,0.09035663184643167,0.15431459718401108
342,AI-AI,ai-ai,conv_7a911b33d930428b9119a670406e96b1,18,9.0,author_2,-0.0801788843733901,0.03897454964054564
343,AI-AI,ai-ai,conv_82c64af3c66e49f0af6f2ea136288acd,1,1.0,author_1,0.07737919057119491,-0.11761860452890079
344,AI-AI,ai-ai,conv_82c64af3c66e49f0af6f2ea136288acd,2,1.0,author_2,0.28795177871433786,-0.028749862142824018
345,AI-AI,ai-ai,conv_82c64af3c66e49f0af6f2ea136288acd,3,2.0,author_1,0.3557502771728597,-0.12170689671524194
346,AI-AI,ai-ai,conv_82c64af3c66e49f0af6f2ea136288acd,4,2.0,author_2,0.2703729014129311,-0.07864409806873766
347,AI-AI,ai-ai,conv_82c64af3c66e49f0af6f2ea136288acd,5,3.0,author_1,0.31039590114704724,0.056492015484259764
348,AI-AI,ai-ai,conv_82c64af3c66e49f0af6f2ea136288acd,6,3.0,author_2,0.2097546030246226,-0.07461361179331108
349,AI-AI,ai-ai,conv_82c64af3c66e49f0af6f2ea136288acd,7,4.0,author_1,0.3759904783196715,-0.09168041359168713
350,AI-AI,ai-ai,conv_82c64af3c66e49f0af6f2ea136288acd,8,4.0,author_2,0.3234094843633644,-0.07748843802414504
351,AI-AI,ai-ai,conv_82c64af3c66e49f0af6f2ea136288acd,9,5.0,author_1,0.2653612396827856,-0.09992703042267097
352,AI-AI,ai-ai,conv_82c64af3c66e49f0af6f2ea136288acd,10,5.0,author_2,0.3223388115400096,-0.2596877695484028
353,AI-AI,ai-ai,conv_82c64af3c66e49f0af6f2ea136288acd,11,6.0,author_1,0.0762384596398614,-0.21808041025035657
354,AI-AI,ai-ai,conv_82c64af3c66e49f0af6f2ea136288acd,12,6.0,author_2,0.19957395816333456,-0.11952003796325955
355,AI-AI,ai-ai,conv_82c64af3c66e49f0af6f2ea136288acd,13,7.0,author_1,0.3596773237931394,-0.2814196487714453
356,AI-AI,ai-ai,conv_82c64af3c66e49f0af6f2ea136288acd,14,7.0,author_2,0.17427854740087864,-0.22761145722421408
357,AI-AI,ai-ai,conv_82c64af3c66e49f0af6f2ea136288acd,15,8.0,author_1,0.3480217236369131,-0.23337935540892596
358,AI-AI,ai-ai,conv_82c64af3c66e49f0af6f2ea136288acd,16,8.0,author_2,0.2550618020958557,-0.0526503349306869
359,AI-AI,ai-ai,conv_82c64af3c66e49f0af6f2ea136288acd,17,9.0,author_1,0.22063030884724347,-0.2612003866278756
361,AI-AI,ai-ai,conv_84882a79161947c39f9842b344c773f2,1,1.0,author_2,0.06851019245012482,0.026933753349241932
362,AI-AI,ai-ai,conv_84882a79161947c39f9842b344c773f2,2,1.0,author_1,-0.2099631395188768,0.02956527426840625
363,AI-AI,ai-ai,conv_84882a79161947c39f9842b344c773f2,3,2.0,author_2,0.18811790013861857,0.08126346653209154
364,AI-AI,ai-ai,conv_84882a79161947c39f9842b344c773f2,4,2.0,author_1,0.03674781421234763,-0.03945819193003947
365,AI-AI,ai-ai,conv_84882a79161947c39f9842b344c773f2,5,3.0,author_2,-0.041933053767373336,-0.08433867730901792
366,AI-AI,ai-ai,conv_84882a79161947c39f9842b344c773f2,6,3.0,author_1,0.10026171734253443,0.0003655472870054931
367,AI-AI,ai-ai,conv_84882a79161947c39f9842b344c773f2,7,4.0,author_2,-0.00040783600978765155,-0.035162303923457844
368,AI-AI,ai-ai,conv_84882a79161947c39f9842b344c773f2,8,4.0,author_1,-0.09396936032883003,0.17627427249101335
369,AI-AI,ai-ai,conv_84882a79161947c39f9842b344c773f2,9,5.0,author_2,0.11861817663855541,0.18796416707021424
370,AI-AI,ai-ai,conv_84882a79161947c39f9842b344c773f2,10,5.0,author_1,0.1409182939067935,0.11243954771903855
371,AI-AI,ai-ai,conv_84882a79161947c39f9842b344c773f2,11,6.0,author_2,-0.16371956062398457,0.14031762816099075
372,AI-AI,ai-ai,conv_84882a79161947c39f9842b344c773f2,12,6.0,author_1,0.08965009091269581,0.1976464221714749
373,AI-AI,ai-ai,conv_84882a79161947c39f9842b344c773f2,13,7.0,author_2,0.059020787472720035,0.16521588801892073
374,AI-AI,ai-ai,conv_84882a79161947c39f9842b344c773f2,14,7.0,author_1,0.10014213960241389,0.11747630310464474
375,AI-AI,ai-ai,conv_84882a79161947c39f9842b344c773f2,15,8.0,author_2,-0.08163017478226411,0.15710498310834223
376,AI-AI,ai-ai,conv_84882a79161947c39f9842b344c773f2,16,8.0,author_1,0.06822663506238692,0.1011346793192479
377,AI-AI,ai-ai,conv_84882a79161947c39f9842b344c773f2,17,9.0,author_2,0.12736646571293161,-0.04736588069339151
378,AI-AI,ai-ai,conv_84882a79161947c39f9842b344c773f2,18,9.0,author_1,-0.09282354605365602,0.09600766429608765
379,AI-AI,ai-ai,conv_8947486e0260400c9e413aead1502092,1,1.0,author_1,0.07316684052750395,0.00519947603090436
380,AI-AI,ai-ai,conv_8947486e0260400c9e413aead1502092,2,1.0,author_2,0.27662568685143113,-0.00854528329646026
381,AI-AI,ai-ai,conv_8947486e0260400c9e413aead1502092,3,2.0,author_1,0.19735312397136684,-0.08133941195580513
382,AI-AI,ai-ai,conv_8947486e0260400c9e413aead1502092,4,2.0,author_2,0.11991795374068945,-0.005345522232122108
383,AI-AI,ai-ai,conv_8947486e0260400c9e413aead1502092,5,3.0,author_1,-0.001569015104208725,0.05415954095836477
384,AI-AI,ai-ai,conv_8947486e0260400c9e413aead1502092,6,3.0,author_2,0.13464904874814113,0.14524023632306488
385,AI-AI,ai-ai,conv_8947486e0260400c9e413aead1502092,7,4.0,author_1,0.15116461896246114,0.16378207454746022
386,AI-AI,ai-ai,conv_8947486e0260400c9e413aead1502092,8,4.0,author_2,0.07631558635283651,0.10555505168077713
387,AI-AI,ai-ai,conv_8947486e0260400c9e413aead1502092,9,5.0,author_1,0.18098049327168497,0.12596039688788885
388,AI-AI,ai-ai,conv_8947486e0260400c9e413aead1502092,10,5.0,author_2,0.12313739201560614,0.03673727236584724
389,AI-AI,ai-ai,conv_8947486e0260400c9e413aead1502092,11,6.0,author_1,0.1848585632166514,0.09689257782858046
390,AI-AI,ai-ai,conv_8947486e0260400c9e413aead1502092,12,6.0,author_2,0.1700009340522042,0.08544258421900519
391,AI-AI,ai-ai,conv_8947486e0260400c9e413aead1502092,13,7.0,author_1,0.09700359404444431,0.12444823016888434
392,AI-AI,ai-ai,conv_8947486e0260400c9e413aead1502092,14,7.0,author_2,0.1986923594876771,0.04024090231390318
393,AI-AI,ai-ai,conv_8947486e0260400c9e413aead1502092,15,8.0,author_1,0.22908709333386296,-0.02634938087825328
394,AI-AI,ai-ai,conv_8947486e0260400c9e413aead1502092,16,8.0,author_2,0.2559684186540606,0.004064701269086733
395,AI-AI,ai-ai,conv_8947486e0260400c9e413aead1502092,17,9.0,author_1,0.0911588840792975,0.006621561442851468
396,AI-AI,ai-ai,conv_8947486e0260400c9e413aead1502092,18,9.0,author_2,-0.036307616275014463,0.029363375403472253
397,AI-AI,ai-ai,conv_a5f55403da744ff0b966103e3911c44e,1,1.0,author_2,0.11188109488710829,0.06124779608300604
398,AI-AI,ai-ai,conv_a5f55403da744ff0b966103e3911c44e,2,1.0,author_1,0.13251185787215788,-0.01538000552551103
399,AI-AI,ai-ai,conv_a5f55403da744ff0b966103e3911c44e,3,2.0,author_2,0.1686301188907348,0.11148313544346966
400,AI-AI,ai-ai,conv_a5f55403da744ff0b966103e3911c44e,4,2.0,author_1,0.2572744957536987,0.13097224995718745
401,AI-AI,ai-ai,conv_a5f55403da744ff0b966103e3911c44e,5,3.0,author_2,0.2783880807164177,0.12568378308883535
402,AI-AI,ai-ai,conv_a5f55403da744ff0b966103e3911c44e,6,3.0,author_1,0.16121993042917324,0.15591057985525578
403,AI-AI,ai-ai,conv_a5f55403da744ff0b966103e3911c44e,7,4.0,author_2,0.2721843157603793,0.1297950489629786
404,AI-AI,ai-ai,conv_a5f55403da744ff0b966103e3911c44e,8,4.0,author_1,0.19811592743915438,0.17358406877283572
405,AI-AI,ai-ai,conv_a5f55403da744ff0b966103e3911c44e,9,5.0,author_2,0.2510697897678906,0.0899382390164686
406,AI-AI,ai-ai,conv_a5f55403da744ff0b966103e3911c44e,10,5.0,author_1,0.2171576156458097,0.07139184321621744
407,AI-AI,ai-ai,conv_a5f55403da744ff0b966103e3911c44e,11,6.0,author_2,0.16743533243245146,0.06460983868759333
408,AI-AI,ai-ai,conv_a5f55403da744ff0b966103e3911c44e,12,6.0,author_1,0.17138807648694082,0.14914444479229763
409,AI-AI,ai-ai,conv_a5f55403da744ff0b966103e3911c44e,13,7.0,author_2,0.3362425489629015,-0.015992977991825943
410,AI-AI,ai-ai,conv_a5f55403da744ff0b966103e3911c44e,14,7.0,author_1,0.1370910275022814,-0.07160375736255149
411,AI-AI,ai-ai,conv_a5f55403da744ff0b966103e3911c44e,15,8.0,author_2,0.32535767963374884,0.028391051994441446
412,AI-AI,ai-ai,conv_a5f55403da744ff0b966103e3911c44e,16,8.0,author_1,0.26599669864235836,-0.054760668787811495
413,AI-AI,ai-ai,conv_a5f55403da744ff0b966103e3911c44e,17,9.0,author_2,0.1761293956435497,-0.1558453380727483
414,AI-AI,ai-ai,conv_a5f55403da744ff0b966103e3911c44e,18,9.0,author_1,0.18988160642876328,-0.025830649981277203
415,AI-AI,ai-ai,conv_a731e4cc684f448587f5085e647f5953,1,1.0,author_1,0.1092041494285307,0.023490809021575677
416,AI-AI,ai-ai,conv_a731e4cc684f448587f5085e647f5953,2,1.0,author_2,-0.0339205288033015,0.2002982594598106
417,AI-AI,ai-ai,conv_a731e4cc684f448587f5085e647f5953,3,2.0,author_1,-0.09296794745918294,0.11648940596252137
418,AI-AI,ai-ai,conv_a731e4cc684f448587f5085e647f5953,4,2.0,author_2,-0.14847937890838947,0.13600695832335952
419,AI-AI,ai-ai,conv_a731e4cc684f448587f5085e647f5953,5,3.0,author_1,0.003584152999586398,0.1810684397559447
420,AI-AI,ai-ai,conv_a731e4cc684f448587f5085e647f5953,6,3.0,author_2,-0.05051813761391082,0.06208034616472683
421,AI-AI,ai-ai,conv_a731e4cc684f448587f5085e647f5953,7,4.0,author_1,-0.01612202145305396,0.19358871376564793
422,AI-AI,ai-ai,conv_a731e4cc684f448587f5085e647f5953,8,4.0,author_2,-0.258750038861984,0.027042181530085432
423,AI-AI,ai-ai,conv_a731e4cc684f448587f5085e647f5953,9,5.0,author_1,0.12323294139072921,0.09428757755023441
424,AI-AI,ai-ai,conv_a731e4cc684f448587f5085e647f5953,10,5.0,author_2,0.033609235017210484,0.20113794481094743
425,AI-AI,ai-ai,conv_a731e4cc684f448587f5085e647f5953,11,6.0,author_1,0.051187535931643095,0.0032170398686413235
426,AI-AI,ai-ai,conv_a731e4cc684f448587f5085e647f5953,12,6.0,author_2,0.00805018548149623,0.1400513609385142
427,AI-AI,ai-ai,conv_a731e4cc684f448587f5085e647f5953,13,7.0,author_1,0.04242029862383352,0.1991983558027706
428,AI-AI,ai-ai,conv_a731e4cc684f448587f5085e647f5953,14,7.0,author_2,0.12000606795378736,0.25181344953985463
429,AI-AI,ai-ai,conv_a731e4cc684f448587f5085e647f5953,15,8.0,author_1,-0.020741406309320965,0.11601632893822021
430,AI-AI,ai-ai,conv_a731e4cc684f448587f5085e647f5953,16,8.0,author_2,0.14123491668891525,0.0873633119588412
431,AI-AI,ai-ai,conv_a731e4cc684f448587f5085e647f5953,17,9.0,author_1,-0.04792112253107552,0.14180264320358416
432,AI-AI,ai-ai,conv_a731e4cc684f448587f5085e647f5953,18,9.0,author_2,0.06590331840181571,-0.024882922347889514
433,AI-AI,ai-ai,conv_adc796acd32f4433993539115159236a,1,1.0,author_2,0.07868074153929713,0.06730051903688758
434,AI-AI,ai-ai,conv_adc796acd32f4433993539115159236a,2,1.0,author_1,0.08194404383701874,0.10673358889907347
435,AI-AI,ai-ai,conv_adc796acd32f4433993539115159236a,3,2.0,author_2,-0.04344976205827977,0.09495016612770646
436,AI-AI,ai-ai,conv_adc796acd32f4433993539115159236a,4,2.0,author_1,0.016572294913034354,0.02278420832079224
437,AI-AI,ai-ai,conv_adc796acd32f4433993539115159236a,5,3.0,author_2,-0.06495483783784174,-0.05863738069612831
438,AI-AI,ai-ai,conv_adc796acd32f4433993539115159236a,6,3.0,author_1,0.10825568032779931,0.2487708753629896
439,AI-AI,ai-ai,conv_adc796acd32f4433993539115159236a,7,4.0,author_2,0.010068444768084434,0.18027263663420176
440,AI-AI,ai-ai,conv_adc796acd32f4433993539115159236a,8,4.0,author_1,0.043735333131020626,-0.0020256764635018243
441,AI-AI,ai-ai,conv_adc796acd32f4433993539115159236a,9,5.0,author_2,-0.05205594881782752,0.1104698711334646
442,AI-AI,ai-ai,conv_adc796acd32f4433993539115159236a,10,5.0,author_1,-0.033821956704945456,0.07073270987093086
443,AI-AI,ai-ai,conv_adc796acd32f4433993539115159236a,11,6.0,author_2,-0.11803847682066453,0.04162575993638705
444,AI-AI,ai-ai,conv_adc796acd32f4433993539115159236a,12,6.0,author_1,-0.045512407473897704,0.2872126489358182
445,AI-AI,ai-ai,conv_adc796acd32f4433993539115159236a,13,7.0,author_2,0.09399098269214255,0.07096596396378255
446,AI-AI,ai-ai,conv_adc796acd32f4433993539115159236a,14,7.0,author_1,-0.005784149064939414,0.10492255490796563
447,AI-AI,ai-ai,conv_adc796acd32f4433993539115159236a,15,8.0,author_2,-0.05839914376867263,0.18998187198474667
448,AI-AI,ai-ai,conv_adc796acd32f4433993539115159236a,16,8.0,author_1,-0.04280872268169966,0.22458065684215214
449,AI-AI,ai-ai,conv_adc796acd32f4433993539115159236a,17,9.0,author_2,0.028591836260959916,0.18588235079323887
450,AI-AI,ai-ai,conv_adc796acd32f4433993539115159236a,18,9.0,author_1,-0.016467958178382983,0.21320116041228
451,AI-AI,ai-ai,conv_bd42668068fc4f41a9b41e52a30aa976,1,1.0,author_1,-0.10940090213584981,0.1441011221512714
452,AI-AI,ai-ai,conv_bd42668068fc4f41a9b41e52a30aa976,2,1.0,author_2,-0.16586222494729347,0.2047908138083172
453,AI-AI,ai-ai,conv_bd42668068fc4f41a9b41e52a30aa976,3,2.0,author_1,0.016205687959152698,0.0247441020978545
454,AI-AI,ai-ai,conv_bd42668068fc4f41a9b41e52a30aa976,4,2.0,author_2,-0.10034870737355428,0.11856558886904275
455,AI-AI,ai-ai,conv_bd42668068fc4f41a9b41e52a30aa976,5,3.0,author_1,-0.07272933066263643,0.05944617748459556
456,AI-AI,ai-ai,conv_bd42668068fc4f41a9b41e52a30aa976,6,3.0,author_2,0.007807456875303404,0.2424983309746296
457,AI-AI,ai-ai,conv_bd42668068fc4f41a9b41e52a30aa976,7,4.0,author_1,-0.014081378664278017,0.131914732812485
458,AI-AI,ai-ai,conv_bd42668068fc4f41a9b41e52a30aa976,8,4.0,author_2,0.08683683232365821,0.1780599545718083
459,AI-AI,ai-ai,conv_bd42668068fc4f41a9b41e52a30aa976,9,5.0,author_1,0.06239632300186503,0.18244344798532994
460,AI-AI,ai-ai,conv_bd42668068fc4f41a9b41e52a30aa976,10,5.0,author_2,-0.12102501539139747,0.12769269332590732
461,AI-AI,ai-ai,conv_bd42668068fc4f41a9b41e52a30aa976,11,6.0,author_1,-0.027307565472075256,0.22382415489712487
462,AI-AI,ai-ai,conv_bd42668068fc4f41a9b41e52a30aa976,12,6.0,author_2,-0.00044306377435161456,0.09719938871444596
463,AI-AI,ai-ai,conv_bd42668068fc4f41a9b41e52a30aa976,13,7.0,author_1,0.02228989317229558,0.20582050937416277
464,AI-AI,ai-ai,conv_bd42668068fc4f41a9b41e52a30aa976,14,7.0,author_2,-0.07837712461240003,0.21673636111900527
465,AI-AI,ai-ai,conv_bd42668068fc4f41a9b41e52a30aa976,15,8.0,author_1,-0.15345573124173054,0.22660948530154074
466,AI-AI,ai-ai,conv_bd42668068fc4f41a9b41e52a30aa976,16,8.0,author_2,-0.0783942409585539,0.2613152364925413
467,AI-AI,ai-ai,conv_bd42668068fc4f41a9b41e52a30aa976,17,9.0,author_1,-0.09103873826983848,-0.04246691708730592
468,AI-AI,ai-ai,conv_bd42668068fc4f41a9b41e52a30aa976,18,9.0,author_2,0.11079641751793726,0.20137014029965897
469,AI-AI,ai-ai,conv_bfdccaa2af5e42afa662d355a9f25723,1,1.0,author_1,0.11036574794415915,0.046403081289195125
470,AI-AI,ai-ai,conv_bfdccaa2af5e42afa662d355a9f25723,2,1.0,author_2,0.1952321767552631,0.10837178095899276
471,AI-AI,ai-ai,conv_bfdccaa2af5e42afa662d355a9f25723,3,2.0,author_1,0.33748186232690636,-0.07685757289367476
472,AI-AI,ai-ai,conv_bfdccaa2af5e42afa662d355a9f25723,4,2.0,author_2,0.17846720798128163,-0.03619785012503089
473,AI-AI,ai-ai,conv_bfdccaa2af5e42afa662d355a9f25723,5,3.0,author_1,0.18982662646105142,-0.05367241226273871
474,AI-AI,ai-ai,conv_bfdccaa2af5e42afa662d355a9f25723,6,3.0,author_2,0.223885233499364,-0.13367678586180154
475,AI-AI,ai-ai,conv_bfdccaa2af5e42afa662d355a9f25723,7,4.0,author_1,0.1549113707489002,-0.16761635893981672
476,AI-AI,ai-ai,conv_bfdccaa2af5e42afa662d355a9f25723,8,4.0,author_2,0.2701968806329333,-0.09463953784171691
477,AI-AI,ai-ai,conv_bfdccaa2af5e42afa662d355a9f25723,9,5.0,author_1,0.26013737553543603,-0.13474877190754886
478,AI-AI,ai-ai,conv_bfdccaa2af5e42afa662d355a9f25723,10,5.0,author_2,0.25029514289016014,-0.13105076063508514
479,AI-AI,ai-ai,conv_bfdccaa2af5e42afa662d355a9f25723,11,6.0,author_1,0.28296593246085155,-0.09888680046743178
480,AI-AI,ai-ai,conv_bfdccaa2af5e42afa662d355a9f25723,12,6.0,author_2,0.22029205550443312,-0.019610090566645692
481,AI-AI,ai-ai,conv_bfdccaa2af5e42afa662d355a9f25723,13,7.0,author_1,0.33594010803027247,0.027461437567570596
483,AI-AI,ai-ai,conv_bfdccaa2af5e42afa662d355a9f25723,15,8.0,author_1,0.36324527115661004,-0.0705533014651137
484,AI-AI,ai-ai,conv_bfdccaa2af5e42afa662d355a9f25723,16,8.0,author_2,0.316594516886839,-0.13846278348347066
485,AI-AI,ai-ai,conv_bfdccaa2af5e42afa662d355a9f25723,17,9.0,author_1,0.2510239299279911,-0.04736329455099893
488,AI-AI,ai-ai,conv_c4baf00847bb42a8ab80a1cb377e91b2,2,1.0,author_1,0.20661559077021296,0.02992485074202339
489,AI-AI,ai-ai,conv_c4baf00847bb42a8ab80a1cb377e91b2,3,2.0,author_2,0.20527740723676813,0.001110458206234088
490,AI-AI,ai-ai,conv_c4baf00847bb42a8ab80a1cb377e91b2,4,2.0,author_1,-0.1674469804283063,0.005828744041766257
491,AI-AI,ai-ai,conv_c4baf00847bb42a8ab80a1cb377e91b2,5,3.0,author_2,-0.040011356990039576,-0.01694294510364812
492,AI-AI,ai-ai,conv_c4baf00847bb42a8ab80a1cb377e91b2,6,3.0,author_1,0.03294536169745642,0.036432418693631924
493,AI-AI,ai-ai,conv_c4baf00847bb42a8ab80a1cb377e91b2,7,4.0,author_2,0.14560027337547074,0.011140485982650033
494,AI-AI,ai-ai,conv_c4baf00847bb42a8ab80a1cb377e91b2,8,4.0,author_1,0.055058586954445043,0.03613247173256267
495,AI-AI,ai-ai,conv_c4baf00847bb42a8ab80a1cb377e91b2,9,5.0,author_2,0.2250102796143205,0.16707572760811684
496,AI-AI,ai-ai,conv_c4baf00847bb42a8ab80a1cb377e91b2,10,5.0,author_1,0.19916110506062795,0.12243436229284554
497,AI-AI,ai-ai,conv_c4baf00847bb42a8ab80a1cb377e91b2,11,6.0,author_2,0.07528409465165455,0.2084951920294981
498,AI-AI,ai-ai,conv_c4baf00847bb42a8ab80a1cb377e91b2,12,6.0,author_1,0.07867554947536538,-0.05026656004595555
499,AI-AI,ai-ai,conv_c4baf00847bb42a8ab80a1cb377e91b2,13,7.0,author_2,0.25333074891755875,-0.026831944339921365
500,AI-AI,ai-ai,conv_c4baf00847bb42a8ab80a1cb377e91b2,14,7.0,author_1,0.15344052218741888,-0.016082668851738386
501,AI-AI,ai-ai,conv_c4baf00847bb42a8ab80a1cb377e91b2,15,8.0,author_2,0.30511046137934555,-0.03356352848775497
502,AI-AI,ai-ai,conv_c4baf00847bb42a8ab80a1cb377e91b2,16,8.0,author_1,0.27759737292827324,-0.07900648690464275
506,AI-AI,ai-ai,conv_c5addb32570d400db0feca8365ceaa9a,2,1.0,author_2,-0.11405150859857813,0.03693363113527341
507,AI-AI,ai-ai,conv_c5addb32570d400db0feca8365ceaa9a,3,2.0,author_1,-0.07475349923653395,0.23424854466363898
508,AI-AI,ai-ai,conv_c5addb32570d400db0feca8365ceaa9a,4,2.0,author_2,-0.23333149054455124,0.051224437047745104
509,AI-AI,ai-ai,conv_c5addb32570d400db0feca8365ceaa9a,5,3.0,author_1,-0.025149545863754168,0.19028796330688097
510,AI-AI,ai-ai,conv_c5addb32570d400db0feca8365ceaa9a,6,3.0,author_2,-0.12635758634869196,0.1628934868567262
511,AI-AI,ai-ai,conv_c5addb32570d400db0feca8365ceaa9a,7,4.0,author_1,-0.07082300206446884,0.14278591891467537
512,AI-AI,ai-ai,conv_c5addb32570d400db0feca8365ceaa9a,8,4.0,author_2,-0.21876297686897,0.025242374889314474
513,AI-AI,ai-ai,conv_c5addb32570d400db0feca8365ceaa9a,9,5.0,author_1,-0.1815939385962396,0.024483066592377915
514,AI-AI,ai-ai,conv_c5addb32570d400db0feca8365ceaa9a,10,5.0,author_2,-0.0519751193494458,0.12988080101035382
515,AI-AI,ai-ai,conv_c5addb32570d400db0feca8365ceaa9a,11,6.0,author_1,-0.16043632699077134,0.1321671186867975
516,AI-AI,ai-ai,conv_c5addb32570d400db0feca8365ceaa9a,12,6.0,author_2,-0.07724121347779359,0.1664615108544364
517,AI-AI,ai-ai,conv_c5addb32570d400db0feca8365ceaa9a,13,7.0,author_1,-0.158062278776021,0.12648085748708782
518,AI-AI,ai-ai,conv_c5addb32570d400db0feca8365ceaa9a,14,7.0,author_2,0.0069535363376045465,0.14901517906622364
519,AI-AI,ai-ai,conv_c5addb32570d400db0feca8365ceaa9a,15,8.0,author_1,-0.14234283728018227,0.1592995155152286
520,AI-AI,ai-ai,conv_c5addb32570d400db0feca8365ceaa9a,16,8.0,author_2,0.19838158801955125,-0.03403156388344068
521,AI-AI,ai-ai,conv_c5addb32570d400db0feca8365ceaa9a,17,9.0,author_1,0.010423003369016925,0.06369007607361166
522,AI-AI,ai-ai,conv_c5addb32570d400db0feca8365ceaa9a,18,9.0,author_2,0.05589290984412917,0.08552654313669368
523,AI-AI,ai-ai,conv_c7841512d38b483c928344d48d5caa78,1,1.0,author_1,0.14959191081769724,-0.06623867528351124
524,AI-AI,ai-ai,conv_c7841512d38b483c928344d48d5caa78,2,1.0,author_2,0.13518953884845492,-0.025477366328197013
525,AI-AI,ai-ai,conv_c7841512d38b483c928344d48d5caa78,3,2.0,author_1,-0.06304377553388739,-0.1429955918418726
526,AI-AI,ai-ai,conv_c7841512d38b483c928344d48d5caa78,4,2.0,author_2,0.23123439278696142,-0.09465910476486464
527,AI-AI,ai-ai,conv_c7841512d38b483c928344d48d5caa78,5,3.0,author_1,0.2539602865889279,-0.1105547001658584
528,AI-AI,ai-ai,conv_c7841512d38b483c928344d48d5caa78,6,3.0,author_2,0.16411852154706566,-0.22453396455253205
529,AI-AI,ai-ai,conv_c7841512d38b483c928344d48d5caa78,7,4.0,author_1,0.11003712571931283,-0.12151621640094969
530,AI-AI,ai-ai,conv_c7841512d38b483c928344d48d5caa78,8,4.0,author_2,0.032011707183400066,-0.12667543019016375
531,AI-AI,ai-ai,conv_c7841512d38b483c928344d48d5caa78,9,5.0,author_1,0.2223362263794324,-0.19845775482706035
532,AI-AI,ai-ai,conv_c7841512d38b483c928344d48d5caa78,10,5.0,author_2,0.17425468275066558,-0.0871684849542224
533,AI-AI,ai-ai,conv_c7841512d38b483c928344d48d5caa78,11,6.0,author_1,0.06652548347697103,-0.10027331145079578
534,AI-AI,ai-ai,conv_c7841512d38b483c928344d48d5caa78,12,6.0,author_2,0.1948473817984354,-0.17889231642172682
535,AI-AI,ai-ai,conv_c7841512d38b483c928344d48d5caa78,13,7.0,author_1,0.11693503702502847,-0.207292179537834
536,AI-AI,ai-ai,conv_c7841512d38b483c928344d48d5caa78,14,7.0,author_2,0.10837167728945271,-0.22878987205872303
537,AI-AI,ai-ai,conv_c7841512d38b483c928344d48d5caa78,15,8.0,author_1,-0.007432612616335306,-0.060859373149843535
538,AI-AI,ai-ai,conv_c7841512d38b483c928344d48d5caa78,16,8.0,author_2,0.09591307154865751,-0.15818221459260187
539,AI-AI,ai-ai,conv_c7841512d38b483c928344d48d5caa78,17,9.0,author_1,0.22469877474158878,-0.07014718038861273
540,AI-AI,ai-ai,conv_c7841512d38b483c928344d48d5caa78,18,9.0,author_2,0.02568245363997721,-0.17068990038466092
542,AI-AI,ai-ai,conv_c844530b86a74806aff04a1d35ed710d,2,1.0,author_1,0.14400766469653906,-0.07538643917642211
543,AI-AI,ai-ai,conv_c844530b86a74806aff04a1d35ed710d,3,2.0,author_2,0.06650741981090279,-0.11832475308888199
544,AI-AI,ai-ai,conv_c844530b86a74806aff04a1d35ed710d,4,2.0,author_1,0.16001451099331074,-0.1666968998430901
545,AI-AI,ai-ai,conv_c844530b86a74806aff04a1d35ed710d,5,3.0,author_2,0.006610352612136809,-0.04664030712039009
546,AI-AI,ai-ai,conv_c844530b86a74806aff04a1d35ed710d,6,3.0,author_1,0.318395921818494,-0.07544204664939969
547,AI-AI,ai-ai,conv_c844530b86a74806aff04a1d35ed710d,7,4.0,author_2,0.18301458053601577,-0.14119560072928417
548,AI-AI,ai-ai,conv_c844530b86a74806aff04a1d35ed710d,8,4.0,author_1,0.33864418813729585,-0.06343908544712487
549,AI-AI,ai-ai,conv_c844530b86a74806aff04a1d35ed710d,9,5.0,author_2,0.33028104516103507,-0.005647420847722309
550,AI-AI,ai-ai,conv_c844530b86a74806aff04a1d35ed710d,10,5.0,author_1,0.24826745760580005,0.1472589425408882
551,AI-AI,ai-ai,conv_c844530b86a74806aff04a1d35ed710d,11,6.0,author_2,0.33493855029050484,0.014044726715687982
552,AI-AI,ai-ai,conv_c844530b86a74806aff04a1d35ed710d,12,6.0,author_1,0.20265944881548448,-0.021943188226833193
553,AI-AI,ai-ai,conv_c844530b86a74806aff04a1d35ed710d,13,7.0,author_2,0.3109328003937809,0.026148964582447913
554,AI-AI,ai-ai,conv_c844530b86a74806aff04a1d35ed710d,14,7.0,author_1,0.2587561391101961,-0.03735704512901002
555,AI-AI,ai-ai,conv_c844530b86a74806aff04a1d35ed710d,15,8.0,author_2,0.1822705635109553,-0.0773797044938405
556,AI-AI,ai-ai,conv_c844530b86a74806aff04a1d35ed710d,16,8.0,author_1,0.2983365466017537,-0.1526155386643325
557,AI-AI,ai-ai,conv_c844530b86a74806aff04a1d35ed710d,17,9.0,author_2,0.2631886865014589,-0.13022270701422778
558,AI-AI,ai-ai,conv_c844530b86a74806aff04a1d35ed710d,18,9.0,author_1,0.38376402575867324,-0.09175833284847873
559,AI-AI,ai-ai,conv_d6905a1ca5714753a29b07b1344d1eb0,1,1.0,author_2,-0.0035119441061555595,-0.017060700546743267
560,AI-AI,ai-ai,conv_d6905a1ca5714753a29b07b1344d1eb0,2,1.0,author_1,0.11190371715805843,0.1514327582531402
561,AI-AI,ai-ai,conv_d6905a1ca5714753a29b07b1344d1eb0,3,2.0,author_2,-0.039461780607643465,0.14612943159235198
562,AI-AI,ai-ai,conv_d6905a1ca5714753a29b07b1344d1eb0,4,2.0,author_1,0.06499872415504292,0.13825552618893006
563,AI-AI,ai-ai,conv_d6905a1ca5714753a29b07b1344d1eb0,5,3.0,author_2,0.0249307083301244,0.1284327859746521
564,AI-AI,ai-ai,conv_d6905a1ca5714753a29b07b1344d1eb0,6,3.0,author_1,0.11593332613646617,0.07778682821308722
565,AI-AI,ai-ai,conv_d6905a1ca5714753a29b07b1344d1eb0,7,4.0,author_2,0.010634635755554693,0.028091055313808788
566,AI-AI,ai-ai,conv_d6905a1ca5714753a29b07b1344d1eb0,8,4.0,author_1,0.150745871594238,0.09172638683059152
567,AI-AI,ai-ai,conv_d6905a1ca5714753a29b07b1344d1eb0,9,5.0,author_2,0.045280578519482785,0.026389897480214888
568,AI-AI,ai-ai,conv_d6905a1ca5714753a29b07b1344d1eb0,10,5.0,author_1,0.07736094789721006,0.14005170323683064
569,AI-AI,ai-ai,conv_d6905a1ca5714753a29b07b1344d1eb0,11,6.0,author_2,0.19207400624961934,0.16329835731170167
570,AI-AI,ai-ai,conv_d6905a1ca5714753a29b07b1344d1eb0,12,6.0,author_1,0.08386707569662141,-0.027860868375552586
571,AI-AI,ai-ai,conv_d6905a1ca5714753a29b07b1344d1eb0,13,7.0,author_2,0.25148281746388496,-0.018468831800964414
572,AI-AI,ai-ai,conv_d6905a1ca5714753a29b07b1344d1eb0,14,7.0,author_1,0.10285461286752808,0.041384841030983485
573,AI-AI,ai-ai,conv_d6905a1ca5714753a29b07b1344d1eb0,15,8.0,author_2,0.1152919344999705,0.0879966476300371
574,AI-AI,ai-ai,conv_d6905a1ca5714753a29b07b1344d1eb0,16,8.0,author_1,0.09979918575304055,0.0918798490286028
575,AI-AI,ai-ai,conv_d6905a1ca5714753a29b07b1344d1eb0,17,9.0,author_2,0.08099385597825114,0.16934514288920324
576,AI-AI,ai-ai,conv_d6905a1ca5714753a29b07b1344d1eb0,18,9.0,author_1,0.16037341508915964,0.012349618217029451
577,AI-AI,ai-ai,conv_deb05265bec84343b09557454f80ce9a,1,1.0,author_1,0.005681836886702172,-0.023705390055493
578,AI-AI,ai-ai,conv_deb05265bec84343b09557454f80ce9a,2,1.0,author_2,-0.03617429899771525,0.1292453801266641
579,AI-AI,ai-ai,conv_deb05265bec84343b09557454f80ce9a,3,2.0,author_1,0.026477838097742595,0.001434095932541915
580,AI-AI,ai-ai,conv_deb05265bec84343b09557454f80ce9a,4,2.0,author_2,0.09355579098828737,0.09536598912029208
581,AI-AI,ai-ai,conv_deb05265bec84343b09557454f80ce9a,5,3.0,author_1,-0.0987745452228758,0.07454856821166021
582,AI-AI,ai-ai,conv_deb05265bec84343b09557454f80ce9a,6,3.0,author_2,0.013600745493732802,0.1390149372928464
583,AI-AI,ai-ai,conv_deb05265bec84343b09557454f80ce9a,7,4.0,author_1,0.02773121125036908,0.056179849785849084
584,AI-AI,ai-ai,conv_deb05265bec84343b09557454f80ce9a,8,4.0,author_2,-0.06891848168651687,0.06624062177133269
585,AI-AI,ai-ai,conv_deb05265bec84343b09557454f80ce9a,9,5.0,author_1,-0.1339987924039307,0.14313776369702177
586,AI-AI,ai-ai,conv_deb05265bec84343b09557454f80ce9a,10,5.0,author_2,0.11777438984975824,0.08221408180974285
587,AI-AI,ai-ai,conv_deb05265bec84343b09557454f80ce9a,11,6.0,author_1,0.061524560086562735,0.111921455634912
588,AI-AI,ai-ai,conv_deb05265bec84343b09557454f80ce9a,12,6.0,author_2,0.07414927454079587,0.04281655505552921
589,AI-AI,ai-ai,conv_deb05265bec84343b09557454f80ce9a,13,7.0,author_1,0.008273037457436957,-0.015263203626270365
590,AI-AI,ai-ai,conv_deb05265bec84343b09557454f80ce9a,14,7.0,author_2,0.1259917030466609,0.0871517290190078
591,AI-AI,ai-ai,conv_deb05265bec84343b09557454f80ce9a,15,8.0,author_1,0.15184445803692034,-0.046136875704363374
592,AI-AI,ai-ai,conv_deb05265bec84343b09557454f80ce9a,16,8.0,author_2,0.05385805369637325,0.17642651206447624
593,AI-AI,ai-ai,conv_deb05265bec84343b09557454f80ce9a,17,9.0,author_1,0.053977354901248914,0.12809120662288484
595,AI-AI,ai-ai,conv_e9176cbc9fc84bf693d4722a41d4d02b,1,1.0,author_1,0.12986661403912209,-0.1656778541828784
596,AI-AI,ai-ai,conv_e9176cbc9fc84bf693d4722a41d4d02b,2,1.0,author_2,0.005023375598906811,0.06599010388859845
597,AI-AI,ai-ai,conv_e9176cbc9fc84bf693d4722a41d4d02b,3,2.0,author_1,0.10743635535008143,-0.07386316605048397
598,AI-AI,ai-ai,conv_e9176cbc9fc84bf693d4722a41d4d02b,4,2.0,author_2,0.0722027935128855,-0.14809993809945227
599,AI-AI,ai-ai,conv_e9176cbc9fc84bf693d4722a41d4d02b,5,3.0,author_1,0.08036816475179101,-0.029415844824625458
600,AI-AI,ai-ai,conv_e9176cbc9fc84bf693d4722a41d4d02b,6,3.0,author_2,0.20388896445296142,-0.0798073706197555
601,AI-AI,ai-ai,conv_e9176cbc9fc84bf693d4722a41d4d02b,7,4.0,author_1,0.10167356352114587,0.017252500637720474
602,AI-AI,ai-ai,conv_e9176cbc9fc84bf693d4722a41d4d02b,8,4.0,author_2,0.1417136703677641,-0.11471168594527942
603,AI-AI,ai-ai,conv_e9176cbc9fc84bf693d4722a41d4d02b,9,5.0,author_1,0.09869128708086068,-0.02403684073971292
604,AI-AI,ai-ai,conv_e9176cbc9fc84bf693d4722a41d4d02b,10,5.0,author_2,0.20251247624682545,0.08502248182405353
605,AI-AI,ai-ai,conv_e9176cbc9fc84bf693d4722a41d4d02b,11,6.0,author_1,0.29818169274847744,0.03714848008216094
606,AI-AI,ai-ai,conv_e9176cbc9fc84bf693d4722a41d4d02b,12,6.0,author_2,0.01597219389838873,-0.018759277667484878
607,AI-AI,ai-ai,conv_e9176cbc9fc84bf693d4722a41d4d02b,13,7.0,author_1,0.16422439448840365,-0.08767379301005504
608,AI-AI,ai-ai,conv_e9176cbc9fc84bf693d4722a41d4d02b,14,7.0,author_2,0.14557684356830725,-0.09252673567036049
609,AI-AI,ai-ai,conv_e9176cbc9fc84bf693d4722a41d4d02b,15,8.0,author_1,0.1686911315473718,-0.005420313831316445
610,AI-AI,ai-ai,conv_e9176cbc9fc84bf693d4722a41d4d02b,16,8.0,author_2,0.16794756482804019,-0.1482923711671079
611,AI-AI,ai-ai,conv_e9176cbc9fc84bf693d4722a41d4d02b,17,9.0,author_1,0.06975895407764823,-0.1573060718864765
612,AI-AI,ai-ai,conv_e9176cbc9fc84bf693d4722a41d4d02b,18,9.0,author_2,0.0928263575539407,-0.16442154194366787
613,AI-AI,ai-ai,conv_ebe60862bf804722a847681940c8bbcd,1,1.0,author_2,0.19445092479814466,-0.00970601534810859
614,AI-AI,ai-ai,conv_ebe60862bf804722a847681940c8bbcd,2,1.0,author_1,0.21399923180048525,0.09792212845889686
615,AI-AI,ai-ai,conv_ebe60862bf804722a847681940c8bbcd,3,2.0,author_2,0.16906085695082368,-0.09609202796572142
616,AI-AI,ai-ai,conv_ebe60862bf804722a847681940c8bbcd,4,2.0,author_1,0.13765311399021654,0.0671704644465124
617,AI-AI,ai-ai,conv_ebe60862bf804722a847681940c8bbcd,5,3.0,author_2,0.15922784460244263,0.10740887678806357
618,AI-AI,ai-ai,conv_ebe60862bf804722a847681940c8bbcd,6,3.0,author_1,0.2021774687482581,0.05335404403765536
619,AI-AI,ai-ai,conv_ebe60862bf804722a847681940c8bbcd,7,4.0,author_2,0.13899399925618786,-0.07472546382278028
620,AI-AI,ai-ai,conv_ebe60862bf804722a847681940c8bbcd,8,4.0,author_1,0.18091582428666717,0.11350783169558314
621,AI-AI,ai-ai,conv_ebe60862bf804722a847681940c8bbcd,9,5.0,author_2,0.12190728757102917,0.17118146679637158
622,AI-AI,ai-ai,conv_ebe60862bf804722a847681940c8bbcd,10,5.0,author_1,0.15890363403999597,0.1378227899167291
623,AI-AI,ai-ai,conv_ebe60862bf804722a847681940c8bbcd,11,6.0,author_2,0.08883742439334585,0.11502742570087501
624,AI-AI,ai-ai,conv_ebe60862bf804722a847681940c8bbcd,12,6.0,author_1,0.13348423941458704,0.07843936398559016
625,AI-AI,ai-ai,conv_ebe60862bf804722a847681940c8bbcd,13,7.0,author_2,0.006674789712919821,0.062097385725319434
626,AI-AI,ai-ai,conv_ebe60862bf804722a847681940c8bbcd,14,7.0,author_1,0.055807335062430866,0.09022801623243658
627,AI-AI,ai-ai,conv_ebe60862bf804722a847681940c8bbcd,15,8.0,author_2,0.11186337354126712,0.19251592800996922
628,AI-AI,ai-ai,conv_ebe60862bf804722a847681940c8bbcd,16,8.0,author_1,0.14781681318322573,-0.043676764171977286
629,AI-AI,ai-ai,conv_ebe60862bf804722a847681940c8bbcd,17,9.0,author_2,0.16113248796909174,0.1455038210067508
630,AI-AI,ai-ai,conv_ebe60862bf804722a847681940c8bbcd,18,9.0,author_1,0.14363858535124477,0.09961307094528127
631,AI-AI,ai-ai,conv_ec61d7cb57094812b5ed7b7b55c18b32,1,1.0,author_1,0.16688636481375113,0.10989913466435892
632,AI-AI,ai-ai,conv_ec61d7cb57094812b5ed7b7b55c18b32,2,1.0,author_2,-0.03508173256230753,0.19511705996040954
633,AI-AI,ai-ai,conv_ec61d7cb57094812b5ed7b7b55c18b32,3,2.0,author_1,-0.012798281997576919,0.23211890136201163
634,AI-AI,ai-ai,conv_ec61d7cb57094812b5ed7b7b55c18b32,4,2.0,author_2,0.05154129636573955,0.2751824691087916
635,AI-AI,ai-ai,conv_ec61d7cb57094812b5ed7b7b55c18b32,5,3.0,author_1,0.017888684051470437,0.09891922705278305
636,AI-AI,ai-ai,conv_ec61d7cb57094812b5ed7b7b55c18b32,6,3.0,author_2,0.07911418485445154,0.1387487683891029
637,AI-AI,ai-ai,conv_ec61d7cb57094812b5ed7b7b55c18b32,7,4.0,author_1,0.051809107878474474,0.11542140305391514
638,AI-AI,ai-ai,conv_ec61d7cb57094812b5ed7b7b55c18b32,8,4.0,author_2,0.051080476581270975,0.275751930219303
639,AI-AI,ai-ai,conv_ec61d7cb57094812b5ed7b7b55c18b32,9,5.0,author_1,0.1245663661212705,0.04512696054917217
640,AI-AI,ai-ai,conv_ec61d7cb57094812b5ed7b7b55c18b32,10,5.0,author_2,0.0249641225000762,-0.013931679588929977
641,AI-AI,ai-ai,conv_ec61d7cb57094812b5ed7b7b55c18b32,11,6.0,author_1,0.1789861425104873,0.06881049830260019
642,AI-AI,ai-ai,conv_ec61d7cb57094812b5ed7b7b55c18b32,12,6.0,author_2,0.1611823894911862,0.07357130256803053
643,AI-AI,ai-ai,conv_ec61d7cb57094812b5ed7b7b55c18b32,13,7.0,author_1,0.25334528122690114,-0.011211643092765164
644,AI-AI,ai-ai,conv_ec61d7cb57094812b5ed7b7b55c18b32,14,7.0,author_2,0.06902852689775922,0.10489763110071629
645,AI-AI,ai-ai,conv_ec61d7cb57094812b5ed7b7b55c18b32,15,8.0,author_1,0.18790304201503524,0.012097670790918388
646,AI-AI,ai-ai,conv_ec61d7cb57094812b5ed7b7b55c18b32,16,8.0,author_2,0.0864763575953576,-0.15523768479274336
647,AI-AI,ai-ai,conv_ec61d7cb57094812b5ed7b7b55c18b32,17,9.0,author_1,0.12741951226384834,-0.1581566496377317
648,AI-AI,ai-ai,conv_ec61d7cb57094812b5ed7b7b55c18b32,18,9.0,author_2,0.13665273978245598,-0.0006732504092556192
649,Human-AI,human-ai,conv_11293fd2-d757-471f-8e2e-783542167a8e,1,1.0,author_1,-0.026589796036560844,0.19542338920996002
650,Human-AI,human-ai,conv_11293fd2-d757-471f-8e2e-783542167a8e,2,1.0,author_2,0.034600395352180464,-0.045023874758918433
651,Human-AI,human-ai,conv_11293fd2-d757-471f-8e2e-783542167a8e,3,2.0,author_1,-0.057616581583857324,0.07765245956993283
652,Human-AI,human-ai,conv_11293fd2-d757-471f-8e2e-783542167a8e,4,2.0,author_2,-0.00016085176412624367,-0.016221807286642263
653,Human-AI,human-ai,conv_11293fd2-d757-471f-8e2e-783542167a8e,5,3.0,author_1,0.024287682468097673,0.16180202274427
654,Human-AI,human-ai,conv_11293fd2-d757-471f-8e2e-783542167a8e,6,3.0,author_2,0.0948525143025265,0.08798698652799147
655,Human-AI,human-ai,conv_11293fd2-d757-471f-8e2e-783542167a8e,7,4.0,author_1,0.11765782356331476,0.036346260840590394
656,Human-AI,human-ai,conv_11293fd2-d757-471f-8e2e-783542167a8e,8,4.0,author_2,0.1261398645419758,-0.017223051778595316
657,Human-AI,human-ai,conv_11293fd2-d757-471f-8e2e-783542167a8e,9,5.0,author_1,-0.020337459774505177,-0.06815979950786889
658,Human-AI,human-ai,conv_11293fd2-d757-471f-8e2e-783542167a8e,10,5.0,author_2,-0.04709311880221515,0.1714544528963564
659,Human-AI,human-ai,conv_11293fd2-d757-471f-8e2e-783542167a8e,11,6.0,author_1,-0.03554248790022566,-0.04829860795960067
660,Human-AI,human-ai,conv_11293fd2-d757-471f-8e2e-783542167a8e,12,6.0,author_2,-0.02224624032830413,0.038247786816621644
661,Human-AI,human-ai,conv_11293fd2-d757-471f-8e2e-783542167a8e,13,7.0,author_1,0.031059972438401112,0.07209274047245241
662,Human-AI,human-ai,conv_11293fd2-d757-471f-8e2e-783542167a8e,14,7.0,author_2,0.08896026122701643,-0.07467789395361693
663,Human-AI,human-ai,conv_11293fd2-d757-471f-8e2e-783542167a8e,15,8.0,author_1,-0.13282420785059934,0.003969884522594972
664,Human-AI,human-ai,conv_11293fd2-d757-471f-8e2e-783542167a8e,16,8.0,author_2,0.036024437813432134,0.15682905878176964
665,Human-AI,human-ai,conv_155f7493-3058-435d-a672-40e7e8ec213a,1,1.0,author_1,-0.11279638661398397,-0.00045971533841385084
666,Human-AI,human-ai,conv_155f7493-3058-435d-a672-40e7e8ec213a,2,1.0,author_2,-0.003970931661530234,0.06158975087642074
667,Human-AI,human-ai,conv_155f7493-3058-435d-a672-40e7e8ec213a,3,2.0,author_1,-0.23039756255372712,-0.05095860463866222
668,Human-AI,human-ai,conv_155f7493-3058-435d-a672-40e7e8ec213a,4,2.0,author_2,0.10774935877944619,-0.09281905366225135
669,Human-AI,human-ai,conv_155f7493-3058-435d-a672-40e7e8ec213a,5,3.0,author_1,-0.08431595394407614,-0.25705830652479045
670,Human-AI,human-ai,conv_155f7493-3058-435d-a672-40e7e8ec213a,6,3.0,author_2,-0.08565274944812395,0.04980806103131995
671,Human-AI,human-ai,conv_155f7493-3058-435d-a672-40e7e8ec213a,7,4.0,author_1,0.013866907192926867,0.0032203281117598225
672,Human-AI,human-ai,conv_155f7493-3058-435d-a672-40e7e8ec213a,8,4.0,author_2,0.11905232824067064,0.0336209827534193
673,Human-AI,human-ai,conv_155f7493-3058-435d-a672-40e7e8ec213a,9,5.0,author_1,0.018536512014931474,0.11384084880963644
674,Human-AI,human-ai,conv_155f7493-3058-435d-a672-40e7e8ec213a,10,5.0,author_2,0.06514821968250335,-0.0006704787957280776
675,Human-AI,human-ai,conv_155f7493-3058-435d-a672-40e7e8ec213a,11,6.0,author_1,-0.163047931206928,-0.004628610237615377
676,Human-AI,human-ai,conv_155f7493-3058-435d-a672-40e7e8ec213a,12,6.0,author_2,0.05229679900038982,-0.002535848566510027
677,Human-AI,human-ai,conv_155f7493-3058-435d-a672-40e7e8ec213a,13,7.0,author_1,-0.11398701779122014,-0.08167976675900583
678,Human-AI,human-ai,conv_155f7493-3058-435d-a672-40e7e8ec213a,14,7.0,author_2,0.22551096442617605,0.056863948914121845
679,Human-AI,human-ai,conv_155f7493-3058-435d-a672-40e7e8ec213a,15,8.0,author_1,-0.04873820618435508,-0.11247260078326524
680,Human-AI,human-ai,conv_155f7493-3058-435d-a672-40e7e8ec213a,16,8.0,author_2,0.14615127861837957,-0.03759136129747134
681,Human-AI,human-ai,conv_18be1999-da21-4ab6-8f9e-e52e6d9c8070,1,1.0,author_1,-0.021221307350295024,-0.17169415393488546
682,Human-AI,human-ai,conv_18be1999-da21-4ab6-8f9e-e52e6d9c8070,2,1.0,author_2,0.12988410167323455,-0.05486809576018083
683,Human-AI,human-ai,conv_18be1999-da21-4ab6-8f9e-e52e6d9c8070,3,2.0,author_1,0.011476642459866852,-0.01911842536377572
684,Human-AI,human-ai,conv_18be1999-da21-4ab6-8f9e-e52e6d9c8070,4,2.0,author_2,0.26182781122169,-0.08666657099369876
685,Human-AI,human-ai,conv_18be1999-da21-4ab6-8f9e-e52e6d9c8070,5,3.0,author_1,0.06847145333910162,-0.025997592679143144
686,Human-AI,human-ai,conv_18be1999-da21-4ab6-8f9e-e52e6d9c8070,6,3.0,author_2,0.2389003384650842,0.003683231714012203
687,Human-AI,human-ai,conv_18be1999-da21-4ab6-8f9e-e52e6d9c8070,7,4.0,author_1,-0.2060810416581156,-0.06352291140319241
688,Human-AI,human-ai,conv_18be1999-da21-4ab6-8f9e-e52e6d9c8070,8,4.0,author_2,0.2378384516626758,-0.07713788214936028
689,Human-AI,human-ai,conv_18be1999-da21-4ab6-8f9e-e52e6d9c8070,9,5.0,author_1,0.12605795735620837,-0.19240232796696616
690,Human-AI,human-ai,conv_18be1999-da21-4ab6-8f9e-e52e6d9c8070,10,5.0,author_2,0.2554084813518593,-0.10049862642549039
691,Human-AI,human-ai,conv_18be1999-da21-4ab6-8f9e-e52e6d9c8070,11,6.0,author_1,0.2080725047599365,-0.004384569428528721
692,Human-AI,human-ai,conv_18be1999-da21-4ab6-8f9e-e52e6d9c8070,12,6.0,author_2,0.051574306641644224,-0.04647118546135179
693,Human-AI,human-ai,conv_18be1999-da21-4ab6-8f9e-e52e6d9c8070,13,7.0,author_1,0.014718999491048991,0.05002957176905788
694,Human-AI,human-ai,conv_18be1999-da21-4ab6-8f9e-e52e6d9c8070,14,7.0,author_2,0.26076120447852463,-0.0721712830121618
695,Human-AI,human-ai,conv_18be1999-da21-4ab6-8f9e-e52e6d9c8070,15,8.0,author_1,0.016493484958675468,0.057265125235449035
696,Human-AI,human-ai,conv_18be1999-da21-4ab6-8f9e-e52e6d9c8070,16,8.0,author_2,0.14508169561414314,-0.010439948415771463
697,Human-AI,human-ai,conv_1a776856-1876-44eb-b0f6-31b31250ddca,1,1.0,author_1,-0.16055815582682378,-0.10116624778437218
698,Human-AI,human-ai,conv_1a776856-1876-44eb-b0f6-31b31250ddca,2,1.0,author_2,0.11031377884334898,0.060571034661328245
699,Human-AI,human-ai,conv_1a776856-1876-44eb-b0f6-31b31250ddca,3,2.0,author_1,-0.04684600325207475,-0.12631231341467283
700,Human-AI,human-ai,conv_1a776856-1876-44eb-b0f6-31b31250ddca,4,2.0,author_2,0.015979699870183838,0.044850926538758634
701,Human-AI,human-ai,conv_1a776856-1876-44eb-b0f6-31b31250ddca,5,3.0,author_1,-0.017883749486116905,-0.20018877215300954
702,Human-AI,human-ai,conv_1a776856-1876-44eb-b0f6-31b31250ddca,6,3.0,author_2,0.12722756786006983,-0.21593167829613422
703,Human-AI,human-ai,conv_1a776856-1876-44eb-b0f6-31b31250ddca,7,4.0,author_1,-0.18360868094010874,-0.06203456559043514
704,Human-AI,human-ai,conv_1a776856-1876-44eb-b0f6-31b31250ddca,8,4.0,author_2,0.10521525181366201,-0.020484879300741846
705,Human-AI,human-ai,conv_1a776856-1876-44eb-b0f6-31b31250ddca,9,5.0,author_1,-0.021790139808787183,-0.2678082114299337
706,Human-AI,human-ai,conv_1a776856-1876-44eb-b0f6-31b31250ddca,10,5.0,author_2,-0.07800391161215564,0.07064996709200931
707,Human-AI,human-ai,conv_1a776856-1876-44eb-b0f6-31b31250ddca,11,6.0,author_1,-0.14174236463404516,-0.01670459007176154
708,Human-AI,human-ai,conv_1a776856-1876-44eb-b0f6-31b31250ddca,12,6.0,author_2,0.0921243858657211,-0.014260044945474549
709,Human-AI,human-ai,conv_1a776856-1876-44eb-b0f6-31b31250ddca,13,7.0,author_1,-0.05745906363527962,-0.14635904388476867
710,Human-AI,human-ai,conv_1a776856-1876-44eb-b0f6-31b31250ddca,14,7.0,author_2,0.04212220972183522,-0.13729762198442136
711,Human-AI,human-ai,conv_1a776856-1876-44eb-b0f6-31b31250ddca,15,8.0,author_1,-0.22984548286351464,0.023593721490034147
712,Human-AI,human-ai,conv_1a776856-1876-44eb-b0f6-31b31250ddca,16,8.0,author_2,-0.11200636987770307,-0.12380774331935392
713,Human-AI,human-ai,conv_29031421-8265-472f-b4ce-f147dd80edca,1,1.0,author_1,-0.1105145138289422,-0.059860445802125316
714,Human-AI,human-ai,conv_29031421-8265-472f-b4ce-f147dd80edca,2,1.0,author_2,0.04387892029437459,-0.02196899769602436
715,Human-AI,human-ai,conv_29031421-8265-472f-b4ce-f147dd80edca,3,2.0,author_1,0.04703804328887827,-0.0337627285135306
716,Human-AI,human-ai,conv_29031421-8265-472f-b4ce-f147dd80edca,4,2.0,author_2,-0.036784919068332866,0.21502605653490325
717,Human-AI,human-ai,conv_29031421-8265-472f-b4ce-f147dd80edca,5,3.0,author_1,0.11647889850443237,-0.0019264294448367199
718,Human-AI,human-ai,conv_29031421-8265-472f-b4ce-f147dd80edca,6,3.0,author_2,0.024050545494984085,0.08516615046206527
719,Human-AI,human-ai,conv_29031421-8265-472f-b4ce-f147dd80edca,7,4.0,author_1,-0.03637514371226212,0.08135149857875258
720,Human-AI,human-ai,conv_29031421-8265-472f-b4ce-f147dd80edca,8,4.0,author_2,-0.0004851971900579309,0.21115126018361036
721,Human-AI,human-ai,conv_29031421-8265-472f-b4ce-f147dd80edca,9,5.0,author_1,-0.0042666050887057196,0.20060519749408362
722,Human-AI,human-ai,conv_29031421-8265-472f-b4ce-f147dd80edca,10,5.0,author_2,-0.003922677984991766,-0.0031862356194138066
723,Human-AI,human-ai,conv_29031421-8265-472f-b4ce-f147dd80edca,11,6.0,author_1,0.11381976397140824,0.02603475493067051
724,Human-AI,human-ai,conv_29031421-8265-472f-b4ce-f147dd80edca,12,6.0,author_2,-0.10204990075554055,0.024755882810164973
725,Human-AI,human-ai,conv_29031421-8265-472f-b4ce-f147dd80edca,13,7.0,author_1,-0.07111431646848086,0.09656348075127216
726,Human-AI,human-ai,conv_29031421-8265-472f-b4ce-f147dd80edca,14,7.0,author_2,-0.11695439993297672,0.04537136861069818
727,Human-AI,human-ai,conv_29031421-8265-472f-b4ce-f147dd80edca,15,8.0,author_1,-0.07583406565019651,0.1199720277164092
728,Human-AI,human-ai,conv_29031421-8265-472f-b4ce-f147dd80edca,16,8.0,author_2,-0.09018158034704836,0.03743348791784056
729,Human-AI,human-ai,conv_2ce635fa-cb6c-424f-9565-859a944eed92,1,1.0,author_1,-0.17601045525240422,-0.16006923312695126
730,Human-AI,human-ai,conv_2ce635fa-cb6c-424f-9565-859a944eed92,2,1.0,author_2,-0.020468956079377057,0.00422394039520776
731,Human-AI,human-ai,conv_2ce635fa-cb6c-424f-9565-859a944eed92,3,2.0,author_1,-0.20835323824163604,-0.12207108643468662
732,Human-AI,human-ai,conv_2ce635fa-cb6c-424f-9565-859a944eed92,4,2.0,author_2,-0.15772654960994148,-0.10972401884696385
733,Human-AI,human-ai,conv_2ce635fa-cb6c-424f-9565-859a944eed92,5,3.0,author_1,-0.1980595898025888,-0.14949302047625743
734,Human-AI,human-ai,conv_2ce635fa-cb6c-424f-9565-859a944eed92,6,3.0,author_2,-0.09951692304207568,-0.06564971156896725
735,Human-AI,human-ai,conv_2ce635fa-cb6c-424f-9565-859a944eed92,7,4.0,author_1,-0.17816279311407443,-0.061757125765350675
736,Human-AI,human-ai,conv_2ce635fa-cb6c-424f-9565-859a944eed92,8,4.0,author_2,-0.15027506642933905,-0.0797343544290035
737,Human-AI,human-ai,conv_2ce635fa-cb6c-424f-9565-859a944eed92,9,5.0,author_1,-0.19122314841342636,-0.08833707148982599
738,Human-AI,human-ai,conv_2ce635fa-cb6c-424f-9565-859a944eed92,10,5.0,author_2,-0.10883905337879285,-0.06511020409595636
739,Human-AI,human-ai,conv_2ce635fa-cb6c-424f-9565-859a944eed92,11,6.0,author_1,-0.20422235037839034,-0.1501910505232402
740,Human-AI,human-ai,conv_2ce635fa-cb6c-424f-9565-859a944eed92,12,6.0,author_2,-0.09395334879844969,0.08973763889640447
741,Human-AI,human-ai,conv_2ce635fa-cb6c-424f-9565-859a944eed92,13,7.0,author_1,-0.12852246245364607,-0.20986350740062204
742,Human-AI,human-ai,conv_2ce635fa-cb6c-424f-9565-859a944eed92,14,7.0,author_2,-0.06825599172627504,-0.15721128801760592
743,Human-AI,human-ai,conv_3c43f51a-ffcf-4161-8d6d-b76bf669acb6,1,1.0,author_1,-0.10711529327965613,-0.17071253139393344
744,Human-AI,human-ai,conv_3c43f51a-ffcf-4161-8d6d-b76bf669acb6,2,1.0,author_2,0.06074542961225968,-0.16147070930734747
745,Human-AI,human-ai,conv_3c43f51a-ffcf-4161-8d6d-b76bf669acb6,3,2.0,author_1,0.027876750082022648,-0.27511827414094103
746,Human-AI,human-ai,conv_3c43f51a-ffcf-4161-8d6d-b76bf669acb6,4,2.0,author_2,-0.07751843651930626,-0.22403287447090336
747,Human-AI,human-ai,conv_3c43f51a-ffcf-4161-8d6d-b76bf669acb6,5,3.0,author_1,-0.018463786709040635,-0.1828766297967114
748,Human-AI,human-ai,conv_3c43f51a-ffcf-4161-8d6d-b76bf669acb6,6,3.0,author_2,-0.04975679245799067,-0.12149344375481719
749,Human-AI,human-ai,conv_3c43f51a-ffcf-4161-8d6d-b76bf669acb6,7,4.0,author_1,-0.06192237099320174,-0.07043026312436305
750,Human-AI,human-ai,conv_3c43f51a-ffcf-4161-8d6d-b76bf669acb6,8,4.0,author_2,-0.03910140598323207,-0.22018776821218225
751,Human-AI,human-ai,conv_3c43f51a-ffcf-4161-8d6d-b76bf669acb6,9,5.0,author_1,-0.19025060733019153,-0.09402472215286889
752,Human-AI,human-ai,conv_3c43f51a-ffcf-4161-8d6d-b76bf669acb6,10,5.0,author_2,0.04401587934975104,-0.22360199275385156
753,Human-AI,human-ai,conv_3c43f51a-ffcf-4161-8d6d-b76bf669acb6,11,6.0,author_1,-0.23354940453290085,-0.07802883007878646
754,Human-AI,human-ai,conv_3c43f51a-ffcf-4161-8d6d-b76bf669acb6,12,6.0,author_2,-0.021631858983569965,-0.06283868746902603
755,Human-AI,human-ai,conv_3c43f51a-ffcf-4161-8d6d-b76bf669acb6,13,7.0,author_1,-0.11718903590112612,-0.21252862176561002
756,Human-AI,human-ai,conv_3c43f51a-ffcf-4161-8d6d-b76bf669acb6,14,7.0,author_2,-0.04369232194552372,-0.24568708872687325
757,Human-AI,human-ai,conv_3c43f51a-ffcf-4161-8d6d-b76bf669acb6,15,8.0,author_1,-0.17071218731382978,-0.15806378366599183
758,Human-AI,human-ai,conv_3c43f51a-ffcf-4161-8d6d-b76bf669acb6,16,8.0,author_2,-0.1176910951907222,-0.13431189848238018
759,Human-AI,human-ai,conv_491b62e9-789d-4b72-b887-557f2ccffc18,1,1.0,author_1,-0.08351526662291031,0.04426512476568204
760,Human-AI,human-ai,conv_491b62e9-789d-4b72-b887-557f2ccffc18,2,1.0,author_2,0.06069001017045553,0.12794142038928408
761,Human-AI,human-ai,conv_491b62e9-789d-4b72-b887-557f2ccffc18,3,2.0,author_1,-0.18934378386303247,0.02463934255467217
762,Human-AI,human-ai,conv_491b62e9-789d-4b72-b887-557f2ccffc18,4,2.0,author_2,0.03759008557418199,0.06232645177442932
763,Human-AI,human-ai,conv_491b62e9-789d-4b72-b887-557f2ccffc18,5,3.0,author_1,-0.12243982404768126,0.017742478705905507
764,Human-AI,human-ai,conv_491b62e9-789d-4b72-b887-557f2ccffc18,6,3.0,author_2,-0.02653698213520815,0.1409842461222215
765,Human-AI,human-ai,conv_491b62e9-789d-4b72-b887-557f2ccffc18,7,4.0,author_1,-0.11470637393598254,0.06508339546078691
766,Human-AI,human-ai,conv_491b62e9-789d-4b72-b887-557f2ccffc18,8,4.0,author_2,-0.003989449500734616,0.13498998392322653
767,Human-AI,human-ai,conv_491b62e9-789d-4b72-b887-557f2ccffc18,9,5.0,author_1,-0.15067930403995927,0.11237579554661717
768,Human-AI,human-ai,conv_491b62e9-789d-4b72-b887-557f2ccffc18,10,5.0,author_2,-0.07026017461989013,-0.008890020457552286
769,Human-AI,human-ai,conv_491b62e9-789d-4b72-b887-557f2ccffc18,11,6.0,author_1,-0.09247135707671952,0.11367878497797873
770,Human-AI,human-ai,conv_491b62e9-789d-4b72-b887-557f2ccffc18,12,6.0,author_2,-0.03191955149568754,0.054143100191494355
771,Human-AI,human-ai,conv_491b62e9-789d-4b72-b887-557f2ccffc18,13,7.0,author_1,-0.10538151756673535,0.01794406974608977
772,Human-AI,human-ai,conv_491b62e9-789d-4b72-b887-557f2ccffc18,14,7.0,author_2,-0.06057634605164362,0.11700136251293877
773,Human-AI,human-ai,conv_491b62e9-789d-4b72-b887-557f2ccffc18,15,8.0,author_1,-0.028051170488395998,0.05335787827230356
774,Human-AI,human-ai,conv_491b62e9-789d-4b72-b887-557f2ccffc18,16,8.0,author_2,-0.21436684599382388,0.1137976151823694
775,Human-AI,human-ai,conv_4aa46faf-273a-4707-be30-a0b216440d87,1,1.0,author_1,0.07184519012898458,-0.08716190235310815
776,Human-AI,human-ai,conv_4aa46faf-273a-4707-be30-a0b216440d87,2,1.0,author_2,-0.019092532998529185,-0.046746806250575715
777,Human-AI,human-ai,conv_4aa46faf-273a-4707-be30-a0b216440d87,3,2.0,author_1,0.2428475619607592,-0.10738470430168606
778,Human-AI,human-ai,conv_4aa46faf-273a-4707-be30-a0b216440d87,4,2.0,author_2,0.21904614087619903,-0.08144708075284178
779,Human-AI,human-ai,conv_4aa46faf-273a-4707-be30-a0b216440d87,5,3.0,author_1,-0.042858058026736985,0.16309598819702997
780,Human-AI,human-ai,conv_4aa46faf-273a-4707-be30-a0b216440d87,6,3.0,author_2,0.04152581631556617,0.026798230324542434
781,Human-AI,human-ai,conv_4aa46faf-273a-4707-be30-a0b216440d87,7,4.0,author_1,-0.06068116280891081,-0.09530263969100014
782,Human-AI,human-ai,conv_4aa46faf-273a-4707-be30-a0b216440d87,8,4.0,author_2,0.30559652114875485,-0.049316565997799613
783,Human-AI,human-ai,conv_4aa46faf-273a-4707-be30-a0b216440d87,9,5.0,author_1,0.037372524678447656,0.033122737522946206
784,Human-AI,human-ai,conv_4aa46faf-273a-4707-be30-a0b216440d87,10,5.0,author_2,0.06393772872507208,0.01793330556019498
785,Human-AI,human-ai,conv_4aa46faf-273a-4707-be30-a0b216440d87,11,6.0,author_1,-0.09312966726255291,-0.15451649693878602
786,Human-AI,human-ai,conv_4aa46faf-273a-4707-be30-a0b216440d87,12,6.0,author_2,0.07871293438241665,-0.014540555236362454
787,Human-AI,human-ai,conv_4aa46faf-273a-4707-be30-a0b216440d87,13,7.0,author_1,-0.050615253550422214,0.1948949684596586
788,Human-AI,human-ai,conv_4aa46faf-273a-4707-be30-a0b216440d87,14,7.0,author_2,0.19102040876886703,-0.18337447788832567
789,Human-AI,human-ai,conv_4aa46faf-273a-4707-be30-a0b216440d87,15,8.0,author_1,0.00944412544836843,0.05841910393248596
790,Human-AI,human-ai,conv_4aa46faf-273a-4707-be30-a0b216440d87,16,8.0,author_2,0.2982866090913864,-0.08009468697799903
791,Human-AI,human-ai,conv_5e234f25-eb78-4ec3-8113-c66645149ddc,1,1.0,author_1,0.10702684093290618,-0.08709726495072359
792,Human-AI,human-ai,conv_5e234f25-eb78-4ec3-8113-c66645149ddc,2,1.0,author_2,-0.003433388332656757,-0.12664007609423236
793,Human-AI,human-ai,conv_5e234f25-eb78-4ec3-8113-c66645149ddc,3,2.0,author_1,-0.08081433634016517,0.051031882867752204
794,Human-AI,human-ai,conv_5e234f25-eb78-4ec3-8113-c66645149ddc,4,2.0,author_2,0.048570176647968526,0.06593106389725177
795,Human-AI,human-ai,conv_5e234f25-eb78-4ec3-8113-c66645149ddc,5,3.0,author_1,-0.07308458560707531,0.09663671128963736
796,Human-AI,human-ai,conv_5e234f25-eb78-4ec3-8113-c66645149ddc,6,3.0,author_2,-0.14633239012257715,0.22088513961077066
797,Human-AI,human-ai,conv_5e234f25-eb78-4ec3-8113-c66645149ddc,7,4.0,author_1,-0.11173883415248156,0.06664644409880999
798,Human-AI,human-ai,conv_5e234f25-eb78-4ec3-8113-c66645149ddc,8,4.0,author_2,-0.09131045599273574,0.18842604830328397
799,Human-AI,human-ai,conv_5e234f25-eb78-4ec3-8113-c66645149ddc,9,5.0,author_1,0.07532199096491604,-0.040290241981089776
800,Human-AI,human-ai,conv_5e234f25-eb78-4ec3-8113-c66645149ddc,10,5.0,author_2,-0.002346818026665771,0.0855245854734867
801,Human-AI,human-ai,conv_5e234f25-eb78-4ec3-8113-c66645149ddc,11,6.0,author_1,-0.15703242473629014,0.030781385620451133
802,Human-AI,human-ai,conv_5e234f25-eb78-4ec3-8113-c66645149ddc,12,6.0,author_2,-0.04971738518355824,0.22430057107476317
803,Human-AI,human-ai,conv_5e234f25-eb78-4ec3-8113-c66645149ddc,13,7.0,author_1,-0.15295064798690344,0.07910886625264027
804,Human-AI,human-ai,conv_5e234f25-eb78-4ec3-8113-c66645149ddc,14,7.0,author_2,0.004618268775399464,0.10926747273496118
805,Human-AI,human-ai,conv_5e234f25-eb78-4ec3-8113-c66645149ddc,15,8.0,author_1,-0.06448176455221524,0.057887366313814054
806,Human-AI,human-ai,conv_5e234f25-eb78-4ec3-8113-c66645149ddc,16,8.0,author_2,0.002606216187704934,0.033762632533517495
807,Human-AI,human-ai,conv_5f17f002-84ad-4315-8c69-20ec83de1223,1,1.0,author_1,0.11046009794715769,-0.028647354002539357
808,Human-AI,human-ai,conv_5f17f002-84ad-4315-8c69-20ec83de1223,2,1.0,author_2,0.13077028098973037,0.07829293479571943
809,Human-AI,human-ai,conv_5f17f002-84ad-4315-8c69-20ec83de1223,3,2.0,author_1,0.30033671051173055,-0.2744716870839451
810,Human-AI,human-ai,conv_5f17f002-84ad-4315-8c69-20ec83de1223,4,2.0,author_2,0.167520480543737,-0.3089943411120712
811,Human-AI,human-ai,conv_5f17f002-84ad-4315-8c69-20ec83de1223,5,3.0,author_1,0.05273978766444326,-0.19085462448075902
812,Human-AI,human-ai,conv_5f17f002-84ad-4315-8c69-20ec83de1223,6,3.0,author_2,0.1920738709252434,-0.14908168370697159
813,Human-AI,human-ai,conv_5f17f002-84ad-4315-8c69-20ec83de1223,7,4.0,author_1,0.15464489402962672,-0.13683845751983015
814,Human-AI,human-ai,conv_5f17f002-84ad-4315-8c69-20ec83de1223,8,4.0,author_2,0.13216916349579785,-0.15428463243195645
815,Human-AI,human-ai,conv_5f17f002-84ad-4315-8c69-20ec83de1223,9,5.0,author_1,0.02081206981436884,-0.15075462102859472
816,Human-AI,human-ai,conv_5f17f002-84ad-4315-8c69-20ec83de1223,10,5.0,author_2,0.3025650958642627,-0.20253961341317794
817,Human-AI,human-ai,conv_5f17f002-84ad-4315-8c69-20ec83de1223,11,6.0,author_1,-0.18338231831252824,-0.08061561544525866
818,Human-AI,human-ai,conv_5f17f002-84ad-4315-8c69-20ec83de1223,12,6.0,author_2,0.071904209230673,0.07126288495392126
819,Human-AI,human-ai,conv_5f17f002-84ad-4315-8c69-20ec83de1223,13,7.0,author_1,-0.08116386094830753,-0.00848379155373164
820,Human-AI,human-ai,conv_5f17f002-84ad-4315-8c69-20ec83de1223,14,7.0,author_2,0.10070840648350743,0.06707488895411301
821,Human-AI,human-ai,conv_5f17f002-84ad-4315-8c69-20ec83de1223,15,8.0,author_1,-0.19914690952896674,0.19508765803319306
822,Human-AI,human-ai,conv_5f17f002-84ad-4315-8c69-20ec83de1223,16,8.0,author_2,-0.001375846958860661,0.16038567438162551
823,Human-AI,human-ai,conv_62a271e6-a272-4e74-9d10-2dc0c15c530f,1,1.0,author_1,0.19268215168517575,0.10416880791254728
824,Human-AI,human-ai,conv_62a271e6-a272-4e74-9d10-2dc0c15c530f,2,1.0,author_2,-0.03336485832384398,0.19280720070035082
825,Human-AI,human-ai,conv_62a271e6-a272-4e74-9d10-2dc0c15c530f,3,2.0,author_1,-0.017376604967517903,0.17932444574682915
826,Human-AI,human-ai,conv_62a271e6-a272-4e74-9d10-2dc0c15c530f,4,2.0,author_2,0.06991511793237987,0.19210348858203208
827,Human-AI,human-ai,conv_62a271e6-a272-4e74-9d10-2dc0c15c530f,5,3.0,author_1,-0.1669047202234482,0.12828589041670677
828,Human-AI,human-ai,conv_62a271e6-a272-4e74-9d10-2dc0c15c530f,6,3.0,author_2,-0.1270544880474084,0.16869185417540683
829,Human-AI,human-ai,conv_62a271e6-a272-4e74-9d10-2dc0c15c530f,7,4.0,author_1,-0.1806681273610878,0.10852292303019351
830,Human-AI,human-ai,conv_62a271e6-a272-4e74-9d10-2dc0c15c530f,8,4.0,author_2,-0.026829027596010187,0.18938042810381395
831,Human-AI,human-ai,conv_62a271e6-a272-4e74-9d10-2dc0c15c530f,9,5.0,author_1,-0.027537306265608352,0.10109288150613574
832,Human-AI,human-ai,conv_62a271e6-a272-4e74-9d10-2dc0c15c530f,10,5.0,author_2,0.04740925335769558,0.06395403205676872
833,Human-AI,human-ai,conv_62a271e6-a272-4e74-9d10-2dc0c15c530f,11,6.0,author_1,-0.1939892694808422,0.10334345670219214
834,Human-AI,human-ai,conv_62a271e6-a272-4e74-9d10-2dc0c15c530f,12,6.0,author_2,0.0014272054898608593,0.1295643299692703
835,Human-AI,human-ai,conv_62a271e6-a272-4e74-9d10-2dc0c15c530f,13,7.0,author_1,-0.123752070299876,0.12562668318440892
836,Human-AI,human-ai,conv_62a271e6-a272-4e74-9d10-2dc0c15c530f,14,7.0,author_2,-0.07306076974875304,0.19358283399031845
837,Human-AI,human-ai,conv_62a271e6-a272-4e74-9d10-2dc0c15c530f,15,8.0,author_1,-0.010313637336590274,0.1545424227110896
838,Human-AI,human-ai,conv_62a271e6-a272-4e74-9d10-2dc0c15c530f,16,8.0,author_2,0.04657900693264763,0.20593559416476392
839,Human-AI,human-ai,conv_6419c979-eb60-46a6-8770-2c3a25c7e2b3,1,1.0,author_1,0.16510276856108486,-0.1644151898098656
840,Human-AI,human-ai,conv_6419c979-eb60-46a6-8770-2c3a25c7e2b3,2,1.0,author_2,-0.06436572214545358,0.08087972986030047
841,Human-AI,human-ai,conv_6419c979-eb60-46a6-8770-2c3a25c7e2b3,3,2.0,author_1,-0.08699137575594511,0.01951070493692559
842,Human-AI,human-ai,conv_6419c979-eb60-46a6-8770-2c3a25c7e2b3,4,2.0,author_2,0.015119562542875607,0.23465627074018475
843,Human-AI,human-ai,conv_6419c979-eb60-46a6-8770-2c3a25c7e2b3,5,3.0,author_1,-0.2440597039932003,0.11837142618827057
844,Human-AI,human-ai,conv_6419c979-eb60-46a6-8770-2c3a25c7e2b3,6,3.0,author_2,-0.17024478424317457,0.195655213433776
845,Human-AI,human-ai,conv_6419c979-eb60-46a6-8770-2c3a25c7e2b3,7,4.0,author_1,-0.1403120325506573,0.06073038415262677
846,Human-AI,human-ai,conv_6419c979-eb60-46a6-8770-2c3a25c7e2b3,8,4.0,author_2,-0.009128463764512073,0.15030686960235667
847,Human-AI,human-ai,conv_6419c979-eb60-46a6-8770-2c3a25c7e2b3,9,5.0,author_1,-0.0827751269286416,0.15827471342999566
848,Human-AI,human-ai,conv_6419c979-eb60-46a6-8770-2c3a25c7e2b3,10,5.0,author_2,0.07438329754631319,0.2505496195698833
849,Human-AI,human-ai,conv_6419c979-eb60-46a6-8770-2c3a25c7e2b3,11,6.0,author_1,0.019660879033713913,0.07860903172703469
850,Human-AI,human-ai,conv_6419c979-eb60-46a6-8770-2c3a25c7e2b3,12,6.0,author_2,0.03731671897627667,0.24743871188585517
851,Human-AI,human-ai,conv_6419c979-eb60-46a6-8770-2c3a25c7e2b3,13,7.0,author_1,0.10036204352175603,-0.2358219958018385
852,Human-AI,human-ai,conv_6419c979-eb60-46a6-8770-2c3a25c7e2b3,14,7.0,author_2,0.11590592812907993,0.07478391976132584
853,Human-AI,human-ai,conv_6419c979-eb60-46a6-8770-2c3a25c7e2b3,15,8.0,author_1,0.0762239403474533,0.11240903740859914
854,Human-AI,human-ai,conv_6419c979-eb60-46a6-8770-2c3a25c7e2b3,16,8.0,author_2,0.07413313258956786,0.11366573514357006
855,Human-AI,human-ai,conv_68f643620b5081968ccd202f0b32a9250787a797b4322e0b,1,1.0,author_1,0.30714665357172505,-0.1408128701981138
856,Human-AI,human-ai,conv_68f643620b5081968ccd202f0b32a9250787a797b4322e0b,2,1.0,author_2,0.22970761081958696,-0.0872256751292442
857,Human-AI,human-ai,conv_68f643620b5081968ccd202f0b32a9250787a797b4322e0b,3,2.0,author_1,0.11098786912528645,0.06838105461643432
858,Human-AI,human-ai,conv_68f643620b5081968ccd202f0b32a9250787a797b4322e0b,4,2.0,author_2,0.2929000812147023,0.14799851208030756
859,Human-AI,human-ai,conv_68f643620b5081968ccd202f0b32a9250787a797b4322e0b,5,3.0,author_1,0.050750698398254065,0.11005466566538025
860,Human-AI,human-ai,conv_68f643620b5081968ccd202f0b32a9250787a797b4322e0b,6,3.0,author_2,0.25551782476662743,-0.06714059651936884
861,Human-AI,human-ai,conv_68f643620b5081968ccd202f0b32a9250787a797b4322e0b,7,4.0,author_1,0.12270455498788314,-0.00582020744920122
862,Human-AI,human-ai,conv_68f643620b5081968ccd202f0b32a9250787a797b4322e0b,8,4.0,author_2,0.22762162524045454,-0.0990199639848311
863,Human-AI,human-ai,conv_68f643620b5081968ccd202f0b32a9250787a797b4322e0b,9,5.0,author_1,0.03298695835124157,-0.008504644041918172
864,Human-AI,human-ai,conv_68f643620b5081968ccd202f0b32a9250787a797b4322e0b,10,5.0,author_2,0.349114701781756,-0.1648557956743551
865,Human-AI,human-ai,conv_68f643620b5081968ccd202f0b32a9250787a797b4322e0b,11,6.0,author_1,0.24345201600873095,-0.08261299202491196
866,Human-AI,human-ai,conv_68f643620b5081968ccd202f0b32a9250787a797b4322e0b,12,6.0,author_2,0.348833579505643,-0.03302665809844425
867,Human-AI,human-ai,conv_68f643620b5081968ccd202f0b32a9250787a797b4322e0b,13,7.0,author_1,-0.06321214736672984,-0.06014297635973015
868,Human-AI,human-ai,conv_68f643620b5081968ccd202f0b32a9250787a797b4322e0b,14,7.0,author_2,0.17087994731739387,-0.09175275739681268
869,Human-AI,human-ai,conv_68f643620b5081968ccd202f0b32a9250787a797b4322e0b,15,8.0,author_1,0.22522366586337256,-0.2690022353900523
870,Human-AI,human-ai,conv_68f643620b5081968ccd202f0b32a9250787a797b4322e0b,16,8.0,author_2,0.3718990578999881,-0.07143336130695534
871,Human-AI,human-ai,conv_68f73dbdcc8081958c0890edef7c670804df05d299f21c4d,1,1.0,author_1,0.2227361280250892,-0.04928907194289352
872,Human-AI,human-ai,conv_68f73dbdcc8081958c0890edef7c670804df05d299f21c4d,2,1.0,author_2,0.3790243509520517,0.036432016098448324
873,Human-AI,human-ai,conv_68f73dbdcc8081958c0890edef7c670804df05d299f21c4d,3,2.0,author_1,0.05783463808308011,0.12000588800019446
874,Human-AI,human-ai,conv_68f73dbdcc8081958c0890edef7c670804df05d299f21c4d,4,2.0,author_2,0.3118476002796858,0.117155307627559
875,Human-AI,human-ai,conv_68f73dbdcc8081958c0890edef7c670804df05d299f21c4d,5,3.0,author_1,0.03264976110743472,-0.021441668921470508
876,Human-AI,human-ai,conv_68f73dbdcc8081958c0890edef7c670804df05d299f21c4d,6,3.0,author_2,0.12392624440423432,0.15536284336843983
877,Human-AI,human-ai,conv_68f73dbdcc8081958c0890edef7c670804df05d299f21c4d,7,4.0,author_1,0.05406576686706199,0.09907810087869834
878,Human-AI,human-ai,conv_68f73dbdcc8081958c0890edef7c670804df05d299f21c4d,8,4.0,author_2,0.21172420555137264,0.17304276446298975
879,Human-AI,human-ai,conv_68f73dbdcc8081958c0890edef7c670804df05d299f21c4d,9,5.0,author_1,-0.04080109717015029,0.1732281470942603
880,Human-AI,human-ai,conv_68f73dbdcc8081958c0890edef7c670804df05d299f21c4d,10,5.0,author_2,0.23641187874259215,0.17942637633766867
881,Human-AI,human-ai,conv_68f73dbdcc8081958c0890edef7c670804df05d299f21c4d,11,6.0,author_1,0.1348128160283036,0.18170842479368077
882,Human-AI,human-ai,conv_68f73dbdcc8081958c0890edef7c670804df05d299f21c4d,12,6.0,author_2,0.2444611984137971,0.01688558846971326
883,Human-AI,human-ai,conv_68f73dbdcc8081958c0890edef7c670804df05d299f21c4d,13,7.0,author_1,0.08094029962795059,0.18536974767726294
884,Human-AI,human-ai,conv_68f73dbdcc8081958c0890edef7c670804df05d299f21c4d,14,7.0,author_2,0.14799279726768658,0.23935902307854967
885,Human-AI,human-ai,conv_68f73dbdcc8081958c0890edef7c670804df05d299f21c4d,15,8.0,author_1,0.21470807360685912,0.07332263430481381
886,Human-AI,human-ai,conv_68f73dbdcc8081958c0890edef7c670804df05d299f21c4d,16,8.0,author_2,0.28882531608830814,0.11218804498133553
887,Human-AI,human-ai,conv_6917421066d8819592863132f4a141a00078d2d8d630f704,1,1.0,author_1,0.025328631309547413,0.04074221503376578
888,Human-AI,human-ai,conv_6917421066d8819592863132f4a141a00078d2d8d630f704,2,1.0,author_2,-0.10504257999524032,0.20615379149300234
889,Human-AI,human-ai,conv_6917421066d8819592863132f4a141a00078d2d8d630f704,3,2.0,author_1,-0.08049754570174467,0.0729835346607443
890,Human-AI,human-ai,conv_6917421066d8819592863132f4a141a00078d2d8d630f704,4,2.0,author_2,-0.05232625255743169,0.07661794029214362
891,Human-AI,human-ai,conv_6917421066d8819592863132f4a141a00078d2d8d630f704,5,3.0,author_1,0.017485535077152912,-0.09501444086387045
892,Human-AI,human-ai,conv_6917421066d8819592863132f4a141a00078d2d8d630f704,6,3.0,author_2,0.10200046265040283,0.02725033175745064
893,Human-AI,human-ai,conv_6917421066d8819592863132f4a141a00078d2d8d630f704,7,4.0,author_1,-0.15545013027041504,0.0563978952304872
894,Human-AI,human-ai,conv_6917421066d8819592863132f4a141a00078d2d8d630f704,8,4.0,author_2,0.05287763435892495,0.12639206458067798
895,Human-AI,human-ai,conv_6917421066d8819592863132f4a141a00078d2d8d630f704,9,5.0,author_1,-0.022598766663091754,0.11574485953520325
896,Human-AI,human-ai,conv_6917421066d8819592863132f4a141a00078d2d8d630f704,10,5.0,author_2,0.13482460504835184,0.05605148051349384
897,Human-AI,human-ai,conv_6917421066d8819592863132f4a141a00078d2d8d630f704,11,6.0,author_1,0.06801999123201614,0.03288631885516832
898,Human-AI,human-ai,conv_6917421066d8819592863132f4a141a00078d2d8d630f704,12,6.0,author_2,0.0376224053586034,0.05075144610207529
899,Human-AI,human-ai,conv_6917421066d8819592863132f4a141a00078d2d8d630f704,13,7.0,author_1,-0.134835276283692,0.16842715829112231
900,Human-AI,human-ai,conv_6917421066d8819592863132f4a141a00078d2d8d630f704,14,7.0,author_2,0.02063516951533783,0.05838534057967426
901,Human-AI,human-ai,conv_6917421066d8819592863132f4a141a00078d2d8d630f704,15,8.0,author_1,-0.22395045665751007,0.1555965731612302
902,Human-AI,human-ai,conv_6917421066d8819592863132f4a141a00078d2d8d630f704,16,8.0,author_2,0.12263745555453455,-0.01027481865500194
903,Human-AI,human-ai,conv_691b61ab394c819483ac4af28c7f29d00b3e16b70554a02a,1,1.0,author_1,-0.053454297001865464,-0.20988397480110793
904,Human-AI,human-ai,conv_691b61ab394c819483ac4af28c7f29d00b3e16b70554a02a,2,1.0,author_2,-0.14673482130420107,-0.04236769804515961
905,Human-AI,human-ai,conv_691b61ab394c819483ac4af28c7f29d00b3e16b70554a02a,3,2.0,author_1,-0.1705483980023123,0.07498200834900098
906,Human-AI,human-ai,conv_691b61ab394c819483ac4af28c7f29d00b3e16b70554a02a,4,2.0,author_2,-0.12247673217258147,0.10202588177344807
907,Human-AI,human-ai,conv_691b61ab394c819483ac4af28c7f29d00b3e16b70554a02a,5,3.0,author_1,-0.32259031693019435,0.05069761707786747
908,Human-AI,human-ai,conv_691b61ab394c819483ac4af28c7f29d00b3e16b70554a02a,6,3.0,author_2,-0.1026700680860399,0.12280326027794622
909,Human-AI,human-ai,conv_691b61ab394c819483ac4af28c7f29d00b3e16b70554a02a,7,4.0,author_1,-0.14386909359564967,-0.01853597240426036
910,Human-AI,human-ai,conv_691b61ab394c819483ac4af28c7f29d00b3e16b70554a02a,8,4.0,author_2,-0.12376229762819756,-0.05768452990349769
911,Human-AI,human-ai,conv_691b61ab394c819483ac4af28c7f29d00b3e16b70554a02a,9,5.0,author_1,-0.15732612950270677,-0.035814499347051054
912,Human-AI,human-ai,conv_691b61ab394c819483ac4af28c7f29d00b3e16b70554a02a,10,5.0,author_2,-0.11176698120638535,-0.03878325587913338
913,Human-AI,human-ai,conv_691b61ab394c819483ac4af28c7f29d00b3e16b70554a02a,11,6.0,author_1,-0.17241328096115677,-0.040379092140794486
914,Human-AI,human-ai,conv_691b61ab394c819483ac4af28c7f29d00b3e16b70554a02a,12,6.0,author_2,-0.18981798260743923,0.03010337416891367
915,Human-AI,human-ai,conv_691b61ab394c819483ac4af28c7f29d00b3e16b70554a02a,13,7.0,author_1,-0.1358545914292303,-0.09887141078596041
916,Human-AI,human-ai,conv_691b61ab394c819483ac4af28c7f29d00b3e16b70554a02a,14,7.0,author_2,-0.09964233282054491,-0.018529137834337663
917,Human-AI,human-ai,conv_691b61ab394c819483ac4af28c7f29d00b3e16b70554a02a,15,8.0,author_1,-0.10947579118879527,0.06421556793270493
918,Human-AI,human-ai,conv_691b61ab394c819483ac4af28c7f29d00b3e16b70554a02a,16,8.0,author_2,0.01493160044527297,-0.13853054651262567
919,Human-AI,human-ai,conv_691b8b725ae48193abaaaa9270b26d500f7b1fcbf105c42b,1,1.0,author_1,0.08366563345735328,0.03316047944500219
920,Human-AI,human-ai,conv_691b8b725ae48193abaaaa9270b26d500f7b1fcbf105c42b,2,1.0,author_2,0.07379932834490448,0.052824686496482365
921,Human-AI,human-ai,conv_691b8b725ae48193abaaaa9270b26d500f7b1fcbf105c42b,3,2.0,author_1,-0.025379123472304005,0.10927105162729414
922,Human-AI,human-ai,conv_691b8b725ae48193abaaaa9270b26d500f7b1fcbf105c42b,4,2.0,author_2,-0.04044866952052257,0.036546850411790496
923,Human-AI,human-ai,conv_691b8b725ae48193abaaaa9270b26d500f7b1fcbf105c42b,5,3.0,author_1,-0.0944714823718409,-0.06453453351994713
924,Human-AI,human-ai,conv_691b8b725ae48193abaaaa9270b26d500f7b1fcbf105c42b,6,3.0,author_2,0.1273836138867993,-0.16073722559533843
925,Human-AI,human-ai,conv_691b8b725ae48193abaaaa9270b26d500f7b1fcbf105c42b,7,4.0,author_1,0.048233360811679005,-0.1359697463584935
926,Human-AI,human-ai,conv_691b8b725ae48193abaaaa9270b26d500f7b1fcbf105c42b,8,4.0,author_2,0.11774409444016108,0.031232644854146525
927,Human-AI,human-ai,conv_691b8b725ae48193abaaaa9270b26d500f7b1fcbf105c42b,9,5.0,author_1,-0.07625828393371947,-0.04297064273882591
928,Human-AI,human-ai,conv_691b8b725ae48193abaaaa9270b26d500f7b1fcbf105c42b,10,5.0,author_2,0.022956868174470527,0.11501579565630236
929,Human-AI,human-ai,conv_691b8b725ae48193abaaaa9270b26d500f7b1fcbf105c42b,11,6.0,author_1,0.045877373529708707,0.006462710350292962
930,Human-AI,human-ai,conv_691b8b725ae48193abaaaa9270b26d500f7b1fcbf105c42b,12,6.0,author_2,0.11315744509505257,0.0675693030531292
931,Human-AI,human-ai,conv_691b8b725ae48193abaaaa9270b26d500f7b1fcbf105c42b,13,7.0,author_1,-0.13760627558392974,0.04471862601355105
932,Human-AI,human-ai,conv_691b8b725ae48193abaaaa9270b26d500f7b1fcbf105c42b,14,7.0,author_2,-0.04795936095638076,-0.06523704917633598
933,Human-AI,human-ai,conv_691b8b725ae48193abaaaa9270b26d500f7b1fcbf105c42b,15,8.0,author_1,-0.2062445486548439,-0.026807854388989555
934,Human-AI,human-ai,conv_691b8b725ae48193abaaaa9270b26d500f7b1fcbf105c42b,16,8.0,author_2,-0.04087586681104533,-0.003850622098633273
935,Human-AI,human-ai,conv_691c84edfb24819590a3e29782cdd10d03ba8eb739f774a6,1,1.0,author_1,-0.1289494229194684,-0.1804210405117186
936,Human-AI,human-ai,conv_691c84edfb24819590a3e29782cdd10d03ba8eb739f774a6,2,1.0,author_2,0.016802654237267175,-0.26077048364575606
937,Human-AI,human-ai,conv_691c84edfb24819590a3e29782cdd10d03ba8eb739f774a6,3,2.0,author_1,0.0758279793979499,-0.038071305886913195
938,Human-AI,human-ai,conv_691c84edfb24819590a3e29782cdd10d03ba8eb739f774a6,4,2.0,author_2,0.2595992059562857,-0.08308789295977076
939,Human-AI,human-ai,conv_691c84edfb24819590a3e29782cdd10d03ba8eb739f774a6,5,3.0,author_1,-0.04540313458305973,0.017446625750103178
940,Human-AI,human-ai,conv_691c84edfb24819590a3e29782cdd10d03ba8eb739f774a6,6,3.0,author_2,0.15853030364976486,0.09386700474498902
941,Human-AI,human-ai,conv_691c84edfb24819590a3e29782cdd10d03ba8eb739f774a6,7,4.0,author_1,0.04189266135838289,-0.0927714207817458
942,Human-AI,human-ai,conv_691c84edfb24819590a3e29782cdd10d03ba8eb739f774a6,8,4.0,author_2,0.2528552992814527,-0.09743449254547104
943,Human-AI,human-ai,conv_691c84edfb24819590a3e29782cdd10d03ba8eb739f774a6,9,5.0,author_1,0.015576809854598236,-0.024961892926603783
944,Human-AI,human-ai,conv_691c84edfb24819590a3e29782cdd10d03ba8eb739f774a6,10,5.0,author_2,0.1329461478837158,-0.053029598993957094
945,Human-AI,human-ai,conv_691c84edfb24819590a3e29782cdd10d03ba8eb739f774a6,11,6.0,author_1,-0.13646479293307723,-0.045709068753266
946,Human-AI,human-ai,conv_691c84edfb24819590a3e29782cdd10d03ba8eb739f774a6,12,6.0,author_2,0.1746618339181149,-0.10653086559373134
947,Human-AI,human-ai,conv_691c84edfb24819590a3e29782cdd10d03ba8eb739f774a6,13,7.0,author_1,-0.2219507518840973,-0.06716990230174982
948,Human-AI,human-ai,conv_691c84edfb24819590a3e29782cdd10d03ba8eb739f774a6,14,7.0,author_2,0.14858306831682722,-0.1659925583530911
949,Human-AI,human-ai,conv_691c84edfb24819590a3e29782cdd10d03ba8eb739f774a6,15,8.0,author_1,-0.10275628690653368,-0.17757048983135457
950,Human-AI,human-ai,conv_691c84edfb24819590a3e29782cdd10d03ba8eb739f774a6,16,8.0,author_2,0.08688640001189196,-0.20623587028846457
951,Human-AI,human-ai,conv_691dc7c061d8819797504b613ba6691208409e48769ea891,1,1.0,author_1,-0.21576011031299794,0.10346101848636868
952,Human-AI,human-ai,conv_691dc7c061d8819797504b613ba6691208409e48769ea891,2,1.0,author_2,-0.0704608498702695,-0.010810262381259714
953,Human-AI,human-ai,conv_691dc7c061d8819797504b613ba6691208409e48769ea891,3,2.0,author_1,-0.16349309556352937,0.10487533834065044
954,Human-AI,human-ai,conv_691dc7c061d8819797504b613ba6691208409e48769ea891,4,2.0,author_2,0.011434569093575245,0.19450619802488986
955,Human-AI,human-ai,conv_691dc7c061d8819797504b613ba6691208409e48769ea891,5,3.0,author_1,-0.14774246269503166,0.235710555409935
956,Human-AI,human-ai,conv_691dc7c061d8819797504b613ba6691208409e48769ea891,6,3.0,author_2,0.013269190286999386,-0.036987991443358376
957,Human-AI,human-ai,conv_691dc7c061d8819797504b613ba6691208409e48769ea891,7,4.0,author_1,-0.04182496846664961,0.1016144441392188
958,Human-AI,human-ai,conv_691dc7c061d8819797504b613ba6691208409e48769ea891,8,4.0,author_2,-0.1774258726889208,0.12301689082136102
959,Human-AI,human-ai,conv_691dc7c061d8819797504b613ba6691208409e48769ea891,9,5.0,author_1,-0.23093387910758645,0.19274068323021037
960,Human-AI,human-ai,conv_691dc7c061d8819797504b613ba6691208409e48769ea891,10,5.0,author_2,-0.009176444141430694,0.22299130094672026
961,Human-AI,human-ai,conv_691dc7c061d8819797504b613ba6691208409e48769ea891,11,6.0,author_1,-0.2220871225287422,0.17071836889894673
962,Human-AI,human-ai,conv_691dc7c061d8819797504b613ba6691208409e48769ea891,12,6.0,author_2,0.050297659484219895,-0.00217272821523336
963,Human-AI,human-ai,conv_691dc7c061d8819797504b613ba6691208409e48769ea891,13,7.0,author_1,-0.1884401457989216,-0.036864517554522844
964,Human-AI,human-ai,conv_691dc7c061d8819797504b613ba6691208409e48769ea891,14,7.0,author_2,-0.07798766548977312,0.07010342795336989
965,Human-AI,human-ai,conv_691dc7c061d8819797504b613ba6691208409e48769ea891,15,8.0,author_1,-0.1161635176331745,0.07232227838633061
966,Human-AI,human-ai,conv_691dc7c061d8819797504b613ba6691208409e48769ea891,16,8.0,author_2,0.023627711697914246,0.04638026926049392
967,Human-AI,human-ai,conv_691e9e26b7688197a86e51a9d9a7dfe1052dd4511749a606,1,1.0,author_1,0.09395701231714146,0.17916891932728124
968,Human-AI,human-ai,conv_691e9e26b7688197a86e51a9d9a7dfe1052dd4511749a606,2,1.0,author_2,0.23471964904549603,0.06623938373493389
969,Human-AI,human-ai,conv_691e9e26b7688197a86e51a9d9a7dfe1052dd4511749a606,3,2.0,author_1,-0.09579371242082695,-0.06151210029223964
970,Human-AI,human-ai,conv_691e9e26b7688197a86e51a9d9a7dfe1052dd4511749a606,4,2.0,author_2,0.271418916672172,0.06598111842818548
971,Human-AI,human-ai,conv_691e9e26b7688197a86e51a9d9a7dfe1052dd4511749a606,5,3.0,author_1,-0.03074549276874074,0.010458677477586015
972,Human-AI,human-ai,conv_691e9e26b7688197a86e51a9d9a7dfe1052dd4511749a606,6,3.0,author_2,0.06471066374970334,0.03763938094215748
973,Human-AI,human-ai,conv_691e9e26b7688197a86e51a9d9a7dfe1052dd4511749a606,7,4.0,author_1,-0.0859233068000941,0.010314580823622858
974,Human-AI,human-ai,conv_691e9e26b7688197a86e51a9d9a7dfe1052dd4511749a606,8,4.0,author_2,0.0942674816701185,0.05306941259583456
975,Human-AI,human-ai,conv_691e9e26b7688197a86e51a9d9a7dfe1052dd4511749a606,9,5.0,author_1,-0.15799827325370483,0.25214093792449066
976,Human-AI,human-ai,conv_691e9e26b7688197a86e51a9d9a7dfe1052dd4511749a606,10,5.0,author_2,0.15107497607591397,0.057494044612546716
977,Human-AI,human-ai,conv_691e9e26b7688197a86e51a9d9a7dfe1052dd4511749a606,11,6.0,author_1,-0.09925558869411344,0.09032799894330729
978,Human-AI,human-ai,conv_691e9e26b7688197a86e51a9d9a7dfe1052dd4511749a606,12,6.0,author_2,0.18874815826513278,0.13191188776390061
979,Human-AI,human-ai,conv_691e9e26b7688197a86e51a9d9a7dfe1052dd4511749a606,13,7.0,author_1,-0.022257346697196305,-0.03958962488102141
980,Human-AI,human-ai,conv_691e9e26b7688197a86e51a9d9a7dfe1052dd4511749a606,14,7.0,author_2,0.1918810839826753,0.1974293783045854
981,Human-AI,human-ai,conv_691e9e26b7688197a86e51a9d9a7dfe1052dd4511749a606,15,8.0,author_1,0.0769503614317422,-0.0050965169022620035
982,Human-AI,human-ai,conv_691e9e26b7688197a86e51a9d9a7dfe1052dd4511749a606,16,8.0,author_2,0.18927468931300442,0.056904712234966175
983,Human-AI,human-ai,conv_691f065bc31481969cdbdc53f0ca1d3b03f44f568e358927,1,1.0,author_1,0.02268476020246099,0.03155788973618816
984,Human-AI,human-ai,conv_691f065bc31481969cdbdc53f0ca1d3b03f44f568e358927,2,1.0,author_2,0.0013089258838213857,-0.07363356260787303
985,Human-AI,human-ai,conv_691f065bc31481969cdbdc53f0ca1d3b03f44f568e358927,3,2.0,author_1,-0.07992948209486583,-0.1401647174063548
986,Human-AI,human-ai,conv_691f065bc31481969cdbdc53f0ca1d3b03f44f568e358927,4,2.0,author_2,0.0011402780453183506,0.15721150900879688
987,Human-AI,human-ai,conv_691f065bc31481969cdbdc53f0ca1d3b03f44f568e358927,5,3.0,author_1,-0.11168129430694262,-0.10236612456530172
988,Human-AI,human-ai,conv_691f065bc31481969cdbdc53f0ca1d3b03f44f568e358927,6,3.0,author_2,0.04263677132942059,0.06545669323651766
989,Human-AI,human-ai,conv_691f065bc31481969cdbdc53f0ca1d3b03f44f568e358927,7,4.0,author_1,0.07504577499246108,-0.08024057535191303
990,Human-AI,human-ai,conv_691f065bc31481969cdbdc53f0ca1d3b03f44f568e358927,8,4.0,author_2,0.11714947807339851,-0.020418517444388835
991,Human-AI,human-ai,conv_691f065bc31481969cdbdc53f0ca1d3b03f44f568e358927,9,5.0,author_1,0.054078921698849404,-0.04380202657842132
992,Human-AI,human-ai,conv_691f065bc31481969cdbdc53f0ca1d3b03f44f568e358927,10,5.0,author_2,0.10324515779464791,-0.03411265914579479
993,Human-AI,human-ai,conv_691f065bc31481969cdbdc53f0ca1d3b03f44f568e358927,11,6.0,author_1,-0.05453405728309871,-0.20876293636091475
994,Human-AI,human-ai,conv_691f065bc31481969cdbdc53f0ca1d3b03f44f568e358927,12,6.0,author_2,0.20692705727049268,-0.09400593154455937
995,Human-AI,human-ai,conv_691f065bc31481969cdbdc53f0ca1d3b03f44f568e358927,13,7.0,author_1,-0.20830805217086204,-0.11204938990541836
996,Human-AI,human-ai,conv_691f065bc31481969cdbdc53f0ca1d3b03f44f568e358927,14,7.0,author_2,0.13491991753047247,-0.09859696108494045
997,Human-AI,human-ai,conv_691f065bc31481969cdbdc53f0ca1d3b03f44f568e358927,15,8.0,author_1,0.009527365924307005,-0.21841419040797827
998,Human-AI,human-ai,conv_691f065bc31481969cdbdc53f0ca1d3b03f44f568e358927,16,8.0,author_2,0.18850773961352726,0.014295678233449426
999,Human-AI,human-ai,conv_691f696d0b348190810494e2c5d82fee08324043d78ba0f7,1,1.0,author_1,-0.09927626913684237,0.08652197145532092
1000,Human-AI,human-ai,conv_691f696d0b348190810494e2c5d82fee08324043d78ba0f7,2,1.0,author_2,0.033857205580346716,0.04705678346272057
1001,Human-AI,human-ai,conv_691f696d0b348190810494e2c5d82fee08324043d78ba0f7,3,2.0,author_1,-0.06279409713735726,0.10237149624185682
1002,Human-AI,human-ai,conv_691f696d0b348190810494e2c5d82fee08324043d78ba0f7,4,2.0,author_2,0.12608630576665736,0.1381379682592743
1003,Human-AI,human-ai,conv_691f696d0b348190810494e2c5d82fee08324043d78ba0f7,5,3.0,author_1,0.03688007380754122,0.05557742700492123
1004,Human-AI,human-ai,conv_691f696d0b348190810494e2c5d82fee08324043d78ba0f7,6,3.0,author_2,0.218170430379233,-0.018174347200667528
1005,Human-AI,human-ai,conv_691f696d0b348190810494e2c5d82fee08324043d78ba0f7,7,4.0,author_1,-0.12311036129677791,-0.20971224439523056
1006,Human-AI,human-ai,conv_691f696d0b348190810494e2c5d82fee08324043d78ba0f7,8,4.0,author_2,0.07565830204412051,-0.1777030291285073
1007,Human-AI,human-ai,conv_691f696d0b348190810494e2c5d82fee08324043d78ba0f7,9,5.0,author_1,0.04296556267303662,-0.06851016683728797
1008,Human-AI,human-ai,conv_691f696d0b348190810494e2c5d82fee08324043d78ba0f7,10,5.0,author_2,0.25116172993876845,-0.11832645185977798
1009,Human-AI,human-ai,conv_691f696d0b348190810494e2c5d82fee08324043d78ba0f7,11,6.0,author_1,0.1487339187377828,-0.11564340719499203
1010,Human-AI,human-ai,conv_691f696d0b348190810494e2c5d82fee08324043d78ba0f7,12,6.0,author_2,0.2385098783881273,-0.07978427390153432
1011,Human-AI,human-ai,conv_691f696d0b348190810494e2c5d82fee08324043d78ba0f7,13,7.0,author_1,-0.136090026439134,-0.03987298637860695
1012,Human-AI,human-ai,conv_691f696d0b348190810494e2c5d82fee08324043d78ba0f7,14,7.0,author_2,0.09932643002917876,-0.07574677936678882
1013,Human-AI,human-ai,conv_691f696d0b348190810494e2c5d82fee08324043d78ba0f7,15,8.0,author_1,0.05778379642666753,-0.03680863953603338
1014,Human-AI,human-ai,conv_691f696d0b348190810494e2c5d82fee08324043d78ba0f7,16,8.0,author_2,0.249156053945573,-0.07709851598300688
1015,Human-AI,human-ai,conv_72037685-9437-4960-b9a0-5f77d2a71e41,1,1.0,author_1,-0.13783996122340275,-0.08590609498773276
1016,Human-AI,human-ai,conv_72037685-9437-4960-b9a0-5f77d2a71e41,2,1.0,author_2,-0.16383846748837508,-0.08034146014996096
1017,Human-AI,human-ai,conv_72037685-9437-4960-b9a0-5f77d2a71e41,3,2.0,author_1,-0.19888580023636324,0.0066411125111966035
1018,Human-AI,human-ai,conv_72037685-9437-4960-b9a0-5f77d2a71e41,4,2.0,author_2,0.10471797259751825,-0.08305587111817972
1019,Human-AI,human-ai,conv_72037685-9437-4960-b9a0-5f77d2a71e41,5,3.0,author_1,-0.13159494186228138,-0.013467414528378376
1020,Human-AI,human-ai,conv_72037685-9437-4960-b9a0-5f77d2a71e41,6,3.0,author_2,0.085025263666989,-0.04662607408878566
1021,Human-AI,human-ai,conv_72037685-9437-4960-b9a0-5f77d2a71e41,7,4.0,author_1,-0.07525201799998935,-0.1039672806887527
1022,Human-AI,human-ai,conv_72037685-9437-4960-b9a0-5f77d2a71e41,8,4.0,author_2,-0.06619284534135045,-0.09395818465017913
1023,Human-AI,human-ai,conv_72037685-9437-4960-b9a0-5f77d2a71e41,9,5.0,author_1,0.0538994636798128,-0.0901756889887721
1024,Human-AI,human-ai,conv_72037685-9437-4960-b9a0-5f77d2a71e41,10,5.0,author_2,0.00798344202294369,-0.28378263026839634
1025,Human-AI,human-ai,conv_72037685-9437-4960-b9a0-5f77d2a71e41,11,6.0,author_1,-0.06475558961050436,-0.07840357269805598
1026,Human-AI,human-ai,conv_72037685-9437-4960-b9a0-5f77d2a71e41,12,6.0,author_2,0.13484121296903911,0.008942797892541422
1027,Human-AI,human-ai,conv_72037685-9437-4960-b9a0-5f77d2a71e41,13,7.0,author_1,-0.020657268232797087,0.0307903007040983
1028,Human-AI,human-ai,conv_72037685-9437-4960-b9a0-5f77d2a71e41,14,7.0,author_2,0.0914608045059229,0.03080055489791997
1029,Human-AI,human-ai,conv_72037685-9437-4960-b9a0-5f77d2a71e41,15,8.0,author_1,-0.11369391747686532,0.027327157774810207
1030,Human-AI,human-ai,conv_72037685-9437-4960-b9a0-5f77d2a71e41,16,8.0,author_2,0.23205102989683035,-0.20346697473625436
1031,Human-AI,human-ai,conv_72218cb5-e59c-4c93-a4b9-a057fe5dad80,1,1.0,author_1,-0.10868705762023237,0.13517865252224884
1032,Human-AI,human-ai,conv_72218cb5-e59c-4c93-a4b9-a057fe5dad80,2,1.0,author_2,0.00392722137870985,0.18979556204974216
1033,Human-AI,human-ai,conv_72218cb5-e59c-4c93-a4b9-a057fe5dad80,3,2.0,author_1,-0.15782216186257042,0.18765805418541148
1034,Human-AI,human-ai,conv_72218cb5-e59c-4c93-a4b9-a057fe5dad80,4,2.0,author_2,0.02757351069680751,0.06475683938375057
1035,Human-AI,human-ai,conv_72218cb5-e59c-4c93-a4b9-a057fe5dad80,5,3.0,author_1,-0.2146830784017603,0.23146738032429964
1036,Human-AI,human-ai,conv_72218cb5-e59c-4c93-a4b9-a057fe5dad80,6,3.0,author_2,-0.18558337346939263,0.27933915286637145
1037,Human-AI,human-ai,conv_72218cb5-e59c-4c93-a4b9-a057fe5dad80,7,4.0,author_1,-0.1169966593538566,0.06290354075571791
1038,Human-AI,human-ai,conv_72218cb5-e59c-4c93-a4b9-a057fe5dad80,8,4.0,author_2,-0.07487240976513992,0.21533460043546526
1039,Human-AI,human-ai,conv_72218cb5-e59c-4c93-a4b9-a057fe5dad80,9,5.0,author_1,-0.15621590973636207,0.12151702438847442
1040,Human-AI,human-ai,conv_72218cb5-e59c-4c93-a4b9-a057fe5dad80,10,5.0,author_2,-0.10826069490282492,0.2870945190740061
1041,Human-AI,human-ai,conv_72218cb5-e59c-4c93-a4b9-a057fe5dad80,11,7.0,author_1,-0.20778595198814193,0.0786046411974391
1042,Human-AI,human-ai,conv_72218cb5-e59c-4c93-a4b9-a057fe5dad80,12,7.0,author_2,-0.11562317022205965,0.2663540984299173
1043,Human-AI,human-ai,conv_72218cb5-e59c-4c93-a4b9-a057fe5dad80,13,8.0,author_1,-0.2343290170049792,0.10777134375341496
1044,Human-AI,human-ai,conv_72218cb5-e59c-4c93-a4b9-a057fe5dad80,14,8.0,author_2,-0.059491691524858115,0.21907587107513168
1045,Human-AI,human-ai,conv_7e08bac1-7465-447d-a732-40dad23fa383,1,1.0,author_1,0.09417368485103696,-0.19300623369910558
1046,Human-AI,human-ai,conv_7e08bac1-7465-447d-a732-40dad23fa383,2,1.0,author_2,0.13532498056218706,-0.1236170221594674
1047,Human-AI,human-ai,conv_7e08bac1-7465-447d-a732-40dad23fa383,3,2.0,author_1,-0.18114385596069266,0.013532267256858951
1048,Human-AI,human-ai,conv_7e08bac1-7465-447d-a732-40dad23fa383,4,2.0,author_2,0.037160956685888785,0.19325099528061082
1049,Human-AI,human-ai,conv_7e08bac1-7465-447d-a732-40dad23fa383,5,3.0,author_1,-0.08383921183018123,0.13640159568667812
1050,Human-AI,human-ai,conv_7e08bac1-7465-447d-a732-40dad23fa383,6,3.0,author_2,0.08310253584754387,0.26523823845447253
1051,Human-AI,human-ai,conv_7e08bac1-7465-447d-a732-40dad23fa383,7,4.0,author_1,-0.03269973568012209,0.15182930575640588
1052,Human-AI,human-ai,conv_7e08bac1-7465-447d-a732-40dad23fa383,8,4.0,author_2,0.03171768854641056,0.18510856945022852
1053,Human-AI,human-ai,conv_7e08bac1-7465-447d-a732-40dad23fa383,9,5.0,author_1,0.09833898233768705,0.013047927614770576
1054,Human-AI,human-ai,conv_7e08bac1-7465-447d-a732-40dad23fa383,10,5.0,author_2,-0.09655062965751587,-0.07115986582499154
1055,Human-AI,human-ai,conv_7e08bac1-7465-447d-a732-40dad23fa383,11,6.0,author_1,-0.1259432530022347,0.009348007448658876
1056,Human-AI,human-ai,conv_7e08bac1-7465-447d-a732-40dad23fa383,12,6.0,author_2,0.053080545596466785,0.20740355074253372
1057,Human-AI,human-ai,conv_7e08bac1-7465-447d-a732-40dad23fa383,13,7.0,author_1,-0.08137576512369273,0.04658638902388556
1058,Human-AI,human-ai,conv_7e08bac1-7465-447d-a732-40dad23fa383,14,7.0,author_2,0.12463761186440282,0.07276290940559833
1059,Human-AI,human-ai,conv_7e08bac1-7465-447d-a732-40dad23fa383,15,8.0,author_1,-0.09763602827263984,0.14987361128318005
1060,Human-AI,human-ai,conv_7e08bac1-7465-447d-a732-40dad23fa383,16,8.0,author_2,0.05222662297470148,0.11826980087383904
1061,Human-AI,human-ai,conv_829c6d96-30f0-495e-9684-ca934b06e90a,1,1.0,author_1,0.04682463934211782,0.02102692887641964
1062,Human-AI,human-ai,conv_829c6d96-30f0-495e-9684-ca934b06e90a,2,1.0,author_2,0.1588372040796288,-0.06843708023847775
1063,Human-AI,human-ai,conv_829c6d96-30f0-495e-9684-ca934b06e90a,3,2.0,author_1,-0.04331488829515051,0.20190631684348073
1064,Human-AI,human-ai,conv_829c6d96-30f0-495e-9684-ca934b06e90a,4,2.0,author_2,0.03336532979410805,0.1713992098406701
1065,Human-AI,human-ai,conv_829c6d96-30f0-495e-9684-ca934b06e90a,5,3.0,author_1,-0.06497595746947481,0.0009671673890860504
1066,Human-AI,human-ai,conv_829c6d96-30f0-495e-9684-ca934b06e90a,6,3.0,author_2,0.1637345771541128,0.0750545771086386
1067,Human-AI,human-ai,conv_829c6d96-30f0-495e-9684-ca934b06e90a,7,4.0,author_1,0.0006185115377933467,0.1484485348644363
1068,Human-AI,human-ai,conv_829c6d96-30f0-495e-9684-ca934b06e90a,8,4.0,author_2,-0.016338823389878243,0.07384555104634244
1069,Human-AI,human-ai,conv_829c6d96-30f0-495e-9684-ca934b06e90a,9,5.0,author_1,-0.019808571597855495,-0.10761974869037919
1070,Human-AI,human-ai,conv_829c6d96-30f0-495e-9684-ca934b06e90a,10,5.0,author_2,0.19447225944743204,-0.06589215858859476
1071,Human-AI,human-ai,conv_829c6d96-30f0-495e-9684-ca934b06e90a,11,6.0,author_1,0.0086968692220405,-0.0019550637927823167
1072,Human-AI,human-ai,conv_829c6d96-30f0-495e-9684-ca934b06e90a,12,6.0,author_2,-0.05760984315260909,-0.013295714077050368
1073,Human-AI,human-ai,conv_829c6d96-30f0-495e-9684-ca934b06e90a,13,7.0,author_1,-0.22527721004015958,-0.12199349468213336
1074,Human-AI,human-ai,conv_829c6d96-30f0-495e-9684-ca934b06e90a,14,7.0,author_2,-0.02701853920871215,-0.09654015129948951
1075,Human-AI,human-ai,conv_829c6d96-30f0-495e-9684-ca934b06e90a,15,8.0,author_1,-0.16152835057546241,0.02124686607950119
1076,Human-AI,human-ai,conv_829c6d96-30f0-495e-9684-ca934b06e90a,16,8.0,author_2,-0.17766463772457058,-0.1263683520048894
1077,Human-AI,human-ai,conv_82f7be76-f1f7-447b-b77d-2fa8134ebfed,1,1.0,author_1,0.055012405268064786,0.10904418777655696
1078,Human-AI,human-ai,conv_82f7be76-f1f7-447b-b77d-2fa8134ebfed,2,1.0,author_2,-0.12170296940107417,0.13117509235908012
1079,Human-AI,human-ai,conv_82f7be76-f1f7-447b-b77d-2fa8134ebfed,3,2.0,author_1,0.07673949058975503,0.2077494915077568
1080,Human-AI,human-ai,conv_82f7be76-f1f7-447b-b77d-2fa8134ebfed,4,2.0,author_2,-0.10672780775556989,0.06509123520576465
1081,Human-AI,human-ai,conv_82f7be76-f1f7-447b-b77d-2fa8134ebfed,5,3.0,author_1,-0.08779543590001032,0.14634612986044793
1082,Human-AI,human-ai,conv_82f7be76-f1f7-447b-b77d-2fa8134ebfed,6,3.0,author_2,-0.09263463793458931,0.0013151304638871607
1083,Human-AI,human-ai,conv_82f7be76-f1f7-447b-b77d-2fa8134ebfed,7,4.0,author_1,-0.09141238403939682,0.1810114260424342
1084,Human-AI,human-ai,conv_82f7be76-f1f7-447b-b77d-2fa8134ebfed,8,4.0,author_2,0.03597502985428533,0.26429317758230597
1085,Human-AI,human-ai,conv_82f7be76-f1f7-447b-b77d-2fa8134ebfed,9,5.0,author_1,-0.04128353555300589,0.10960848215749844
1086,Human-AI,human-ai,conv_82f7be76-f1f7-447b-b77d-2fa8134ebfed,10,5.0,author_2,-0.19680068723180644,0.07466822605817176
1087,Human-AI,human-ai,conv_82f7be76-f1f7-447b-b77d-2fa8134ebfed,11,6.0,author_1,-0.1286342997679492,0.10406314036546005
1088,Human-AI,human-ai,conv_82f7be76-f1f7-447b-b77d-2fa8134ebfed,12,6.0,author_2,-0.016778297851016817,0.28040195246118216
1089,Human-AI,human-ai,conv_82f7be76-f1f7-447b-b77d-2fa8134ebfed,13,7.0,author_1,-0.08862568829184553,0.13798132384573394
1090,Human-AI,human-ai,conv_82f7be76-f1f7-447b-b77d-2fa8134ebfed,14,7.0,author_2,-0.032649569038267594,0.13599315982023924
1091,Human-AI,human-ai,conv_82f7be76-f1f7-447b-b77d-2fa8134ebfed,15,8.0,author_1,0.004150907133967501,0.12568046374921837
1092,Human-AI,human-ai,conv_82f7be76-f1f7-447b-b77d-2fa8134ebfed,16,8.0,author_2,-0.0375752872938062,0.1719409792772885
1093,Human-AI,human-ai,conv_8fd2ac26-a13c-4e85-b8ac-5f13e246b640,1,1.0,author_1,0.12456916850403035,-0.18998766336430906
1094,Human-AI,human-ai,conv_8fd2ac26-a13c-4e85-b8ac-5f13e246b640,2,1.0,author_2,0.2469721846081584,-0.30996843927218487
1095,Human-AI,human-ai,conv_8fd2ac26-a13c-4e85-b8ac-5f13e246b640,3,2.0,author_1,-0.0460718592532588,-0.06072740117292605
1096,Human-AI,human-ai,conv_8fd2ac26-a13c-4e85-b8ac-5f13e246b640,4,2.0,author_2,0.043893894726932586,-0.13429124943620413
1097,Human-AI,human-ai,conv_8fd2ac26-a13c-4e85-b8ac-5f13e246b640,5,3.0,author_1,-0.037960866348447544,-0.010949104368446651
1098,Human-AI,human-ai,conv_8fd2ac26-a13c-4e85-b8ac-5f13e246b640,6,3.0,author_2,-0.15497472497883666,0.05041400057343765
1099,Human-AI,human-ai,conv_8fd2ac26-a13c-4e85-b8ac-5f13e246b640,7,4.0,author_1,-0.06038712457231071,-0.028865637065001656
1100,Human-AI,human-ai,conv_8fd2ac26-a13c-4e85-b8ac-5f13e246b640,8,4.0,author_2,0.24143178927494388,-0.13375472377683537
1101,Human-AI,human-ai,conv_8fd2ac26-a13c-4e85-b8ac-5f13e246b640,9,5.0,author_1,-0.03533137009506305,-0.08754263211133352
1102,Human-AI,human-ai,conv_8fd2ac26-a13c-4e85-b8ac-5f13e246b640,10,5.0,author_2,0.30059778994424713,-0.19827010076790613
1103,Human-AI,human-ai,conv_8fd2ac26-a13c-4e85-b8ac-5f13e246b640,11,6.0,author_1,0.017637485532406565,-0.07181569279984021
1104,Human-AI,human-ai,conv_8fd2ac26-a13c-4e85-b8ac-5f13e246b640,12,6.0,author_2,0.131229047918983,0.07026012346702065
1105,Human-AI,human-ai,conv_8fd2ac26-a13c-4e85-b8ac-5f13e246b640,13,7.0,author_1,-0.012108766960158847,0.10959754592522729
1106,Human-AI,human-ai,conv_8fd2ac26-a13c-4e85-b8ac-5f13e246b640,14,7.0,author_2,0.21581328428353694,-0.006619914838529294
1107,Human-AI,human-ai,conv_8fd2ac26-a13c-4e85-b8ac-5f13e246b640,15,8.0,author_1,0.04343329505404577,-0.08775331321263882
1108,Human-AI,human-ai,conv_8fd2ac26-a13c-4e85-b8ac-5f13e246b640,16,8.0,author_2,0.2849058374416622,0.03160845429952619
1109,Human-AI,human-ai,conv_9763bf93-b2b0-43b7-9ffa-761830f4d5a8,1,1.0,author_1,-0.15927414128524098,-0.09041804895932071
1110,Human-AI,human-ai,conv_9763bf93-b2b0-43b7-9ffa-761830f4d5a8,2,1.0,author_2,-0.004489821268445902,-0.24316123859594624
1111,Human-AI,human-ai,conv_9763bf93-b2b0-43b7-9ffa-761830f4d5a8,3,2.0,author_1,-0.15684995903010107,-0.1249832963257699
1112,Human-AI,human-ai,conv_9763bf93-b2b0-43b7-9ffa-761830f4d5a8,4,2.0,author_2,0.048254339195777395,-0.2960062183645234
1113,Human-AI,human-ai,conv_9763bf93-b2b0-43b7-9ffa-761830f4d5a8,5,3.0,author_1,-0.029251337461997595,-0.24023797858271034
1114,Human-AI,human-ai,conv_9763bf93-b2b0-43b7-9ffa-761830f4d5a8,6,3.0,author_2,0.037872913410701925,-0.30624929436411036
1115,Human-AI,human-ai,conv_9763bf93-b2b0-43b7-9ffa-761830f4d5a8,7,4.0,author_1,-0.18527161409097545,-0.1707298431507355
1116,Human-AI,human-ai,conv_9763bf93-b2b0-43b7-9ffa-761830f4d5a8,8,4.0,author_2,0.104181162286416,-0.26959340633780576
1117,Human-AI,human-ai,conv_9763bf93-b2b0-43b7-9ffa-761830f4d5a8,9,5.0,author_1,-0.10723439331657378,-0.26601742204163875
1118,Human-AI,human-ai,conv_9763bf93-b2b0-43b7-9ffa-761830f4d5a8,10,5.0,author_2,0.044783492860446236,-0.2530080248533506
1119,Human-AI,human-ai,conv_9763bf93-b2b0-43b7-9ffa-761830f4d5a8,11,6.0,author_1,0.022815125476174283,-0.23807276076202594
1120,Human-AI,human-ai,conv_9763bf93-b2b0-43b7-9ffa-761830f4d5a8,12,6.0,author_2,0.020202621278899848,-0.2010051494957162
1121,Human-AI,human-ai,conv_9763bf93-b2b0-43b7-9ffa-761830f4d5a8,13,7.0,author_1,-0.019200553908505197,-0.15354779267003077
1122,Human-AI,human-ai,conv_9763bf93-b2b0-43b7-9ffa-761830f4d5a8,14,7.0,author_2,0.057207182915282866,-0.19533099021636063
1123,Human-AI,human-ai,conv_9763bf93-b2b0-43b7-9ffa-761830f4d5a8,15,8.0,author_1,-0.08657031346302149,-0.12030827003748407
1124,Human-AI,human-ai,conv_9763bf93-b2b0-43b7-9ffa-761830f4d5a8,16,8.0,author_2,0.10911246135228729,-0.2566895125034899
1125,Human-AI,human-ai,conv_b1e0225e-fdb5-4142-8852-0785c0d30420,1,1.0,author_1,-0.024457844453563325,-0.023390765711136144
1126,Human-AI,human-ai,conv_b1e0225e-fdb5-4142-8852-0785c0d30420,2,1.0,author_2,-0.05830150707597861,0.07926140776995062
1127,Human-AI,human-ai,conv_b1e0225e-fdb5-4142-8852-0785c0d30420,3,2.0,author_1,-0.09126708801459814,0.02424647443921322
1128,Human-AI,human-ai,conv_b1e0225e-fdb5-4142-8852-0785c0d30420,4,2.0,author_2,0.025753972768461107,0.023213972625289903
1129,Human-AI,human-ai,conv_b1e0225e-fdb5-4142-8852-0785c0d30420,5,3.0,author_1,0.027980740609579977,-0.032593951523679776
1130,Human-AI,human-ai,conv_b1e0225e-fdb5-4142-8852-0785c0d30420,6,3.0,author_2,0.11565723562897375,-0.2021008739870999
1131,Human-AI,human-ai,conv_b1e0225e-fdb5-4142-8852-0785c0d30420,7,4.0,author_1,0.019398007988766328,-0.09087401425408571
1132,Human-AI,human-ai,conv_b1e0225e-fdb5-4142-8852-0785c0d30420,8,4.0,author_2,-0.08021485677324772,-0.10082514566895062
1133,Human-AI,human-ai,conv_b1e0225e-fdb5-4142-8852-0785c0d30420,9,5.0,author_1,-0.10186997523223015,-0.02310657024330493
1134,Human-AI,human-ai,conv_b1e0225e-fdb5-4142-8852-0785c0d30420,10,5.0,author_2,-0.048058861419083616,0.134163608040551
1135,Human-AI,human-ai,conv_b1e0225e-fdb5-4142-8852-0785c0d30420,11,6.0,author_1,0.06197294740632635,0.010651285993271904
1136,Human-AI,human-ai,conv_b1e0225e-fdb5-4142-8852-0785c0d30420,12,6.0,author_2,0.010662610566655314,0.1395795955112391
1137,Human-AI,human-ai,conv_b1e0225e-fdb5-4142-8852-0785c0d30420,13,7.0,author_1,-0.047386922107871834,0.13692221096416254
1138,Human-AI,human-ai,conv_b1e0225e-fdb5-4142-8852-0785c0d30420,14,7.0,author_2,-0.002846369226169902,0.13834881889713171
1139,Human-AI,human-ai,conv_b1e0225e-fdb5-4142-8852-0785c0d30420,15,8.0,author_1,-0.09701537044255534,-0.06286510538177921
1140,Human-AI,human-ai,conv_b1e0225e-fdb5-4142-8852-0785c0d30420,16,8.0,author_2,0.003864493738280343,-0.15009743485520094
1141,Human-AI,human-ai,conv_b306d0b7-35f0-495e-a3e0-5818c3ae060c,1,1.0,author_1,0.12948811480091563,-0.1289734956718321
1142,Human-AI,human-ai,conv_b306d0b7-35f0-495e-a3e0-5818c3ae060c,2,1.0,author_2,0.16940552152543514,-0.20281048819413747
1143,Human-AI,human-ai,conv_b306d0b7-35f0-495e-a3e0-5818c3ae060c,3,2.0,author_1,-0.10820941615385882,-0.12087130175819329
1144,Human-AI,human-ai,conv_b306d0b7-35f0-495e-a3e0-5818c3ae060c,4,2.0,author_2,-0.10452755889961235,0.11478979512166139
1145,Human-AI,human-ai,conv_b306d0b7-35f0-495e-a3e0-5818c3ae060c,5,3.0,author_1,0.1430863230948269,-0.018272676997132885
1146,Human-AI,human-ai,conv_b306d0b7-35f0-495e-a3e0-5818c3ae060c,6,3.0,author_2,0.27774666516974206,-0.17043378967639972
1147,Human-AI,human-ai,conv_b306d0b7-35f0-495e-a3e0-5818c3ae060c,7,4.0,author_1,0.049229672513688774,-0.0773970167853552
1148,Human-AI,human-ai,conv_b306d0b7-35f0-495e-a3e0-5818c3ae060c,8,4.0,author_2,0.09884620626562539,0.04466604851942677
1149,Human-AI,human-ai,conv_b306d0b7-35f0-495e-a3e0-5818c3ae060c,9,5.0,author_1,0.09883072713549848,-0.14404713243845477
1150,Human-AI,human-ai,conv_b306d0b7-35f0-495e-a3e0-5818c3ae060c,10,5.0,author_2,0.1946336278610738,-0.18868308201800602
1151,Human-AI,human-ai,conv_b306d0b7-35f0-495e-a3e0-5818c3ae060c,11,6.0,author_1,0.006458506830513507,-0.0880683428551845
1152,Human-AI,human-ai,conv_b306d0b7-35f0-495e-a3e0-5818c3ae060c,12,6.0,author_2,0.04847589760061543,-0.06507738632403953
1153,Human-AI,human-ai,conv_b306d0b7-35f0-495e-a3e0-5818c3ae060c,13,7.0,author_1,-0.04319515228845773,6.606311071153705e-05
1154,Human-AI,human-ai,conv_b306d0b7-35f0-495e-a3e0-5818c3ae060c,14,7.0,author_2,0.061242713313611835,-0.030888158766989946
1155,Human-AI,human-ai,conv_b306d0b7-35f0-495e-a3e0-5818c3ae060c,15,8.0,author_1,0.014088389344428746,0.012575024818714958
1156,Human-AI,human-ai,conv_b306d0b7-35f0-495e-a3e0-5818c3ae060c,16,8.0,author_2,-0.09585904287373413,-0.07007719906737082
1157,Human-AI,human-ai,conv_c7f16c31-e264-4ad6-8a72-7c626fa0cac0,1,1.0,author_1,-0.017666795677042327,-0.10916580138704186
1158,Human-AI,human-ai,conv_c7f16c31-e264-4ad6-8a72-7c626fa0cac0,2,1.0,author_2,0.05784911409643252,-0.07341539204720633
1159,Human-AI,human-ai,conv_c7f16c31-e264-4ad6-8a72-7c626fa0cac0,3,2.0,author_1,-0.040205499150392184,0.011631924589700433
1160,Human-AI,human-ai,conv_c7f16c31-e264-4ad6-8a72-7c626fa0cac0,4,2.0,author_2,0.17073919208414168,0.03838202318695564
1161,Human-AI,human-ai,conv_c7f16c31-e264-4ad6-8a72-7c626fa0cac0,5,3.0,author_1,0.12426093895810653,0.1666656113639896
1162,Human-AI,human-ai,conv_c7f16c31-e264-4ad6-8a72-7c626fa0cac0,6,3.0,author_2,0.07521411677288257,-0.021020857483930604
1163,Human-AI,human-ai,conv_c7f16c31-e264-4ad6-8a72-7c626fa0cac0,7,4.0,author_1,0.1918097820868445,0.027445168466012887
1164,Human-AI,human-ai,conv_c7f16c31-e264-4ad6-8a72-7c626fa0cac0,8,4.0,author_2,0.16864676887960367,0.07406350558367966
1165,Human-AI,human-ai,conv_c7f16c31-e264-4ad6-8a72-7c626fa0cac0,9,5.0,author_1,0.05238049094883346,0.007601883175319459
1166,Human-AI,human-ai,conv_c7f16c31-e264-4ad6-8a72-7c626fa0cac0,10,5.0,author_2,0.2004762856712594,-0.03353099776303233
1167,Human-AI,human-ai,conv_c7f16c31-e264-4ad6-8a72-7c626fa0cac0,11,6.0,author_1,0.10213808325051969,-0.08660963752900339
1168,Human-AI,human-ai,conv_c7f16c31-e264-4ad6-8a72-7c626fa0cac0,12,6.0,author_2,0.17052777541137587,-0.013203103012629423
1169,Human-AI,human-ai,conv_c7f16c31-e264-4ad6-8a72-7c626fa0cac0,13,7.0,author_1,0.04278482163557916,-0.09810069090056908
1170,Human-AI,human-ai,conv_c7f16c31-e264-4ad6-8a72-7c626fa0cac0,14,7.0,author_2,0.24465223133136946,-0.15919009769828607
1171,Human-AI,human-ai,conv_c7f16c31-e264-4ad6-8a72-7c626fa0cac0,15,8.0,author_1,0.1895279582182559,-0.14162662023673026
1172,Human-AI,human-ai,conv_c7f16c31-e264-4ad6-8a72-7c626fa0cac0,16,8.0,author_2,0.2295512222613864,0.017167698467352898
1173,Human-AI,human-ai,conv_ccb90f8d-d4bb-406e-83e9-b91ac0615cac,1,1.0,author_1,0.08869781235845679,-0.25845824958592023
1174,Human-AI,human-ai,conv_ccb90f8d-d4bb-406e-83e9-b91ac0615cac,2,1.0,author_2,0.23896463797895268,-0.07239265762084741
1175,Human-AI,human-ai,conv_ccb90f8d-d4bb-406e-83e9-b91ac0615cac,3,2.0,author_1,-0.11024914087540712,-0.10856297635085183
1176,Human-AI,human-ai,conv_ccb90f8d-d4bb-406e-83e9-b91ac0615cac,4,2.0,author_2,0.09144287602203252,0.05810312722475855
1177,Human-AI,human-ai,conv_ccb90f8d-d4bb-406e-83e9-b91ac0615cac,5,3.0,author_1,-0.18177517819511818,0.18472230867437078
1178,Human-AI,human-ai,conv_ccb90f8d-d4bb-406e-83e9-b91ac0615cac,6,3.0,author_2,0.09267639204605625,-0.05743169502433271
1179,Human-AI,human-ai,conv_ccb90f8d-d4bb-406e-83e9-b91ac0615cac,7,4.0,author_1,-0.05088307345209419,-0.0739334454769301
1180,Human-AI,human-ai,conv_ccb90f8d-d4bb-406e-83e9-b91ac0615cac,8,4.0,author_2,0.10917142077233505,-0.10136271857858821
1181,Human-AI,human-ai,conv_ccb90f8d-d4bb-406e-83e9-b91ac0615cac,9,5.0,author_1,0.009165338225015057,0.0197489619921866
1182,Human-AI,human-ai,conv_ccb90f8d-d4bb-406e-83e9-b91ac0615cac,10,5.0,author_2,0.21206327022325394,-0.1267544544248533
1183,Human-AI,human-ai,conv_ccb90f8d-d4bb-406e-83e9-b91ac0615cac,11,6.0,author_1,-0.0033356964136471157,0.061167541128284784
1184,Human-AI,human-ai,conv_ccb90f8d-d4bb-406e-83e9-b91ac0615cac,12,6.0,author_2,0.10568278636521339,-0.1728458618440138
1185,Human-AI,human-ai,conv_ccb90f8d-d4bb-406e-83e9-b91ac0615cac,13,7.0,author_1,-0.10390694774276221,-0.12111730846919568
1186,Human-AI,human-ai,conv_ccb90f8d-d4bb-406e-83e9-b91ac0615cac,14,7.0,author_2,0.22425094270625412,-0.09583385031117819
1187,Human-AI,human-ai,conv_ccb90f8d-d4bb-406e-83e9-b91ac0615cac,15,8.0,author_1,-0.17210111368443703,-0.1560536889334729
1188,Human-AI,human-ai,conv_ccb90f8d-d4bb-406e-83e9-b91ac0615cac,16,8.0,author_2,0.11682328327338289,-0.03954549127763697
1189,Human-AI,human-ai,conv_d87daedd-9490-4de9-8d2a-d33777567187,1,1.0,author_1,-0.09845628940303236,-0.08777824502661394
1190,Human-AI,human-ai,conv_d87daedd-9490-4de9-8d2a-d33777567187,2,1.0,author_2,0.052196235834142665,0.09892885313940031
1191,Human-AI,human-ai,conv_d87daedd-9490-4de9-8d2a-d33777567187,3,2.0,author_1,0.014505661268015713,0.10665703642431189
1192,Human-AI,human-ai,conv_d87daedd-9490-4de9-8d2a-d33777567187,4,2.0,author_2,0.04457707277601325,0.14539640459044265
1193,Human-AI,human-ai,conv_d87daedd-9490-4de9-8d2a-d33777567187,5,3.0,author_1,0.019010953124428152,0.04620178540944686
1194,Human-AI,human-ai,conv_d87daedd-9490-4de9-8d2a-d33777567187,6,3.0,author_2,0.12320445124493672,0.09581171221830327
1195,Human-AI,human-ai,conv_d87daedd-9490-4de9-8d2a-d33777567187,7,4.0,author_1,0.04871022393892498,-0.08128613610712791
1196,Human-AI,human-ai,conv_d87daedd-9490-4de9-8d2a-d33777567187,8,4.0,author_2,0.16976663591893693,-0.06133874945482539
1197,Human-AI,human-ai,conv_d87daedd-9490-4de9-8d2a-d33777567187,9,5.0,author_1,-0.1300624971856133,-0.0024516996151656835
1198,Human-AI,human-ai,conv_d87daedd-9490-4de9-8d2a-d33777567187,10,5.0,author_2,-0.029311112144085105,0.10040346574889553
1199,Human-AI,human-ai,conv_d87daedd-9490-4de9-8d2a-d33777567187,11,6.0,author_1,0.13662694118100568,-0.07632512467011383
1200,Human-AI,human-ai,conv_d87daedd-9490-4de9-8d2a-d33777567187,12,6.0,author_2,0.2126819578762249,-0.10701711074796477
1201,Human-AI,human-ai,conv_d87daedd-9490-4de9-8d2a-d33777567187,13,7.0,author_1,-0.09360853314241212,-0.043371799709123735
1202,Human-AI,human-ai,conv_d87daedd-9490-4de9-8d2a-d33777567187,14,7.0,author_2,0.121489522020715,0.07886925808762188
1203,Human-AI,human-ai,conv_d87daedd-9490-4de9-8d2a-d33777567187,15,8.0,author_1,-0.002768649243315567,0.14435722322196062
1204,Human-AI,human-ai,conv_d87daedd-9490-4de9-8d2a-d33777567187,16,8.0,author_2,0.19017645584701068,0.12376245653464678
1205,Human-AI,human-ai,conv_fe95c724-f91e-4a17-8400-9bfbdf9218ec,1,1.0,author_1,-0.06409164029727002,-0.14878641533804496
1206,Human-AI,human-ai,conv_fe95c724-f91e-4a17-8400-9bfbdf9218ec,2,1.0,author_2,0.2086090599102022,-0.1349852451648358
1207,Human-AI,human-ai,conv_fe95c724-f91e-4a17-8400-9bfbdf9218ec,3,2.0,author_1,-0.156900277275886,0.001885113846345314
1208,Human-AI,human-ai,conv_fe95c724-f91e-4a17-8400-9bfbdf9218ec,4,2.0,author_2,-0.08733053643932462,-0.0626077294415362
1209,Human-AI,human-ai,conv_fe95c724-f91e-4a17-8400-9bfbdf9218ec,5,3.0,author_1,-0.235633985128295,-0.07880055538125376
1210,Human-AI,human-ai,conv_fe95c724-f91e-4a17-8400-9bfbdf9218ec,6,3.0,author_2,0.029050195870597074,-0.033109227361159566
1211,Human-AI,human-ai,conv_fe95c724-f91e-4a17-8400-9bfbdf9218ec,7,4.0,author_1,-0.2526523480769168,0.01689412625082548
1212,Human-AI,human-ai,conv_fe95c724-f91e-4a17-8400-9bfbdf9218ec,8,4.0,author_2,-0.04669856697291126,-0.018749419730758356
1213,Human-AI,human-ai,conv_fe95c724-f91e-4a17-8400-9bfbdf9218ec,9,5.0,author_1,-0.1431227582549597,0.014493548934494806
1214,Human-AI,human-ai,conv_fe95c724-f91e-4a17-8400-9bfbdf9218ec,10,5.0,author_2,0.1596090593049418,-0.052987883377693
1215,Human-AI,human-ai,conv_fe95c724-f91e-4a17-8400-9bfbdf9218ec,11,6.0,author_1,-0.22916465715844347,0.028330916269056802
1216,Human-AI,human-ai,conv_fe95c724-f91e-4a17-8400-9bfbdf9218ec,12,6.0,author_2,0.04371828050725203,0.09109819037568165
1217,Human-AI,human-ai,conv_fe95c724-f91e-4a17-8400-9bfbdf9218ec,13,7.0,author_1,-0.09511591668303009,-0.1714731975813873
1218,Human-AI,human-ai,conv_fe95c724-f91e-4a17-8400-9bfbdf9218ec,14,7.0,author_2,0.06918850492685256,-0.20925897895797313
1219,Human-AI,human-ai,conv_fe95c724-f91e-4a17-8400-9bfbdf9218ec,15,8.0,author_1,-0.13940368626395913,-0.028184654073028448
1220,Human-AI,human-ai,conv_fe95c724-f91e-4a17-8400-9bfbdf9218ec,16,8.0,author_2,0.11874567506740485,-0.0355959575208023
1222,Human-Human,human-human,188SQKM20FYzYRFIJ08U,2,1.0,author_2,-0.030813391068237012,-0.2477929857542837
1223,Human-Human,human-human,188SQKM20FYzYRFIJ08U,3,2.0,author_1,-0.17436943596849455,-0.12337209974205296
1224,Human-Human,human-human,188SQKM20FYzYRFIJ08U,4,2.0,author_2,-0.04489415396917745,-0.15096172062419622
1225,Human-Human,human-human,188SQKM20FYzYRFIJ08U,5,3.0,author_1,-0.009767161746699254,-0.26970628703931787
1226,Human-Human,human-human,188SQKM20FYzYRFIJ08U,6,3.0,author_2,-0.21162324173183245,-0.09251597273007213
1227,Human-Human,human-human,188SQKM20FYzYRFIJ08U,7,4.0,author_1,-0.22388355893183354,-0.09871625167539808
1228,Human-Human,human-human,188SQKM20FYzYRFIJ08U,8,4.0,author_2,-0.1388613627499945,0.02178975017090964
1229,Human-Human,human-human,188SQKM20FYzYRFIJ08U,9,5.0,author_1,-0.0637349928041353,-0.014909932802256692
1230,Human-Human,human-human,188SQKM20FYzYRFIJ08U,10,5.0,author_2,-0.09233952799841001,-0.0031251742626681664
1231,Human-Human,human-human,188SQKM20FYzYRFIJ08U,11,6.0,author_1,-0.1399366792790689,0.05859689396825692
1232,Human-Human,human-human,188SQKM20FYzYRFIJ08U,12,6.0,author_2,-0.23533542066991278,0.08841882892727082
1233,Human-Human,human-human,188SQKM20FYzYRFIJ08U,13,7.0,author_1,-0.1845036790231482,-0.09289457677937019
1234,Human-Human,human-human,188SQKM20FYzYRFIJ08U,14,7.0,author_2,-0.13563094216641958,-0.05187058991596511
1235,Human-Human,human-human,188SQKM20FYzYRFIJ08U,15,8.0,author_1,-0.046315398212370656,-0.0006831753005444498
1236,Human-Human,human-human,188SQKM20FYzYRFIJ08U,16,8.0,author_2,-0.20334252986211868,-0.12331026855834623
1237,Human-Human,human-human,188SQKM20FYzYRFIJ08U,17,9.0,author_1,-0.225588176083857,-0.12102338592790868
1238,Human-Human,human-human,188SQKM20FYzYRFIJ08U,18,9.0,author_2,-0.20448014086911645,-0.04921253129333087
1241,Human-Human,human-human,1jhKtdiCFYhLl4Itr0tM,3,1.0,author_2,-0.04435631711745698,-0.012664515556631267
1242,Human-Human,human-human,1jhKtdiCFYhLl4Itr0tM,4,1.0,author_1,-0.19382331592944146,0.09863619988991446
1243,Human-Human,human-human,1jhKtdiCFYhLl4Itr0tM,5,2.0,author_2,-0.04966406838459568,0.23374669233199263
1244,Human-Human,human-human,1jhKtdiCFYhLl4Itr0tM,6,2.0,author_1,-0.184224490676844,-0.020420596620359596
1245,Human-Human,human-human,1jhKtdiCFYhLl4Itr0tM,7,3.0,author_2,-0.17493477024275525,-0.02235411386382128
1246,Human-Human,human-human,1jhKtdiCFYhLl4Itr0tM,8,3.0,author_1,-0.13381974069578353,-0.1305625160297081
1247,Human-Human,human-human,1jhKtdiCFYhLl4Itr0tM,9,4.0,author_2,-0.0437574110837734,0.03249731878100586
1248,Human-Human,human-human,1jhKtdiCFYhLl4Itr0tM,10,4.0,author_1,-0.23767171800585588,-0.07537965690126638
1249,Human-Human,human-human,1jhKtdiCFYhLl4Itr0tM,11,5.0,author_2,-0.012304734998011864,0.014687604841804494
1250,Human-Human,human-human,1jhKtdiCFYhLl4Itr0tM,12,5.0,author_1,-0.1804017630136518,-0.01421956560894613
1251,Human-Human,human-human,1jhKtdiCFYhLl4Itr0tM,13,6.0,author_2,-0.2869081548187568,0.11822803572667559
1252,Human-Human,human-human,1jhKtdiCFYhLl4Itr0tM,14,6.0,author_1,-0.30686187337457715,0.08930442556708372
1253,Human-Human,human-human,1jhKtdiCFYhLl4Itr0tM,15,7.0,author_2,-0.19977358781454468,-0.09708570971942049
1254,Human-Human,human-human,1jhKtdiCFYhLl4Itr0tM,16,7.0,author_1,-0.1320116962365709,-0.16931100214826963
1255,Human-Human,human-human,1jhKtdiCFYhLl4Itr0tM,17,8.0,author_2,-0.028015200340882188,-0.21231079351712076
1256,Human-Human,human-human,1jhKtdiCFYhLl4Itr0tM,18,8.0,author_1,0.07428744646508036,-0.18190401225068792
1257,Human-Human,human-human,1jhKtdiCFYhLl4Itr0tM,19,9.0,author_2,-0.11587885183185624,-0.1879576058016617
1258,Human-Human,human-human,1jhKtdiCFYhLl4Itr0tM,20,9.0,author_1,-0.14921146699629062,-0.04593843668300148
1259,Human-Human,human-human,599Km2RY5nTNKI7vG2Wb,1,1.0,author_1,-0.13330722544616375,-0.15079605826196163
1260,Human-Human,human-human,599Km2RY5nTNKI7vG2Wb,2,1.0,author_2,-0.19729427129819024,-0.11618350093642922
1261,Human-Human,human-human,599Km2RY5nTNKI7vG2Wb,3,2.0,author_1,-0.1012109716532801,-0.06075853073045851
1262,Human-Human,human-human,599Km2RY5nTNKI7vG2Wb,4,2.0,author_2,-0.1434278310366867,-0.08798563839672482
1263,Human-Human,human-human,599Km2RY5nTNKI7vG2Wb,5,3.0,author_1,-0.17957994315898973,0.008588450675066348
1264,Human-Human,human-human,599Km2RY5nTNKI7vG2Wb,6,3.0,author_2,-0.1589797624015239,-0.0779374035394682
1265,Human-Human,human-human,599Km2RY5nTNKI7vG2Wb,7,4.0,author_1,-0.11769901100125443,-0.049969674760388855
1266,Human-Human,human-human,599Km2RY5nTNKI7vG2Wb,8,4.0,author_2,-0.13723229840247084,0.1609978546951767
1267,Human-Human,human-human,599Km2RY5nTNKI7vG2Wb,9,5.0,author_1,-0.12216817504317116,-0.08767545405320418
1268,Human-Human,human-human,599Km2RY5nTNKI7vG2Wb,10,5.0,author_2,-0.17359898512932245,-0.22333686079061243
1269,Human-Human,human-human,599Km2RY5nTNKI7vG2Wb,11,6.0,author_1,-0.21671494470904495,-0.10038374523442908
1270,Human-Human,human-human,599Km2RY5nTNKI7vG2Wb,12,6.0,author_2,-0.13692880412367145,-0.09913113578639002
1271,Human-Human,human-human,599Km2RY5nTNKI7vG2Wb,13,7.0,author_1,-0.1284404990022926,-0.08188657264298266
1272,Human-Human,human-human,599Km2RY5nTNKI7vG2Wb,14,7.0,author_2,-0.1880451857410213,-0.09832653684433455
1273,Human-Human,human-human,599Km2RY5nTNKI7vG2Wb,15,8.0,author_1,-0.15012673640605448,-0.057281416260807745
1274,Human-Human,human-human,599Km2RY5nTNKI7vG2Wb,16,8.0,author_2,-0.15736538300438205,-0.06928260816265391
1275,Human-Human,human-human,599Km2RY5nTNKI7vG2Wb,17,9.0,author_1,-0.15897365533684027,-0.005514235195071951
1276,Human-Human,human-human,599Km2RY5nTNKI7vG2Wb,18,9.0,author_2,-0.18207359184084407,-0.004637514133056537
1279,Human-Human,human-human,6Jv806AoPWPYePMobUvx,3,2.0,author_1,-0.20182731109561858,0.17379362231551918
1280,Human-Human,human-human,6Jv806AoPWPYePMobUvx,4,2.0,author_2,0.10429067880225701,0.08699979272873828
1281,Human-Human,human-human,6Jv806AoPWPYePMobUvx,5,3.0,author_1,0.1592541287357282,0.023082790296617854
1282,Human-Human,human-human,6Jv806AoPWPYePMobUvx,6,3.0,author_2,-0.10256164892332964,0.07620489322606581
1283,Human-Human,human-human,6Jv806AoPWPYePMobUvx,7,4.0,author_1,0.018531629288537924,0.11443755193520977
1284,Human-Human,human-human,6Jv806AoPWPYePMobUvx,8,4.0,author_2,0.036277544729635326,0.055345866187592144
1285,Human-Human,human-human,6Jv806AoPWPYePMobUvx,9,5.0,author_1,0.0531754790212298,0.0903068290492321
1286,Human-Human,human-human,6Jv806AoPWPYePMobUvx,10,5.0,author_2,0.10876962076462474,0.1381130996023451
1287,Human-Human,human-human,6Jv806AoPWPYePMobUvx,11,6.0,author_1,-0.04484028975275461,0.16252811305213213
1288,Human-Human,human-human,6Jv806AoPWPYePMobUvx,12,6.0,author_2,0.030304594025038992,0.19539569263483686
1289,Human-Human,human-human,6Jv806AoPWPYePMobUvx,13,7.0,author_1,0.15333792134764707,0.04722426651994506
1290,Human-Human,human-human,6Jv806AoPWPYePMobUvx,14,7.0,author_2,0.15510418351948052,0.005096855513503698
1291,Human-Human,human-human,6Jv806AoPWPYePMobUvx,15,8.0,author_1,0.09729014020268985,0.1341408814598987
1292,Human-Human,human-human,6Jv806AoPWPYePMobUvx,16,8.0,author_2,-0.08009692534313498,0.03716444470807311
1293,Human-Human,human-human,6Jv806AoPWPYePMobUvx,17,9.0,author_1,0.12484012925575082,-0.08777891670805166
1294,Human-Human,human-human,6Jv806AoPWPYePMobUvx,18,9.0,author_2,0.1176212324098775,0.1027711331612247
1295,Human-Human,human-human,7wPRj5Wbc26nlx60LUT5,1,1.0,author_2,-0.14055161866638102,-0.19566708383055947
1296,Human-Human,human-human,7wPRj5Wbc26nlx60LUT5,2,1.0,author_1,-0.18327313354338357,-0.08523320060719013
1297,Human-Human,human-human,7wPRj5Wbc26nlx60LUT5,3,1.0,author_2,-0.07721460678605703,-0.15192061946501365
1298,Human-Human,human-human,7wPRj5Wbc26nlx60LUT5,4,1.0,author_1,-0.15791252432373612,-0.17047852575001923
1299,Human-Human,human-human,7wPRj5Wbc26nlx60LUT5,5,2.0,author_2,-0.22998285665734383,0.019542619144085078
1300,Human-Human,human-human,7wPRj5Wbc26nlx60LUT5,6,2.0,author_1,-0.19966312496371305,-0.04942568350197757
1301,Human-Human,human-human,7wPRj5Wbc26nlx60LUT5,7,3.0,author_2,-0.15894013464739573,-0.0788414047311011
1302,Human-Human,human-human,7wPRj5Wbc26nlx60LUT5,8,3.0,author_1,-0.1900778137870554,-0.09093131740353268
1303,Human-Human,human-human,7wPRj5Wbc26nlx60LUT5,9,4.0,author_2,-0.11294200525983059,-0.1721536175070894
1304,Human-Human,human-human,7wPRj5Wbc26nlx60LUT5,10,4.0,author_1,-0.27678997374017383,0.09791055106641805
1305,Human-Human,human-human,7wPRj5Wbc26nlx60LUT5,11,5.0,author_2,-0.1175495208946465,-0.0008557049028422321
1306,Human-Human,human-human,7wPRj5Wbc26nlx60LUT5,12,5.0,author_1,-0.17053304226354196,0.13578310134006374
1307,Human-Human,human-human,7wPRj5Wbc26nlx60LUT5,13,6.0,author_2,-0.27097150391010855,-0.10269332844668327
1308,Human-Human,human-human,7wPRj5Wbc26nlx60LUT5,14,6.0,author_1,-0.2531772811101287,0.0556016490735477
1309,Human-Human,human-human,7wPRj5Wbc26nlx60LUT5,15,7.0,author_2,-0.13638301014099735,-0.034366605802484414
1310,Human-Human,human-human,7wPRj5Wbc26nlx60LUT5,16,7.0,author_1,-0.23342856130760467,-0.06775487347035804
1311,Human-Human,human-human,7wPRj5Wbc26nlx60LUT5,17,8.0,author_2,-0.1915750330100165,-0.2082870765125539
1313,Human-Human,human-human,7wPRj5Wbc26nlx60LUT5,19,9.0,author_2,-0.04627849822266111,-0.2327077584874913
1314,Human-Human,human-human,7wPRj5Wbc26nlx60LUT5,20,9.0,author_1,-0.13418975237432823,-0.011777974046936004
1315,Human-Human,human-human,9MYVXy4Nms9gfR1DI7NA,1,1.0,author_1,-0.024000135122730516,0.06478206140737351
1316,Human-Human,human-human,9MYVXy4Nms9gfR1DI7NA,2,1.0,author_2,-0.12623054841062362,0.0007357161778897611
1317,Human-Human,human-human,9MYVXy4Nms9gfR1DI7NA,3,2.0,author_1,-0.2037574425516466,-0.06589243776633907
1318,Human-Human,human-human,9MYVXy4Nms9gfR1DI7NA,4,2.0,author_2,-0.13298092306940065,0.03001641710690223
1319,Human-Human,human-human,9MYVXy4Nms9gfR1DI7NA,5,3.0,author_1,-0.2249425221444094,-0.04022573344770951
1320,Human-Human,human-human,9MYVXy4Nms9gfR1DI7NA,6,3.0,author_2,-0.1601797946139926,0.007398614578741927
1321,Human-Human,human-human,9MYVXy4Nms9gfR1DI7NA,7,4.0,author_1,-0.12359840202622199,-0.09591288696844325
1322,Human-Human,human-human,9MYVXy4Nms9gfR1DI7NA,8,4.0,author_2,-0.23755296808394993,0.03820524444990839
1323,Human-Human,human-human,9MYVXy4Nms9gfR1DI7NA,9,5.0,author_1,-0.30706874519404326,0.005131048495645917
1324,Human-Human,human-human,9MYVXy4Nms9gfR1DI7NA,10,5.0,author_2,-0.19886344847951962,0.14468788957393983
1325,Human-Human,human-human,9MYVXy4Nms9gfR1DI7NA,11,6.0,author_1,-0.32904007104530253,0.07966963082501621
1326,Human-Human,human-human,9MYVXy4Nms9gfR1DI7NA,12,6.0,author_2,-0.24974410008120784,0.03979858109059075
1327,Human-Human,human-human,9MYVXy4Nms9gfR1DI7NA,13,7.0,author_1,-0.16363937299554512,-0.1816567872291731
1328,Human-Human,human-human,9MYVXy4Nms9gfR1DI7NA,14,7.0,author_2,-0.2389890754102254,0.10638595266241588
1329,Human-Human,human-human,9MYVXy4Nms9gfR1DI7NA,15,8.0,author_1,-0.23456385401898283,0.1376161922095857
1330,Human-Human,human-human,9MYVXy4Nms9gfR1DI7NA,16,8.0,author_2,-0.21443896510987698,0.049280077192679884
1331,Human-Human,human-human,9MYVXy4Nms9gfR1DI7NA,17,9.0,author_1,-0.2716516092959171,0.0840815611740493
1333,Human-Human,human-human,BocRhyGX0eWpgbUSkjWF,1,1.0,author_1,-0.21730527234760078,-0.1068626381144555
1334,Human-Human,human-human,BocRhyGX0eWpgbUSkjWF,2,1.0,author_2,-0.12881136219529662,-0.06088548255149165
1335,Human-Human,human-human,BocRhyGX0eWpgbUSkjWF,3,2.0,author_1,-0.14366777033896166,-0.002420741926367349
1336,Human-Human,human-human,BocRhyGX0eWpgbUSkjWF,4,2.0,author_2,-0.12516774099548625,0.02460204322106624
1337,Human-Human,human-human,BocRhyGX0eWpgbUSkjWF,5,3.0,author_1,-0.18186556599506887,-0.12050746084537275
1338,Human-Human,human-human,BocRhyGX0eWpgbUSkjWF,6,3.0,author_2,-0.2204100994937282,-0.0668464746432262
1339,Human-Human,human-human,BocRhyGX0eWpgbUSkjWF,7,4.0,author_1,-0.24274581216326335,-0.09215889029375278
1341,Human-Human,human-human,BocRhyGX0eWpgbUSkjWF,9,5.0,author_1,-0.21961185451832269,-0.14492759980895997
1342,Human-Human,human-human,BocRhyGX0eWpgbUSkjWF,10,5.0,author_2,-0.1961404132406961,-0.02936213800188677
1343,Human-Human,human-human,BocRhyGX0eWpgbUSkjWF,11,6.0,author_1,-0.059432374519463496,-0.10808695100812893
1344,Human-Human,human-human,BocRhyGX0eWpgbUSkjWF,12,6.0,author_2,-0.12424493868126144,-0.21125666094203205
1345,Human-Human,human-human,BocRhyGX0eWpgbUSkjWF,13,7.0,author_1,-0.21080981019112882,-0.18735547131254074
1346,Human-Human,human-human,BocRhyGX0eWpgbUSkjWF,14,7.0,author_2,-0.08688268419653947,-0.18402434037386606
1347,Human-Human,human-human,BocRhyGX0eWpgbUSkjWF,15,8.0,author_1,-0.08971797792173539,-0.17073963601647946
1348,Human-Human,human-human,BocRhyGX0eWpgbUSkjWF,16,8.0,author_2,-0.17489171623805846,-0.17904377878437994
1349,Human-Human,human-human,BocRhyGX0eWpgbUSkjWF,17,9.0,author_1,-0.16736932808171723,-0.08159547916977448
1350,Human-Human,human-human,BocRhyGX0eWpgbUSkjWF,18,9.0,author_2,-0.23335518750904855,-0.08360913940174151
1351,Human-Human,human-human,D8kJXS3suDI2tltssVgN,1,1.0,author_1,-0.2995539169191166,0.014136301564400346
1352,Human-Human,human-human,D8kJXS3suDI2tltssVgN,2,1.0,author_2,-0.24654637430628562,0.038075114194921364
1353,Human-Human,human-human,D8kJXS3suDI2tltssVgN,3,2.0,author_1,-0.2615716488262845,-0.04236258513012433
1354,Human-Human,human-human,D8kJXS3suDI2tltssVgN,4,2.0,author_2,-0.25751254769023707,0.13180040368805776
1355,Human-Human,human-human,D8kJXS3suDI2tltssVgN,5,3.0,author_1,-0.3068714984451417,0.04151010598032077
1356,Human-Human,human-human,D8kJXS3suDI2tltssVgN,6,3.0,author_2,0.00280282461441456,0.01146445750585294
1357,Human-Human,human-human,D8kJXS3suDI2tltssVgN,7,4.0,author_1,-0.2597746019717969,0.12005269949218268
1358,Human-Human,human-human,D8kJXS3suDI2tltssVgN,8,4.0,author_2,-0.24151206337425976,0.0755657034650207
1359,Human-Human,human-human,D8kJXS3suDI2tltssVgN,9,5.0,author_1,-0.16206187131319516,0.020179964424528345
1360,Human-Human,human-human,D8kJXS3suDI2tltssVgN,10,5.0,author_2,-0.16857173053092386,0.20910540172411213
1361,Human-Human,human-human,D8kJXS3suDI2tltssVgN,11,6.0,author_1,-0.26762167181391405,0.1213330054591433
1362,Human-Human,human-human,D8kJXS3suDI2tltssVgN,12,6.0,author_2,-0.2125202252271536,0.08101628820256819
1363,Human-Human,human-human,D8kJXS3suDI2tltssVgN,13,7.0,author_1,-0.10368090889504039,0.12461565390018858
1364,Human-Human,human-human,D8kJXS3suDI2tltssVgN,14,7.0,author_2,-0.24142703380327882,0.08144939106794652
1365,Human-Human,human-human,D8kJXS3suDI2tltssVgN,15,8.0,author_1,-0.22265951816703772,0.07595927088328301
1366,Human-Human,human-human,D8kJXS3suDI2tltssVgN,16,8.0,author_2,-0.27053674351080764,0.06983954696706746
1367,Human-Human,human-human,D8kJXS3suDI2tltssVgN,17,9.0,author_1,-0.23608140577992906,0.007618995728909922
1368,Human-Human,human-human,D8kJXS3suDI2tltssVgN,18,9.0,author_2,-0.13947769820972244,0.05531506018656129
1370,Human-Human,human-human,EVPkCWSrT9SwL38W9Zuk,2,1.0,author_1,-0.028384345405275384,-0.12422601744496616
1371,Human-Human,human-human,EVPkCWSrT9SwL38W9Zuk,3,1.0,author_2,-0.24414555004047567,0.008012259729976759
1372,Human-Human,human-human,EVPkCWSrT9SwL38W9Zuk,4,1.0,author_1,-0.17216813136855816,0.1301691395514731
1373,Human-Human,human-human,EVPkCWSrT9SwL38W9Zuk,5,2.0,author_2,-0.15654813893115127,0.1853080793783321
1374,Human-Human,human-human,EVPkCWSrT9SwL38W9Zuk,6,2.0,author_1,-0.10640780983320147,-0.1280291450193088
1375,Human-Human,human-human,EVPkCWSrT9SwL38W9Zuk,7,3.0,author_2,0.06997627423508776,-0.1441245431396535
1376,Human-Human,human-human,EVPkCWSrT9SwL38W9Zuk,8,3.0,author_1,-0.030761652229479165,-0.15479704292427182
1377,Human-Human,human-human,EVPkCWSrT9SwL38W9Zuk,9,4.0,author_2,-0.03492672541365951,-0.17246372253083853
1378,Human-Human,human-human,EVPkCWSrT9SwL38W9Zuk,10,4.0,author_1,-0.12238821058521192,-0.12136783531316915
1379,Human-Human,human-human,EVPkCWSrT9SwL38W9Zuk,11,5.0,author_2,-0.15195961050294748,-0.07455153216478436
1380,Human-Human,human-human,EVPkCWSrT9SwL38W9Zuk,12,5.0,author_1,-0.19876162169807693,0.04985924986005802
1381,Human-Human,human-human,EVPkCWSrT9SwL38W9Zuk,13,6.0,author_2,-0.09511026047486802,0.11731738815402662
1382,Human-Human,human-human,EVPkCWSrT9SwL38W9Zuk,14,6.0,author_1,-0.06064163261974329,-0.09988877106347033
1383,Human-Human,human-human,EVPkCWSrT9SwL38W9Zuk,15,7.0,author_2,-0.10351816085523727,-0.0619980306017545
1384,Human-Human,human-human,EVPkCWSrT9SwL38W9Zuk,16,7.0,author_1,-0.008988921169105405,-0.12145900729661557
1385,Human-Human,human-human,EVPkCWSrT9SwL38W9Zuk,17,8.0,author_2,-0.07143693284261486,-0.013723426495325396
1386,Human-Human,human-human,EVPkCWSrT9SwL38W9Zuk,18,8.0,author_1,-0.01363276628442752,-0.13111068468891182
1387,Human-Human,human-human,EVPkCWSrT9SwL38W9Zuk,19,9.0,author_2,-0.1614210947674652,-0.034304027100847415
1388,Human-Human,human-human,EVPkCWSrT9SwL38W9Zuk,20,9.0,author_1,-0.2195512225712712,-0.03494628132038461
1389,Human-Human,human-human,FTAeksA8Y0QOBPW6kxWX,1,1.0,author_2,0.02320223342845924,-0.11523056011771898
1390,Human-Human,human-human,FTAeksA8Y0QOBPW6kxWX,2,1.0,author_1,-0.11022929376535086,0.02611460718083082
1392,Human-Human,human-human,FTAeksA8Y0QOBPW6kxWX,4,1.0,author_1,-0.008627218194932246,-0.16296113120838243
1393,Human-Human,human-human,FTAeksA8Y0QOBPW6kxWX,5,2.0,author_2,-0.12424593254722333,-0.10278131969625842
1394,Human-Human,human-human,FTAeksA8Y0QOBPW6kxWX,6,2.0,author_1,-0.13871164534213545,-0.007648431502820741
1395,Human-Human,human-human,FTAeksA8Y0QOBPW6kxWX,7,3.0,author_2,-0.18981744485646376,0.06586084920365357
1396,Human-Human,human-human,FTAeksA8Y0QOBPW6kxWX,8,3.0,author_1,-0.1719297398962087,-0.025227679418643692
1397,Human-Human,human-human,FTAeksA8Y0QOBPW6kxWX,9,4.0,author_2,-0.22255223752357872,0.07307917640140872
1398,Human-Human,human-human,FTAeksA8Y0QOBPW6kxWX,10,4.0,author_1,-0.19530774514333474,0.22674306769743585
1399,Human-Human,human-human,FTAeksA8Y0QOBPW6kxWX,11,5.0,author_2,-0.20065332038041145,0.013501426600792338
1400,Human-Human,human-human,FTAeksA8Y0QOBPW6kxWX,12,5.0,author_1,-0.13629379971214095,-0.013400667842059722
1401,Human-Human,human-human,FTAeksA8Y0QOBPW6kxWX,13,6.0,author_2,-0.08690895821007788,0.019124913023867866
1402,Human-Human,human-human,FTAeksA8Y0QOBPW6kxWX,14,6.0,author_1,0.01949289935230289,-0.037724443670560784
1403,Human-Human,human-human,FTAeksA8Y0QOBPW6kxWX,15,7.0,author_2,0.11824256152673471,-0.02386372756501937
1404,Human-Human,human-human,FTAeksA8Y0QOBPW6kxWX,16,7.0,author_1,-0.057927487549452095,0.07992061930552938
1405,Human-Human,human-human,FTAeksA8Y0QOBPW6kxWX,17,8.0,author_2,-0.10212915542743987,-0.11062644125304757
1406,Human-Human,human-human,FTAeksA8Y0QOBPW6kxWX,18,8.0,author_1,-0.09318381727776605,0.08237549538471246
1411,Human-Human,human-human,INnauEosv25woOCrBRDi,3,1.0,author_2,-0.1288515308680242,0.014494085740104353
1412,Human-Human,human-human,INnauEosv25woOCrBRDi,4,1.0,author_1,-0.14593353872936707,0.09289576936239911
1413,Human-Human,human-human,INnauEosv25woOCrBRDi,5,2.0,author_2,-0.13041085367054384,0.06756715039637161
1414,Human-Human,human-human,INnauEosv25woOCrBRDi,6,2.0,author_1,-0.15105591664867904,-0.056164539516366366
1415,Human-Human,human-human,INnauEosv25woOCrBRDi,7,3.0,author_2,-0.15067569848562704,0.040134496285488326
1416,Human-Human,human-human,INnauEosv25woOCrBRDi,8,3.0,author_1,0.003691485810770894,-0.04472877022135221
1417,Human-Human,human-human,INnauEosv25woOCrBRDi,9,4.0,author_2,-0.17827151568944422,-0.06547143268376396
1418,Human-Human,human-human,INnauEosv25woOCrBRDi,10,4.0,author_1,-0.01710335895588807,-0.10582893444762867
1419,Human-Human,human-human,INnauEosv25woOCrBRDi,11,5.0,author_2,0.024393288114208454,-0.041676216128171184
1420,Human-Human,human-human,INnauEosv25woOCrBRDi,12,5.0,author_1,-0.07011823267750271,-0.17020218683667365
1421,Human-Human,human-human,INnauEosv25woOCrBRDi,13,6.0,author_2,-0.12674578421307148,0.1684887230843631
1422,Human-Human,human-human,INnauEosv25woOCrBRDi,14,6.0,author_1,0.07827548516617204,-0.13024047795109334
1423,Human-Human,human-human,INnauEosv25woOCrBRDi,15,7.0,author_2,-0.09549989420107206,-0.14973069806738507
1424,Human-Human,human-human,INnauEosv25woOCrBRDi,16,7.0,author_1,-0.10811191117554173,-0.15394095937944507
1425,Human-Human,human-human,INnauEosv25woOCrBRDi,17,8.0,author_2,-0.12361435920356707,-0.0004221171716769466
1426,Human-Human,human-human,INnauEosv25woOCrBRDi,18,8.0,author_1,-0.16593512844216762,0.06856407389955987
1427,Human-Human,human-human,INnauEosv25woOCrBRDi,19,9.0,author_2,-0.13415614421497082,0.06544647939395243
1428,Human-Human,human-human,INnauEosv25woOCrBRDi,20,9.0,author_1,-0.030503764114681624,-0.029801014261481604
1429,Human-Human,human-human,JFI8cNwhGfRT2Jd6JUd0,1,1.0,author_1,-0.08772429546748758,-0.1856731724612668
1430,Human-Human,human-human,JFI8cNwhGfRT2Jd6JUd0,2,1.0,author_2,-0.15471488927996757,-0.21096128667903735
1431,Human-Human,human-human,JFI8cNwhGfRT2Jd6JUd0,3,2.0,author_1,-0.059339081905644395,-0.1397671686119738
1432,Human-Human,human-human,JFI8cNwhGfRT2Jd6JUd0,4,2.0,author_2,-0.05445154493037371,-0.1412200209856869
1433,Human-Human,human-human,JFI8cNwhGfRT2Jd6JUd0,5,3.0,author_1,-0.18762130188920176,0.030870082304071574
1434,Human-Human,human-human,JFI8cNwhGfRT2Jd6JUd0,6,3.0,author_2,-0.11201188488737032,-0.0820381983521932
1435,Human-Human,human-human,JFI8cNwhGfRT2Jd6JUd0,7,4.0,author_1,-0.10647541204962596,-0.019219183527251722
1436,Human-Human,human-human,JFI8cNwhGfRT2Jd6JUd0,8,4.0,author_2,-0.11124188899824478,-0.1361480483260391
1437,Human-Human,human-human,JFI8cNwhGfRT2Jd6JUd0,9,5.0,author_1,0.0031295566681407067,-0.15980473889616267
1438,Human-Human,human-human,JFI8cNwhGfRT2Jd6JUd0,10,5.0,author_2,-0.11690533452797024,-0.2345491887004792
1439,Human-Human,human-human,JFI8cNwhGfRT2Jd6JUd0,11,6.0,author_1,-0.26455240491790816,-0.04460830554240541
1440,Human-Human,human-human,JFI8cNwhGfRT2Jd6JUd0,12,6.0,author_2,-0.18980366473655608,-0.009546795713673131
1441,Human-Human,human-human,JFI8cNwhGfRT2Jd6JUd0,13,7.0,author_1,-0.2667381690049537,0.09285093810933029
1442,Human-Human,human-human,JFI8cNwhGfRT2Jd6JUd0,14,7.0,author_2,-0.20255684143512423,0.06634276668503439
1443,Human-Human,human-human,JFI8cNwhGfRT2Jd6JUd0,15,8.0,author_1,-0.12156581814883802,-0.11885930824144575
1444,Human-Human,human-human,JFI8cNwhGfRT2Jd6JUd0,16,8.0,author_2,-0.2273491167840287,-0.04556735402204516
1445,Human-Human,human-human,JFI8cNwhGfRT2Jd6JUd0,17,9.0,author_1,-0.19427515472580692,-0.04191514356502428
1446,Human-Human,human-human,JFI8cNwhGfRT2Jd6JUd0,18,9.0,author_2,-0.012403418854874795,-0.1864863918643088
1448,Human-Human,human-human,JYZ6dAbVtTCZL8fZXM8s,2,1.0,author_2,-0.07012580558886043,-0.0163126854379173
1449,Human-Human,human-human,JYZ6dAbVtTCZL8fZXM8s,3,2.0,author_1,-0.13862692961723538,0.012919381674481693
1450,Human-Human,human-human,JYZ6dAbVtTCZL8fZXM8s,4,2.0,author_2,-0.1918342456007746,0.036818440747494546
1451,Human-Human,human-human,JYZ6dAbVtTCZL8fZXM8s,5,3.0,author_1,-0.14619545552929275,0.06249581927133966
1452,Human-Human,human-human,JYZ6dAbVtTCZL8fZXM8s,6,3.0,author_2,-0.1896489499144487,0.12691703515707875
1453,Human-Human,human-human,JYZ6dAbVtTCZL8fZXM8s,7,4.0,author_1,-0.06497879999537823,0.09016861304630683
1454,Human-Human,human-human,JYZ6dAbVtTCZL8fZXM8s,8,4.0,author_2,-0.0457044284008839,0.009064868792926247
1455,Human-Human,human-human,JYZ6dAbVtTCZL8fZXM8s,9,5.0,author_1,-0.06872035036156976,-0.04063720684785324
1456,Human-Human,human-human,JYZ6dAbVtTCZL8fZXM8s,10,5.0,author_2,-0.09160826162398006,-0.020317523761379613
1457,Human-Human,human-human,JYZ6dAbVtTCZL8fZXM8s,11,6.0,author_1,-0.19557774796197652,-0.0021932322599403885
1458,Human-Human,human-human,JYZ6dAbVtTCZL8fZXM8s,12,6.0,author_2,-0.13128287590309845,0.10039776194025157
1459,Human-Human,human-human,JYZ6dAbVtTCZL8fZXM8s,13,7.0,author_1,-0.19848079387987883,0.1927698221721848
1460,Human-Human,human-human,JYZ6dAbVtTCZL8fZXM8s,14,7.0,author_2,-0.012616041684590785,0.022134030186094642
1461,Human-Human,human-human,JYZ6dAbVtTCZL8fZXM8s,15,8.0,author_1,-0.06144187596636548,0.1266570502645618
1462,Human-Human,human-human,JYZ6dAbVtTCZL8fZXM8s,16,8.0,author_2,-0.08404101304197484,0.0790166621951704
1463,Human-Human,human-human,JYZ6dAbVtTCZL8fZXM8s,17,9.0,author_1,-0.07489566482436831,0.05658679756072412
1464,Human-Human,human-human,JYZ6dAbVtTCZL8fZXM8s,18,9.0,author_2,-0.10471951145170792,0.019390179361782552
1465,Human-Human,human-human,K6nustVFF5ei8GiBLmiZ,1,1.0,author_1,-0.044644242779946566,0.048724210026283764
1466,Human-Human,human-human,K6nustVFF5ei8GiBLmiZ,2,1.0,author_2,-0.00624611989148177,0.1205167057806542
1467,Human-Human,human-human,K6nustVFF5ei8GiBLmiZ,3,2.0,author_1,-0.04476057625648197,-0.05823173390967416
1468,Human-Human,human-human,K6nustVFF5ei8GiBLmiZ,4,2.0,author_2,-0.21014862341126067,-0.034041130310335815
1469,Human-Human,human-human,K6nustVFF5ei8GiBLmiZ,5,3.0,author_1,-0.2159036213006209,-0.033786536818443236
1470,Human-Human,human-human,K6nustVFF5ei8GiBLmiZ,6,3.0,author_2,-0.20991608429878347,0.01361742567928177
1471,Human-Human,human-human,K6nustVFF5ei8GiBLmiZ,7,4.0,author_1,-0.17213525714217823,-0.09796865068712567
1472,Human-Human,human-human,K6nustVFF5ei8GiBLmiZ,8,4.0,author_2,-0.13242224712832473,-0.12531222290759308
1473,Human-Human,human-human,K6nustVFF5ei8GiBLmiZ,9,5.0,author_1,-0.11399029749439021,-0.08518067292100812
1474,Human-Human,human-human,K6nustVFF5ei8GiBLmiZ,10,5.0,author_2,-0.2078456871851264,-0.07434688855890818
1475,Human-Human,human-human,K6nustVFF5ei8GiBLmiZ,11,6.0,author_1,-0.13306142831916484,-0.07663063339947011
1476,Human-Human,human-human,K6nustVFF5ei8GiBLmiZ,12,6.0,author_2,-0.26736795749978215,-0.0871672915495365
1477,Human-Human,human-human,K6nustVFF5ei8GiBLmiZ,13,7.0,author_1,-0.09492177711265055,-0.11116156384672732
1478,Human-Human,human-human,K6nustVFF5ei8GiBLmiZ,14,7.0,author_2,-0.0022945655474761813,-0.03348949998979562
1479,Human-Human,human-human,K6nustVFF5ei8GiBLmiZ,15,8.0,author_1,-0.16885967410025035,0.008565704340697717
1480,Human-Human,human-human,K6nustVFF5ei8GiBLmiZ,16,8.0,author_2,-0.22012248184471586,0.01243070218949794
1481,Human-Human,human-human,K6nustVFF5ei8GiBLmiZ,17,9.0,author_1,-0.08135049354601086,0.09203277024938805
1482,Human-Human,human-human,K6nustVFF5ei8GiBLmiZ,18,9.0,author_2,-0.22911841952779904,0.03486067988831655
1483,Human-Human,human-human,NSZE9lXnuxIl0ZT4gRoy,1,1.0,author_2,-0.17278927260394844,-0.1073536417865834
1484,Human-Human,human-human,NSZE9lXnuxIl0ZT4gRoy,2,1.0,author_1,-0.1364582488921882,-0.08002098929864171
1485,Human-Human,human-human,NSZE9lXnuxIl0ZT4gRoy,3,1.0,author_2,-0.18731394833767123,-0.08427045183120417
1486,Human-Human,human-human,NSZE9lXnuxIl0ZT4gRoy,4,1.0,author_1,0.055948974846433415,-0.0010298420775056195
1487,Human-Human,human-human,NSZE9lXnuxIl0ZT4gRoy,5,2.0,author_2,-0.11358895161319629,-0.014190198635216747
1488,Human-Human,human-human,NSZE9lXnuxIl0ZT4gRoy,6,2.0,author_1,-0.10509308052663922,-0.05108232307437028
1489,Human-Human,human-human,NSZE9lXnuxIl0ZT4gRoy,7,3.0,author_2,-0.11455471852657145,-0.14300790846952913
1490,Human-Human,human-human,NSZE9lXnuxIl0ZT4gRoy,8,3.0,author_1,-0.05566679204552146,-0.2354161938818611
1491,Human-Human,human-human,NSZE9lXnuxIl0ZT4gRoy,9,4.0,author_2,0.016791113232796848,-0.2512688762152337
1492,Human-Human,human-human,NSZE9lXnuxIl0ZT4gRoy,10,4.0,author_1,-0.0007205434448533873,-0.10278202032465523
1493,Human-Human,human-human,NSZE9lXnuxIl0ZT4gRoy,11,5.0,author_2,-0.034245247569629635,-0.057564166403885425
1494,Human-Human,human-human,NSZE9lXnuxIl0ZT4gRoy,12,5.0,author_1,-0.04849263718159656,-0.005454595974510253
1495,Human-Human,human-human,NSZE9lXnuxIl0ZT4gRoy,13,6.0,author_2,-0.20010190581855075,-0.09340429241161664
1496,Human-Human,human-human,NSZE9lXnuxIl0ZT4gRoy,14,6.0,author_1,-0.24818358720847208,-0.1313867099054171
1497,Human-Human,human-human,NSZE9lXnuxIl0ZT4gRoy,15,7.0,author_2,-0.10138662246140337,-0.09334708909319907
1498,Human-Human,human-human,NSZE9lXnuxIl0ZT4gRoy,16,7.0,author_1,-0.06779239934464523,-0.13581057448636266
1499,Human-Human,human-human,NSZE9lXnuxIl0ZT4gRoy,17,8.0,author_2,-0.23078394421204462,0.08797071017649954
1500,Human-Human,human-human,NSZE9lXnuxIl0ZT4gRoy,18,8.0,author_1,-0.12666617125430127,-0.044783061460604276
1501,Human-Human,human-human,NSZE9lXnuxIl0ZT4gRoy,19,9.0,author_2,-0.10137022144533848,-0.07830799592985893
1502,Human-Human,human-human,NSZE9lXnuxIl0ZT4gRoy,20,9.0,author_1,-0.1375197000426059,-0.09037821465388383
1503,Human-Human,human-human,OdyHy12i4PsBZkM4jjdC,1,1.0,author_2,-0.15282985268751487,-0.17758880295309107
1504,Human-Human,human-human,OdyHy12i4PsBZkM4jjdC,2,1.0,author_1,-0.22859843769080754,-0.010597219595373963
1505,Human-Human,human-human,OdyHy12i4PsBZkM4jjdC,3,1.0,author_2,-0.16200815499701626,-0.09903585602686724
1506,Human-Human,human-human,OdyHy12i4PsBZkM4jjdC,4,1.0,author_1,-0.16950056275037167,-0.13483304095832593
1507,Human-Human,human-human,OdyHy12i4PsBZkM4jjdC,5,2.0,author_2,-0.34270091993097096,-0.024072570349846806
1508,Human-Human,human-human,OdyHy12i4PsBZkM4jjdC,6,2.0,author_1,-0.1462696359301635,-0.08810680909276904
1509,Human-Human,human-human,OdyHy12i4PsBZkM4jjdC,7,3.0,author_2,-0.1075296473890757,0.043420739740555034
1510,Human-Human,human-human,OdyHy12i4PsBZkM4jjdC,8,3.0,author_1,-0.09352571491888421,0.08575282260025105
1511,Human-Human,human-human,OdyHy12i4PsBZkM4jjdC,9,4.0,author_2,-0.16982289892899416,0.046638508706323925
1512,Human-Human,human-human,OdyHy12i4PsBZkM4jjdC,10,4.0,author_1,-0.26229098611675916,0.03222478761018278
1513,Human-Human,human-human,OdyHy12i4PsBZkM4jjdC,11,5.0,author_2,-0.06950243414266494,-0.06335399730564252
1514,Human-Human,human-human,OdyHy12i4PsBZkM4jjdC,12,5.0,author_1,-0.15582100833330603,0.011540034099992585
1515,Human-Human,human-human,OdyHy12i4PsBZkM4jjdC,13,6.0,author_2,-0.28304204980536973,0.08449303169362753
1516,Human-Human,human-human,OdyHy12i4PsBZkM4jjdC,14,6.0,author_1,-0.2178826189985223,0.026933355088066803
1517,Human-Human,human-human,OdyHy12i4PsBZkM4jjdC,15,7.0,author_2,-0.20236709255273752,0.119399832970942
1518,Human-Human,human-human,OdyHy12i4PsBZkM4jjdC,16,7.0,author_1,-0.06402198765787878,0.10779399052389041
1519,Human-Human,human-human,OdyHy12i4PsBZkM4jjdC,17,8.0,author_2,-0.1758979723642251,-0.06553010394690276
1520,Human-Human,human-human,OdyHy12i4PsBZkM4jjdC,18,8.0,author_1,-0.12990026287665027,-0.054261653875978755
1523,Human-Human,human-human,P1SZ3AZnoi1oqt5EbYh5,1,1.0,author_1,-0.16900646637685343,0.13610913762367746
1524,Human-Human,human-human,P1SZ3AZnoi1oqt5EbYh5,2,1.0,author_2,-0.16058926499961862,0.11338211037682862
1525,Human-Human,human-human,P1SZ3AZnoi1oqt5EbYh5,3,2.0,author_1,-0.2746581014205912,-0.011882606296350975
1526,Human-Human,human-human,P1SZ3AZnoi1oqt5EbYh5,4,2.0,author_2,-0.13111185957357016,-0.038928944936478346
1527,Human-Human,human-human,P1SZ3AZnoi1oqt5EbYh5,5,3.0,author_1,-0.2338249548442666,-0.03378903373318802
1528,Human-Human,human-human,P1SZ3AZnoi1oqt5EbYh5,6,3.0,author_2,-0.24009190464492253,-0.009347979380907595
1529,Human-Human,human-human,P1SZ3AZnoi1oqt5EbYh5,7,4.0,author_1,-0.2759245648595986,-0.12338980798711206
1530,Human-Human,human-human,P1SZ3AZnoi1oqt5EbYh5,8,4.0,author_2,-0.25821220503023623,-0.097275012008981
1531,Human-Human,human-human,P1SZ3AZnoi1oqt5EbYh5,9,5.0,author_1,-0.22886642641052765,-0.15168062699839654
1532,Human-Human,human-human,P1SZ3AZnoi1oqt5EbYh5,10,5.0,author_2,-0.16858567483304868,-0.24249452765886553
1534,Human-Human,human-human,P1SZ3AZnoi1oqt5EbYh5,12,6.0,author_2,-0.23731449997342535,-0.14069843957537403
1535,Human-Human,human-human,P1SZ3AZnoi1oqt5EbYh5,13,7.0,author_1,-0.11367398101935688,-0.11251253671806417
1536,Human-Human,human-human,P1SZ3AZnoi1oqt5EbYh5,14,7.0,author_2,-0.22745657937961353,-0.11478119324321463
1537,Human-Human,human-human,P1SZ3AZnoi1oqt5EbYh5,15,8.0,author_1,-0.23447969943419641,-0.23912807672972103
1538,Human-Human,human-human,P1SZ3AZnoi1oqt5EbYh5,16,8.0,author_2,-0.2773162064196933,-0.18841958617509172
1539,Human-Human,human-human,P1SZ3AZnoi1oqt5EbYh5,17,9.0,author_1,-0.05909938300972222,-0.22573500639325628
1540,Human-Human,human-human,P1SZ3AZnoi1oqt5EbYh5,18,9.0,author_2,-0.26721720077919037,-0.1546113568433685
1541,Human-Human,human-human,Pzb5I6nhg196AWLpukmz,1,1.0,author_2,-0.15673402097333053,0.08408903542423578
1542,Human-Human,human-human,Pzb5I6nhg196AWLpukmz,2,1.0,author_1,-0.07313880575904705,0.10183672631157556
1543,Human-Human,human-human,Pzb5I6nhg196AWLpukmz,3,1.0,author_2,0.02928411577573655,0.11799556136966063
1544,Human-Human,human-human,Pzb5I6nhg196AWLpukmz,4,1.0,author_1,-0.1436061105951321,0.016139503778253267
1545,Human-Human,human-human,Pzb5I6nhg196AWLpukmz,5,2.0,author_2,-0.02337046593427182,0.18317233329495108
1546,Human-Human,human-human,Pzb5I6nhg196AWLpukmz,6,2.0,author_1,-0.007939438060608626,0.06618479108356623
1547,Human-Human,human-human,Pzb5I6nhg196AWLpukmz,7,3.0,author_2,-0.0019164069364160019,0.1662360414848526
1548,Human-Human,human-human,Pzb5I6nhg196AWLpukmz,8,3.0,author_1,-0.05555176359787434,0.15841179605987246
1549,Human-Human,human-human,Pzb5I6nhg196AWLpukmz,9,4.0,author_2,0.048193216256327685,0.08621697396905942
1550,Human-Human,human-human,Pzb5I6nhg196AWLpukmz,10,4.0,author_1,0.0032707911962656776,0.124492209085863
1551,Human-Human,human-human,Pzb5I6nhg196AWLpukmz,11,5.0,author_2,-0.03291823649219373,0.26134348711795746
1552,Human-Human,human-human,Pzb5I6nhg196AWLpukmz,12,5.0,author_1,-0.019776941146045657,0.17271783533900706
1553,Human-Human,human-human,Pzb5I6nhg196AWLpukmz,13,6.0,author_2,0.0054208223264147915,0.20645486055580078
1554,Human-Human,human-human,Pzb5I6nhg196AWLpukmz,14,6.0,author_1,0.0631008904064621,0.10516903450736184
1555,Human-Human,human-human,Pzb5I6nhg196AWLpukmz,15,7.0,author_2,-0.3121413455485127,0.0805219251058102
1556,Human-Human,human-human,Pzb5I6nhg196AWLpukmz,16,7.0,author_1,-0.08748173663959638,0.05452600791686227
1557,Human-Human,human-human,Pzb5I6nhg196AWLpukmz,17,8.0,author_2,-0.12179205927841999,0.10244713848557047
1558,Human-Human,human-human,Pzb5I6nhg196AWLpukmz,18,8.0,author_1,0.012732318419621936,0.1030053754813491
1559,Human-Human,human-human,Pzb5I6nhg196AWLpukmz,19,9.0,author_2,-0.025925075897172675,0.01601858638987285
1560,Human-Human,human-human,Pzb5I6nhg196AWLpukmz,20,9.0,author_1,-0.18344780429037894,0.037482489676843894
1561,Human-Human,human-human,RGwAQvKrGEfTj8ym6lju,1,1.0,author_1,-0.24343740069219438,-0.03541722231602959
1562,Human-Human,human-human,RGwAQvKrGEfTj8ym6lju,2,1.0,author_2,-0.02547337390674067,-0.1709461672888317
1563,Human-Human,human-human,RGwAQvKrGEfTj8ym6lju,3,2.0,author_1,-0.1473695291223891,-0.10292198007841358
1564,Human-Human,human-human,RGwAQvKrGEfTj8ym6lju,4,2.0,author_2,-0.02079090755503946,-0.08664535585704092
1565,Human-Human,human-human,RGwAQvKrGEfTj8ym6lju,5,3.0,author_1,-0.33032488221037115,-0.10956360481528755
1567,Human-Human,human-human,RGwAQvKrGEfTj8ym6lju,7,4.0,author_1,-0.18351328746038764,-0.06140265355440479
1568,Human-Human,human-human,RGwAQvKrGEfTj8ym6lju,8,4.0,author_2,-0.20700085313621597,-0.1455204028267127
1569,Human-Human,human-human,RGwAQvKrGEfTj8ym6lju,9,5.0,author_1,-0.1087452785478075,-0.06085838502895172
1570,Human-Human,human-human,RGwAQvKrGEfTj8ym6lju,10,5.0,author_2,-0.21975725322989437,-0.020568209439122614
1571,Human-Human,human-human,RGwAQvKrGEfTj8ym6lju,11,6.0,author_1,-0.054926991866929634,0.03939917918934703
1572,Human-Human,human-human,RGwAQvKrGEfTj8ym6lju,12,6.0,author_2,-0.07290456681693976,0.12934464774391308
1573,Human-Human,human-human,RGwAQvKrGEfTj8ym6lju,13,7.0,author_1,-0.2397798034335574,-0.09153562646554235
1574,Human-Human,human-human,RGwAQvKrGEfTj8ym6lju,14,7.0,author_2,-0.14462336141250615,0.08175350253274072
1575,Human-Human,human-human,RGwAQvKrGEfTj8ym6lju,15,8.0,author_1,-0.2535750628015476,0.029370302457448556
1576,Human-Human,human-human,RGwAQvKrGEfTj8ym6lju,16,8.0,author_2,-0.25599897757452733,0.046637911839713685
1577,Human-Human,human-human,RGwAQvKrGEfTj8ym6lju,17,9.0,author_1,-0.19827211484727753,-0.03899736472497352
1578,Human-Human,human-human,RGwAQvKrGEfTj8ym6lju,18,9.0,author_2,-0.21081674406993983,-0.08787125645162701
1579,Human-Human,human-human,Tf1TksJV6vLRqvWrSi52,1,1.0,author_1,-0.12175002807445225,-0.3234008900994539
1580,Human-Human,human-human,Tf1TksJV6vLRqvWrSi52,2,1.0,author_2,-0.22186451091665718,-0.22254963564145724
1581,Human-Human,human-human,Tf1TksJV6vLRqvWrSi52,3,2.0,author_1,-0.16322171233789118,-0.3141342836845564
1582,Human-Human,human-human,Tf1TksJV6vLRqvWrSi52,4,2.0,author_2,-0.2776656081285668,-0.19207550508879162
1583,Human-Human,human-human,Tf1TksJV6vLRqvWrSi52,5,3.0,author_1,-0.17462948041150655,-0.08534958210605242
1584,Human-Human,human-human,Tf1TksJV6vLRqvWrSi52,6,3.0,author_2,-0.20759253274836278,-0.17979336031716764
1585,Human-Human,human-human,Tf1TksJV6vLRqvWrSi52,7,4.0,author_1,-0.24361696732901061,0.0637419662202031
1587,Human-Human,human-human,Tf1TksJV6vLRqvWrSi52,9,5.0,author_1,-0.26202233977884865,0.010061385417015085
1588,Human-Human,human-human,Tf1TksJV6vLRqvWrSi52,10,5.0,author_2,-0.11013146660543115,-0.09213445832776107
1589,Human-Human,human-human,Tf1TksJV6vLRqvWrSi52,11,6.0,author_1,-0.23182311027482178,-0.07129098847857852
1590,Human-Human,human-human,Tf1TksJV6vLRqvWrSi52,12,6.0,author_2,-0.17451658681799317,-0.23503562208934464
1591,Human-Human,human-human,Tf1TksJV6vLRqvWrSi52,13,7.0,author_1,-0.015607565232248925,-0.2158129561397561
1592,Human-Human,human-human,Tf1TksJV6vLRqvWrSi52,14,7.0,author_2,-0.19875235444778663,-0.10109087161851575
1593,Human-Human,human-human,Tf1TksJV6vLRqvWrSi52,15,8.0,author_1,-0.12774124655871485,-0.24053029616059957
1594,Human-Human,human-human,Tf1TksJV6vLRqvWrSi52,16,8.0,author_2,-0.1807527281345545,-0.216985254168205
1595,Human-Human,human-human,Tf1TksJV6vLRqvWrSi52,17,9.0,author_1,-0.2730871734406271,-0.19024247971173208
1597,Human-Human,human-human,ULRAMZF7ra0i53A9w3Gv,1,1.0,author_1,-0.07225599160728222,-0.21505965031332455
1598,Human-Human,human-human,ULRAMZF7ra0i53A9w3Gv,2,1.0,author_2,-0.09866665399083807,-0.19302004406658954
1599,Human-Human,human-human,ULRAMZF7ra0i53A9w3Gv,3,2.0,author_1,-0.06407314107841684,-0.11901775095045965
1600,Human-Human,human-human,ULRAMZF7ra0i53A9w3Gv,4,2.0,author_2,0.067866726968902,-0.1979778557031514
1602,Human-Human,human-human,ULRAMZF7ra0i53A9w3Gv,6,3.0,author_2,-0.23471766746975953,0.04224680912884625
1603,Human-Human,human-human,ULRAMZF7ra0i53A9w3Gv,7,4.0,author_1,-0.062040689796888086,-0.12627932754682064
1604,Human-Human,human-human,ULRAMZF7ra0i53A9w3Gv,8,4.0,author_2,-0.22407679662139218,-0.07061169796478382
1605,Human-Human,human-human,ULRAMZF7ra0i53A9w3Gv,9,5.0,author_1,-0.054379853808316746,0.0019705317838676732
1606,Human-Human,human-human,ULRAMZF7ra0i53A9w3Gv,10,5.0,author_2,-0.2183435181536903,-0.11666134706472533
1607,Human-Human,human-human,ULRAMZF7ra0i53A9w3Gv,11,6.0,author_1,-0.1350065383460945,-0.10430626224843831
1608,Human-Human,human-human,ULRAMZF7ra0i53A9w3Gv,12,6.0,author_2,-0.2440341301339274,-0.03636167776191495
1609,Human-Human,human-human,ULRAMZF7ra0i53A9w3Gv,13,7.0,author_1,-0.12120447170294993,-0.11032624269344007
1610,Human-Human,human-human,ULRAMZF7ra0i53A9w3Gv,14,7.0,author_2,-0.15756981338967263,-0.14856836434809068
1611,Human-Human,human-human,ULRAMZF7ra0i53A9w3Gv,15,8.0,author_1,-0.13596332109205603,-0.2471319129405448
1612,Human-Human,human-human,ULRAMZF7ra0i53A9w3Gv,16,8.0,author_2,-0.011877513127390365,-0.1308319727914676
1613,Human-Human,human-human,ULRAMZF7ra0i53A9w3Gv,17,9.0,author_1,0.013462602435474372,-0.2475807027613554
1614,Human-Human,human-human,ULRAMZF7ra0i53A9w3Gv,18,9.0,author_2,0.09537372743442965,-0.262932506250093
1615,Human-Human,human-human,WXfjYvL0j5iHL8rllFn1,1,1.0,author_2,-0.1334264582522104,-0.07298989702499917
1616,Human-Human,human-human,WXfjYvL0j5iHL8rllFn1,2,1.0,author_1,-0.2148798409244671,-0.0643605019625185
1617,Human-Human,human-human,WXfjYvL0j5iHL8rllFn1,3,1.0,author_2,-0.08363932555577366,-0.1630371155483537
1618,Human-Human,human-human,WXfjYvL0j5iHL8rllFn1,4,1.0,author_1,-0.03444447271588848,-0.11751474161448644
1619,Human-Human,human-human,WXfjYvL0j5iHL8rllFn1,5,2.0,author_2,-0.15326255988552537,-0.04400621839715081
1620,Human-Human,human-human,WXfjYvL0j5iHL8rllFn1,6,2.0,author_1,-0.13058226344862106,0.14916433230517506
1621,Human-Human,human-human,WXfjYvL0j5iHL8rllFn1,7,3.0,author_2,-0.09103911146913185,-0.07981009812157588
1622,Human-Human,human-human,WXfjYvL0j5iHL8rllFn1,8,3.0,author_1,-0.020347605277356774,-0.07298040375449952
1623,Human-Human,human-human,WXfjYvL0j5iHL8rllFn1,9,4.0,author_2,-0.09796534280674273,0.02463468463891524
1624,Human-Human,human-human,WXfjYvL0j5iHL8rllFn1,10,4.0,author_1,-0.11120224706823681,-0.028161215384876825
1625,Human-Human,human-human,WXfjYvL0j5iHL8rllFn1,11,5.0,author_2,-0.12354725775138163,-0.021000788193565142
1626,Human-Human,human-human,WXfjYvL0j5iHL8rllFn1,12,5.0,author_1,-0.03139450576665307,-0.024065255208374096
1627,Human-Human,human-human,WXfjYvL0j5iHL8rllFn1,13,6.0,author_2,-0.1286271914889296,-0.13492429036926118
1628,Human-Human,human-human,WXfjYvL0j5iHL8rllFn1,14,6.0,author_1,-0.00316173737813092,-0.08155351289439117
1629,Human-Human,human-human,WXfjYvL0j5iHL8rllFn1,15,7.0,author_2,-0.19767706445652672,-0.0819480726546743
1630,Human-Human,human-human,WXfjYvL0j5iHL8rllFn1,16,7.0,author_1,-0.2663934906679861,-0.10972697890250557
1631,Human-Human,human-human,WXfjYvL0j5iHL8rllFn1,17,8.0,author_2,-0.10147525132648776,0.09219376731052802
1632,Human-Human,human-human,WXfjYvL0j5iHL8rllFn1,18,8.0,author_1,-0.09022738842957607,0.06699615708167389
1633,Human-Human,human-human,WXfjYvL0j5iHL8rllFn1,19,9.0,author_2,-0.18450332371576839,0.0019370514128700701
1634,Human-Human,human-human,WXfjYvL0j5iHL8rllFn1,20,9.0,author_1,-0.04923938649650533,-0.049384725690495235
1635,Human-Human,human-human,WYnhagFwtR0bJ9vucGsm,1,1.0,author_1,-0.16803493563858976,0.03889457714033104
1636,Human-Human,human-human,WYnhagFwtR0bJ9vucGsm,2,1.0,author_2,-0.26106135092451055,-0.07073301713497264
1637,Human-Human,human-human,WYnhagFwtR0bJ9vucGsm,3,2.0,author_1,-0.16914028252856889,-0.13175401090980365
1638,Human-Human,human-human,WYnhagFwtR0bJ9vucGsm,4,2.0,author_2,-0.19691690074815224,0.012582844441061971
1639,Human-Human,human-human,WYnhagFwtR0bJ9vucGsm,5,3.0,author_1,-0.04515828374958692,-0.010904044048004966
1640,Human-Human,human-human,WYnhagFwtR0bJ9vucGsm,6,3.0,author_2,-0.1296654241954458,0.11060237382856054
1641,Human-Human,human-human,WYnhagFwtR0bJ9vucGsm,7,4.0,author_1,-0.1136059018860588,0.16605934988196835
1642,Human-Human,human-human,WYnhagFwtR0bJ9vucGsm,8,4.0,author_2,-0.012037708993185488,-0.006609649689103781
1643,Human-Human,human-human,WYnhagFwtR0bJ9vucGsm,9,5.0,author_1,-0.0886240812912127,-0.000744988833760318
1644,Human-Human,human-human,WYnhagFwtR0bJ9vucGsm,10,5.0,author_2,0.0932368102838427,0.0652011461508433
1645,Human-Human,human-human,WYnhagFwtR0bJ9vucGsm,11,6.0,author_1,-0.025849425428527077,0.03748020416312971
1646,Human-Human,human-human,WYnhagFwtR0bJ9vucGsm,12,6.0,author_2,-0.0613884667109105,0.14932217372478757
1647,Human-Human,human-human,WYnhagFwtR0bJ9vucGsm,13,7.0,author_1,-0.1643950021097837,0.06022852454210089
1648,Human-Human,human-human,WYnhagFwtR0bJ9vucGsm,14,7.0,author_2,-0.01794590363815196,-0.015528425838067832
1649,Human-Human,human-human,WYnhagFwtR0bJ9vucGsm,15,8.0,author_1,-0.03680841875443315,0.030642954750245685
1650,Human-Human,human-human,WYnhagFwtR0bJ9vucGsm,16,8.0,author_2,-0.06139108925561815,0.11919671753749156
1651,Human-Human,human-human,WYnhagFwtR0bJ9vucGsm,17,9.0,author_1,-0.204162128520193,0.06178171825133441
1652,Human-Human,human-human,WYnhagFwtR0bJ9vucGsm,18,9.0,author_2,-0.04590533296580206,0.06003679602367217
1653,Human-Human,human-human,YprMqddWHK39musGQ4si,1,1.0,author_1,-0.16214629973407763,-0.008060906831105361
1654,Human-Human,human-human,YprMqddWHK39musGQ4si,2,1.0,author_2,-0.27077098056111604,-0.0829491721074389
1655,Human-Human,human-human,YprMqddWHK39musGQ4si,3,2.0,author_1,-0.18353889756410802,-0.09077017979658573
1656,Human-Human,human-human,YprMqddWHK39musGQ4si,4,2.0,author_2,-0.023079972373090295,-0.21431283505444945
1657,Human-Human,human-human,YprMqddWHK39musGQ4si,5,3.0,author_1,-0.24566819291316297,-0.10397498189452707
1658,Human-Human,human-human,YprMqddWHK39musGQ4si,6,3.0,author_2,-0.1765174812041871,-0.0394152172960259
1659,Human-Human,human-human,YprMqddWHK39musGQ4si,7,4.0,author_1,-0.11086876567857044,0.20917366928444286
1660,Human-Human,human-human,YprMqddWHK39musGQ4si,8,4.0,author_2,-0.19573989936590508,0.023241875079359594
1661,Human-Human,human-human,YprMqddWHK39musGQ4si,9,5.0,author_1,-0.17469415785626732,0.07489979734221541
1662,Human-Human,human-human,YprMqddWHK39musGQ4si,10,5.0,author_2,-0.16685289087301197,0.058982004838824105
1663,Human-Human,human-human,YprMqddWHK39musGQ4si,11,6.0,author_1,-0.120116810502197,0.038247028523019394
1664,Human-Human,human-human,YprMqddWHK39musGQ4si,12,6.0,author_2,0.09112751019587464,-0.14562207692022766
1665,Human-Human,human-human,YprMqddWHK39musGQ4si,13,7.0,author_1,-0.26503370468861565,0.11641848632207513
1666,Human-Human,human-human,YprMqddWHK39musGQ4si,14,7.0,author_2,-0.15738554832446555,0.002143021911713565
1667,Human-Human,human-human,YprMqddWHK39musGQ4si,15,8.0,author_1,-0.20910445513834205,0.13501260226928322
1668,Human-Human,human-human,YprMqddWHK39musGQ4si,16,8.0,author_2,-0.19465247660355797,-0.09641324137312027
1669,Human-Human,human-human,YprMqddWHK39musGQ4si,17,9.0,author_1,-0.1510736398581662,-0.06858494479407572
1670,Human-Human,human-human,YprMqddWHK39musGQ4si,18,9.0,author_2,-0.1413918010431034,0.023737627092742998
1671,Human-Human,human-human,bF3wySQHXxUL66FkpR9w,1,1.0,author_1,-0.19659633226386022,-0.09522238842773458
1672,Human-Human,human-human,bF3wySQHXxUL66FkpR9w,2,1.0,author_2,-0.21506530219325826,-0.007650753105758521
1673,Human-Human,human-human,bF3wySQHXxUL66FkpR9w,3,2.0,author_1,-0.1923668751010586,0.04786623445566976
1674,Human-Human,human-human,bF3wySQHXxUL66FkpR9w,4,2.0,author_2,-0.14308218041862253,-0.12800795859087616
1675,Human-Human,human-human,bF3wySQHXxUL66FkpR9w,5,3.0,author_1,-0.12303935559222862,-0.05883716680116262
1676,Human-Human,human-human,bF3wySQHXxUL66FkpR9w,6,3.0,author_2,-0.1951563064052417,0.0557037237606028
1677,Human-Human,human-human,bF3wySQHXxUL66FkpR9w,7,4.0,author_1,-0.17788501168565374,0.06419404565335879
1678,Human-Human,human-human,bF3wySQHXxUL66FkpR9w,8,4.0,author_2,-0.22193176534482822,-0.05327336068596284
1679,Human-Human,human-human,bF3wySQHXxUL66FkpR9w,9,5.0,author_1,-0.14643421497810194,0.04961086860693659
1681,Human-Human,human-human,bF3wySQHXxUL66FkpR9w,11,6.0,author_1,-0.0742255232601002,-0.02819373087552579
1682,Human-Human,human-human,bF3wySQHXxUL66FkpR9w,12,6.0,author_2,-0.20519841235786163,0.011012344254480562
1683,Human-Human,human-human,bF3wySQHXxUL66FkpR9w,13,7.0,author_1,-0.20363104309150484,0.04497107901587789
1684,Human-Human,human-human,bF3wySQHXxUL66FkpR9w,14,7.0,author_2,-0.13151634970233284,-0.07332431484341086
1685,Human-Human,human-human,bF3wySQHXxUL66FkpR9w,15,8.0,author_1,-0.10238880958748904,0.08146793932952485
1686,Human-Human,human-human,bF3wySQHXxUL66FkpR9w,16,8.0,author_2,-0.16446550876105753,0.0025012606076026903
1687,Human-Human,human-human,bF3wySQHXxUL66FkpR9w,17,9.0,author_1,-0.19333489582160351,0.11046403449489366
1689,Human-Human,human-human,cUrf0q4FWuzVfOPnH1a7,1,1.0,author_2,0.03090096967133556,0.015057241435776757
1690,Human-Human,human-human,cUrf0q4FWuzVfOPnH1a7,2,1.0,author_1,-0.1703484415701237,0.0773900418115275
1691,Human-Human,human-human,cUrf0q4FWuzVfOPnH1a7,3,1.0,author_2,-0.11230511140364297,-0.0963538092495248
1692,Human-Human,human-human,cUrf0q4FWuzVfOPnH1a7,4,1.0,author_1,-0.04281664665398188,0.11027017766635455
1693,Human-Human,human-human,cUrf0q4FWuzVfOPnH1a7,5,2.0,author_2,-0.16730335259446724,0.014517471527864478
1694,Human-Human,human-human,cUrf0q4FWuzVfOPnH1a7,6,2.0,author_1,-0.11429844680445093,-0.04294502245667716
1695,Human-Human,human-human,cUrf0q4FWuzVfOPnH1a7,7,3.0,author_2,-0.1852157597441585,0.02439685363935349
1696,Human-Human,human-human,cUrf0q4FWuzVfOPnH1a7,8,3.0,author_1,-0.08946707453474345,0.10451255459612212
1697,Human-Human,human-human,cUrf0q4FWuzVfOPnH1a7,9,4.0,author_2,-0.09992374463345104,0.052291146037041374
1698,Human-Human,human-human,cUrf0q4FWuzVfOPnH1a7,10,4.0,author_1,-0.19770707193028708,0.12024230173132894
1699,Human-Human,human-human,cUrf0q4FWuzVfOPnH1a7,11,5.0,author_2,-0.0565655007976059,0.07075525924686574
1700,Human-Human,human-human,cUrf0q4FWuzVfOPnH1a7,12,5.0,author_1,-0.05765892620930365,0.11752115901895538
1701,Human-Human,human-human,cUrf0q4FWuzVfOPnH1a7,13,6.0,author_2,-0.029876725203300536,0.08654747282895234
1702,Human-Human,human-human,cUrf0q4FWuzVfOPnH1a7,14,6.0,author_1,-0.06511076315910407,0.08377814874384173
1703,Human-Human,human-human,cUrf0q4FWuzVfOPnH1a7,15,7.0,author_2,-0.05029371908927471,0.07356290285383135
1704,Human-Human,human-human,cUrf0q4FWuzVfOPnH1a7,16,7.0,author_1,-0.04488952289755092,0.01990615787741501
1705,Human-Human,human-human,cUrf0q4FWuzVfOPnH1a7,17,8.0,author_2,-0.15908813135929337,0.09812837927432005
1706,Human-Human,human-human,cUrf0q4FWuzVfOPnH1a7,18,8.0,author_1,-0.1447540472121702,0.10773138306376911
1707,Human-Human,human-human,cUrf0q4FWuzVfOPnH1a7,19,9.0,author_2,0.005381378420305116,0.09111885138306088
1709,Human-Human,human-human,fIf2ccAs4ZpVTP7BBoxp,1,1.0,author_2,-0.03616793189574864,-0.25986017292069985
1710,Human-Human,human-human,fIf2ccAs4ZpVTP7BBoxp,2,1.0,author_1,-0.030462579945869178,-0.036891875077429775
1711,Human-Human,human-human,fIf2ccAs4ZpVTP7BBoxp,3,1.0,author_2,-0.06347767338455872,0.04740955059862874
1712,Human-Human,human-human,fIf2ccAs4ZpVTP7BBoxp,4,1.0,author_1,0.19221887840746904,-0.08139297380744956
1713,Human-Human,human-human,fIf2ccAs4ZpVTP7BBoxp,5,2.0,author_2,-0.0539494265501181,-0.08836176067641549
1714,Human-Human,human-human,fIf2ccAs4ZpVTP7BBoxp,6,2.0,author_1,-0.12149634410766237,0.05061248812835661
1715,Human-Human,human-human,fIf2ccAs4ZpVTP7BBoxp,7,3.0,author_2,-0.16508505674105092,0.012807144789784721
1716,Human-Human,human-human,fIf2ccAs4ZpVTP7BBoxp,8,3.0,author_1,-0.07640443516828213,0.03751305818609968
1717,Human-Human,human-human,fIf2ccAs4ZpVTP7BBoxp,9,4.0,author_2,-0.11909782722714912,0.06641633558308377
1718,Human-Human,human-human,fIf2ccAs4ZpVTP7BBoxp,10,4.0,author_1,0.11325887887029497,-0.16280169502900937
1719,Human-Human,human-human,fIf2ccAs4ZpVTP7BBoxp,11,5.0,author_2,-0.08134633308113198,-0.20396433025017557
1720,Human-Human,human-human,fIf2ccAs4ZpVTP7BBoxp,12,5.0,author_1,-0.09976260721523303,-0.06091677092390971
1721,Human-Human,human-human,fIf2ccAs4ZpVTP7BBoxp,13,6.0,author_2,-0.01056600068196859,-0.16061267708903454
1724,Human-Human,human-human,fIf2ccAs4ZpVTP7BBoxp,16,7.0,author_1,-0.20521533439062417,-0.04312120771931269
1725,Human-Human,human-human,fIf2ccAs4ZpVTP7BBoxp,17,8.0,author_2,-0.0527723222290145,-0.11781845181032063
1726,Human-Human,human-human,fIf2ccAs4ZpVTP7BBoxp,18,8.0,author_1,-0.29684005511496214,-0.25281637418772296
1727,Human-Human,human-human,fIf2ccAs4ZpVTP7BBoxp,19,9.0,author_2,0.03866784066696489,-0.2020336116320896
1728,Human-Human,human-human,fIf2ccAs4ZpVTP7BBoxp,20,9.0,author_1,-0.12379493725929694,-0.2185081652967812
1729,Human-Human,human-human,fcEeCffFk5SmTIeQXKQN,1,1.0,author_2,-0.12317632318445576,-0.1244011596491747
1730,Human-Human,human-human,fcEeCffFk5SmTIeQXKQN,2,1.0,author_1,-0.12172255025057814,-0.17679452130229203
1731,Human-Human,human-human,fcEeCffFk5SmTIeQXKQN,3,1.0,author_2,-0.04316011580281911,-0.16134558684987876
1732,Human-Human,human-human,fcEeCffFk5SmTIeQXKQN,4,1.0,author_1,-0.05261768066791518,-0.15791664039380313
1733,Human-Human,human-human,fcEeCffFk5SmTIeQXKQN,5,2.0,author_2,-0.19182989287929642,0.007011028659260999
1734,Human-Human,human-human,fcEeCffFk5SmTIeQXKQN,6,2.0,author_1,-0.10518848745998906,-0.13097616513503513
1735,Human-Human,human-human,fcEeCffFk5SmTIeQXKQN,7,3.0,author_2,-0.1889467774084626,0.09255777779116783
1736,Human-Human,human-human,fcEeCffFk5SmTIeQXKQN,8,3.0,author_1,-0.18423249810856404,0.006050710054917415
1737,Human-Human,human-human,fcEeCffFk5SmTIeQXKQN,9,4.0,author_2,-0.21494656161238065,0.026724062599695623
1738,Human-Human,human-human,fcEeCffFk5SmTIeQXKQN,10,4.0,author_1,-0.256065068637458,-0.03639008662770778
1739,Human-Human,human-human,fcEeCffFk5SmTIeQXKQN,11,5.0,author_2,-0.26434390230741334,-0.12051150292200005
1740,Human-Human,human-human,fcEeCffFk5SmTIeQXKQN,12,5.0,author_1,-0.14391070899555858,-0.08147769556864601
1741,Human-Human,human-human,fcEeCffFk5SmTIeQXKQN,13,6.0,author_2,-0.19314180286540458,0.16879183341656284
1742,Human-Human,human-human,fcEeCffFk5SmTIeQXKQN,14,6.0,author_1,-0.14138985851391137,-0.001217324909464015
1743,Human-Human,human-human,fcEeCffFk5SmTIeQXKQN,15,7.0,author_2,-0.3496879893571663,0.050804702987543054
1744,Human-Human,human-human,fcEeCffFk5SmTIeQXKQN,16,7.0,author_1,-0.25138567162077774,-0.05117963146734156
1745,Human-Human,human-human,fcEeCffFk5SmTIeQXKQN,17,8.0,author_2,-0.17409646139870036,-0.003265738371388882
1746,Human-Human,human-human,fcEeCffFk5SmTIeQXKQN,18,8.0,author_1,-0.19003226908070492,-0.07609346135321551
1747,Human-Human,human-human,fcEeCffFk5SmTIeQXKQN,19,9.0,author_2,-0.2663489910455538,-0.15533850745872121
1748,Human-Human,human-human,fcEeCffFk5SmTIeQXKQN,20,9.0,author_1,-0.13399327150015677,0.0011198110957327638
1751,Human-Human,human-human,h9mEvTqoZyrUb6cj1fxu,3,1.0,author_2,-0.003678710615868975,0.08562530506494978
1752,Human-Human,human-human,h9mEvTqoZyrUb6cj1fxu,4,1.0,author_1,0.16986953087226375,-0.16406727306685914
1753,Human-Human,human-human,h9mEvTqoZyrUb6cj1fxu,5,2.0,author_2,0.10981198050465579,0.05251070619952574
1754,Human-Human,human-human,h9mEvTqoZyrUb6cj1fxu,6,2.0,author_1,-0.1523968028247621,0.05240328998005655
1755,Human-Human,human-human,h9mEvTqoZyrUb6cj1fxu,7,3.0,author_2,0.07460867404910566,-0.021172064610542843
1756,Human-Human,human-human,h9mEvTqoZyrUb6cj1fxu,8,3.0,author_1,0.10356681031549408,0.07457934720541656
1757,Human-Human,human-human,h9mEvTqoZyrUb6cj1fxu,9,4.0,author_2,-0.0564387389134987,0.1091006982893308
1758,Human-Human,human-human,h9mEvTqoZyrUb6cj1fxu,10,4.0,author_1,-0.11453673502935513,-0.09090425256181132
1759,Human-Human,human-human,h9mEvTqoZyrUb6cj1fxu,11,5.0,author_2,-0.08067401818009094,-0.1310012405150229
1760,Human-Human,human-human,h9mEvTqoZyrUb6cj1fxu,12,5.0,author_1,-0.14677269978917157,-0.016322949892948403
1761,Human-Human,human-human,h9mEvTqoZyrUb6cj1fxu,13,6.0,author_2,-0.14318992960736482,0.008444119477071044
1762,Human-Human,human-human,h9mEvTqoZyrUb6cj1fxu,14,6.0,author_1,-0.2326205839173741,0.03861080225030135
1763,Human-Human,human-human,h9mEvTqoZyrUb6cj1fxu,15,7.0,author_2,-0.13432333011351003,-0.15847008127571072
1764,Human-Human,human-human,h9mEvTqoZyrUb6cj1fxu,16,7.0,author_1,-0.0073867305850062875,0.03348663604180759
1765,Human-Human,human-human,h9mEvTqoZyrUb6cj1fxu,17,8.0,author_2,-0.10777620959740944,-0.03755276941064972
1766,Human-Human,human-human,h9mEvTqoZyrUb6cj1fxu,18,8.0,author_1,0.00040782716327701293,-0.09964218219847229
1767,Human-Human,human-human,h9mEvTqoZyrUb6cj1fxu,19,9.0,author_2,-0.16520995200055547,-0.16002746817607533
1768,Human-Human,human-human,h9mEvTqoZyrUb6cj1fxu,20,9.0,author_1,-0.15230525802879794,-0.12047295912184637
1769,Human-Human,human-human,hPlwWqqkemjjNa4Ny4nr,1,1.0,author_1,-0.07429759359859063,-0.20943357443473207
1770,Human-Human,human-human,hPlwWqqkemjjNa4Ny4nr,2,1.0,author_2,-0.11771183340550644,0.0005824723605107295
1771,Human-Human,human-human,hPlwWqqkemjjNa4Ny4nr,3,2.0,author_1,-0.11964571953406164,-0.16770595777955363
1772,Human-Human,human-human,hPlwWqqkemjjNa4Ny4nr,4,2.0,author_2,-0.16322179272160509,-0.11811963775922082
1773,Human-Human,human-human,hPlwWqqkemjjNa4Ny4nr,5,3.0,author_1,-0.0701977822860132,-0.006981769832294945
1774,Human-Human,human-human,hPlwWqqkemjjNa4Ny4nr,6,3.0,author_2,-0.02049982889028651,-0.27676156244511096
1775,Human-Human,human-human,hPlwWqqkemjjNa4Ny4nr,7,4.0,author_1,0.05554125723902983,-0.16251698892275263
1776,Human-Human,human-human,hPlwWqqkemjjNa4Ny4nr,8,4.0,author_2,-0.14873666626548648,-0.005946490886305569
1777,Human-Human,human-human,hPlwWqqkemjjNa4Ny4nr,9,5.0,author_1,-0.03281613250647683,-0.0888822824288075
1778,Human-Human,human-human,hPlwWqqkemjjNa4Ny4nr,10,5.0,author_2,-0.23693736427348483,0.04069398188945551
1779,Human-Human,human-human,hPlwWqqkemjjNa4Ny4nr,11,6.0,author_1,-0.02301196382229992,-0.25726099519084833
1780,Human-Human,human-human,hPlwWqqkemjjNa4Ny4nr,12,6.0,author_2,0.023458334581807065,-0.17258314184462153
1781,Human-Human,human-human,hPlwWqqkemjjNa4Ny4nr,13,7.0,author_1,0.11478662009698479,-0.28099403067562223
1782,Human-Human,human-human,hPlwWqqkemjjNa4Ny4nr,14,7.0,author_2,-0.03314750107612461,-0.10452528852373216
1783,Human-Human,human-human,hPlwWqqkemjjNa4Ny4nr,15,8.0,author_1,-0.11641226950161956,-0.18580055517741845
1784,Human-Human,human-human,hPlwWqqkemjjNa4Ny4nr,16,8.0,author_2,-0.08810900776189826,-0.022144897823500223
1785,Human-Human,human-human,hPlwWqqkemjjNa4Ny4nr,17,9.0,author_1,-0.25068309303743735,-0.08750825324845568
1786,Human-Human,human-human,hPlwWqqkemjjNa4Ny4nr,18,9.0,author_2,-0.05372955257766228,-0.08035371014996402
1788,Human-Human,human-human,noaceHjzkirRMoHnkT4V,2,1.0,author_2,-0.10554224020126989,0.1305048395379812
1789,Human-Human,human-human,noaceHjzkirRMoHnkT4V,3,2.0,author_1,-0.15140658678363067,0.13767879443399572
1790,Human-Human,human-human,noaceHjzkirRMoHnkT4V,4,2.0,author_2,-0.20519846100681222,-0.017286739710909972
1791,Human-Human,human-human,noaceHjzkirRMoHnkT4V,5,3.0,author_1,-0.1304015140193544,0.22785608528791298
1792,Human-Human,human-human,noaceHjzkirRMoHnkT4V,6,3.0,author_2,0.015901184146438874,0.13453564879110072
1793,Human-Human,human-human,noaceHjzkirRMoHnkT4V,7,4.0,author_1,-0.03314070204093958,-0.03652655530058185
1794,Human-Human,human-human,noaceHjzkirRMoHnkT4V,8,4.0,author_2,-0.12164942747881909,0.04891073508693082
1795,Human-Human,human-human,noaceHjzkirRMoHnkT4V,9,5.0,author_1,0.10427772274455624,0.18867842346900493
1796,Human-Human,human-human,noaceHjzkirRMoHnkT4V,10,5.0,author_2,-0.08863697821670764,0.1601924452339314
1797,Human-Human,human-human,noaceHjzkirRMoHnkT4V,11,6.0,author_1,-0.20631436027827207,0.06706743833426479
1798,Human-Human,human-human,noaceHjzkirRMoHnkT4V,12,6.0,author_2,-0.10840625819286318,0.1289655513657146
1799,Human-Human,human-human,noaceHjzkirRMoHnkT4V,13,7.0,author_1,0.13741745844159642,-0.11443423884262266
1800,Human-Human,human-human,noaceHjzkirRMoHnkT4V,14,7.0,author_2,0.1640292837817572,-0.09452813365707168
1801,Human-Human,human-human,noaceHjzkirRMoHnkT4V,15,8.0,author_1,0.005740401071573097,0.07826391337833516
1802,Human-Human,human-human,noaceHjzkirRMoHnkT4V,16,8.0,author_2,-0.03802036965921526,-0.015262592207637097
1803,Human-Human,human-human,noaceHjzkirRMoHnkT4V,17,9.0,author_1,0.023565669876334797,-0.04886404932636115
1804,Human-Human,human-human,noaceHjzkirRMoHnkT4V,18,9.0,author_2,-0.03802136704993099,-0.03139409561368254
1805,Human-Human,human-human,qVjn3NBZDrc5qwoYuKfa,1,1.0,author_1,-0.19856600153874943,-0.23467891385138323
1806,Human-Human,human-human,qVjn3NBZDrc5qwoYuKfa,2,1.0,author_2,-0.20152525545734742,-0.19708725665408525
1807,Human-Human,human-human,qVjn3NBZDrc5qwoYuKfa,3,2.0,author_1,-0.1778032710512418,-0.25225022104615247
1808,Human-Human,human-human,qVjn3NBZDrc5qwoYuKfa,4,2.0,author_2,-0.1575415966448267,-0.14287307609653663
1809,Human-Human,human-human,qVjn3NBZDrc5qwoYuKfa,5,3.0,author_1,-0.2447612085126995,-0.0025875817179496375
1811,Human-Human,human-human,qVjn3NBZDrc5qwoYuKfa,7,4.0,author_1,-0.033621557115843026,-0.10036724614702956
1812,Human-Human,human-human,qVjn3NBZDrc5qwoYuKfa,8,4.0,author_2,-0.17803502082803851,-0.11049084364330872
1813,Human-Human,human-human,qVjn3NBZDrc5qwoYuKfa,9,5.0,author_1,-0.11015407214701346,-0.05180214700440977
1814,Human-Human,human-human,qVjn3NBZDrc5qwoYuKfa,10,5.0,author_2,-0.14815298456586767,-0.03491890700469069
1815,Human-Human,human-human,qVjn3NBZDrc5qwoYuKfa,11,6.0,author_1,-0.17980457304606876,0.002545145794118372
1816,Human-Human,human-human,qVjn3NBZDrc5qwoYuKfa,12,6.0,author_2,-0.2653760767626023,-0.09843280032330365
1817,Human-Human,human-human,qVjn3NBZDrc5qwoYuKfa,13,7.0,author_1,-0.19639249117087074,-0.1464091848838715
1818,Human-Human,human-human,qVjn3NBZDrc5qwoYuKfa,14,7.0,author_2,-0.22001253120250883,-0.13286030925481154
1819,Human-Human,human-human,qVjn3NBZDrc5qwoYuKfa,15,8.0,author_1,-0.20162982225419027,-0.0036599277203713844
1820,Human-Human,human-human,qVjn3NBZDrc5qwoYuKfa,16,8.0,author_2,-0.2602578337312415,-0.030743772358261777
1821,Human-Human,human-human,qVjn3NBZDrc5qwoYuKfa,17,9.0,author_1,-0.30821985382029765,0.003902926486321373
1822,Human-Human,human-human,qVjn3NBZDrc5qwoYuKfa,18,9.0,author_2,-0.08204447333753688,-0.2102875742880005
1823,Human-Human,human-human,r47jfYG4ULZMEexvVeqs,1,1.0,author_2,0.15253110248152765,-0.08644618715752059
1824,Human-Human,human-human,r47jfYG4ULZMEexvVeqs,2,1.0,author_1,0.055084444193343324,-0.169995822448347
1825,Human-Human,human-human,r47jfYG4ULZMEexvVeqs,3,1.0,author_2,-0.0013706476384755376,-0.04258029759786857
1826,Human-Human,human-human,r47jfYG4ULZMEexvVeqs,4,1.0,author_1,0.10730159688839774,-0.1826163585831814
1827,Human-Human,human-human,r47jfYG4ULZMEexvVeqs,5,2.0,author_2,-0.009370867230142337,-0.10522907513386467
1828,Human-Human,human-human,r47jfYG4ULZMEexvVeqs,6,2.0,author_1,-0.17506019238033252,-0.18173321546197976
1829,Human-Human,human-human,r47jfYG4ULZMEexvVeqs,7,3.0,author_2,0.03814214411462227,0.04312206625536423
1830,Human-Human,human-human,r47jfYG4ULZMEexvVeqs,8,3.0,author_1,-0.011325597482886411,-0.17998983344645403
1831,Human-Human,human-human,r47jfYG4ULZMEexvVeqs,9,4.0,author_2,-0.08901739133561058,-0.09571524525101918
1832,Human-Human,human-human,r47jfYG4ULZMEexvVeqs,10,4.0,author_1,-0.11408131287402638,-0.07152308906972349
1833,Human-Human,human-human,r47jfYG4ULZMEexvVeqs,11,5.0,author_2,0.1947339418606912,-0.2413549998564814
1834,Human-Human,human-human,r47jfYG4ULZMEexvVeqs,12,5.0,author_1,-0.19332683939994738,0.042209354689580786
1835,Human-Human,human-human,r47jfYG4ULZMEexvVeqs,13,6.0,author_2,-0.04178643259715459,-0.09093297828866347
1836,Human-Human,human-human,r47jfYG4ULZMEexvVeqs,14,6.0,author_1,-0.0855299935929579,-0.056409532631472074
1837,Human-Human,human-human,r47jfYG4ULZMEexvVeqs,15,7.0,author_2,0.05708257449556797,-0.12601109006349198
1838,Human-Human,human-human,r47jfYG4ULZMEexvVeqs,16,7.0,author_1,-0.20417319517664143,-0.15670544161689354
1839,Human-Human,human-human,r47jfYG4ULZMEexvVeqs,17,8.0,author_2,-0.25183078093734396,0.0026138199438180756
1840,Human-Human,human-human,r47jfYG4ULZMEexvVeqs,18,8.0,author_1,-0.06430301979156405,-0.062981115661839
1841,Human-Human,human-human,r47jfYG4ULZMEexvVeqs,19,9.0,author_2,-0.07511988021170321,-0.16184867049144297
1842,Human-Human,human-human,r47jfYG4ULZMEexvVeqs,20,9.0,author_1,-0.09559981195837261,-0.15863656389133032
1843,Human-Human,human-human,uSUBQk0ZgGhDzjY8qQwb,1,1.0,author_2,-0.040920658267936866,-0.10237336985720974
1844,Human-Human,human-human,uSUBQk0ZgGhDzjY8qQwb,2,1.0,author_1,0.017219043709932165,0.030130864914151945
1845,Human-Human,human-human,uSUBQk0ZgGhDzjY8qQwb,3,1.0,author_2,-0.18545708781752243,0.09263072304948539
1846,Human-Human,human-human,uSUBQk0ZgGhDzjY8qQwb,4,1.0,author_1,-0.09745697267541406,-0.049093127087796
1848,Human-Human,human-human,uSUBQk0ZgGhDzjY8qQwb,6,2.0,author_1,-0.050639871884678944,-0.08579378857363587
1849,Human-Human,human-human,uSUBQk0ZgGhDzjY8qQwb,7,3.0,author_2,0.021666866197692793,-0.17331393583962432
1850,Human-Human,human-human,uSUBQk0ZgGhDzjY8qQwb,8,3.0,author_1,0.03684138402876797,0.00434941093916585
1851,Human-Human,human-human,uSUBQk0ZgGhDzjY8qQwb,9,4.0,author_2,0.1355106653478437,0.037689349829652885
1852,Human-Human,human-human,uSUBQk0ZgGhDzjY8qQwb,10,4.0,author_1,-0.19858416384102562,0.08615556640763344
1853,Human-Human,human-human,uSUBQk0ZgGhDzjY8qQwb,11,5.0,author_2,-0.06604726234984847,0.03469894154584779
1854,Human-Human,human-human,uSUBQk0ZgGhDzjY8qQwb,12,5.0,author_1,-0.15060909179175444,0.10535686125529331
1855,Human-Human,human-human,uSUBQk0ZgGhDzjY8qQwb,13,6.0,author_2,-0.021473145766468554,-0.2124095764428569
1856,Human-Human,human-human,uSUBQk0ZgGhDzjY8qQwb,14,6.0,author_1,-0.14475289321636575,0.06071393776655423
1857,Human-Human,human-human,uSUBQk0ZgGhDzjY8qQwb,15,7.0,author_2,0.06826550775899123,-0.13440970714539524
1858,Human-Human,human-human,uSUBQk0ZgGhDzjY8qQwb,16,7.0,author_1,-0.09320802697706344,-0.09426485344388613
1859,Human-Human,human-human,uSUBQk0ZgGhDzjY8qQwb,17,8.0,author_2,-0.03200958914058955,0.01393417627475955
1860,Human-Human,human-human,uSUBQk0ZgGhDzjY8qQwb,18,8.0,author_1,0.08540050221046047,-0.14529818262669203
1861,Human-Human,human-human,uSUBQk0ZgGhDzjY8qQwb,19,9.0,author_2,0.07301507119719587,-0.15802447236346745
1862,Human-Human,human-human,uSUBQk0ZgGhDzjY8qQwb,20,9.0,author_1,0.02377726359614278,0.10243785635402666
1863,Human-Human,human-human,vtVEZIgMKoEkI6hoyJnd,1,1.0,author_2,-0.10637934126517608,-0.02395351399959236
1864,Human-Human,human-human,vtVEZIgMKoEkI6hoyJnd,2,1.0,author_1,-0.0886350941936099,-0.015381163223388256
1865,Human-Human,human-human,vtVEZIgMKoEkI6hoyJnd,3,1.0,author_2,0.09489518733834328,-0.03422539324407238
1866,Human-Human,human-human,vtVEZIgMKoEkI6hoyJnd,4,1.0,author_1,-0.24639182770897208,-0.0368456099949617
1867,Human-Human,human-human,vtVEZIgMKoEkI6hoyJnd,5,2.0,author_2,-0.12864766418897822,-0.01117398422026563
1869,Human-Human,human-human,vtVEZIgMKoEkI6hoyJnd,7,3.0,author_2,-0.19920600617658216,-0.021893952500604653
1870,Human-Human,human-human,vtVEZIgMKoEkI6hoyJnd,8,3.0,author_1,-0.04577451488454601,-0.17129245500970702
1871,Human-Human,human-human,vtVEZIgMKoEkI6hoyJnd,9,4.0,author_2,-0.1919574661840135,-0.14123801690435442
1872,Human-Human,human-human,vtVEZIgMKoEkI6hoyJnd,10,4.0,author_1,-0.09009107074228286,-0.17968949106642942
1873,Human-Human,human-human,vtVEZIgMKoEkI6hoyJnd,11,5.0,author_2,0.10355835289998254,-0.04141444543509842
1874,Human-Human,human-human,vtVEZIgMKoEkI6hoyJnd,12,5.0,author_1,-0.11243190139286754,-0.10666754240194394
1875,Human-Human,human-human,vtVEZIgMKoEkI6hoyJnd,13,6.0,author_2,-0.0012794164266068829,-0.059488617010641315
1876,Human-Human,human-human,vtVEZIgMKoEkI6hoyJnd,14,6.0,author_1,-0.24261495468634195,0.06479615743988473
1878,Human-Human,human-human,vtVEZIgMKoEkI6hoyJnd,16,7.0,author_1,0.11167065164741724,-0.13387105692121615
1879,Human-Human,human-human,vtVEZIgMKoEkI6hoyJnd,17,8.0,author_2,0.035149302546902246,-0.15468342464896573
1880,Human-Human,human-human,vtVEZIgMKoEkI6hoyJnd,18,8.0,author_1,-0.2197283238560372,-0.10229092525775937
1881,Human-Human,human-human,vtVEZIgMKoEkI6hoyJnd,19,9.0,author_2,-0.1703433605576433,-0.00532153915404219
1882,Human-Human,human-human,vtVEZIgMKoEkI6hoyJnd,20,9.0,author_1,-0.10629843485460407,-0.0010892082753875942
1883,Human-Human,human-human,xmFgQW5bh6PcMW6uXdYJ,1,1.0,author_2,-0.08530399363835778,-0.181110279853643
1884,Human-Human,human-human,xmFgQW5bh6PcMW6uXdYJ,2,1.0,author_1,-0.07001335085014011,-0.10494507152807399
1885,Human-Human,human-human,xmFgQW5bh6PcMW6uXdYJ,3,1.0,author_2,-0.0696190990689747,0.15197948754948712
1886,Human-Human,human-human,xmFgQW5bh6PcMW6uXdYJ,4,1.0,author_1,0.12164672357443501,0.04264580871747742
1887,Human-Human,human-human,xmFgQW5bh6PcMW6uXdYJ,5,2.0,author_2,-0.05587370100000298,0.19229162924495152
1888,Human-Human,human-human,xmFgQW5bh6PcMW6uXdYJ,6,2.0,author_1,-0.05042586911038506,0.003954718400430432
1889,Human-Human,human-human,xmFgQW5bh6PcMW6uXdYJ,7,3.0,author_2,-0.036178333270209896,0.20652328647345386
1890,Human-Human,human-human,xmFgQW5bh6PcMW6uXdYJ,8,3.0,author_1,-0.019541880832199925,-0.07478238789410914
1891,Human-Human,human-human,xmFgQW5bh6PcMW6uXdYJ,9,4.0,author_2,-0.05941766912469798,0.15370039614190617
1892,Human-Human,human-human,xmFgQW5bh6PcMW6uXdYJ,10,4.0,author_1,-0.08806827286719124,-0.09274324891427335
1893,Human-Human,human-human,xmFgQW5bh6PcMW6uXdYJ,11,5.0,author_2,-0.14844060102289197,-0.05296119408502967
1894,Human-Human,human-human,xmFgQW5bh6PcMW6uXdYJ,12,5.0,author_1,-0.11138594155782829,-0.04030208914276046
1895,Human-Human,human-human,xmFgQW5bh6PcMW6uXdYJ,13,6.0,author_2,-0.0570885392257987,0.016235884151230777
1896,Human-Human,human-human,xmFgQW5bh6PcMW6uXdYJ,14,6.0,author_1,0.0646531747792339,-0.020217275487986346
1897,Human-Human,human-human,xmFgQW5bh6PcMW6uXdYJ,15,7.0,author_2,-0.1933605682456691,0.05278460926934071
1898,Human-Human,human-human,xmFgQW5bh6PcMW6uXdYJ,16,7.0,author_1,-0.1109220987617843,-0.14108101428377742
1899,Human-Human,human-human,xmFgQW5bh6PcMW6uXdYJ,17,8.0,author_2,-0.21836854453498983,-0.059909848136017484
