conversation_id,turn,speaker,s_base,s_true,s_shuffled,gain_true,gain_shuffled,gain_content
conv_006cb479-ccd3-40d1-83fb-4b614573f636,2.0,human,6.0380859375,4.7177734375,5.8391702586206895,1.3203125,0.1989156788793105,1.1213968211206895
conv_006cb479-ccd3-40d1-83fb-4b614573f636,2.0,ai,4.805245535714286,2.307826450892857,4.7131417410714285,2.4974190848214284,0.09210379464285712,2.4053152901785713
conv_006cb479-ccd3-40d1-83fb-4b614573f636,3.0,human,6.522388599537037,3.8212438512731484,6.269386574074074,2.701144748263889,0.2530020254629628,2.448142722800926
conv_006cb479-ccd3-40d1-83fb-4b614573f636,3.0,ai,4.206773158482143,2.8189662388392858,4.316817801339286,1.3878069196428573,-0.11004464285714288,1.4978515625000002
conv_006cb479-ccd3-40d1-83fb-4b614573f636,4.0,human,4.193562825520833,2.54176025390625,4.680550130208333,1.6518025716145832,-0.4869873046875002,2.1387898763020834
conv_006cb479-ccd3-40d1-83fb-4b614573f636,4.0,ai,3.7630866555606617,1.5142499138327206,3.4422535615808822,2.248836741727941,0.32083309397977944,1.9280036477481617
conv_006cb479-ccd3-40d1-83fb-4b614573f636,5.0,human,5.407432154605263,3.7861456620065788,6.921643708881579,1.621286492598684,-1.514211554276316,3.135498046875
conv_006cb479-ccd3-40d1-83fb-4b614573f636,5.0,ai,4.016883002387153,2.225863986545139,3.8465135362413196,1.7910190158420138,0.17036946614583304,1.6206495496961808
conv_006cb479-ccd3-40d1-83fb-4b614573f636,6.0,human,6.516328125,4.3886328125,5.82546875,2.1276953125,0.6908593750000005,1.4368359374999997
conv_006cb479-ccd3-40d1-83fb-4b614573f636,6.0,ai,4.227383858816964,2.240297154017857,3.9425990513392857,1.9870867047991068,0.2847848074776782,1.7023018973214286
conv_006cb479-ccd3-40d1-83fb-4b614573f636,7.0,human,7.7636269017269735,4.77717429713199,7.114972967850535,2.9864526045949837,0.6486539338764388,2.337798670718545
conv_006cb479-ccd3-40d1-83fb-4b614573f636,7.0,ai,4.7038107479319855,2.751529469209559,4.759377872242647,1.9522812787224266,-0.05556712431066124,2.007848403033088
conv_006cb479-ccd3-40d1-83fb-4b614573f636,8.0,human,5.614453125,4.123876953125,5.71640625,1.4905761718749995,-0.10195312500000053,1.592529296875
conv_006cb479-ccd3-40d1-83fb-4b614573f636,8.0,ai,3.8448961046006946,1.6369942559136286,3.165829128689236,2.207901848687066,0.6790669759114585,1.5288348727756076
conv_006cb479-ccd3-40d1-83fb-4b614573f636,9.0,human,6.525431315104167,4.645479838053386,6.574320475260417,1.8799514770507812,-0.04888916015625,1.9288406372070312
conv_006cb479-ccd3-40d1-83fb-4b614573f636,9.0,ai,4.841273716517857,1.6783935546875,3.920145089285714,3.1628801618303566,0.9211286272321426,2.2417515345982144
conv_02b6fce3-98d8-456f-b0e8-3708b9ca1968,2.0,human,6.722880045572917,4.632609049479167,6.402425130208333,2.09027099609375,0.3204549153645839,1.769816080729166
conv_02b6fce3-98d8-456f-b0e8-3708b9ca1968,2.0,ai,4.409481272977941,2.6262494255514706,4.164866727941177,1.7832318474264706,0.2446145450367645,1.538617302389706
conv_02b6fce3-98d8-456f-b0e8-3708b9ca1968,3.0,human,6.2250795717592595,4.514214409722222,5.5815610532407405,1.7108651620370372,0.643518518518519,1.0673466435185182
conv_02b6fce3-98d8-456f-b0e8-3708b9ca1968,3.0,ai,5.233773896188447,3.1852675929214014,5.929794773910984,2.048506303267046,-0.6960208777225372,2.744527180989583
conv_02b6fce3-98d8-456f-b0e8-3708b9ca1968,4.0,human,4.808810111803886,3.1857918959397535,4.124821589543269,1.6230182158641329,0.6839885222606172,0.9390296936035156
conv_02b6fce3-98d8-456f-b0e8-3708b9ca1968,4.0,ai,5.2146676199776785,2.6173262459891182,5.217095511300223,2.5973413739885602,-0.0024278913225446175,2.599769265311105
conv_02b6fce3-98d8-456f-b0e8-3708b9ca1968,5.0,human,6.0204326923076925,3.9056114783653846,6.141000600961538,2.114821213942308,-0.12056790865384581,2.2353891225961537
conv_02b6fce3-98d8-456f-b0e8-3708b9ca1968,5.0,ai,4.6092529296875,1.588296329273897,4.078168083639706,3.0209566004136033,0.5310848460477944,2.489871754365809
conv_02b6fce3-98d8-456f-b0e8-3708b9ca1968,6.0,human,4.030713630445076,2.433819395123106,3.902365944602273,1.5968942353219702,0.1283476858428032,1.468546549479167
conv_02b6fce3-98d8-456f-b0e8-3708b9ca1968,6.0,ai,4.3341476852829395,2.0663551124366553,4.347524282094595,2.267792572846284,-0.013376596811655261,2.2811691696579395
conv_02b6fce3-98d8-456f-b0e8-3708b9ca1968,7.0,human,4.974098205566406,4.814605712890625,5.2101287841796875,0.15949249267578125,-0.23603057861328125,0.3955230712890625
conv_02b6fce3-98d8-456f-b0e8-3708b9ca1968,7.0,ai,5.641400505514706,2.31524658203125,4.647697897518382,3.3261539234834556,0.9937026079963234,2.3324513154871322
conv_02b6fce3-98d8-456f-b0e8-3708b9ca1968,8.0,human,5.405221121651786,3.348567690168108,4.570207868303571,2.0566534314836775,0.8350132533482144,1.221640178135463
conv_02b6fce3-98d8-456f-b0e8-3708b9ca1968,8.0,ai,4.550069754464285,2.2351754324776785,3.219252232142857,2.314894321986607,1.3308175223214285,0.9840767996651785
conv_02b6fce3-98d8-456f-b0e8-3708b9ca1968,9.0,human,6.022109375,3.54435546875,5.861640625,2.4777539062500002,0.1604687500000006,2.3172851562499996
conv_02b6fce3-98d8-456f-b0e8-3708b9ca1968,9.0,ai,5.0913190841674805,2.067176580429077,4.434551239013672,3.0241425037384033,0.6567678451538086,2.3673746585845947
conv_07ec1a21-00a8-494b-9747-ef2f719abd5a,2.0,human,6.279009650735294,5.681468290441177,6.2902688419117645,0.5975413602941178,-0.011259191176470118,0.6088005514705879
conv_07ec1a21-00a8-494b-9747-ef2f719abd5a,2.0,ai,6.487903225806452,4.5090642129221274,6.192146547379032,1.9788390128843245,0.29575667842741993,1.6830823344569046
conv_07ec1a21-00a8-494b-9747-ef2f719abd5a,3.0,human,6.2284423828125,4.71005859375,5.904654947916667,1.5183837890624998,0.3237874348958334,1.1945963541666664
conv_07ec1a21-00a8-494b-9747-ef2f719abd5a,3.0,ai,6.439245700836182,3.779866933822632,6.587742328643799,2.65937876701355,-0.1484966278076172,2.807875394821167
conv_07ec1a21-00a8-494b-9747-ef2f719abd5a,4.0,human,6.334271599264706,4.047707950367647,6.581973805147059,2.286563648897059,-0.24770220588235325,2.534265854779412
conv_07ec1a21-00a8-494b-9747-ef2f719abd5a,4.0,ai,6.371508049242424,3.4818004261363638,6.462298768939394,2.88970762310606,-0.09079071969696972,2.98049834280303
conv_07ec1a21-00a8-494b-9747-ef2f719abd5a,5.0,human,6.551492745535715,4.604556710379464,6.092592075892857,1.9469360351562504,0.4589006696428575,1.4880353655133929
conv_07ec1a21-00a8-494b-9747-ef2f719abd5a,5.0,ai,6.284411907196045,3.380520820617676,5.985801696777344,2.903891086578369,0.29861021041870117,2.605280876159668
conv_07ec1a21-00a8-494b-9747-ef2f719abd5a,6.0,human,4.682400948660714,3.713525390625,4.911530412946429,0.9688755580357138,-0.22912946428571512,1.198005022321429
conv_07ec1a21-00a8-494b-9747-ef2f719abd5a,6.0,ai,6.1325905539772725,2.4115702311197915,6.298934474135891,3.721020322857481,-0.1663439201586181,3.887364243016099
conv_07ec1a21-00a8-494b-9747-ef2f719abd5a,7.0,human,5.059066280241935,3.4629063760080645,4.983650453629032,1.5961599042338706,0.07541582661290303,1.5207440776209675
conv_07ec1a21-00a8-494b-9747-ef2f719abd5a,7.0,ai,5.901638454861111,3.7645670572916665,5.978732638888889,2.137071397569444,-0.07709418402777857,2.2141655815972228
conv_07ec1a21-00a8-494b-9747-ef2f719abd5a,8.0,human,6.8220071231617645,3.2188253963694855,6.381534352022059,3.603181726792279,0.4404727711397056,3.1627089556525734
conv_07ec1a21-00a8-494b-9747-ef2f719abd5a,8.0,ai,5.423170471191407,2.8146353585379464,5.734692219325474,2.60853511265346,-0.3115217481340675,2.9200568607875277
conv_07ec1a21-00a8-494b-9747-ef2f719abd5a,9.0,human,5.433436802455357,3.8094569614955356,5.439435686383929,1.6239798409598212,-0.005998883928572063,1.6299787248883932
conv_07ec1a21-00a8-494b-9747-ef2f719abd5a,9.0,ai,6.82491455078125,3.1343512217203777,6.763395182291666,3.690563329060872,0.06151936848958339,3.6290439605712885
conv_0bb56093-3033-4615-bb70-ebfa4135589a,2.0,human,8.223763020833333,7.639583333333333,8.065185546875,0.5841796874999998,0.15857747395833321,0.4256022135416666
conv_0bb56093-3033-4615-bb70-ebfa4135589a,2.0,ai,5.878987630208333,2.609958224826389,5.624755859375,3.269029405381944,0.25423177083333304,3.014797634548611
conv_0bb56093-3033-4615-bb70-ebfa4135589a,3.0,human,7.917782738095238,7.377046130952381,7.375139508928571,0.5407366071428568,0.542643229166667,-0.0019066220238102005
conv_0bb56093-3033-4615-bb70-ebfa4135589a,3.0,ai,6.116078694661458,4.186453925238715,6.067410786946614,1.9296247694227429,0.04866790771484375,1.880956861707899
conv_0bb56093-3033-4615-bb70-ebfa4135589a,4.0,human,5.584129333496094,5.2554931640625,5.715606689453125,0.32863616943359375,-0.13147735595703125,0.460113525390625
conv_0bb56093-3033-4615-bb70-ebfa4135589a,4.0,ai,5.693463942583869,3.0208991555606617,5.346954345703125,2.6725647870232074,0.3465095968807441,2.3260551901424633
conv_0bb56093-3033-4615-bb70-ebfa4135589a,5.0,human,7.598058363970588,6.802115047679228,7.778873219209559,0.7959433162913596,-0.180814855238971,0.9767581715303306
conv_0bb56093-3033-4615-bb70-ebfa4135589a,5.0,ai,7.307962629530165,3.7486468421088324,6.378847757975261,3.5593157874213324,0.929114871554904,2.6302009158664283
conv_0bb56093-3033-4615-bb70-ebfa4135589a,6.0,human,5.639657827524038,4.837201240735176,6.076328375400641,0.8024565867888622,-0.4366705478766031,1.2391271346654653
conv_0bb56093-3033-4615-bb70-ebfa4135589a,6.0,ai,4.603839383806501,2.5160191127232143,4.4575125558035715,2.0878202710832867,0.1463268280029295,1.9414934430803572
conv_0bb56093-3033-4615-bb70-ebfa4135589a,7.0,human,6.508846507352941,5.781831629136029,6.568502987132353,0.7270148782169121,-0.05965647977941213,0.7866713579963243
conv_0bb56093-3033-4615-bb70-ebfa4135589a,7.0,ai,7.261280508602367,2.8979944902307846,6.758939855238971,4.363286018371582,0.5023406533633956,3.8609453650081864
conv_0bb56093-3033-4615-bb70-ebfa4135589a,8.0,human,6.836690848214285,5.285037231445313,6.954227120535714,1.5516536167689727,-0.11753627232142883,1.6691898890904016
conv_0bb56093-3033-4615-bb70-ebfa4135589a,8.0,ai,6.310323079427083,3.1895373662312827,6.132775200737847,3.1207857131958003,0.17754787868923572,2.9432378345065646
conv_0bb56093-3033-4615-bb70-ebfa4135589a,9.0,human,4.555456912878788,3.5014779639966562,5.197319261955492,1.0539789488821318,-0.6418623490767041,1.695841297958836
conv_0bb56093-3033-4615-bb70-ebfa4135589a,9.0,ai,5.757296316964286,2.483628627232143,5.848297991071429,3.273667689732143,-0.09100167410714288,3.364669363839286
conv_0f18b30f-7d4b-4681-b98e-a0ff4f2b5256,2.0,human,6.038589913504464,5.67681884765625,6.198528180803572,0.36177106584821406,-0.15993826729910765,0.5217093331473217
conv_0f18b30f-7d4b-4681-b98e-a0ff4f2b5256,2.0,ai,4.570499195772059,2.820111443014706,4.059139476102941,1.7503877527573528,0.5113597196691178,1.239028033088235
conv_0f18b30f-7d4b-4681-b98e-a0ff4f2b5256,3.0,human,7.532016096443965,5.834773622710129,6.753636853448276,1.6972424737338363,0.7783792429956895,0.9188632307381468
conv_0f18b30f-7d4b-4681-b98e-a0ff4f2b5256,3.0,ai,5.433924057904412,2.72088623046875,5.00439453125,2.713037827435662,0.42952952665441213,2.28350830078125
conv_0f18b30f-7d4b-4681-b98e-a0ff4f2b5256,4.0,human,6.95895503117488,5.363316462590144,6.607756981482873,1.5956385685847359,0.3511980496920071,1.2444405188927288
conv_0f18b30f-7d4b-4681-b98e-a0ff4f2b5256,4.0,ai,6.031267438616071,3.1677891322544642,5.521770368303572,2.863478306361607,0.5094970703124995,2.3539812360491075
conv_0f18b30f-7d4b-4681-b98e-a0ff4f2b5256,5.0,human,7.066266741071429,5.852225167410714,6.927943638392857,1.2140415736607144,0.13832310267857206,1.0757184709821423
conv_0f18b30f-7d4b-4681-b98e-a0ff4f2b5256,5.0,ai,6.677802590762868,3.035055721507353,6.132803524241728,3.642746869255515,0.5449990665211395,3.0977478027343754
conv_0f18b30f-7d4b-4681-b98e-a0ff4f2b5256,6.0,human,6.5690164005055145,3.797952090992647,6.808019301470588,2.7710643095128673,-0.23900290096507337,3.0100672104779407
conv_0f18b30f-7d4b-4681-b98e-a0ff4f2b5256,6.0,ai,8.799107142857142,9.685267857142858,9.517857142857142,-0.8861607142857153,-0.71875,-0.1674107142857153
conv_0f18b30f-7d4b-4681-b98e-a0ff4f2b5256,7.0,human,7.61955882884838,5.371496129918982,7.605256257233797,2.248062698929398,0.014302571614583037,2.233760127314815
conv_0f18b30f-7d4b-4681-b98e-a0ff4f2b5256,7.0,ai,5.431660970052083,2.620449490017361,4.871754964192708,2.811211480034722,0.559906005859375,2.251305474175347
conv_0f18b30f-7d4b-4681-b98e-a0ff4f2b5256,8.0,human,7.806061921296297,5.79737232349537,7.7836733217592595,2.0086895978009265,0.0223885995370372,1.9863009982638893
conv_0f18b30f-7d4b-4681-b98e-a0ff4f2b5256,8.0,ai,5.137075713186553,3.0223832563920454,5.042532256155303,2.1146924567945073,0.09454345703125,2.0201489997632573
conv_0f18b30f-7d4b-4681-b98e-a0ff4f2b5256,9.0,human,5.97385999891493,4.631929185655382,6.16392347547743,1.3419308132595482,-0.1900634765625,1.5319942898220482
conv_0f18b30f-7d4b-4681-b98e-a0ff4f2b5256,9.0,ai,5.173700060163226,2.6136788504464286,4.664453125,2.560021209716797,0.509246935163226,2.050774274553571
conv_11293fd2-d757-471f-8e2e-783542167a8e,2.0,human,5.3711529356060606,3.471798058712121,5.367276278409091,1.8993548768939394,0.003876657196969724,1.8954782196969697
conv_11293fd2-d757-471f-8e2e-783542167a8e,2.0,ai,5.5174102783203125,4.874847412109375,6.364448547363281,0.6425628662109375,-0.8470382690429688,1.4896011352539062
conv_11293fd2-d757-471f-8e2e-783542167a8e,3.0,human,4.981977982954546,3.0446148496685606,4.749378551136363,1.9373631332859853,0.23259943181818254,1.7047637014678028
conv_11293fd2-d757-471f-8e2e-783542167a8e,3.0,ai,5.003276715959822,2.866850062779018,3.794065202985491,2.136426653180804,1.2092115129743308,0.927215140206473
conv_11293fd2-d757-471f-8e2e-783542167a8e,4.0,human,5.994856770833334,3.898811848958333,6.07255859375,2.0960449218750004,-0.07770182291666661,2.173746744791667
conv_11293fd2-d757-471f-8e2e-783542167a8e,4.0,ai,5.416318026455966,2.7833561752781724,5.312364058061079,2.6329618511777935,0.10395396839488669,2.529007882782907
conv_11293fd2-d757-471f-8e2e-783542167a8e,5.0,human,5.963245738636363,3.722878196022727,5.401455965909091,2.2403675426136362,0.5617897727272725,1.6785777698863638
conv_11293fd2-d757-471f-8e2e-783542167a8e,5.0,ai,5.422420726102941,2.6585258035098804,5.546753827263327,2.7638949225930607,-0.12433310116038587,2.8882280237534466
conv_11293fd2-d757-471f-8e2e-783542167a8e,6.0,human,5.369172127016129,3.302801316784274,4.981287802419355,2.066370810231855,0.387884324596774,1.678486485635081
conv_11293fd2-d757-471f-8e2e-783542167a8e,6.0,ai,5.351729038783482,2.8699489048549105,5.604359654017857,2.4817801339285714,-0.25263061523437536,2.734410749162947
conv_11293fd2-d757-471f-8e2e-783542167a8e,7.0,human,5.615666852678571,3.6253766741071427,5.750753348214285,1.9902901785714286,-0.13508649553571406,2.1253766741071427
conv_11293fd2-d757-471f-8e2e-783542167a8e,7.0,ai,6.070424107142857,3.0227120535714285,6.38515625,3.047712053571429,-0.31473214285714235,3.362444196428571
conv_11293fd2-d757-471f-8e2e-783542167a8e,8.0,human,5.495287346117424,3.960501006155303,5.181766394412879,1.5347863399621207,0.31352095170454497,1.2212653882575757
conv_11293fd2-d757-471f-8e2e-783542167a8e,8.0,ai,5.67529296875,2.6014117072610294,5.515165441176471,3.0738812614889706,0.160127527573529,2.9137537339154416
conv_11293fd2-d757-471f-8e2e-783542167a8e,9.0,human,6.096827651515151,3.0520500414299243,5.6203021425189394,3.044777610085227,0.47652550899621193,2.568252101089015
conv_11293fd2-d757-471f-8e2e-783542167a8e,9.0,ai,4.842361313956125,2.0147533961704798,4.251733834402902,2.827607917785645,0.5906274795532225,2.2369804382324223
conv_155f7493-3058-435d-a672-40e7e8ec213a,2.0,human,6.21099853515625,4.754241943359375,6.623046875,1.456756591796875,-0.41204833984375,1.868804931640625
conv_155f7493-3058-435d-a672-40e7e8ec213a,2.0,ai,4.467218572443182,3.3308660333806817,3.752742882930871,1.1363525390625,0.7144756895123106,0.42187684955018945
conv_155f7493-3058-435d-a672-40e7e8ec213a,3.0,human,7.199013157894737,5.7663317228618425,6.627775493421052,1.4326814350328947,0.571237664473685,0.8614437705592097
conv_155f7493-3058-435d-a672-40e7e8ec213a,3.0,ai,4.266599818638393,2.388920375279018,4.121275111607143,1.877679443359375,0.14532470703125,1.732354736328125
conv_155f7493-3058-435d-a672-40e7e8ec213a,4.0,human,7.348664314516129,5.562421244959677,7.099231350806452,1.786243069556452,0.24943296370967705,1.536810105846775
conv_155f7493-3058-435d-a672-40e7e8ec213a,4.0,ai,6.234258863661024,2.7011025746663413,5.718589782714844,3.533156288994683,0.5156690809461804,3.0174872080485025
conv_155f7493-3058-435d-a672-40e7e8ec213a,5.0,human,7.174379185267857,4.957087053571429,6.475927734375,2.2172921316964285,0.6984514508928568,1.5188406808035717
conv_155f7493-3058-435d-a672-40e7e8ec213a,5.0,ai,6.240619081439394,3.325069543087121,5.794685132575758,2.9155495383522725,0.4459339488636358,2.4696155894886367
conv_155f7493-3058-435d-a672-40e7e8ec213a,6.0,human,6.961642795138889,5.575972945601852,6.80052806712963,1.3856698495370372,0.16111472800925952,1.2245551215277777
conv_155f7493-3058-435d-a672-40e7e8ec213a,6.0,ai,6.038239397321429,3.037740652901786,5.764327566964286,3.000498744419643,0.27391183035714306,2.7265869140625
conv_155f7493-3058-435d-a672-40e7e8ec213a,7.0,human,8.633587015086206,6.211661503232759,7.756566540948276,2.4219255118534475,0.8770204741379306,1.544905037715517
conv_155f7493-3058-435d-a672-40e7e8ec213a,7.0,ai,6.242387251420454,2.228289979876894,6.056026574337121,4.0140972715435606,0.18636067708333304,3.827736594460227
conv_155f7493-3058-435d-a672-40e7e8ec213a,8.0,human,7.203125,5.313251201923077,7.095252403846154,1.8898737980769234,0.10787259615384581,1.7820012019230775
conv_155f7493-3058-435d-a672-40e7e8ec213a,8.0,ai,4.791008444393382,2.160084331736845,4.264950022977941,2.6309241126565373,0.5260584214154411,2.104865691241096
conv_155f7493-3058-435d-a672-40e7e8ec213a,9.0,human,7.114963107638889,5.445488823784722,7.59983147515191,1.669474283854167,-0.48486836751302054,2.1543426513671875
conv_155f7493-3058-435d-a672-40e7e8ec213a,9.0,ai,5.395597570082721,2.186687245088465,5.266659568337833,3.208910324994256,0.12893800174488756,3.0799723232493683
conv_18ba473d-8913-4785-95cf-9a5400887bb9,2.0,human,5.816141764322917,5.273478190104167,6.585245768229167,0.54266357421875,-0.76910400390625,1.311767578125
conv_18ba473d-8913-4785-95cf-9a5400887bb9,2.0,ai,6.866268382352941,4.2853860294117645,6.660730698529412,2.5808823529411766,0.205537683823529,2.3753446691176476
conv_18ba473d-8913-4785-95cf-9a5400887bb9,3.0,human,7.247395833333333,4.663773148148148,6.107783564814815,2.583622685185185,1.1396122685185182,1.444010416666667
conv_18ba473d-8913-4785-95cf-9a5400887bb9,3.0,ai,6.21685791015625,3.0857162475585938,5.79022216796875,3.1311416625976562,0.4266357421875,2.7045059204101562
conv_18ba473d-8913-4785-95cf-9a5400887bb9,4.0,human,6.3038075764973955,3.519629160563151,6.133982340494792,2.7841784159342446,0.16982523600260357,2.614353179931641
conv_18ba473d-8913-4785-95cf-9a5400887bb9,4.0,ai,6.469904119318182,3.585434422348485,6.249556107954546,2.884469696969697,0.2203480113636358,2.664121685606061
conv_18ba473d-8913-4785-95cf-9a5400887bb9,5.0,human,4.489815848214286,2.8076346261160716,4.116925920758929,1.682181222098214,0.37288992745535676,1.3092912946428572
conv_18ba473d-8913-4785-95cf-9a5400887bb9,5.0,ai,6.263721812855113,2.9494661273378315,5.79556181936553,3.314255685517282,0.46815999348958304,2.8460956920276987
conv_18ba473d-8913-4785-95cf-9a5400887bb9,6.0,human,5.409061316287879,4.2101828835227275,5.169330018939394,1.1988784327651514,0.2397312973484853,0.9591471354166661
conv_18ba473d-8913-4785-95cf-9a5400887bb9,6.0,ai,5.843907510080645,2.952943863407258,5.531883978074597,2.890963646673387,0.31202353200604804,2.578940114667339
conv_18ba473d-8913-4785-95cf-9a5400887bb9,7.0,human,6.554788523706897,3.789264547413793,5.852168642241379,2.7655239762931036,0.7026198814655178,2.062904094827586
conv_18ba473d-8913-4785-95cf-9a5400887bb9,7.0,ai,5.276873964251894,2.6086911288174717,4.865853974313447,2.668182835434422,0.41101998993844635,2.2571628454959756
conv_18ba473d-8913-4785-95cf-9a5400887bb9,8.0,human,6.066550925925926,3.677463107638889,5.575484664351852,2.3890878182870368,0.4910662615740735,1.8980215567129632
conv_18ba473d-8913-4785-95cf-9a5400887bb9,8.0,ai,8.127786908830915,3.1330653599330356,7.291516985212054,4.994721548897879,0.8362699236188611,4.158451625279018
conv_18ba473d-8913-4785-95cf-9a5400887bb9,9.0,human,6.13751220703125,3.21331787109375,5.3033447265625,2.9241943359375,0.83416748046875,2.09002685546875
conv_18ba473d-8913-4785-95cf-9a5400887bb9,9.0,ai,5.564483642578125,2.6466617584228516,4.857177734375,2.9178218841552734,0.707305908203125,2.2105159759521484
conv_18be1999-da21-4ab6-8f9e-e52e6d9c8070,2.0,human,5.645961216517857,4.993127005440848,5.527448381696429,0.6528342110770087,0.11851283482142794,0.5343213762555807
conv_18be1999-da21-4ab6-8f9e-e52e6d9c8070,2.0,ai,5.151338465073529,2.668772080365349,4.817291259765625,2.48256638470818,0.334047205307904,2.148519179400276
conv_18be1999-da21-4ab6-8f9e-e52e6d9c8070,3.0,human,6.402018229166667,5.25860595703125,6.172159830729167,1.143412272135417,0.2298583984375,0.913553873697917
conv_18be1999-da21-4ab6-8f9e-e52e6d9c8070,3.0,ai,5.758859345407197,3.3158245664654356,5.254425742409446,2.4430347789417617,0.504433602997751,1.9386011759440107
conv_18be1999-da21-4ab6-8f9e-e52e6d9c8070,4.0,human,6.091040475027902,4.321601595197405,5.168651035853794,1.7694388798304965,0.9223894391741077,0.8470494406563889
conv_18be1999-da21-4ab6-8f9e-e52e6d9c8070,4.0,ai,4.651869419642857,1.8131456647600446,3.916294642857143,2.838723754882812,0.7355747767857141,2.1031489780970984
conv_18be1999-da21-4ab6-8f9e-e52e6d9c8070,5.0,human,8.110243055555555,5.411675347222222,7.711371527777778,2.698567708333333,0.3988715277777777,2.2996961805555554
conv_18be1999-da21-4ab6-8f9e-e52e6d9c8070,5.0,ai,5.2349016462053575,1.9344227382114956,4.549762834821428,3.300478907993862,0.6851388113839292,2.6153400966099327
conv_18be1999-da21-4ab6-8f9e-e52e6d9c8070,6.0,human,5.7352294921875,4.032880510602679,5.446419852120536,1.7023489815848212,0.2888096400669644,1.4135393415178568
conv_18be1999-da21-4ab6-8f9e-e52e6d9c8070,6.0,ai,4.531293083639706,2.285122142118566,3.8778363396139706,2.2461709415211395,0.6534567440257351,1.5927141974954044
conv_18be1999-da21-4ab6-8f9e-e52e6d9c8070,7.0,human,7.169025562427662,4.986490885416667,6.591367368344907,2.1825346770109952,0.5776581940827548,1.6048764829282405
conv_18be1999-da21-4ab6-8f9e-e52e6d9c8070,7.0,ai,6.503791360294118,2.1289206112132355,4.643353630514706,4.374870749080882,1.8604377297794121,2.51443301930147
conv_18be1999-da21-4ab6-8f9e-e52e6d9c8070,8.0,human,5.818484242757162,3.6978595733642576,5.587996419270834,2.120624669392904,0.23048782348632812,1.890136845906576
conv_18be1999-da21-4ab6-8f9e-e52e6d9c8070,8.0,ai,5.112156723484849,2.1632634943181817,3.434170809659091,2.948893229166667,1.6779859138257578,1.2709073153409092
conv_18be1999-da21-4ab6-8f9e-e52e6d9c8070,9.0,human,6.3391796875,3.155703125,5.4453125,3.1834765624999997,0.8938671874999997,2.289609375
conv_18be1999-da21-4ab6-8f9e-e52e6d9c8070,9.0,ai,4.918072324810606,2.0643398400508994,4.772372159090909,2.853732484759707,0.14570016571969724,2.7080323190400097
conv_193bbf9f-e759-475a-ae86-76613053567a,2.0,human,6.48755787037037,5.634982638888889,6.430700231481482,0.852575231481481,0.056857638888888395,0.7957175925925926
conv_193bbf9f-e759-475a-ae86-76613053567a,2.0,ai,5.89921875,3.9105050223214284,4.3893973214285715,1.9887137276785718,1.5098214285714286,0.47889229910714315
conv_193bbf9f-e759-475a-ae86-76613053567a,3.0,human,5.780110677083333,4.317545572916667,6.1435546875,1.462565104166666,-0.36344401041666696,1.826009114583333
conv_193bbf9f-e759-475a-ae86-76613053567a,3.0,ai,7.248502604166666,3.83310546875,5.332649739583333,3.4153971354166663,1.915852864583333,1.4995442708333333
conv_193bbf9f-e759-475a-ae86-76613053567a,4.0,human,7.076923076923077,5.120793269230769,5.770733173076923,1.9561298076923075,1.3061899038461533,0.6499399038461542
conv_193bbf9f-e759-475a-ae86-76613053567a,4.0,ai,6.991254021139706,4.182484346277573,5.761618221507353,2.8087696748621322,1.2296357996323524,1.5791338752297799
conv_193bbf9f-e759-475a-ae86-76613053567a,5.0,human,6.690631734913793,3.8961034314385774,5.603582974137931,2.7945283034752153,1.087048760775862,1.7074795426993532
conv_193bbf9f-e759-475a-ae86-76613053567a,5.0,ai,6.152461460658482,3.130303519112723,4.804007393973214,3.0221579415457587,1.3484540666852673,1.6737038748604913
conv_193bbf9f-e759-475a-ae86-76613053567a,6.0,human,6.94921875,4.654730902777778,5.890335648148148,2.2944878472222223,1.058883101851852,1.2356047453703702
conv_193bbf9f-e759-475a-ae86-76613053567a,6.0,ai,5.2364501953125,2.5131153779871322,3.9130500344669117,2.7233348173253678,1.3234001608455883,1.3999346564797794
conv_193bbf9f-e759-475a-ae86-76613053567a,7.0,human,5.149261474609375,3.984588623046875,4.859123229980469,1.1646728515625,0.29013824462890625,0.8745346069335938
conv_193bbf9f-e759-475a-ae86-76613053567a,7.0,ai,5.573619495738637,2.6310554273200757,4.927874940814394,2.942564068418561,0.6457445549242431,2.296819513494318
conv_193bbf9f-e759-475a-ae86-76613053567a,8.0,human,5.5923850319602275,3.5185536471280185,4.952191901929451,2.073831384832209,0.6401931300307764,1.4336382548014326
conv_193bbf9f-e759-475a-ae86-76613053567a,8.0,ai,6.076392389112903,2.6124484154485885,4.701203377016129,3.4639439736643145,1.375189012096774,2.0887549615675405
conv_193bbf9f-e759-475a-ae86-76613053567a,9.0,human,4.625455729166666,2.9230631510416667,4.830110677083334,1.7023925781249996,-0.2046549479166675,1.907047526041667
conv_193bbf9f-e759-475a-ae86-76613053567a,9.0,ai,5.324761284722222,3.0546875,3.5582411024305554,2.2700737847222223,1.766520182291667,0.5035536024305554
conv_1a776856-1876-44eb-b0f6-31b31250ddca,2.0,human,8.051731654575892,5.265324183872768,7.177908761160714,2.786407470703124,0.8738228934151779,1.9125845772879462
conv_1a776856-1876-44eb-b0f6-31b31250ddca,2.0,ai,6.1497802734375,3.246455439814815,5.699996383101852,2.903324833622685,0.4497838903356479,2.453540943287037
conv_1a776856-1876-44eb-b0f6-31b31250ddca,3.0,human,6.436147836538462,5.221792367788462,6.378605769230769,1.21435546875,0.05754206730769251,1.1568134014423075
conv_1a776856-1876-44eb-b0f6-31b31250ddca,3.0,ai,4.7070242745535715,2.585714285714286,4.415464564732143,2.1213099888392857,0.29155970982142865,1.829750279017857
conv_1a776856-1876-44eb-b0f6-31b31250ddca,4.0,human,7.639921875,5.29413330078125,7.60453125,2.3457885742187496,0.03539062499999979,2.31039794921875
conv_1a776856-1876-44eb-b0f6-31b31250ddca,4.0,ai,6.256134033203125,3.759124755859375,5.901453971862793,2.49700927734375,0.35468006134033203,2.142329216003418
conv_1a776856-1876-44eb-b0f6-31b31250ddca,5.0,human,6.649074009486607,4.507917131696429,6.301827566964286,2.141156877790178,0.3472464425223212,1.7939104352678568
conv_1a776856-1876-44eb-b0f6-31b31250ddca,5.0,ai,5.729167829241072,2.870346941266741,5.564590018136161,2.8588208879743306,0.16457781110491077,2.69424307686942
conv_1a776856-1876-44eb-b0f6-31b31250ddca,6.0,human,6.649966032608695,4.268119480298913,6.481742527173913,2.3818465523097823,0.16822350543478226,2.213623046875
conv_1a776856-1876-44eb-b0f6-31b31250ddca,6.0,ai,5.380415482954546,2.9957386363636362,4.895544803503788,2.3846768465909096,0.4848706794507578,1.8998061671401518
conv_1a776856-1876-44eb-b0f6-31b31250ddca,7.0,human,7.368252840909091,5.4226906516335225,7.115767045454546,1.9455621892755683,0.25248579545454497,1.6930763938210234
conv_1a776856-1876-44eb-b0f6-31b31250ddca,7.0,ai,5.337497287326389,2.666847511574074,4.548647280092593,2.6706497757523153,0.7888500072337967,1.8817997685185186
conv_1a776856-1876-44eb-b0f6-31b31250ddca,8.0,human,6.617951423891129,4.522330991683468,6.410077494959677,2.095620432207661,0.20787392893145196,1.887746503276209
conv_1a776856-1876-44eb-b0f6-31b31250ddca,8.0,ai,6.1095511300223215,2.742515345982143,4.194845145089285,3.3670357840401786,1.9147059849330361,1.4523297991071424
conv_1a776856-1876-44eb-b0f6-31b31250ddca,9.0,human,7.160319010416667,5.680633544921875,7.096516927083333,1.479685465494792,0.06380208333333393,1.415883382161458
conv_1a776856-1876-44eb-b0f6-31b31250ddca,9.0,ai,5.217181581439394,2.493741122159091,4.781967625473484,2.7234404592803028,0.43521395596590917,2.2882265033143936
conv_1bb594f6-281e-43c0-aad7-d82e4a2ab88d,2.0,human,6.616952749399038,5.985370342548077,6.721182016225962,0.6315824068509617,-0.10422926682692335,0.735811673677885
conv_1bb594f6-281e-43c0-aad7-d82e4a2ab88d,2.0,ai,4.5390625,3.0909929547991073,3.4065011160714285,1.4480695452008927,1.1325613839285715,0.3155081612723212
conv_1bb594f6-281e-43c0-aad7-d82e4a2ab88d,3.0,human,5.848125,4.707851867675782,5.7069140625,1.140273132324218,0.14121093749999947,0.9990621948242184
conv_1bb594f6-281e-43c0-aad7-d82e4a2ab88d,3.0,ai,4.729862097537879,2.662771513967803,3.5886101000236743,2.0670905835700757,1.1412519975142046,0.9258385860558711
conv_1bb594f6-281e-43c0-aad7-d82e4a2ab88d,4.0,human,5.5208587646484375,4.269414901733398,5.372344970703125,1.251443862915039,0.1485137939453125,1.1029300689697266
conv_1bb594f6-281e-43c0-aad7-d82e4a2ab88d,4.0,ai,4.389917710248162,1.715506160960478,4.079976698931525,2.674411549287684,0.30994101131663676,2.364470537971047
conv_1bb594f6-281e-43c0-aad7-d82e4a2ab88d,5.0,human,4.956112234933036,3.660142299107143,4.865611049107143,1.2959699358258927,0.09050118582589306,1.2054687499999996
conv_1bb594f6-281e-43c0-aad7-d82e4a2ab88d,5.0,ai,4.001297405787876,1.7159266880580357,3.7192950657435824,2.2853707177298404,0.2820023400442939,2.003368377685547
conv_1bb594f6-281e-43c0-aad7-d82e4a2ab88d,6.0,human,5.960531795726103,3.847181432387408,5.596733542049632,2.113350363338695,0.363798253676471,1.7495521096622242
conv_1bb594f6-281e-43c0-aad7-d82e4a2ab88d,6.0,ai,4.56015625,2.7534249441964285,4.384842354910714,1.8067313058035719,0.1753138950892863,1.6314174107142856
conv_1bb594f6-281e-43c0-aad7-d82e4a2ab88d,7.0,human,5.950263129340278,3.802029079861111,5.563232421875,2.1482340494791665,0.3870307074652777,1.7612033420138888
conv_1bb594f6-281e-43c0-aad7-d82e4a2ab88d,7.0,ai,4.965972900390625,2.9986653047449447,4.300402473000919,1.9673075956456803,0.6655704273897056,1.3017371682559746
conv_1bb594f6-281e-43c0-aad7-d82e4a2ab88d,8.0,human,5.279415246212121,2.906967625473485,4.683223839962121,2.3724476207386362,0.59619140625,1.7762562144886362
conv_1bb594f6-281e-43c0-aad7-d82e4a2ab88d,8.0,ai,4.934040178571428,2.1273001534598213,4.564439174107143,2.806740025111607,0.36960100446428523,2.437139020647322
conv_1bb594f6-281e-43c0-aad7-d82e4a2ab88d,9.0,human,6.152126312255859,3.2859487533569336,5.740608215332031,2.866177558898926,0.4115180969238281,2.4546594619750977
conv_1bb594f6-281e-43c0-aad7-d82e4a2ab88d,9.0,ai,5.478610568576389,2.0190565321180554,4.518344455295139,3.459554036458334,0.96026611328125,2.499287923177084
conv_20c3db22-5b6d-42fa-bdee-f1e1a84fe6e8,2.0,human,5.06036376953125,3.961902324969952,5.415424053485577,1.098461444561298,-0.35506028395432665,1.4535217285156246
conv_20c3db22-5b6d-42fa-bdee-f1e1a84fe6e8,2.0,ai,5.3125531877790175,2.7470546177455355,4.929522705078125,2.565498570033482,0.38303048270089235,2.1824680873325897
conv_20c3db22-5b6d-42fa-bdee-f1e1a84fe6e8,3.0,human,7.878247414865801,6.0139992006363405,7.23716785061744,1.8642482142294607,0.6410795642483613,1.2231686499810994
conv_20c3db22-5b6d-42fa-bdee-f1e1a84fe6e8,3.0,ai,5.193721098058364,2.5128471150117764,5.022828270407284,2.6808739830465877,0.17089282765108038,2.5099811553955074
conv_20c3db22-5b6d-42fa-bdee-f1e1a84fe6e8,4.0,human,5.058031486742424,3.1929487748579546,4.963282729640151,1.8650827118844693,0.09474875710227249,1.7703339547821968
conv_20c3db22-5b6d-42fa-bdee-f1e1a84fe6e8,4.0,ai,4.349857105928309,2.281120075899012,4.0474081600413605,2.068737030029297,0.3024489458869484,1.7662880841423485
conv_20c3db22-5b6d-42fa-bdee-f1e1a84fe6e8,5.0,human,6.980129076086956,4.180940047554348,6.118705417798913,2.7991890285326084,0.861423658288043,1.9377653702445654
conv_20c3db22-5b6d-42fa-bdee-f1e1a84fe6e8,5.0,ai,4.649302455357143,2.5488002232142857,3.9107700892857142,2.100502232142857,0.7385323660714285,1.3619698660714286
conv_20c3db22-5b6d-42fa-bdee-f1e1a84fe6e8,6.0,human,7.026875,4.94094970703125,6.384375,2.08592529296875,0.6425000000000001,1.44342529296875
conv_20c3db22-5b6d-42fa-bdee-f1e1a84fe6e8,6.0,ai,5.368492864793347,1.8721726940524193,4.650638703377016,3.496320170740928,0.717854161416331,2.778466009324597
conv_20c3db22-5b6d-42fa-bdee-f1e1a84fe6e8,7.0,human,4.406809488932292,2.8935546875,3.4340108235677085,1.513254801432292,0.9727986653645835,0.5404561360677085
conv_20c3db22-5b6d-42fa-bdee-f1e1a84fe6e8,7.0,ai,4.617431640625,2.236798454733456,4.082598517922794,2.380633185891544,0.5348331227022056,1.8458000631893383
conv_20c3db22-5b6d-42fa-bdee-f1e1a84fe6e8,8.0,human,6.144305889423077,4.109168419471154,6.755680964543269,2.0351374699519225,-0.6113750751201925,2.646512545072115
conv_20c3db22-5b6d-42fa-bdee-f1e1a84fe6e8,8.0,ai,4.781781364889706,1.8893118465647978,4.1793966854319855,2.8924695183249076,0.6023846794577201,2.2900848388671875
conv_20c3db22-5b6d-42fa-bdee-f1e1a84fe6e8,9.0,human,5.562934027777778,3.9514413762975624,5.905309606481482,1.6114926514802153,-0.34237557870370416,1.9538682301839194
conv_20c3db22-5b6d-42fa-bdee-f1e1a84fe6e8,9.0,ai,5.485986328125,1.5077359880719865,4.932476370675223,3.9782503400530134,0.5535099574497764,3.424740382603237
conv_23ed55f8-cc91-439f-8c8e-e24f66457596,2.0,human,4.433362407069052,3.817873062626008,4.520125850554435,0.615489344443044,-0.08676344348538301,0.702252787928427
conv_23ed55f8-cc91-439f-8c8e-e24f66457596,2.0,ai,4.636404326467803,1.9933027787642046,4.344708066998106,2.643101547703598,0.29169625946969635,2.351405288233902
conv_23ed55f8-cc91-439f-8c8e-e24f66457596,3.0,human,4.937846522177419,3.4640404485887095,5.242376512096774,1.4738060735887095,-0.304529989919355,1.7783360635080645
conv_23ed55f8-cc91-439f-8c8e-e24f66457596,3.0,ai,6.195197610294118,2.6460678998161766,5.883616727941177,3.549129710477941,0.3115808823529411,3.237548828125
conv_23ed55f8-cc91-439f-8c8e-e24f66457596,4.0,human,5.681141246448863,4.321514707623106,5.981652462121212,1.359626538825757,-0.3005112156723486,1.6601377544981055
conv_23ed55f8-cc91-439f-8c8e-e24f66457596,4.0,ai,6.302669749540441,2.3704609590418197,5.481563792509191,3.9322087904986214,0.82110595703125,3.1111028334673714
conv_23ed55f8-cc91-439f-8c8e-e24f66457596,5.0,human,9.300575657894736,5.836040296052632,7.5307874177631575,3.4645353618421044,1.7697882401315788,1.6947471217105257
conv_23ed55f8-cc91-439f-8c8e-e24f66457596,5.0,ai,6.580965909090909,2.534401633522727,6.442530776515151,4.046564275568182,0.1384351325757578,3.9081291429924243
conv_23ed55f8-cc91-439f-8c8e-e24f66457596,6.0,human,7.32298900462963,4.77965404369213,7.131908275462963,2.5433349609375,0.19108072916666696,2.352254231770833
conv_23ed55f8-cc91-439f-8c8e-e24f66457596,6.0,ai,6.863055604876894,1.9193596117424243,5.609264026988637,4.943695993134469,1.253791577888257,3.6899044152462124
conv_23ed55f8-cc91-439f-8c8e-e24f66457596,7.0,human,6.487843480603448,4.578394396551724,6.251683728448276,1.9094490840517242,0.2361597521551726,1.6732893318965516
conv_23ed55f8-cc91-439f-8c8e-e24f66457596,7.0,ai,5.157710913455848,2.287203702059659,5.115180738044508,2.8705072113961885,0.042530175411339854,2.8279770359848486
conv_23ed55f8-cc91-439f-8c8e-e24f66457596,8.0,human,5.116015625,3.707109375,4.8871484375,1.4089062500000002,0.22886718750000057,1.1800390624999997
conv_23ed55f8-cc91-439f-8c8e-e24f66457596,8.0,ai,6.799048221472538,2.947909268465909,6.5149147727272725,3.851138953006629,0.2841334487452656,3.5670055042613633
conv_23ed55f8-cc91-439f-8c8e-e24f66457596,9.0,human,6.506069841056035,3.6526931236530173,6.642725451239224,2.8533767174030173,-0.1366556101831895,2.990032327586207
conv_23ed55f8-cc91-439f-8c8e-e24f66457596,9.0,ai,6.291374655330882,2.0655194450827206,5.572466681985294,4.225855210248161,0.7189079733455879,3.506947236902574
conv_29031421-8265-472f-b4ce-f147dd80edca,2.0,human,5.847388772403493,4.682286879595588,5.2206932516659,1.1651018928079049,0.6266955207375924,0.5384063720703125
conv_29031421-8265-472f-b4ce-f147dd80edca,2.0,ai,6.195564516129032,3.77917972687752,6.314705141129032,2.416384789251512,-0.119140625,2.535525414251512
conv_29031421-8265-472f-b4ce-f147dd80edca,3.0,human,4.632561967179582,3.7774938634923987,4.74789758630701,0.855068103687183,-0.1153356191274284,0.9704037228146114
conv_29031421-8265-472f-b4ce-f147dd80edca,3.0,ai,6.587659431226326,3.2115829930160986,6.008959221117424,3.3760764382102275,0.5787002101089023,2.7973762281013252
conv_29031421-8265-472f-b4ce-f147dd80edca,4.0,human,6.059349798387097,3.339087701612903,5.347593245967742,2.720262096774194,0.711756552419355,2.008505544354839
conv_29031421-8265-472f-b4ce-f147dd80edca,4.0,ai,6.608168079007056,2.9057745164440525,5.605226578251008,3.7023935625630036,1.002941500756048,2.6994520618069555
conv_29031421-8265-472f-b4ce-f147dd80edca,5.0,human,5.891083635602679,3.3571136474609373,5.368158830915179,2.5339699881417417,0.5229248046875004,2.0110451834542413
conv_29031421-8265-472f-b4ce-f147dd80edca,5.0,ai,5.56640625,3.568540736607143,5.205133928571429,1.9978655133928571,0.36127232142857135,1.6365931919642858
conv_29031421-8265-472f-b4ce-f147dd80edca,6.0,human,6.612700518439798,3.4943874583524814,6.1772936652688415,3.1183130600873166,0.4354068531709565,2.68290620691636
conv_29031421-8265-472f-b4ce-f147dd80edca,6.0,ai,4.944878472222222,2.759979565938314,4.478922526041667,2.1848989062839084,0.46595594618055536,1.718942960103353
conv_29031421-8265-472f-b4ce-f147dd80edca,7.0,human,4.972052680121528,3.0716554853651257,5.056586371527778,1.900397194756402,-0.08453369140625,1.984930886162652
conv_29031421-8265-472f-b4ce-f147dd80edca,7.0,ai,6.058503181703629,3.0357547883064515,5.646102413054435,3.0227483933971775,0.41240076864919395,2.6103476247479835
conv_29031421-8265-472f-b4ce-f147dd80edca,8.0,human,6.923467565465857,4.353165520562066,5.631542064525463,2.5703020449037908,1.291925500940394,1.2783765439633967
conv_29031421-8265-472f-b4ce-f147dd80edca,8.0,ai,5.6543560606060606,3.2456972526781485,5.229558771306818,2.408658807927912,0.4247972892992422,1.9838615186286699
conv_29031421-8265-472f-b4ce-f147dd80edca,9.0,human,4.807330791766827,2.9806240766476364,4.610139504457131,1.8267067151191902,0.19719128730969526,1.629515427809495
conv_29031421-8265-472f-b4ce-f147dd80edca,9.0,ai,6.487520105698529,3.343771541819853,6.103056066176471,3.143748563878676,0.384464039522058,2.759284524356618
conv_2ce635fa-cb6c-424f-9565-859a944eed92,2.0,human,6.833251953125,5.201764787946429,6.758454241071429,1.6314871651785712,0.074797712053571,1.5566894531250002
conv_2ce635fa-cb6c-424f-9565-859a944eed92,3.0,human,4.898180509868421,3.609696237664474,4.962299547697368,1.2884842722039473,-0.0641190378289469,1.3526033100328942
conv_2ce635fa-cb6c-424f-9565-859a944eed92,3.0,ai,6.946475758272059,5.827507467830882,6.755284926470588,1.1189682904411766,0.191190831801471,0.9277774586397056
conv_2ce635fa-cb6c-424f-9565-859a944eed92,4.0,human,5.681315104166667,4.060953776041667,5.791069878472222,1.620361328125,-0.10975477430555536,1.7301161024305554
conv_2ce635fa-cb6c-424f-9565-859a944eed92,4.0,ai,7.49433357484879,4.601066343245968,7.586705361643145,2.893267231602822,-0.09237178679435498,2.985639018397177
conv_2ce635fa-cb6c-424f-9565-859a944eed92,5.0,human,6.284044989224138,4.902663658405173,6.234021417025862,1.3813813308189653,0.0500235721982758,1.3313577586206895
conv_2ce635fa-cb6c-424f-9565-859a944eed92,5.0,ai,5.978328929227941,3.969439338235294,5.624928193933823,2.008889590992647,0.35340073529411775,1.6554888556985294
conv_2ce635fa-cb6c-424f-9565-859a944eed92,6.0,human,6.322061074746622,4.652779244087838,6.475612331081081,1.6692818306587842,-0.15355125633445876,1.822833086993243
conv_2ce635fa-cb6c-424f-9565-859a944eed92,6.0,ai,6.739411272321429,3.775045340401786,7.079697963169643,2.964365931919643,-0.34028669084821406,3.304652622767857
conv_2ce635fa-cb6c-424f-9565-859a944eed92,7.0,human,6.051183363970588,4.932010426240809,6.447078929227941,1.119172937729779,-0.39589556525735325,1.5150685029871322
conv_2ce635fa-cb6c-424f-9565-859a944eed92,7.0,ai,7.644832611083984,4.480928421020508,6.814811706542969,3.1639041900634766,0.8300209045410156,2.333883285522461
conv_2ce635fa-cb6c-424f-9565-859a944eed92,8.0,human,6.624482025971284,4.773576066300675,6.44920555320946,1.8509059596706088,0.17527647276182456,1.6756294869087842
conv_2ce635fa-cb6c-424f-9565-859a944eed92,8.0,ai,7.157389322916667,3.629183682528409,6.521038633404356,3.528205640388258,0.6363506895123106,2.8918549508759472
conv_2ce635fa-cb6c-424f-9565-859a944eed92,9.0,human,5.772979736328125,4.4468536376953125,5.822418212890625,1.3261260986328125,-0.0494384765625,1.3755645751953125
conv_2ce635fa-cb6c-424f-9565-859a944eed92,9.0,ai,8.991714015151516,5.481134588068182,8.282663056344697,3.510579427083334,0.7090509588068183,2.8015284682765156
conv_2f306db5-d066-4651-b17c-762d7f601570,2.0,human,7.196695963541667,4.5625254313151045,7.352925618489583,2.6341705322265625,-0.15622965494791607,2.7904001871744786
conv_2f306db5-d066-4651-b17c-762d7f601570,2.0,ai,5.890980113636363,2.1864568536931817,5.9280007102272725,3.7045232599431817,-0.03702059659090917,3.741543856534091
conv_2f306db5-d066-4651-b17c-762d7f601570,3.0,human,5.275054931640625,4.111739158630371,5.132013320922852,1.163315773010254,0.14304161071777344,1.0202741622924805
conv_2f306db5-d066-4651-b17c-762d7f601570,3.0,ai,5.150801340738933,2.726711697048611,5.122155507405599,2.4240896436903214,0.028645833333333925,2.3954438103569875
conv_2f306db5-d066-4651-b17c-762d7f601570,4.0,human,6.9211203835227275,4.6233298561789775,6.1499245383522725,2.29779052734375,0.771195845170455,1.526594682173295
conv_2f306db5-d066-4651-b17c-762d7f601570,4.0,ai,4.896014404296875,2.389040265764509,4.323788016183036,2.506974138532366,0.5722263881138394,1.9347477504185266
conv_2f306db5-d066-4651-b17c-762d7f601570,5.0,human,6.292149697580645,3.501006095640121,5.902792653729839,2.791143601940524,0.38935704385080605,2.401786558089718
conv_2f306db5-d066-4651-b17c-762d7f601570,5.0,ai,4.7898786272321425,2.069082205636161,4.442536272321429,2.7207964215959817,0.3473423549107135,2.373454066685268
conv_2f306db5-d066-4651-b17c-762d7f601570,6.0,human,6.653394426618304,3.8214198521205356,5.797505787440708,2.8319745744977682,0.8558886391775955,1.9760859353201727
conv_2f306db5-d066-4651-b17c-762d7f601570,6.0,ai,4.431924608018663,2.5440152486165366,3.9910481770833335,1.8879093594021268,0.4408764309353299,1.4470329284667969
conv_2f306db5-d066-4651-b17c-762d7f601570,7.0,human,5.928185096153846,5.185415414663462,5.214148888221154,0.7427696814903841,0.7140362079326916,0.028733473557692513
conv_2f306db5-d066-4651-b17c-762d7f601570,7.0,ai,5.903031485421317,1.881236049107143,5.479601178850446,4.021795436314174,0.42343030657087066,3.5983651297433035
conv_2f306db5-d066-4651-b17c-762d7f601570,8.0,human,4.80124895196212,2.665482370476974,4.888273540296052,2.135766581485146,-0.08702458833393223,2.2227911698190783
conv_2f306db5-d066-4651-b17c-762d7f601570,8.0,ai,4.088433159722222,2.2267947726779513,4.198208279079861,1.861638387044271,-0.1097751193576384,1.9714135064019094
conv_2f306db5-d066-4651-b17c-762d7f601570,9.0,human,6.571667086693548,4.758379536290323,6.147114415322581,1.813287550403225,0.4245526713709671,1.388734879032258
conv_2f306db5-d066-4651-b17c-762d7f601570,9.0,ai,5.8838264677259655,2.2546624077690973,6.034952799479167,3.629164059956868,-0.15112633175320145,3.7802903917100696
conv_328804bd-df9e-47da-ad43-e4da646b9ceb,2.0,human,7.049767127403846,6.2603759765625,6.259521484375,0.7893911508413458,0.7902456430288458,-0.0008544921875
conv_328804bd-df9e-47da-ad43-e4da646b9ceb,2.0,ai,5.360809326171875,3.07489013671875,4.880096435546875,2.285919189453125,0.480712890625,1.805206298828125
conv_328804bd-df9e-47da-ad43-e4da646b9ceb,3.0,human,7.430953414351852,5.096978081597222,7.261845341435185,2.3339753327546298,0.16910807291666696,2.164867259837963
conv_328804bd-df9e-47da-ad43-e4da646b9ceb,3.0,ai,5.3366546630859375,2.8388214111328125,4.83062744140625,2.497833251953125,0.5060272216796875,1.9918060302734375
conv_328804bd-df9e-47da-ad43-e4da646b9ceb,4.0,human,7.506465517241379,4.9894430226293105,7.8873922413793105,2.5170224946120685,-0.3809267241379315,2.89794921875
conv_328804bd-df9e-47da-ad43-e4da646b9ceb,4.0,ai,5.192418715533088,2.7136374080882355,5.127340877757353,2.4787813074448524,0.06507783777573461,2.4137034696691178
conv_328804bd-df9e-47da-ad43-e4da646b9ceb,5.0,human,6.96671875,4.26322998046875,6.601875,2.7034887695312504,0.36484375000000036,2.33864501953125
conv_328804bd-df9e-47da-ad43-e4da646b9ceb,5.0,ai,5.514026988636363,2.856564608487216,5.947920365767046,2.6574623801491475,-0.43389337713068254,3.09135575727983
conv_328804bd-df9e-47da-ad43-e4da646b9ceb,6.0,human,6.701704545454546,4.404407848011363,6.518854314630682,2.2972966974431825,0.1828502308238642,2.1144464666193183
conv_328804bd-df9e-47da-ad43-e4da646b9ceb,6.0,ai,4.81640625,2.6689453125,4.759410511363637,2.1474609375,0.05699573863636331,2.0904651988636367
conv_328804bd-df9e-47da-ad43-e4da646b9ceb,7.0,human,7.008246527777778,4.522587528935185,6.740885416666667,2.4856589988425926,0.2673611111111107,2.218297887731482
conv_328804bd-df9e-47da-ad43-e4da646b9ceb,7.0,ai,6.0193065098353795,2.8011788504464286,5.72822004045759,3.218127659388951,0.2910864693777899,2.927041190011161
conv_328804bd-df9e-47da-ad43-e4da646b9ceb,8.0,human,7.054764359085648,4.030363859953703,6.616274233217593,3.0244004991319446,0.43849012586805536,2.5859103732638893
conv_328804bd-df9e-47da-ad43-e4da646b9ceb,8.0,ai,4.586503421559053,2.5074606502757355,4.962747012867647,2.0790427712833175,-0.37624359130859375,2.4552863625919112
conv_328804bd-df9e-47da-ad43-e4da646b9ceb,9.0,human,7.536969866071429,5.422084263392857,7.219866071428571,2.114885602678572,0.31710379464285765,1.7977818080357144
conv_328804bd-df9e-47da-ad43-e4da646b9ceb,9.0,ai,4.457662293405244,1.8588274175470525,4.208341078324751,2.5988348758581914,0.2493212150804931,2.3495136607776983
conv_33502e38-922d-4e7d-a252-ab236947c3d2,2.0,human,5.475552262931035,3.8064975080818964,5.728532462284483,1.6690547548491383,-0.2529801993534484,1.9220349542025867
conv_33502e38-922d-4e7d-a252-ab236947c3d2,2.0,ai,5.615406709558823,3.622371897977941,4.822093290441177,1.9930348115808822,0.7933134191176467,1.1997213924632355
conv_33502e38-922d-4e7d-a252-ab236947c3d2,3.0,human,7.98828125,5.703464673913044,8.148097826086957,2.284816576086956,-0.15981657608695699,2.444633152173913
conv_33502e38-922d-4e7d-a252-ab236947c3d2,3.0,ai,5.15859177533318,3.070159912109375,4.828479542451746,2.0884318632238053,0.3301122328814339,1.7583196303423714
conv_33502e38-922d-4e7d-a252-ab236947c3d2,4.0,human,7.254255022321429,6.184077671595982,7.132437569754464,1.070177350725447,0.12181745256696441,0.9483598981584827
conv_33502e38-922d-4e7d-a252-ab236947c3d2,4.0,ai,4.917626773609834,3.1364638384650734,4.443258846507353,1.7811629351447609,0.474367927102481,1.3067950080422799
conv_33502e38-922d-4e7d-a252-ab236947c3d2,5.0,human,6.686025766225962,4.232290414663462,6.1288311298076925,2.4537353515625,0.5571946364182692,1.8965407151442308
conv_33502e38-922d-4e7d-a252-ab236947c3d2,5.0,ai,5.905783260569853,2.857321346507353,5.445642807904412,3.0484619140625004,0.4601404526654411,2.5883214613970593
conv_33502e38-922d-4e7d-a252-ab236947c3d2,6.0,human,5.379991319444445,2.572781032986111,5.101024486400463,2.8072102864583335,0.27896683304398184,2.5282434534143516
conv_33502e38-922d-4e7d-a252-ab236947c3d2,6.0,ai,5.069768415178571,2.685752650669643,4.676117815290179,2.3840157645089284,0.39365059988839235,1.990365164620536
conv_33502e38-922d-4e7d-a252-ab236947c3d2,7.0,human,6.344771902901786,4.5255615234375,6.113253348214286,1.8192103794642858,0.23151855468749982,1.587691824776786
conv_33502e38-922d-4e7d-a252-ab236947c3d2,7.0,ai,4.320053562973484,1.9584665009469697,3.725182735558712,2.3615870620265147,0.5948708274147725,1.7667162346117422
conv_33502e38-922d-4e7d-a252-ab236947c3d2,8.0,human,7.357862903225806,4.971396169354839,7.302671370967742,2.386466733870967,0.05519153225806406,2.331275201612903
conv_33502e38-922d-4e7d-a252-ab236947c3d2,8.0,ai,5.357352120535714,2.573301478794643,4.7307198660714285,2.7840506417410715,0.6266322544642859,2.1574183872767856
conv_33502e38-922d-4e7d-a252-ab236947c3d2,9.0,human,5.559659090909091,3.722404711174242,5.296342329545454,1.8372543797348486,0.2633167613636367,1.573937618371212
conv_33502e38-922d-4e7d-a252-ab236947c3d2,9.0,ai,5.177483452690972,2.5036756727430554,5.252380794949001,2.673807779947917,-0.07489734225802902,2.748705122205946
conv_396737da-f9a2-4564-9edf-3712ef73724d,2.0,human,7.25672367640904,6.097316196986607,7.437033517020089,1.1594074794224332,-0.1803098406110495,1.3397173200334827
conv_396737da-f9a2-4564-9edf-3712ef73724d,2.0,ai,4.91961190359933,2.3261544363839284,4.417180524553571,2.593457467215402,0.5024313790457589,2.091026088169643
conv_396737da-f9a2-4564-9edf-3712ef73724d,3.0,human,5.319890202702703,4.300461227829392,5.808910472972973,1.0194289748733105,-0.4890202702702702,1.5084492451435807
conv_396737da-f9a2-4564-9edf-3712ef73724d,3.0,ai,4.187928170868845,2.366253477154356,3.9349624171401514,1.8216746937144888,0.25296575372869334,1.5687089399857954
conv_396737da-f9a2-4564-9edf-3712ef73724d,4.0,human,8.521259014423077,7.324594350961538,8.197378305288462,1.1966646634615383,0.323880709134615,0.8727839543269234
conv_396737da-f9a2-4564-9edf-3712ef73724d,4.0,ai,6.852281697591146,3.187576166788737,6.263220723470052,3.6647055308024092,0.5890609741210939,3.0756445566813153
conv_396737da-f9a2-4564-9edf-3712ef73724d,5.0,human,6.458333333333333,4.696234809027778,6.433883101851852,1.7620985243055554,0.024450231481480955,1.7376482928240744
conv_396737da-f9a2-4564-9edf-3712ef73724d,5.0,ai,4.350255629595588,2.658975040211397,4.664751838235294,1.6912805893841907,-0.3144962086397065,2.005776798023897
conv_396737da-f9a2-4564-9edf-3712ef73724d,6.0,human,6.268766276041666,4.881834920247396,6.750325520833333,1.3869313557942702,-0.4815592447916668,1.868490600585937
conv_396737da-f9a2-4564-9edf-3712ef73724d,6.0,ai,3.7279994419642857,1.7245099748883927,3.7951695033482142,2.0034894670758927,-0.06717006138392856,2.0706595284598217
conv_396737da-f9a2-4564-9edf-3712ef73724d,7.0,human,6.022054036458333,4.377360026041667,6.149576822916667,1.644694010416666,-0.12752278645833393,1.772216796875
conv_396737da-f9a2-4564-9edf-3712ef73724d,7.0,ai,4.7445627848307295,2.576239479912652,4.626669141981337,2.1683233049180775,0.11789364284939285,2.0504296620686846
conv_396737da-f9a2-4564-9edf-3712ef73724d,8.0,human,5.914716448102679,4.312503269740513,5.738691057477679,1.6022131783621658,0.176025390625,1.4261877877371658
conv_396737da-f9a2-4564-9edf-3712ef73724d,8.0,ai,4.373630523681641,1.4997445242745535,4.629202597481864,2.8738859994070873,-0.2555720738002236,3.129458073207311
conv_396737da-f9a2-4564-9edf-3712ef73724d,9.0,human,7.33974609375,5.501142578125,7.420703125,1.8386035156249996,-0.08095703125000053,1.919560546875
conv_396737da-f9a2-4564-9edf-3712ef73724d,9.0,ai,4.832667495265151,2.191037264737216,5.346505829782197,2.6416302305279356,-0.5138383345170459,3.1554685650449814
conv_3b65e0a1-1bf7-4f16-825f-63867d60f8d3,2.0,human,7.0266335227272725,5.8840553977272725,7.121922348484849,1.142578125,-0.09528882575757613,1.2378669507575761
conv_3b65e0a1-1bf7-4f16-825f-63867d60f8d3,2.0,ai,7.080598958333334,4.09306640625,7.086555989583333,2.9875325520833336,-0.005957031249999467,2.993489583333333
conv_3b65e0a1-1bf7-4f16-825f-63867d60f8d3,3.0,human,6.084414833470395,5.10000931589227,6.317962244937294,0.984405517578125,-0.2335474114668994,1.2179529290450244
conv_3b65e0a1-1bf7-4f16-825f-63867d60f8d3,3.0,ai,6.561580882352941,3.4989372702205883,5.577392578125,3.062643612132353,0.9841883042279411,2.0784553079044117
conv_3b65e0a1-1bf7-4f16-825f-63867d60f8d3,4.0,human,5.277924408783784,4.063651419974662,5.48023780616554,1.214272988809122,-0.20231339738175613,1.416586386190878
conv_3b65e0a1-1bf7-4f16-825f-63867d60f8d3,4.0,ai,5.669719118060487,3.3775778105764678,5.703576290246212,2.2921413074840196,-0.03385717218572459,2.325998479669744
conv_3b65e0a1-1bf7-4f16-825f-63867d60f8d3,5.0,human,6.128258599175347,4.981722005208334,6.314561631944445,1.1465365939670136,-0.18630303276909732,1.332839626736111
conv_3b65e0a1-1bf7-4f16-825f-63867d60f8d3,5.0,ai,5.58200165719697,3.523526278409091,5.191702178030303,2.058475378787879,0.39029947916666696,1.668175899621212
conv_3b65e0a1-1bf7-4f16-825f-63867d60f8d3,6.0,human,6.937537560096154,5.71826171875,6.781638120993589,1.2192758413461542,0.15589943910256476,1.0633764022435894
conv_3b65e0a1-1bf7-4f16-825f-63867d60f8d3,6.0,ai,7.066540804776278,3.933138760653409,6.499557957504734,3.133402044122869,0.5669828472715439,2.5664191968513252
conv_3b65e0a1-1bf7-4f16-825f-63867d60f8d3,7.0,human,7.568910256410256,5.801782852564102,7.763621794871795,1.7671274038461542,-0.19471153846153832,1.9618389423076925
conv_3b65e0a1-1bf7-4f16-825f-63867d60f8d3,7.0,ai,6.711989894057766,3.18218994140625,6.83310029000947,3.5297999526515156,-0.12111039595170414,3.6509103486032197
conv_3b65e0a1-1bf7-4f16-825f-63867d60f8d3,8.0,human,6.599876767113095,4.5061151413690474,6.510370163690476,2.0937616257440474,0.08950660342261862,2.004255022321429
conv_3b65e0a1-1bf7-4f16-825f-63867d60f8d3,8.0,ai,7.337772042410714,3.7469900948660713,7.253780691964286,3.590781947544643,0.08399135044642847,3.5067905970982145
conv_3b65e0a1-1bf7-4f16-825f-63867d60f8d3,9.0,human,6.9908021438953485,4.813635537790698,6.518168604651163,2.1771666061046506,0.4726335392441854,1.7045330668604652
conv_3b65e0a1-1bf7-4f16-825f-63867d60f8d3,9.0,ai,6.441549862132353,3.44677734375,6.167624080882353,2.9947725183823533,0.27392578125,2.7208467371323533
conv_3c43f51a-ffcf-4161-8d6d-b76bf669acb6,2.0,human,5.156884431838989,4.062340259552002,5.141624450683594,1.0945441722869873,0.015259981155395508,1.0792841911315918
conv_3c43f51a-ffcf-4161-8d6d-b76bf669acb6,2.0,ai,5.009021534639246,2.6174482457778034,4.710332533892463,2.391573288861443,0.2986890007467835,2.0928842881146594
conv_3c43f51a-ffcf-4161-8d6d-b76bf669acb6,3.0,human,5.885955810546875,3.5442535400390627,5.798250325520834,2.3417022705078123,0.08770548502604125,2.253996785481771
conv_3c43f51a-ffcf-4161-8d6d-b76bf669acb6,3.0,ai,3.697586668862237,2.6096404393514,3.709231694539388,1.087946229510837,-0.0116450256771512,1.0995912551879883
conv_3c43f51a-ffcf-4161-8d6d-b76bf669acb6,4.0,human,7.416569010416667,6.321370442708333,7.48818359375,1.0951985677083336,-0.07161458333333304,1.1668131510416666
conv_3c43f51a-ffcf-4161-8d6d-b76bf669acb6,4.0,ai,4.575692569508272,1.802516264073989,4.173145967371323,2.7731763054342826,0.4025466021369484,2.3706297032973342
conv_3c43f51a-ffcf-4161-8d6d-b76bf669acb6,5.0,human,6.852550609691723,5.2442824904983105,6.690888275971284,1.6082681191934123,0.1616623337204386,1.4466057854729737
conv_3c43f51a-ffcf-4161-8d6d-b76bf669acb6,5.0,ai,4.729915843290441,2.131500244140625,4.393152573529412,2.598415599149816,0.336763269761029,2.261652329388787
conv_3c43f51a-ffcf-4161-8d6d-b76bf669acb6,6.0,human,6.067501905487805,4.628941977896342,6.118009241615853,1.438559927591463,-0.050507336128048586,1.4890672637195115
conv_3c43f51a-ffcf-4161-8d6d-b76bf669acb6,6.0,ai,5.550453186035156,1.6091523170471191,5.278980255126953,3.941300868988037,0.2714729309082031,3.669827938079834
conv_3c43f51a-ffcf-4161-8d6d-b76bf669acb6,7.0,human,5.8470611572265625,4.642879486083984,5.88909912109375,1.2041816711425781,-0.0420379638671875,1.2462196350097656
conv_3c43f51a-ffcf-4161-8d6d-b76bf669acb6,7.0,ai,4.821070053998162,1.7903891170726103,4.389569450827206,3.0306809369255516,0.4315006031709565,2.599180333754595
conv_3c43f51a-ffcf-4161-8d6d-b76bf669acb6,8.0,human,5.946066463694853,4.351720473345588,6.079740636488971,1.5943459903492654,-0.13367417279411775,1.7280201631433831
conv_3c43f51a-ffcf-4161-8d6d-b76bf669acb6,8.0,ai,5.36923828125,2.6764334542410713,5.231884765625,2.692804827008929,0.13735351562500053,2.5554513113839286
conv_3c43f51a-ffcf-4161-8d6d-b76bf669acb6,9.0,human,5.288724772135416,4.043473307291666,5.553271484375,1.2452514648437498,-0.2645467122395839,1.5097981770833337
conv_3c43f51a-ffcf-4161-8d6d-b76bf669acb6,9.0,ai,4.212896010454963,1.870927698471967,4.162769990808823,2.341968311982996,0.0501260196461395,2.2918422923368564
conv_3c5b888e-d991-4bce-adad-5584923b75b5,2.0,human,4.636018424198546,3.187763082570043,4.08624372811153,1.4482553416285024,0.5497746960870158,0.8984806455414867
conv_3c5b888e-d991-4bce-adad-5584923b75b5,2.0,ai,6.718928633065059,4.050206677667026,6.4639892578125,2.6687219553980333,0.25493937525255905,2.413782580145474
conv_3c5b888e-d991-4bce-adad-5584923b75b5,3.0,human,5.494140625,3.904539320203993,5.589518229166667,1.5896013047960071,-0.09537760416666696,1.684978908962674
conv_3c5b888e-d991-4bce-adad-5584923b75b5,3.0,ai,5.353794097900391,3.511554718017578,5.430732727050781,1.8422393798828125,-0.07693862915039062,1.9191780090332031
conv_3c5b888e-d991-4bce-adad-5584923b75b5,4.0,human,5.761622837611607,5.150599888392857,5.946637834821429,0.61102294921875,-0.18501499720982206,0.7960379464285721
conv_3c5b888e-d991-4bce-adad-5584923b75b5,4.0,ai,6.289995978860294,3.1202625947840072,5.359585930319393,3.169733384076287,0.9304100485409013,2.239323335535386
conv_3c5b888e-d991-4bce-adad-5584923b75b5,5.0,human,4.971697998046875,3.100666809082031,5.080359649658203,1.871031188964844,-0.10866165161132812,1.9796928405761722
conv_3c5b888e-d991-4bce-adad-5584923b75b5,5.0,ai,7.841619318181818,4.014012192234849,7.069128787878788,3.8276071259469697,0.7724905303030303,3.0551165956439394
conv_3c5b888e-d991-4bce-adad-5584923b75b5,6.0,human,6.28182662160773,4.026257966694079,6.409370823910362,2.2555686549136515,-0.12754420230263186,2.3831128572162834
conv_3c5b888e-d991-4bce-adad-5584923b75b5,6.0,ai,5.985991379310345,2.6647872924804688,5.303018504175647,3.3212040868298764,0.6829728751346984,2.638231211695178
conv_3c5b888e-d991-4bce-adad-5584923b75b5,7.0,human,6.2092428768382355,4.871761546415441,6.094324448529412,1.3374813304227944,0.11491842830882337,1.222562902113971
conv_3c5b888e-d991-4bce-adad-5584923b75b5,7.0,ai,6.48359375,3.370865885416667,5.2634765625,3.112727864583333,1.2201171874999996,1.8926106770833333
conv_3c5b888e-d991-4bce-adad-5584923b75b5,8.0,human,6.788954598563058,4.409142085484096,6.303682599748884,2.379812513078962,0.4852719988141745,1.8945405142647873
conv_3c5b888e-d991-4bce-adad-5584923b75b5,8.0,ai,6.500520833333334,3.266463216145833,6.026171875,3.2340576171875006,0.47434895833333357,2.759708658854167
conv_3c5b888e-d991-4bce-adad-5584923b75b5,9.0,human,6.528401692708333,4.3578236897786455,6.340115017361111,2.1705780029296875,0.18828667534722232,1.9822913275824652
conv_3c5b888e-d991-4bce-adad-5584923b75b5,9.0,ai,3.9949470288825757,1.9023899887547349,3.8569927793560606,2.092557040127841,0.13795424952651514,1.9546027906013257
conv_40197f84-33aa-433b-93b1-045691051ebc,2.0,human,4.8525390625,4.2404327392578125,4.7426910400390625,0.6121063232421875,0.1098480224609375,0.50225830078125
conv_40197f84-33aa-433b-93b1-045691051ebc,2.0,ai,6.237378669507576,3.135017163825758,5.884321732954546,3.1023615056818183,0.3530569365530303,2.749304569128788
conv_40197f84-33aa-433b-93b1-045691051ebc,3.0,human,6.7858297413793105,5.051025390625,6.466577990301724,1.7348043507543105,0.3192517510775863,1.4155525996767242
conv_40197f84-33aa-433b-93b1-045691051ebc,3.0,ai,5.5604248046875,2.392997972892992,5.238871256510417,3.167426831794508,0.32155354817708304,2.8458732836174248
conv_40197f84-33aa-433b-93b1-045691051ebc,4.0,human,6.173041449652778,5.030863444010417,6.361545138888889,1.1421780056423607,-0.1885036892361116,1.3306816948784723
conv_40197f84-33aa-433b-93b1-045691051ebc,4.0,ai,4.4207763671875,2.3764168234432446,4.302958768956802,2.0443595437442554,0.11781759823069837,1.926541945513557
conv_40197f84-33aa-433b-93b1-045691051ebc,5.0,human,5.719322467672414,3.5194807381465516,5.780441810344827,2.199841729525862,-0.0611193426724137,2.260961072198276
conv_40197f84-33aa-433b-93b1-045691051ebc,5.0,ai,5.671460700757576,2.2505511659564394,6.013760653409091,3.4209095348011367,-0.3422999526515147,3.7632094874526514
conv_40197f84-33aa-433b-93b1-045691051ebc,6.0,human,5.811668113425926,3.35107421875,6.361762152777778,2.4605938946759256,-0.5500940393518521,3.0106879340277777
conv_40197f84-33aa-433b-93b1-045691051ebc,6.0,ai,7.0885009765625,3.105511005108173,6.065258319561298,3.982989971454327,1.0232426570012016,2.9597473144531254
conv_40197f84-33aa-433b-93b1-045691051ebc,7.0,human,5.769642857142857,3.6159598214285715,6.0,2.1536830357142858,-0.2303571428571427,2.3840401785714285
conv_40197f84-33aa-433b-93b1-045691051ebc,7.0,ai,4.300091955396864,1.5950982835557725,4.5780523088243275,2.704993671841091,-0.2779603534274635,2.9829540252685547
conv_40197f84-33aa-433b-93b1-045691051ebc,8.0,human,6.308464050292969,4.53155517578125,6.98565673828125,1.7769088745117188,-0.6771926879882812,2.4541015625
conv_40197f84-33aa-433b-93b1-045691051ebc,8.0,ai,4.803128487723214,1.766513933454241,4.866322544642857,3.036614554268973,-0.06319405691964342,3.0998086111886165
conv_40197f84-33aa-433b-93b1-045691051ebc,9.0,human,5.610525948660714,2.9425441196986606,5.674120221819196,2.667981828962054,-0.06359427315848176,2.7315761021205356
conv_40197f84-33aa-433b-93b1-045691051ebc,9.0,ai,5.274475733439128,2.4535491201612682,5.00868468814426,2.8209266132778597,0.2657910452948675,2.555135567982992
conv_41180468-5036-4f69-af66-b7465bcb7316,2.0,human,6.329549153645833,4.04833984375,6.112467447916667,2.281209309895833,0.21708170572916607,2.064127604166667
conv_41180468-5036-4f69-af66-b7465bcb7316,2.0,ai,6.392316818237305,5.3882060050964355,6.5579833984375,1.0041108131408691,-0.1656665802001953,1.1697773933410645
conv_41180468-5036-4f69-af66-b7465bcb7316,3.0,human,6.360745943509615,4.489689753605769,6.619168795072115,1.8710561899038458,-0.2584228515625,2.129479041466346
conv_41180468-5036-4f69-af66-b7465bcb7316,3.0,ai,8.50146484375,5.383983612060547,7.84967041015625,3.117481231689453,0.65179443359375,2.465686798095703
conv_41180468-5036-4f69-af66-b7465bcb7316,4.0,human,7.23109375,5.4339453125,6.820234375,1.7971484375000006,0.41085937500000025,1.3862890625000004
conv_41180468-5036-4f69-af66-b7465bcb7316,4.0,ai,7.256510416666667,5.3786399147727275,7.008877840909091,1.8778705018939394,0.24763257575757613,1.6302379261363633
conv_41180468-5036-4f69-af66-b7465bcb7316,5.0,human,7.49560546875,4.955891927083333,7.137532552083333,2.539713541666667,0.35807291666666696,2.181640625
conv_41180468-5036-4f69-af66-b7465bcb7316,5.0,ai,7.14459228515625,4.5521240234375,6.8040924072265625,2.59246826171875,0.3404998779296875,2.2519683837890625
conv_41180468-5036-4f69-af66-b7465bcb7316,6.0,human,6.8311626727764425,5.572237454927885,6.70654296875,1.2589252178485575,0.12461970402644251,1.134305513822115
conv_41180468-5036-4f69-af66-b7465bcb7316,6.0,ai,6.776041666666667,3.925189393939394,6.478922526041667,2.850852272727273,0.297119140625,2.553733132102273
conv_41180468-5036-4f69-af66-b7465bcb7316,7.0,human,6.435185185185185,3.8898473668981484,6.32740162037037,2.5453378182870368,0.10778356481481488,2.437554253472222
conv_41180468-5036-4f69-af66-b7465bcb7316,7.0,ai,8.185483870967742,4.003759568737399,8.13901839717742,4.181724302230343,0.046465473790322065,4.135258828440021
conv_41180468-5036-4f69-af66-b7465bcb7316,8.0,human,6.630859375,5.087158203125,6.546875,1.543701171875,0.083984375,1.459716796875
conv_41180468-5036-4f69-af66-b7465bcb7316,8.0,ai,7.359881591796875,3.086470540364583,6.781640625,4.2734110514322925,0.5782409667968755,3.6951700846354165
conv_41180468-5036-4f69-af66-b7465bcb7316,9.0,human,8.001953125,4.424953884548611,8.008825231481481,3.5769992404513893,-0.006872106481480955,3.5838713469328702
conv_41180468-5036-4f69-af66-b7465bcb7316,9.0,ai,8.7265625,4.363151041666667,8.480989583333333,4.363411458333333,0.24557291666666714,4.117838541666666
conv_412eb7ca-cafa-4e38-8b2d-0a40272af090,2.0,human,4.943717447916667,3.447884114583333,5.340218098958333,1.4958333333333336,-0.39650065104166643,1.892333984375
conv_412eb7ca-cafa-4e38-8b2d-0a40272af090,2.0,ai,5.91683842585637,4.684150108924279,5.960364708533654,1.2326883169320908,-0.0435262826772842,1.276214599609375
conv_412eb7ca-cafa-4e38-8b2d-0a40272af090,3.0,human,5.70433666087963,3.817645037615741,5.204029224537037,1.8866916232638888,0.5003074363425926,1.3863841869212963
conv_412eb7ca-cafa-4e38-8b2d-0a40272af090,3.0,ai,6.495593446673769,3.716854211055871,5.450666023023201,2.7787392356178975,1.0449274236505675,1.73381181196733
conv_412eb7ca-cafa-4e38-8b2d-0a40272af090,4.0,human,7.371271306818182,5.1481711647727275,7.401411576704546,2.223100142045454,-0.0301402698863642,2.2532404119318183
conv_412eb7ca-cafa-4e38-8b2d-0a40272af090,4.0,ai,7.374441964285714,3.7332066127232144,7.047921316964286,3.6412353515625,0.3265206473214288,3.314714704241071
conv_412eb7ca-cafa-4e38-8b2d-0a40272af090,5.0,human,9.049342105263158,8.2509765625,9.506990131578947,0.7983655427631575,-0.4576480263157894,1.256013569078947
conv_412eb7ca-cafa-4e38-8b2d-0a40272af090,5.0,ai,5.823695182800293,3.5760326385498047,6.2984395027160645,2.2476625442504883,-0.4747443199157715,2.7224068641662598
conv_412eb7ca-cafa-4e38-8b2d-0a40272af090,6.0,human,5.506283967391305,4.216117527173913,5.669964334239131,1.2901664402173916,-0.16368036684782616,1.4538468070652177
conv_412eb7ca-cafa-4e38-8b2d-0a40272af090,6.0,ai,5.780665542140151,3.548919677734375,6.09423828125,2.2317458644057764,-0.3135727391098486,2.545318603515625
conv_412eb7ca-cafa-4e38-8b2d-0a40272af090,7.0,human,6.399287109375,4.577545166015625,6.26509765625,1.821741943359375,0.13418945312499986,1.687552490234375
conv_412eb7ca-cafa-4e38-8b2d-0a40272af090,7.0,ai,5.963169642857143,2.86634521484375,5.91805419921875,3.0968244280133934,0.04511544363839359,3.051708984375
conv_412eb7ca-cafa-4e38-8b2d-0a40272af090,8.0,human,8.427083333333334,5.1948061342592595,7.807436342592593,3.2322771990740744,0.6196469907407414,2.612630208333333
conv_412eb7ca-cafa-4e38-8b2d-0a40272af090,8.0,ai,6.654044858870968,2.966886951077369,6.640382828251008,3.687157907793599,0.013662030619959964,3.673495877173639
conv_412eb7ca-cafa-4e38-8b2d-0a40272af090,9.0,human,6.256901041666667,4.16904296875,6.21484375,2.0878580729166663,0.04205729166666661,2.0458007812499996
conv_412eb7ca-cafa-4e38-8b2d-0a40272af090,9.0,ai,5.521694407743566,2.5598198385799633,4.9980002010569855,2.961874569163603,0.5236942066865806,2.438180362477022
conv_46b5cd4c-130a-4b4c-84e1-30f78572d0bb,2.0,human,6.301117995689655,5.3312398976293105,6.415544181034483,0.9698780980603443,-0.11442618534482829,1.0843042834051726
conv_46b5cd4c-130a-4b4c-84e1-30f78572d0bb,2.0,ai,4.663280910915798,3.273143768310547,4.757609049479167,1.3901371426052513,-0.09432813856336875,1.48446528116862
conv_46b5cd4c-130a-4b4c-84e1-30f78572d0bb,3.0,human,7.215318080357143,6.296568080357143,6.604659598214286,0.9187500000000002,0.6106584821428571,0.30809151785714306
conv_46b5cd4c-130a-4b4c-84e1-30f78572d0bb,3.0,ai,4.625717611873851,2.612649356617647,4.442221248851103,2.013068255256204,0.18349636302274774,1.829571892233456
conv_46b5cd4c-130a-4b4c-84e1-30f78572d0bb,4.0,human,7.57001953125,5.565360514322917,7.217415364583333,2.004659016927083,0.3526041666666666,1.6520548502604164
conv_46b5cd4c-130a-4b4c-84e1-30f78572d0bb,4.0,ai,6.183746337890625,2.9573097229003906,5.779447555541992,3.2264366149902344,0.4042987823486328,2.8221378326416016
conv_46b5cd4c-130a-4b4c-84e1-30f78572d0bb,5.0,human,6.850988051470588,5.297736672794118,7.0783547794117645,1.5532513786764701,-0.22736672794117663,1.7806181066176467
conv_46b5cd4c-130a-4b4c-84e1-30f78572d0bb,5.0,ai,4.796564275568182,3.501335375236742,4.981585878314394,1.2952289003314394,-0.18502160274621193,1.4802505030776514
conv_46b5cd4c-130a-4b4c-84e1-30f78572d0bb,6.0,human,7.883488581730769,6.447732778695913,7.914494441105769,1.4357558030348558,-0.031005859375,1.4667616624098558
conv_46b5cd4c-130a-4b4c-84e1-30f78572d0bb,6.0,ai,5.1935189383370535,1.7818324497767857,4.426492745535715,3.411686488560268,0.7670261928013389,2.644660295758929
conv_46b5cd4c-130a-4b4c-84e1-30f78572d0bb,7.0,human,7.67236328125,7.048095703125,7.779947916666667,0.624267578125,-0.10758463541666696,0.731852213541667
conv_46b5cd4c-130a-4b4c-84e1-30f78572d0bb,7.0,ai,5.142413977420691,3.367882930871212,5.044326319839016,1.7745310465494795,0.09808765758167581,1.6764433889678036
conv_46b5cd4c-130a-4b4c-84e1-30f78572d0bb,8.0,human,8.149147727272727,6.146839488636363,8.107599431818182,2.0023082386363633,0.04154829545454497,1.9607599431818183
conv_46b5cd4c-130a-4b4c-84e1-30f78572d0bb,8.0,ai,6.47706298828125,3.09166259765625,5.914739990234375,3.3854003906249996,0.5623229980468745,2.823077392578125
conv_46b5cd4c-130a-4b4c-84e1-30f78572d0bb,9.0,human,6.1976318359375,5.41900634765625,6.22802734375,0.77862548828125,-0.0303955078125,0.80902099609375
conv_46b5cd4c-130a-4b4c-84e1-30f78572d0bb,9.0,ai,4.630130652225379,1.7806213841293796,4.054273663145123,2.849509268095999,0.5758569890802558,2.273652279015743
conv_47dd4912-f9ef-4d2c-a033-aeb851e8f164,2.0,human,5.542543764467593,3.6742621527777777,5.364140263310185,1.8682816116898149,0.17840350115740744,1.6898781105324074
conv_47dd4912-f9ef-4d2c-a033-aeb851e8f164,2.0,ai,4.858914283014113,3.345732165921119,4.793045536164315,1.513182117092994,0.06586874684979804,1.447313370243196
conv_47dd4912-f9ef-4d2c-a033-aeb851e8f164,3.0,human,6.525846354166666,4.864420572916667,6.405598958333333,1.6614257812499993,0.12024739583333321,1.541178385416666
conv_47dd4912-f9ef-4d2c-a033-aeb851e8f164,3.0,ai,4.658692406826332,2.915553358734631,4.632263683881916,1.743139048091701,0.02642872294441645,1.7167103251472846
conv_47dd4912-f9ef-4d2c-a033-aeb851e8f164,4.0,human,6.553387185801631,3.7107782778532608,6.372855808423913,2.84260890794837,0.18053137737771774,2.6620775305706523
conv_47dd4912-f9ef-4d2c-a033-aeb851e8f164,4.0,ai,5.382485082594015,3.235591565148305,4.97925632282839,2.14689351744571,0.403228759765625,1.7436647576800852
conv_47dd4912-f9ef-4d2c-a033-aeb851e8f164,5.0,human,5.193424479166667,3.2475240071614584,5.020972696940104,1.9459004720052082,0.17245178222656232,1.773448689778646
conv_47dd4912-f9ef-4d2c-a033-aeb851e8f164,5.0,ai,5.523331939196978,3.7133628970286887,5.742951940317623,1.809969042168289,-0.21962000112064484,2.029589043288934
conv_47dd4912-f9ef-4d2c-a033-aeb851e8f164,6.0,human,7.261444963727679,4.214786202566964,7.303506905691965,3.0466587611607148,-0.04206194196428559,3.0887207031250004
conv_47dd4912-f9ef-4d2c-a033-aeb851e8f164,6.0,ai,4.919842432415675,2.8400447784908236,5.125256977384052,2.0797976539248513,-0.2054145449683773,2.2852121988932286
conv_47dd4912-f9ef-4d2c-a033-aeb851e8f164,7.0,human,5.520263671875,3.451274871826172,5.29730224609375,2.068988800048828,0.22296142578125,1.8460273742675781
conv_47dd4912-f9ef-4d2c-a033-aeb851e8f164,7.0,ai,5.155551222504163,3.120596713707095,4.885766951764216,2.0349545087970675,0.2697842707399465,1.765170238057121
conv_47dd4912-f9ef-4d2c-a033-aeb851e8f164,8.0,human,5.661234537760417,3.255232747395833,6.381534830729167,2.406001790364584,-0.7203002929687496,3.1263020833333335
conv_47dd4912-f9ef-4d2c-a033-aeb851e8f164,8.0,ai,4.506537334735577,2.4359215369591345,4.514344200721154,2.0706157977764423,-0.007806865985577005,2.0784226637620193
conv_47dd4912-f9ef-4d2c-a033-aeb851e8f164,9.0,human,5.82252311706543,3.539341926574707,5.986072540283203,2.2831811904907227,-0.16354942321777344,2.446730613708496
conv_47dd4912-f9ef-4d2c-a033-aeb851e8f164,9.0,ai,5.385961503248948,2.9740389310396633,5.31295893742488,2.411922572209285,0.07300256582406828,2.3389200063852167
conv_47df141a-738b-422a-8ad6-f222255c695e,2.0,human,6.056439568014706,5.168600643382353,6.051355698529412,0.8878389246323524,0.005083869485293491,0.8827550551470589
conv_47df141a-738b-422a-8ad6-f222255c695e,2.0,ai,6.001869201660156,3.890045166015625,6.163120269775391,2.1118240356445312,-0.16125106811523438,2.2730751037597656
conv_47df141a-738b-422a-8ad6-f222255c695e,3.0,human,5.620425575657895,5.0439453125,6.139340049342105,0.5764802631578947,-0.5189144736842106,1.0953947368421053
conv_47df141a-738b-422a-8ad6-f222255c695e,3.0,ai,5.505457261029412,2.7927353802849266,5.075631534352022,2.7127218807444855,0.4298257266773904,2.282896154067095
conv_47df141a-738b-422a-8ad6-f222255c695e,4.0,human,7.280208333333333,5.694921875,7.327734375,1.585286458333333,-0.04752604166666696,1.6328125
conv_47df141a-738b-422a-8ad6-f222255c695e,4.0,ai,5.145005580357143,2.5079171316964284,4.805807059151785,2.6370884486607147,0.33919852120535765,2.297889927455357
conv_47df141a-738b-422a-8ad6-f222255c695e,5.0,human,5.3381545608108105,4.475242820945946,5.650179476351352,0.8629117398648649,-0.31202491554054124,1.1749366554054061
conv_47df141a-738b-422a-8ad6-f222255c695e,5.0,ai,5.500739203559028,2.3531629774305554,5.853686862521702,3.1475762261284723,-0.3529476589626741,3.5005238850911464
conv_47df141a-738b-422a-8ad6-f222255c695e,6.0,human,5.3843994140625,3.4769699994255516,5.4826803768382355,1.9074294146369484,-0.0982809627757355,2.005710377412684
conv_47df141a-738b-422a-8ad6-f222255c695e,6.0,ai,5.0686664003314394,2.583884499289773,4.931655421401516,2.4847819010416665,0.13701097892992387,2.3477709221117427
conv_47df141a-738b-422a-8ad6-f222255c695e,7.0,human,6.554557291666667,5.34111328125,6.805509440104166,1.2134440104166666,-0.25095214843749947,1.464396158854166
conv_47df141a-738b-422a-8ad6-f222255c695e,7.0,ai,5.520232282366071,2.347154017857143,5.194217354910714,3.173078264508928,0.32601492745535676,2.847063337053571
conv_47df141a-738b-422a-8ad6-f222255c695e,8.0,human,6.31976318359375,4.20452880859375,6.452632904052734,2.115234375,-0.13286972045898438,2.2481040954589844
conv_47df141a-738b-422a-8ad6-f222255c695e,8.0,ai,5.617147391183035,2.5000052315848214,5.624225725446428,3.117142159598214,-0.0070783342633928825,3.124220493861607
conv_47df141a-738b-422a-8ad6-f222255c695e,9.0,human,6.65704345703125,5.4559173583984375,6.8498687744140625,1.2011260986328125,-0.1928253173828125,1.393951416015625
conv_47df141a-738b-422a-8ad6-f222255c695e,9.0,ai,5.169871610753677,2.452322567210478,5.343942081227022,2.717549043543199,-0.17407047047334512,2.891619514016544
conv_491b62e9-789d-4b72-b887-557f2ccffc18,2.0,human,7.832169242527174,5.830582328464674,7.652088994565218,2.0015869140625,0.1800802479619561,1.821506666100544
conv_491b62e9-789d-4b72-b887-557f2ccffc18,2.0,ai,3.6672781808035713,2.0265415736607144,2.538560267857143,1.6407366071428569,1.1287179129464282,0.5120186941964286
conv_491b62e9-789d-4b72-b887-557f2ccffc18,3.0,human,6.1284027099609375,4.325050354003906,5.7615966796875,1.8033523559570312,0.3668060302734375,1.4365463256835938
conv_491b62e9-789d-4b72-b887-557f2ccffc18,3.0,ai,5.529478454589844,2.8564540318080356,5.0917898995535715,2.6730244227818085,0.4376885550362726,2.235335867745536
conv_491b62e9-789d-4b72-b887-557f2ccffc18,4.0,human,5.960152004076087,4.643607761548913,5.571920643682065,1.3165442425271738,0.3882313603940215,0.9283128821331523
conv_491b62e9-789d-4b72-b887-557f2ccffc18,4.0,ai,6.168054917279412,2.3801341337316178,5.170219870174632,3.7879207835477944,0.9978350471047799,2.7900857364430145
conv_491b62e9-789d-4b72-b887-557f2ccffc18,5.0,human,5.608418782552083,4.169038899739584,4.70172119140625,1.4393798828124993,0.906697591145833,0.5326822916666663
conv_491b62e9-789d-4b72-b887-557f2ccffc18,5.0,ai,4.7799844180836395,2.6091775333180145,4.814763686236213,2.170806884765625,-0.03477926815257337,2.2055861529181984
conv_491b62e9-789d-4b72-b887-557f2ccffc18,6.0,human,5.722694396972656,3.9239234924316406,5.323856353759766,1.7987709045410156,0.3988380432128906,1.399932861328125
conv_491b62e9-789d-4b72-b887-557f2ccffc18,6.0,ai,4.390707227918837,2.0892537434895835,4.205044216579861,2.301453484429253,0.1856630113389759,2.1157904730902772
conv_491b62e9-789d-4b72-b887-557f2ccffc18,7.0,human,6.365066964285714,4.025991930280413,6.004052734375,2.339075034005301,0.3610142299107144,1.9780608040945866
conv_491b62e9-789d-4b72-b887-557f2ccffc18,7.0,ai,5.7746512276785715,2.503866141183036,5.37314453125,3.2707850864955357,0.4015066964285712,2.8692783900669645
conv_491b62e9-789d-4b72-b887-557f2ccffc18,8.0,human,5.894182477678571,2.837038312639509,5.910400390625,3.057144165039062,-0.016217912946428825,3.073362077985491
conv_491b62e9-789d-4b72-b887-557f2ccffc18,8.0,ai,5.309605189732143,2.1680670601981027,4.4134599958147325,3.1415381295340405,0.8961451939174108,2.24539293561663
conv_491b62e9-789d-4b72-b887-557f2ccffc18,9.0,human,5.991273941532258,4.159868794102823,6.12163322202621,1.831405147429435,-0.13035928049395196,1.961764427923387
conv_491b62e9-789d-4b72-b887-557f2ccffc18,9.0,ai,5.524164690290179,2.588853236607143,4.528725760323661,2.9353114536830356,0.9954389299665181,1.9398725237165175
conv_49c214f3-8828-46e2-b76b-6c4f3ccaf016,2.0,human,5.88935310609879,4.635450793850806,5.450281943044355,1.253902312247984,0.43907116305443505,0.8148311491935489
conv_49c214f3-8828-46e2-b76b-6c4f3ccaf016,2.0,ai,5.414508928571428,2.3804966517857142,4.422544642857143,3.034012276785714,0.9919642857142854,2.0420479910714286
conv_49c214f3-8828-46e2-b76b-6c4f3ccaf016,3.0,human,5.044480846774194,3.3480067099294355,4.940681703629032,1.6964741368447585,0.10379914314516192,1.5926749936995965
conv_49c214f3-8828-46e2-b76b-6c4f3ccaf016,3.0,ai,3.83864508734809,2.0159793429904513,3.2626444498697915,1.8226657443576388,0.5760006374782987,1.2466651068793402
conv_49c214f3-8828-46e2-b76b-6c4f3ccaf016,4.0,human,5.006889343261719,3.9826040267944336,4.5721211433410645,1.0242853164672852,0.4347681999206543,0.5895171165466309
conv_49c214f3-8828-46e2-b76b-6c4f3ccaf016,4.0,ai,5.2880299886067705,2.0751444498697915,4.619137234157986,3.212885538736979,0.6688927544487848,2.543992784288194
conv_49c214f3-8828-46e2-b76b-6c4f3ccaf016,5.0,human,4.917286942644817,2.976987327017435,5.009364430497333,1.940299615627382,-0.09207748785251546,2.0323771034798974
conv_49c214f3-8828-46e2-b76b-6c4f3ccaf016,5.0,ai,4.3745186941964285,1.9078953334263393,4.442473493303571,2.466623360770089,-0.06795479910714253,2.5345781598772317
conv_49c214f3-8828-46e2-b76b-6c4f3ccaf016,6.0,human,4.655128272804054,3.204850480363176,4.4968459670608105,1.4502777924408785,0.15828230574324387,1.2919954866976346
conv_49c214f3-8828-46e2-b76b-6c4f3ccaf016,6.0,ai,4.9987538655598955,2.26320563422309,4.932374742296007,2.7355482313368054,0.0663791232638884,2.669169108072917
conv_49c214f3-8828-46e2-b76b-6c4f3ccaf016,7.0,human,6.534549197635135,3.375471785261824,6.082084037162162,3.159077412373311,0.4524651604729728,2.706612251900338
conv_49c214f3-8828-46e2-b76b-6c4f3ccaf016,7.0,ai,4.545161066828547,1.4379422986829602,4.050821252771326,3.107218768145587,0.4943398140572217,2.6128789540883655
conv_49c214f3-8828-46e2-b76b-6c4f3ccaf016,8.0,human,5.988710191514757,3.2133000691731772,6.095298343234592,2.77541012234158,-0.10658815171983527,2.881998274061415
conv_49c214f3-8828-46e2-b76b-6c4f3ccaf016,8.0,ai,4.520428127712673,2.1606737772623696,4.208333333333333,2.3597543504503036,0.3120947943793402,2.0476595560709634
conv_49c214f3-8828-46e2-b76b-6c4f3ccaf016,9.0,human,6.13381865530303,3.6154674183238638,6.058268229166667,2.5183512369791665,0.07555042613636331,2.442800810842803
conv_49c214f3-8828-46e2-b76b-6c4f3ccaf016,9.0,ai,5.3123922909007355,2.8517258588005516,5.002814797794118,2.460666432100184,0.30957749310661775,2.151088938993566
conv_4aa46faf-273a-4707-be30-a0b216440d87,2.0,human,9.166666666666666,7.623263888888889,8.652777777777779,1.5434027777777768,0.5138888888888875,1.0295138888888893
conv_4aa46faf-273a-4707-be30-a0b216440d87,2.0,ai,4.723939732142857,2.4496826171875,4.389215959821429,2.274257114955357,0.33472377232142847,1.9395333426339287
conv_4aa46faf-273a-4707-be30-a0b216440d87,3.0,human,6.5521548589070635,4.556775410970052,6.087563514709473,1.9953794479370117,0.46459134419759085,1.5307881037394209
conv_4aa46faf-273a-4707-be30-a0b216440d87,3.0,ai,5.113622328814338,2.407610724954044,4.631706686580882,2.706011603860294,0.4819156422334556,2.2240959616268383
conv_4aa46faf-273a-4707-be30-a0b216440d87,4.0,human,5.847287495930989,3.9606170654296875,5.8073069254557295,1.8866704305013018,0.039980570475259825,1.846689860026042
conv_4aa46faf-273a-4707-be30-a0b216440d87,4.0,ai,5.7084245681762695,4.147298812866211,5.182619094848633,1.5611257553100586,0.5258054733276367,1.0353202819824219
conv_4aa46faf-273a-4707-be30-a0b216440d87,5.0,human,6.47301025390625,4.541304524739584,6.014353434244792,1.9317057291666666,0.4586568196614582,1.4730489095052084
conv_4aa46faf-273a-4707-be30-a0b216440d87,5.0,ai,6.619600183823529,3.471248851102941,5.859489889705882,3.148351332720588,0.7601102941176467,2.388241038602941
conv_4aa46faf-273a-4707-be30-a0b216440d87,6.0,human,8.50796875,7.1471875,8.6475,1.3607812499999996,-0.139531250000001,1.5003125000000006
conv_4aa46faf-273a-4707-be30-a0b216440d87,6.0,ai,5.6016965593610495,2.853536551339286,5.3474051339285715,2.7481600080217636,0.25429142543247796,2.4938685825892857
conv_4aa46faf-273a-4707-be30-a0b216440d87,7.0,human,7.798032407407407,5.262008101851852,7.4048032407407405,2.5360243055555554,0.39322916666666696,2.1427951388888884
conv_4aa46faf-273a-4707-be30-a0b216440d87,7.0,ai,5.339237636990017,1.9735238817003038,4.550157335069445,3.365713755289713,0.7890803019205723,2.5766334533691406
conv_4aa46faf-273a-4707-be30-a0b216440d87,8.0,human,6.470343338815789,4.945415296052632,6.298211348684211,1.5249280427631575,0.17213199013157876,1.3527960526315788
conv_4aa46faf-273a-4707-be30-a0b216440d87,8.0,ai,5.208111931295956,1.9879168342141544,4.7562094295726105,3.220195097081801,0.4519025017233451,2.768292595358456
conv_4aa46faf-273a-4707-be30-a0b216440d87,9.0,human,7.8007590553977275,6.222478693181818,7.996004971590909,1.5782803622159092,-0.19524591619318166,1.7735262784090908
conv_4aa46faf-273a-4707-be30-a0b216440d87,9.0,ai,4.892284617704504,2.100760067210478,4.783770392922794,2.791524550494026,0.10851422478170925,2.6830103257123166
conv_4d1bd73a-bbc9-4e37-8ba0-3cdd7adbc66a,2.0,human,7.3140240293560606,7.146325313683712,7.748083866003788,0.16769871567234862,-0.4340598366477275,0.6017585523200761
conv_4d1bd73a-bbc9-4e37-8ba0-3cdd7adbc66a,2.0,ai,5.784061540876116,2.7349051339285713,6.1515380859375,3.0491564069475445,-0.3674765450613844,3.416632952008929
conv_4d1bd73a-bbc9-4e37-8ba0-3cdd7adbc66a,3.0,human,8.924164870689655,6.394640692349138,8.268419989224139,2.529524178340517,0.655744881465516,1.8737792968750009
conv_4d1bd73a-bbc9-4e37-8ba0-3cdd7adbc66a,3.0,ai,5.960518973214286,3.032763671875,6.4142578125,2.9277553013392854,-0.45373883928571423,3.3814941406249996
conv_4d1bd73a-bbc9-4e37-8ba0-3cdd7adbc66a,4.0,human,6.807440396012931,2.9442601697198274,6.961375269396552,3.863180226293103,-0.153934873383621,4.017115099676724
conv_4d1bd73a-bbc9-4e37-8ba0-3cdd7adbc66a,4.0,ai,5.221661735983456,1.6491950539981617,5.245738309972427,3.572466681985294,-0.024076573988971006,3.596543255974265
conv_4d1bd73a-bbc9-4e37-8ba0-3cdd7adbc66a,5.0,human,8.688872466216216,5.096976615287162,8.652027027027026,3.5918958509290535,0.03684543918918948,3.555050411739864
conv_4d1bd73a-bbc9-4e37-8ba0-3cdd7adbc66a,5.0,ai,5.044692530776516,2.9347908713600854,5.455664432410038,2.10990165941643,-0.4109719016335225,2.5208735610499526
conv_4d1bd73a-bbc9-4e37-8ba0-3cdd7adbc66a,6.0,human,6.53033447265625,4.3781585693359375,6.80633544921875,2.1521759033203125,-0.2760009765625,2.4281768798828125
conv_4d1bd73a-bbc9-4e37-8ba0-3cdd7adbc66a,6.0,ai,5.672403971354167,3.0279374556107954,5.521713719223484,2.6444665157433715,0.15069025213068254,2.493776263612689
conv_4d1bd73a-bbc9-4e37-8ba0-3cdd7adbc66a,7.0,human,8.140082465277779,5.7602358217592595,8.618272569444445,2.379846643518519,-0.4781901041666661,2.858036747685185
conv_4d1bd73a-bbc9-4e37-8ba0-3cdd7adbc66a,7.0,ai,5.581270105698529,2.546713436351103,6.364277559168198,3.034556669347426,-0.7830074534696694,3.8175641228170956
conv_4d1bd73a-bbc9-4e37-8ba0-3cdd7adbc66a,8.0,human,5.431829833984375,3.1795093536376955,5.72186279296875,2.25232048034668,-0.29003295898437464,2.5423534393310545
conv_4d1bd73a-bbc9-4e37-8ba0-3cdd7adbc66a,8.0,ai,5.8671875,2.1433967141544117,6.2033547794117645,3.7237907858455883,-0.3361672794117645,4.059958065257353
conv_4d1bd73a-bbc9-4e37-8ba0-3cdd7adbc66a,9.0,human,7.580005787037037,4.808449074074074,7.761501736111111,2.771556712962963,-0.18149594907407351,2.9530526620370363
conv_4d1bd73a-bbc9-4e37-8ba0-3cdd7adbc66a,9.0,ai,6.74557587594697,2.9299908262310606,6.1306374289772725,3.815585049715909,0.6149384469696972,3.200646602746212
conv_58838068-7cd4-4f6c-b158-aabb542ab4b9,2.0,human,7.674033717105263,5.191381354081003,8.025082236842104,2.4826523630242594,-0.3510485197368416,2.833700882761101
conv_58838068-7cd4-4f6c-b158-aabb542ab4b9,2.0,ai,5.919692530776516,2.3841561982125947,5.654822147253788,3.535536332563921,0.2648703835227275,3.2706659490411933
conv_58838068-7cd4-4f6c-b158-aabb542ab4b9,3.0,human,6.120833333333334,4.971354166666667,6.022135416666667,1.1494791666666666,0.09869791666666661,1.05078125
conv_58838068-7cd4-4f6c-b158-aabb542ab4b9,3.0,ai,6.083020378561581,2.7260149787454044,5.668098000919118,3.357005399816176,0.41492237764246287,2.9420830221737133
conv_58838068-7cd4-4f6c-b158-aabb542ab4b9,4.0,human,8.629934210526315,4.536070171155427,8.3583984375,4.093864039370888,0.27153577302631504,3.822328266344573
conv_58838068-7cd4-4f6c-b158-aabb542ab4b9,4.0,ai,5.450641741071428,1.8213487897600447,5.017857142857143,3.629292951311384,0.43278459821428505,3.196508353097099
conv_58838068-7cd4-4f6c-b158-aabb542ab4b9,5.0,human,6.754091616030093,4.866674352575232,6.8072509765625,1.8874172634548607,-0.05315936053240744,1.9405766239872682
conv_58838068-7cd4-4f6c-b158-aabb542ab4b9,5.0,ai,6.137867647058823,2.166544970344095,5.836985868566177,3.9713226767147285,0.30088177849264675,3.6704408982220817
conv_58838068-7cd4-4f6c-b158-aabb542ab4b9,6.0,human,6.270247395833334,3.8318931579589846,6.72001953125,2.438354237874349,-0.4497721354166666,2.8881263732910156
conv_58838068-7cd4-4f6c-b158-aabb542ab4b9,6.0,ai,5.411125631893382,2.8525893267463234,4.812047621783088,2.558536305147059,0.5990780101102944,1.9594582950367645
conv_58838068-7cd4-4f6c-b158-aabb542ab4b9,7.0,human,5.639761117788462,3.728412334735577,5.813739483173077,1.9113487830528846,-0.17397836538461497,2.0853271484374996
conv_58838068-7cd4-4f6c-b158-aabb542ab4b9,7.0,ai,5.697296142578125,2.204803466796875,4.9874267578125,3.49249267578125,0.709869384765625,2.782623291015625
conv_58838068-7cd4-4f6c-b158-aabb542ab4b9,8.0,human,6.190538194444445,4.184733072916667,6.448350694444445,2.0058051215277777,-0.2578125,2.2636176215277777
conv_58838068-7cd4-4f6c-b158-aabb542ab4b9,8.0,ai,5.4619140625,2.201337028952206,5.280589384191177,3.260577033547794,0.18132467830882337,3.0792523552389706
conv_58838068-7cd4-4f6c-b158-aabb542ab4b9,9.0,human,5.41078125,3.95921875,5.11953125,1.4515625000000005,0.2912500000000007,1.1603124999999999
conv_58838068-7cd4-4f6c-b158-aabb542ab4b9,9.0,ai,4.64894278390067,1.8602527073451451,4.38216552734375,2.7886900765555245,0.26677725655692,2.5219128199986045
conv_58c2f2e6-db2a-406d-9bc9-04aaf1b0c35a,2.0,human,6.1494140625,4.9479758522727275,6.564453125,1.2014382102272725,-0.4150390625,1.6164772727272725
conv_58c2f2e6-db2a-406d-9bc9-04aaf1b0c35a,2.0,ai,3.552215140206473,1.693344225202288,3.330275181361607,1.858870915004185,0.22193995884486606,1.636930956159319
conv_58c2f2e6-db2a-406d-9bc9-04aaf1b0c35a,3.0,human,7.068714488636363,3.769431374289773,6.2961647727272725,3.2992831143465904,0.7725497159090908,2.5267333984374996
conv_58c2f2e6-db2a-406d-9bc9-04aaf1b0c35a,3.0,ai,4.497750875112173,1.998607738597973,4.094683672930743,2.4991431365142,0.4030672021814299,2.09607593433277
conv_58c2f2e6-db2a-406d-9bc9-04aaf1b0c35a,4.0,human,5.83908203125,3.73677734375,5.0105078125,2.1023046875,0.82857421875,1.2737304687500002
conv_58c2f2e6-db2a-406d-9bc9-04aaf1b0c35a,4.0,ai,5.647907930261948,1.9436358283547794,5.025045955882353,3.704272101907169,0.6228619743795951,3.081410127527574
conv_58c2f2e6-db2a-406d-9bc9-04aaf1b0c35a,5.0,human,7.371448863636363,4.743607954545454,6.938831676136363,2.627840909090909,0.4326171875,2.195223721590909
conv_58c2f2e6-db2a-406d-9bc9-04aaf1b0c35a,5.0,ai,4.573445638020833,2.292178067294034,4.292461973248106,2.281267570726799,0.2809836647727266,2.0002839059540722
conv_58c2f2e6-db2a-406d-9bc9-04aaf1b0c35a,6.0,human,6.090770374644887,3.3068597966974433,5.137323552911932,2.7839105779474433,0.953446821732955,1.8304637562144883
conv_58c2f2e6-db2a-406d-9bc9-04aaf1b0c35a,6.0,ai,4.641185651506697,1.68038330078125,3.9420322963169645,2.9608023507254466,0.6991533551897322,2.2616489955357144
conv_58c2f2e6-db2a-406d-9bc9-04aaf1b0c35a,7.0,human,5.2622265625,3.297645263671875,4.804609375,1.9645812988281253,0.45761718750000036,1.506964111328125
conv_58c2f2e6-db2a-406d-9bc9-04aaf1b0c35a,7.0,ai,4.971888950892857,2.044471958705357,4.340053013392857,2.9274169921874997,0.6318359375,2.2955810546874997
conv_58c2f2e6-db2a-406d-9bc9-04aaf1b0c35a,8.0,human,6.367178109975962,4.181570199819712,5.817467322716346,2.18560791015625,0.5497107872596159,1.6358971228966341
conv_58c2f2e6-db2a-406d-9bc9-04aaf1b0c35a,8.0,ai,5.372443704044118,1.9976052676930147,4.372235466452206,3.3748384363511033,1.0002082375919121,2.374630198759191
conv_58c2f2e6-db2a-406d-9bc9-04aaf1b0c35a,9.0,human,5.801539453966864,2.7715659305967133,5.442187473691743,3.029973523370151,0.35935198027512083,2.67062154309503
conv_58c2f2e6-db2a-406d-9bc9-04aaf1b0c35a,9.0,ai,5.51605224609375,2.03206787109375,4.783061872209822,3.483984375,0.7329903738839283,2.7509940011160716
conv_5b956e03-a900-47aa-88a9-54cb6be40071,2.0,human,7.708438270970395,6.010003340871711,8.110036749588815,1.698434930098684,-0.40159847861842035,2.1000334087171044
conv_5b956e03-a900-47aa-88a9-54cb6be40071,2.0,ai,6.283549647177419,3.5876243345199095,5.524390435987903,2.6959253126575096,0.759159211189516,1.9367661014679936
conv_5b956e03-a900-47aa-88a9-54cb6be40071,3.0,human,7.358673878205129,5.978055513822115,7.403145032051282,1.3806183643830137,-0.0444711538461533,1.425089518229167
conv_5b956e03-a900-47aa-88a9-54cb6be40071,3.0,ai,5.839090401785715,3.6214494977678573,5.132303292410715,2.2176409040178573,0.706787109375,1.5108537946428573
conv_5b956e03-a900-47aa-88a9-54cb6be40071,4.0,human,8.446354166666667,6.109114583333334,8.608333333333333,2.337239583333334,-0.161979166666665,2.499218749999999
conv_5b956e03-a900-47aa-88a9-54cb6be40071,4.0,ai,4.471279144287109,2.883116298251682,4.0327264997694225,1.5881628460354276,0.43855264451768683,1.1496102015177407
conv_5b956e03-a900-47aa-88a9-54cb6be40071,5.0,human,7.240084134615385,4.386865860376602,7.153720953525641,2.853218274238783,0.08636318108974361,2.766855093149039
conv_5b956e03-a900-47aa-88a9-54cb6be40071,5.0,ai,5.878197872277462,2.676946004231771,5.468332001657197,3.201251868045691,0.4098658706202647,2.7913859974254263
conv_5b956e03-a900-47aa-88a9-54cb6be40071,6.0,human,7.8572509765625,4.07041015625,7.761070251464844,3.7868408203124995,0.09618072509765607,3.6906600952148434
conv_5b956e03-a900-47aa-88a9-54cb6be40071,6.0,ai,5.907418605259487,2.1174774169921875,5.967177036830357,3.7899411882672993,-0.05975843157087013,3.8496996198381694
conv_5b956e03-a900-47aa-88a9-54cb6be40071,7.0,human,7.225603866577148,4.327134370803833,7.222531127929687,2.8984694957733153,0.0030727386474609375,2.8953967571258543
conv_5b956e03-a900-47aa-88a9-54cb6be40071,7.0,ai,6.4528952205882355,2.753835453706629,6.329905790441177,3.6990597668816063,0.12298943014705888,3.5760703367345474
conv_5b956e03-a900-47aa-88a9-54cb6be40071,8.0,human,7.249897203947368,5.636564555921052,7.300524259868421,1.613332648026316,-0.0506270559210531,1.663959703947369
conv_5b956e03-a900-47aa-88a9-54cb6be40071,8.0,ai,4.707835170200893,2.6628856113978796,4.725983537946429,2.044949558803013,-0.018148367745536298,2.0630979265485494
conv_5b956e03-a900-47aa-88a9-54cb6be40071,9.0,human,8.547289299242424,5.058586351799242,8.716323390151516,3.4887029474431817,-0.16903409090909172,3.6577370383522734
conv_5b956e03-a900-47aa-88a9-54cb6be40071,9.0,ai,5.209117945502786,1.619062535903033,5.541007995605469,3.5900554095997532,-0.33189005010268247,3.9219454597024357
conv_5e234f25-eb78-4ec3-8113-c66645149ddc,2.0,human,5.786221590909091,3.8378462357954546,5.802438446969697,1.9483753551136362,-0.01621685606060641,1.9645922111742427
conv_5e234f25-eb78-4ec3-8113-c66645149ddc,2.0,ai,4.881626674107143,2.8226143973214284,4.484849330357143,2.059012276785715,0.3967773437500002,1.6622349330357147
conv_5e234f25-eb78-4ec3-8113-c66645149ddc,3.0,human,5.096963205645161,3.763671875,5.03937752016129,1.333291330645161,0.057585685483870996,1.27570564516129
conv_5e234f25-eb78-4ec3-8113-c66645149ddc,3.0,ai,5.343366622924805,3.1470108032226562,5.190452575683594,2.1963558197021484,0.15291404724121094,2.0434417724609375
conv_5e234f25-eb78-4ec3-8113-c66645149ddc,4.0,human,4.497994815602022,3.315218083998736,4.677513571346507,1.1827767316032856,-0.1795187557444855,1.362295487347771
conv_5e234f25-eb78-4ec3-8113-c66645149ddc,4.0,ai,5.763492359834559,3.582864200367647,5.683478860294118,2.1806281594669117,0.08001349954044112,2.1006146599264706
conv_5e234f25-eb78-4ec3-8113-c66645149ddc,5.0,human,4.321236314444707,2.666423929148707,4.030203983701509,1.6548123852959997,0.2910323307431977,1.363780054552802
conv_5e234f25-eb78-4ec3-8113-c66645149ddc,5.0,ai,5.073270909926471,2.943621467141544,5.248075597426471,2.129649442784927,-0.1748046875,2.304454130284927
conv_5e234f25-eb78-4ec3-8113-c66645149ddc,6.0,human,6.146484375,3.870067727976832,6.393386314655173,2.276416647023168,-0.2469019396551726,2.5233185866783407
conv_5e234f25-eb78-4ec3-8113-c66645149ddc,6.0,ai,5.9958274147727275,3.5008138020833335,5.729344223484849,2.495013612689394,0.2664831912878789,2.228530421401515
conv_5e234f25-eb78-4ec3-8113-c66645149ddc,7.0,human,4.731074892241379,3.0162058863146552,4.674299568965517,1.7148690059267238,0.0567753232758621,1.6580936826508617
conv_5e234f25-eb78-4ec3-8113-c66645149ddc,7.0,ai,5.4570136070251465,2.6034886837005615,5.480764389038086,2.853524923324585,-0.023750782012939453,2.8772757053375244
conv_5e234f25-eb78-4ec3-8113-c66645149ddc,8.0,human,5.279878162202381,4.289527529761905,5.466029575892857,0.9903506324404763,-0.1861514136904754,1.1765020461309517
conv_5e234f25-eb78-4ec3-8113-c66645149ddc,8.0,ai,5.719569052419355,3.069186302923387,5.626842867943548,2.650382749495968,0.09272618447580694,2.557656565020161
conv_5e234f25-eb78-4ec3-8113-c66645149ddc,9.0,human,5.030792236328125,3.6496462435335726,4.7147493104676945,1.3811459927945524,0.3160429258604305,1.065103066934122
conv_5e234f25-eb78-4ec3-8113-c66645149ddc,9.0,ai,5.392609467377534,2.5925548656566724,5.282068201013513,2.800054601720862,0.11054126636402106,2.689513335356841
conv_5f17f002-84ad-4315-8c69-20ec83de1223,2.0,human,6.655232747395833,3.476506551106771,7.752034505208333,3.178726196289062,-1.0968017578125,4.2755279541015625
conv_5f17f002-84ad-4315-8c69-20ec83de1223,2.0,ai,5.100697835286458,3.2762332492404513,4.743082682291667,1.8244645860460067,0.3576151529947911,1.4668494330512156
conv_5f17f002-84ad-4315-8c69-20ec83de1223,3.0,human,7.776774088541667,5.220483850549768,7.041849772135417,2.556290237991899,0.73492431640625,1.8213659215856488
conv_5f17f002-84ad-4315-8c69-20ec83de1223,3.0,ai,4.0395618014865455,1.9825371636284723,3.8854573567708335,2.057024637858073,0.15410444471571205,1.9029201931423612
conv_5f17f002-84ad-4315-8c69-20ec83de1223,4.0,human,5.7822265625,4.9533547794117645,6.203986672794118,0.8288717830882355,-0.42176011029411775,1.2506318933823533
conv_5f17f002-84ad-4315-8c69-20ec83de1223,4.0,ai,4.528094821506077,2.7886984083387585,3.785856458875868,1.7393964131673183,0.7422383626302089,0.9971580505371094
conv_5f17f002-84ad-4315-8c69-20ec83de1223,5.0,human,4.479727909482759,3.4461501549030173,4.432179418103448,1.0335777545797415,0.0475484913793105,0.986029263200431
conv_5f17f002-84ad-4315-8c69-20ec83de1223,5.0,ai,4.9450905539772725,2.4885078198982007,4.591012665719697,2.456582734079072,0.35407788825757525,2.1025048458214965
conv_5f17f002-84ad-4315-8c69-20ec83de1223,6.0,human,6.919048602764423,3.9703345665564904,6.647761418269231,2.948714036207933,0.2712871844951925,2.6774268517127404
conv_5f17f002-84ad-4315-8c69-20ec83de1223,6.0,ai,4.936141531808036,2.8550868443080355,4.689425223214286,2.0810546875000004,0.24671630859374982,1.8343383789062506
conv_5f17f002-84ad-4315-8c69-20ec83de1223,7.0,human,5.607501055743243,4.851192989864865,5.592826224662162,0.7563080658783781,0.014674831081080697,0.7416332347972974
conv_5f17f002-84ad-4315-8c69-20ec83de1223,7.0,ai,5.035225550333659,2.395524713728163,4.9668629964192705,2.6397008366054964,0.06836255391438861,2.5713382826911078
conv_5f17f002-84ad-4315-8c69-20ec83de1223,8.0,human,5.194980239868164,4.3990159034729,5.197821617126465,0.7959643363952633,-0.0028413772583011365,0.7988057136535645
conv_5f17f002-84ad-4315-8c69-20ec83de1223,8.0,ai,5.358510335286458,1.8448259565565321,5.255777994791667,3.513684378729926,0.10273234049479107,3.410952038235135
conv_5f17f002-84ad-4315-8c69-20ec83de1223,9.0,human,4.979976878446691,3.883868049172794,5.004595588235294,1.0961088292738972,-0.024618709788603255,1.1207275390625004
conv_5f17f002-84ad-4315-8c69-20ec83de1223,9.0,ai,3.9555466595818016,1.9020493451286764,3.9450970818014706,2.053497314453125,0.010449577780331065,2.0430477366727944
conv_61dd4f08-b460-4c98-8368-fb09762cbe5e,2.0,human,5.617137451171875,6.7474267578125,7.4161083984375,-1.1302893066406252,-1.7989709472656257,0.6686816406250005
conv_61dd4f08-b460-4c98-8368-fb09762cbe5e,2.0,ai,5.152573939732143,3.066441127232143,5.048074776785715,2.0861328125000003,0.10449916294642847,1.9816336495535718
conv_61dd4f08-b460-4c98-8368-fb09762cbe5e,3.0,human,4.20372812371505,2.864869569477282,4.283251310649671,1.3388585542377678,-0.07952318693462157,1.4183817411723894
conv_61dd4f08-b460-4c98-8368-fb09762cbe5e,3.0,ai,5.587283972537879,3.100894812381629,5.063217625473484,2.48638916015625,0.5240663470643945,1.9623228130918555
conv_61dd4f08-b460-4c98-8368-fb09762cbe5e,4.0,human,5.466433073344984,3.6839475129780017,5.6848594263980265,1.782485560366982,-0.2184263530530428,2.000911913420025
conv_61dd4f08-b460-4c98-8368-fb09762cbe5e,4.0,ai,5.69680693655303,3.390438195430871,5.461181640625,2.306368741122159,0.23562529592803028,2.070743445194129
conv_61dd4f08-b460-4c98-8368-fb09762cbe5e,5.0,human,4.8865195826480265,3.6649422896535775,5.337725187602796,1.221577292994449,-0.4512056049547697,1.6727828979492188
conv_61dd4f08-b460-4c98-8368-fb09762cbe5e,5.0,ai,6.508092543658088,3.2630121006685147,7.0839700137867645,3.245080442989573,-0.5758774701286766,3.82095791311825
conv_61dd4f08-b460-4c98-8368-fb09762cbe5e,6.0,human,6.405727288661859,4.198293050130208,5.455043694911859,2.2074342385316505,0.95068359375,1.2567506447816505
conv_61dd4f08-b460-4c98-8368-fb09762cbe5e,6.0,ai,5.59131695429484,2.0294816493988037,5.152476088205973,3.5618353048960367,0.4388408660888672,3.1229944388071695
conv_61dd4f08-b460-4c98-8368-fb09762cbe5e,7.0,human,5.389336519463118,3.0476198418195857,5.466024531874546,2.3417166776435323,-0.0766880124114282,2.4184046900549605
conv_61dd4f08-b460-4c98-8368-fb09762cbe5e,7.0,ai,6.4195334694602275,3.474830396247633,6.461196437026516,2.9447030732125947,-0.04166296756628807,2.986366040778883
conv_61dd4f08-b460-4c98-8368-fb09762cbe5e,8.0,human,5.476648667279412,3.0497372571159813,5.931238511029412,2.426911410163431,-0.45458984375,2.881501253913431
conv_61dd4f08-b460-4c98-8368-fb09762cbe5e,8.0,ai,5.766144783266129,1.886106429561492,5.406998172883065,3.880038353704637,0.35914661038306406,3.520891743321573
conv_61dd4f08-b460-4c98-8368-fb09762cbe5e,9.0,human,5.414878562644676,3.571903935185185,5.247743959780093,1.8429746274594905,0.16713460286458304,1.6758400245949074
conv_61dd4f08-b460-4c98-8368-fb09762cbe5e,9.0,ai,6.939897017045454,3.339450720584754,6.006673177083333,3.6004462964607002,0.9332238399621211,2.667222456498579
conv_62a271e6-a272-4e74-9d10-2dc0c15c530f,2.0,human,6.269759114583334,4.8646484375,7.162516276041667,1.405110677083334,-0.8927571614583334,2.2978678385416673
conv_62a271e6-a272-4e74-9d10-2dc0c15c530f,2.0,ai,6.019194504310345,4.419046336206897,5.669702990301724,1.6001481681034484,0.349491514008621,1.2506566540948274
conv_62a271e6-a272-4e74-9d10-2dc0c15c530f,3.0,human,7.560267857142857,5.400111607142857,7.609375,2.16015625,-0.04910714285714324,2.2092633928571432
conv_62a271e6-a272-4e74-9d10-2dc0c15c530f,3.0,ai,6.090221774193548,3.7729334677419355,6.3046875,2.3172883064516125,-0.21446572580645196,2.5317540322580645
conv_62a271e6-a272-4e74-9d10-2dc0c15c530f,4.0,human,5.270898511332851,4.3606424639301915,5.264233742990801,0.9102560474026591,0.006664768342049321,0.9035912790606098
conv_62a271e6-a272-4e74-9d10-2dc0c15c530f,4.0,ai,5.770012133049242,4.699785637133049,5.948832194010417,1.0702264959161933,-0.17882006096117475,1.249046556877368
conv_62a271e6-a272-4e74-9d10-2dc0c15c530f,5.0,human,7.7271484375,4.63828125,6.99052734375,3.0888671875,0.7366210937500002,2.35224609375
conv_62a271e6-a272-4e74-9d10-2dc0c15c530f,5.0,ai,6.548135080645161,3.7042324927545365,6.557278540826613,2.8439025878906246,-0.009143460181451957,2.8530460480720765
conv_62a271e6-a272-4e74-9d10-2dc0c15c530f,6.0,human,6.984411168981482,4.774197048611111,6.796169704861111,2.210214120370371,0.18824146412037113,2.02197265625
conv_62a271e6-a272-4e74-9d10-2dc0c15c530f,6.0,ai,5.3810106165268845,2.9539265352136947,5.2679443359375,2.4270840813131898,0.1130662805893845,2.3140178007238053
conv_62a271e6-a272-4e74-9d10-2dc0c15c530f,7.0,human,6.868335354712702,4.927395728326613,7.152564264112903,1.940939626386089,-0.28422890940020107,2.22516853578629
conv_62a271e6-a272-4e74-9d10-2dc0c15c530f,7.0,ai,6.357715715680803,3.54442879813058,6.361739676339286,2.813286917550223,-0.00402396065848265,2.8173108782087057
conv_62a271e6-a272-4e74-9d10-2dc0c15c530f,8.0,human,6.1971875,4.522734375,6.15890625,1.6744531250000003,0.03828124999999982,1.6361718750000005
conv_62a271e6-a272-4e74-9d10-2dc0c15c530f,8.0,ai,5.22667964812248,3.4163129252772175,5.323025611139113,1.8103667228452625,-0.09634596301663301,1.9067126858618955
conv_62a271e6-a272-4e74-9d10-2dc0c15c530f,9.0,human,7.106770833333333,4.459147135416667,6.828645833333334,2.647623697916666,0.2781249999999993,2.369498697916667
conv_62a271e6-a272-4e74-9d10-2dc0c15c530f,9.0,ai,4.812089029947916,2.030505879720052,4.456233723958333,2.7815831502278643,0.35585530598958304,2.4257278442382812
conv_634a773b-4e50-4e24-87f3-a5fbebcc6d74,2.0,human,6.276554987980769,5.814105694110577,6.114633413461538,0.4624492938701925,0.16192157451923084,0.3005277193509617
conv_634a773b-4e50-4e24-87f3-a5fbebcc6d74,2.0,ai,5.154902891679243,2.510516542376894,5.126485188802083,2.644386349302349,0.028417702877160167,2.615968646425189
conv_634a773b-4e50-4e24-87f3-a5fbebcc6d74,3.0,human,6.273848470052084,4.655615234375,5.402620442708334,1.6182332356770832,0.8712280273437498,0.7470052083333334
conv_634a773b-4e50-4e24-87f3-a5fbebcc6d74,3.0,ai,4.711366053989956,1.8752825055803573,4.511815534319196,2.836083548409598,0.1995505196707592,2.636533028738839
conv_634a773b-4e50-4e24-87f3-a5fbebcc6d74,4.0,human,4.741769891036184,3.0331003289473686,4.632375616776316,1.7086695620888155,0.10939427425986814,1.5992752878289473
conv_634a773b-4e50-4e24-87f3-a5fbebcc6d74,4.0,ai,4.037917744029652,1.616691358161695,3.810818758877841,2.421226385867957,0.22709898515181148,2.1941274007161455
conv_634a773b-4e50-4e24-87f3-a5fbebcc6d74,5.0,human,4.600306919642857,3.185219029017857,3.8279575892857145,1.4150878906249997,0.7723493303571423,0.6427385602678575
conv_634a773b-4e50-4e24-87f3-a5fbebcc6d74,5.0,ai,4.713207614037298,2.3097950104744203,4.415742935672883,2.403412603562878,0.29746467836441504,2.1059479251984627
conv_634a773b-4e50-4e24-87f3-a5fbebcc6d74,6.0,human,5.13997056749132,3.084957546657986,4.95438978407118,2.0550130208333335,0.18558078342013928,1.8694322374131942
conv_634a773b-4e50-4e24-87f3-a5fbebcc6d74,6.0,ai,5.524099349975586,2.2949206034342446,4.748402489556207,3.2291787465413413,0.7756968604193792,2.453481886121962
conv_634a773b-4e50-4e24-87f3-a5fbebcc6d74,7.0,human,7.747701009114583,4.26727294921875,7.726857503255208,3.480428059895833,0.020843505859375,3.459584554036458
conv_634a773b-4e50-4e24-87f3-a5fbebcc6d74,7.0,ai,4.85595703125,2.0683119032118054,4.757100423177083,2.7876451280381946,0.09885660807291696,2.6887885199652777
conv_634a773b-4e50-4e24-87f3-a5fbebcc6d74,8.0,human,8.049768518518519,5.376378942418982,8.33376736111111,2.673389576099537,-0.28399884259259167,2.957388418692129
conv_634a773b-4e50-4e24-87f3-a5fbebcc6d74,8.0,ai,5.464290734493371,2.302610917524858,4.804410067471591,3.161679816968513,0.6598806670217803,2.501799149946733
conv_634a773b-4e50-4e24-87f3-a5fbebcc6d74,9.0,human,5.57012939453125,2.439939498901367,5.146385192871094,3.130189895629883,0.42374420166015625,2.7064456939697266
conv_634a773b-4e50-4e24-87f3-a5fbebcc6d74,9.0,ai,4.932760799632353,1.5558435776654411,4.554421817555147,3.376917221966912,0.3783389820772065,2.9985782398897056
conv_6419c979-eb60-46a6-8770-2c3a25c7e2b3,2.0,human,6.596354166666667,4.705357142857143,5.7570684523809526,1.8909970238095237,0.8392857142857144,1.0517113095238093
conv_6419c979-eb60-46a6-8770-2c3a25c7e2b3,2.0,ai,4.955710274832589,2.896498325892857,4.308929552350725,2.0592119489397325,0.6467807224818642,1.4124312264578682
conv_6419c979-eb60-46a6-8770-2c3a25c7e2b3,3.0,human,6.895380434782608,5.297119140625,6.439219599184782,1.5982612941576084,0.45616083559782616,1.1421004585597823
conv_6419c979-eb60-46a6-8770-2c3a25c7e2b3,3.0,ai,6.072117660984849,3.843849875710227,5.466145833333333,2.2282677852746215,0.6059718276515156,1.622295957623106
conv_6419c979-eb60-46a6-8770-2c3a25c7e2b3,4.0,human,6.940406436011905,5.3515625,6.667503720238095,1.588843936011905,0.2729027157738102,1.315941220238095
conv_6419c979-eb60-46a6-8770-2c3a25c7e2b3,4.0,ai,6.092237903225806,3.3803238407258065,5.810609879032258,2.7119140624999996,0.28162802419354804,2.4302860383064515
conv_6419c979-eb60-46a6-8770-2c3a25c7e2b3,5.0,human,6.305812669836956,4.090071968410326,5.968643851902174,2.21574070142663,0.33716881793478226,1.8785718834918477
conv_6419c979-eb60-46a6-8770-2c3a25c7e2b3,5.0,ai,6.0754616477272725,2.9618682861328125,5.133711381392046,3.11359336159446,0.9417502663352266,2.1718430952592334
conv_6419c979-eb60-46a6-8770-2c3a25c7e2b3,6.0,human,6.122421875,4.5688232421875,5.339296875,1.5535986328124993,0.7831250000000001,0.7704736328124993
conv_6419c979-eb60-46a6-8770-2c3a25c7e2b3,6.0,ai,5.792389813591452,2.7839211856617645,5.233435238108916,3.0084686279296875,0.5589545754825362,2.4495140524471513
conv_6419c979-eb60-46a6-8770-2c3a25c7e2b3,7.0,human,6.648310734675481,4.647674560546875,6.243999774639423,2.000636174128606,0.4043109600360575,1.5963252140925484
conv_6419c979-eb60-46a6-8770-2c3a25c7e2b3,7.0,ai,6.025087418094758,3.1213086035943802,5.657305317540323,2.903778814500378,0.36778210055443505,2.5359967139459427
conv_6419c979-eb60-46a6-8770-2c3a25c7e2b3,8.0,human,6.5358629728618425,4.4615028782894735,5.271574321546052,2.074360094572369,1.2642886513157903,0.8100714432565788
conv_6419c979-eb60-46a6-8770-2c3a25c7e2b3,8.0,ai,7.433528645833333,4.117464192708334,6.805403645833334,3.3160644531249996,0.6281249999999998,2.687939453125
conv_6419c979-eb60-46a6-8770-2c3a25c7e2b3,9.0,human,4.78228515625,3.37357421875,4.4364599609375,1.4087109375000004,0.3458251953125,1.0628857421875004
conv_6419c979-eb60-46a6-8770-2c3a25c7e2b3,9.0,ai,4.924982244318182,2.309438994436553,4.462076822916667,2.6155432498816285,0.4629054214015147,2.1526378284801138
conv_68f643620b5081968ccd202f0b32a9250787a797b4322e0b,2.0,human,9.087139423076923,6.338245098407452,7.765479454627404,2.7488943246694717,1.3216599684495192,1.4272343562199525
conv_68f643620b5081968ccd202f0b32a9250787a797b4322e0b,2.0,ai,3.058654570243728,1.8565625472807548,2.601251736493178,1.2020920229629732,0.45740283375055,0.7446891892124232
conv_68f643620b5081968ccd202f0b32a9250787a797b4322e0b,3.0,human,7.516304347826087,6.083474864130435,6.645550271739131,1.4328294836956523,0.8707540760869561,0.5620754076086962
conv_68f643620b5081968ccd202f0b32a9250787a797b4322e0b,3.0,ai,3.5224483854630413,1.8016401178696577,3.1718283260569855,1.7208082675933836,0.3506200594060558,1.3701882081873278
conv_68f643620b5081968ccd202f0b32a9250787a797b4322e0b,4.0,human,6.12509765625,4.52698974609375,5.7739013671875,1.5981079101562505,0.3511962890625,1.2469116210937505
conv_68f643620b5081968ccd202f0b32a9250787a797b4322e0b,4.0,ai,3.7883427937825522,2.0627653333875866,3.584670172797309,1.7255774603949656,0.2036726209852433,1.5219048394097223
conv_68f643620b5081968ccd202f0b32a9250787a797b4322e0b,5.0,human,5.755532418527911,4.232929845010081,4.905848349294355,1.5226025735178297,0.8496840692335557,0.672918504284274
conv_68f643620b5081968ccd202f0b32a9250787a797b4322e0b,5.0,ai,4.236968994140625,2.31418694390191,4.108216073777941,1.9227820502387152,0.12875292036268426,1.794029129876031
conv_68f643620b5081968ccd202f0b32a9250787a797b4322e0b,6.0,human,6.096354166666667,4.608065518465909,5.018391927083333,1.4882886482007578,1.077962239583334,0.41032640861742387
conv_68f643620b5081968ccd202f0b32a9250787a797b4322e0b,6.0,ai,3.2672522408621654,1.9139593941824777,2.9632298060825892,1.3532928466796876,0.30402243477957613,1.0492704119001115
conv_68f643620b5081968ccd202f0b32a9250787a797b4322e0b,7.0,human,5.880998883928571,4.190083530970982,5.299193681989397,1.6909153529575889,0.581805201939174,1.109110151018415
conv_68f643620b5081968ccd202f0b32a9250787a797b4322e0b,7.0,ai,4.065704775528169,1.9014387533698283,3.773404188559089,2.1642660221583405,0.29230058696908,1.8719654351892607
conv_68f643620b5081968ccd202f0b32a9250787a797b4322e0b,8.0,human,6.765787760416667,5.575927734375,5.990250651041666,1.189860026041667,0.7755371093750005,0.41432291666666643
conv_68f643620b5081968ccd202f0b32a9250787a797b4322e0b,8.0,ai,4.169188764360216,2.224722968207465,3.8209722306993275,1.944465796152751,0.34821653366088867,1.5962492624918623
conv_68f643620b5081968ccd202f0b32a9250787a797b4322e0b,9.0,human,6.682966105143229,4.467309061686198,5.38621826171875,2.215657043457031,1.2967478434244786,0.9189092000325525
conv_68f643620b5081968ccd202f0b32a9250787a797b4322e0b,9.0,ai,3.5136386710153498,1.66876005790603,3.106623474980744,1.8448786131093198,0.4070151960346058,1.437863417074714
conv_68f73dbdcc8081958c0890edef7c670804df05d299f21c4d,2.0,human,5.383899616745283,4.916801020784198,5.76161740860849,0.46709859596108494,-0.37771779186320753,0.8448163878242925
conv_68f73dbdcc8081958c0890edef7c670804df05d299f21c4d,2.0,ai,2.6886544363839286,1.7327733721051897,2.6752232142857144,0.955881064278739,0.013431222098214235,0.9424498421805247
conv_68f73dbdcc8081958c0890edef7c670804df05d299f21c4d,3.0,human,5.880521813217475,4.8020119180484695,5.35581129424426,1.078509895169005,0.5247105189732144,0.5537993761957907
conv_68f73dbdcc8081958c0890edef7c670804df05d299f21c4d,3.0,ai,3.74133959683505,1.959521669330019,3.4723519989938447,1.7818179275050308,0.2689875978412051,1.5128303296638257
conv_68f73dbdcc8081958c0890edef7c670804df05d299f21c4d,4.0,human,4.087739643297698,3.576616253769189,4.157766241776316,0.511123389528509,-0.07002659847861814,0.5811499880071271
conv_68f73dbdcc8081958c0890edef7c670804df05d299f21c4d,4.0,ai,3.6369311641639386,1.9521645290750853,3.769630324672645,1.6847666350888533,-0.13269916050870645,1.8174657955975597
conv_68f73dbdcc8081958c0890edef7c670804df05d299f21c4d,5.0,human,4.048470077229969,2.797076495725717,3.7497479168336785,1.251393581504252,0.2987221603962906,0.9526714211079614
conv_68f73dbdcc8081958c0890edef7c670804df05d299f21c4d,5.0,ai,3.736548071038233,1.4365965176935065,3.75465549834787,2.2999515533447266,-0.018107427309637103,2.3180589806543637
conv_68f73dbdcc8081958c0890edef7c670804df05d299f21c4d,6.0,human,5.906212942940848,4.780786786760602,5.711262294224331,1.1254261561802457,0.19495064871651735,0.9304755074637283
conv_68f73dbdcc8081958c0890edef7c670804df05d299f21c4d,6.0,ai,4.156716167062953,2.097110361292742,3.8524873153023096,2.059605805770211,0.3042288517606435,1.7553769540095674
conv_68f73dbdcc8081958c0890edef7c670804df05d299f21c4d,7.0,human,4.585914884294782,3.0951014927455356,4.503979819161551,1.4908133915492465,0.0819350651332309,1.4088783264160156
conv_68f73dbdcc8081958c0890edef7c670804df05d299f21c4d,7.0,ai,3.910995864868164,1.7843053545270646,4.034473528180803,2.126690510341099,-0.12347766331263932,2.250168173653739
conv_68f73dbdcc8081958c0890edef7c670804df05d299f21c4d,8.0,human,5.171228479456018,3.1103168063693576,5.104903609664352,2.0609116730866606,0.06632486979166607,1.9945868032949945
conv_68f73dbdcc8081958c0890edef7c670804df05d299f21c4d,8.0,ai,3.3967126120983715,1.7578370000275088,3.3963717608384685,1.6388756120708627,0.0003408512599030189,1.6385347608109597
conv_68f73dbdcc8081958c0890edef7c670804df05d299f21c4d,9.0,human,4.739947282350981,3.5493863912729116,5.097891587477464,1.1905608910780692,-0.357944305126483,1.5485051962045522
conv_68f73dbdcc8081958c0890edef7c670804df05d299f21c4d,9.0,ai,3.738110051836286,1.792927496773856,3.871484511239188,1.9451825550624302,-0.13337445940290182,2.078557014465332
conv_68f8cb66e7d0819089538cdf28e940fb0be0c7c5bc28f178,2.0,human,6.12982177734375,5.033597506009615,5.3408954326923075,1.096224271334135,0.7889263446514425,0.3072979266826925
conv_68f8cb66e7d0819089538cdf28e940fb0be0c7c5bc28f178,2.0,ai,5.038878272561466,2.889492259306066,4.256543327780331,2.1493860132554,0.7823349447811356,1.3670510684742645
conv_68f8cb66e7d0819089538cdf28e940fb0be0c7c5bc28f178,3.0,human,6.217368678042763,3.796236138594778,6.207018400493421,2.421132539447985,0.010350277549341591,2.4107822618986434
conv_68f8cb66e7d0819089538cdf28e940fb0be0c7c5bc28f178,3.0,ai,5.047433035714286,2.267808314732143,4.9650390625,2.7796247209821425,0.08239397321428577,2.6972307477678568
conv_68f8cb66e7d0819089538cdf28e940fb0be0c7c5bc28f178,4.0,human,7.124302455357143,4.7841837746756415,7.173932756696429,2.3401186806815018,-0.04963030133928559,2.3897489820207873
conv_68f8cb66e7d0819089538cdf28e940fb0be0c7c5bc28f178,4.0,ai,6.409402558297822,2.468013879024621,5.9675514914772725,3.941388679273201,0.44185106682054975,3.4995376124526514
conv_68f8cb66e7d0819089538cdf28e940fb0be0c7c5bc28f178,5.0,human,5.695087977818081,2.9665440150669644,5.3583984375,2.7285439627511163,0.33668954031808074,2.3918544224330356
conv_68f8cb66e7d0819089538cdf28e940fb0be0c7c5bc28f178,5.0,ai,4.16999278349035,2.0484852510340072,4.099674000459559,2.1215075324563424,0.07031878303079075,2.0511887494255516
conv_68f8cb66e7d0819089538cdf28e940fb0be0c7c5bc28f178,6.0,human,6.055630387931035,4.280441810344827,5.827518857758621,1.7751885775862073,0.2281115301724137,1.5470770474137936
conv_68f8cb66e7d0819089538cdf28e940fb0be0c7c5bc28f178,6.0,ai,4.850637335526316,3.4567228618421053,4.455900493421052,1.3939144736842106,0.3947368421052637,0.9991776315789469
conv_68f8cb66e7d0819089538cdf28e940fb0be0c7c5bc28f178,7.0,human,5.649584089006696,3.0983450753348216,5.383021763392857,2.5512390136718746,0.2665623256138394,2.284676688058035
conv_68f8cb66e7d0819089538cdf28e940fb0be0c7c5bc28f178,7.0,ai,4.218205915178571,2.038553292410714,3.6052350725446427,2.179652622767857,0.6129708426339286,1.5666817801339286
conv_68f8cb66e7d0819089538cdf28e940fb0be0c7c5bc28f178,8.0,human,4.095608181423611,3.0912611219618054,4.380208333333333,1.0043470594618054,-0.2846001519097223,1.2889472113715277
conv_68f8cb66e7d0819089538cdf28e940fb0be0c7c5bc28f178,8.0,ai,4.922052873883929,2.619482421875,4.847478376116071,2.3025704520089287,0.0745744977678573,2.2279959542410714
conv_68f8cb66e7d0819089538cdf28e940fb0be0c7c5bc28f178,9.0,human,5.776728877314815,3.3104654947916665,5.803602430555555,2.4662633825231484,-0.026873553240740478,2.493136935763889
conv_68f8cb66e7d0819089538cdf28e940fb0be0c7c5bc28f178,9.0,ai,4.647433194247159,3.256192294034091,4.730801669034091,1.3912409002130683,-0.08336847478693166,1.474609375
conv_6910e16399d48194987708b3589ca9eb0edd24df36992831,2.0,human,6.3865489130434785,6.674252717391305,6.505434782608695,-0.28770380434782616,-0.11888586956521685,-0.1688179347826093
conv_6910e16399d48194987708b3589ca9eb0edd24df36992831,2.0,ai,4.8941802978515625,2.7740402221679688,4.733680725097656,2.1201400756835938,0.16049957275390625,1.9596405029296875
conv_6910e16399d48194987708b3589ca9eb0edd24df36992831,3.0,human,7.014375,5.67546875,6.514140625,1.33890625,0.5002343750000007,0.8386718749999993
conv_6910e16399d48194987708b3589ca9eb0edd24df36992831,3.0,ai,5.479122277462121,2.9674331202651514,5.695223721590909,2.5116891571969697,-0.21610144412878807,2.727790601325758
conv_6910e16399d48194987708b3589ca9eb0edd24df36992831,4.0,human,6.739583333333333,4.681785300925926,6.069010416666667,2.0577980324074074,0.6705729166666661,1.3872251157407414
conv_6910e16399d48194987708b3589ca9eb0edd24df36992831,4.0,ai,5.2028507905847885,2.399471507352941,5.306023092830882,2.8033792832318474,-0.10317230224609375,2.906551585477941
conv_6910e16399d48194987708b3589ca9eb0edd24df36992831,5.0,human,5.027891322544643,3.901616777692522,4.83976617540632,1.1262745448521208,0.18812514713832318,0.9381493977137976
conv_6910e16399d48194987708b3589ca9eb0edd24df36992831,5.0,ai,5.822668892996652,2.686525617327009,4.962796456473214,3.136143275669643,0.859872436523438,2.2762708391462048
conv_6910e16399d48194987708b3589ca9eb0edd24df36992831,6.0,human,5.750225360576923,4.582782451923077,5.6729266826923075,1.1674429086538467,0.07729867788461586,1.0901442307692308
conv_6910e16399d48194987708b3589ca9eb0edd24df36992831,6.0,ai,4.861410604940878,2.9930164234058276,4.655695734797297,1.8683941815350504,0.2057148701435807,1.6626793113914697
conv_6910e16399d48194987708b3589ca9eb0edd24df36992831,7.0,human,6.028564453125,4.645751953125,6.03759765625,1.3828125,-0.009033203125,1.391845703125
conv_6910e16399d48194987708b3589ca9eb0edd24df36992831,7.0,ai,6.668441280241935,3.178892074092742,7.023973034274194,3.489549206149193,-0.3555317540322589,3.845080960181452
conv_6910e16399d48194987708b3589ca9eb0edd24df36992831,8.0,human,6.8372171336206895,4.126565867456897,6.762223868534483,2.7106512661637927,0.0749932650862064,2.6356580010775863
conv_6910e16399d48194987708b3589ca9eb0edd24df36992831,8.0,ai,5.460463169642857,2.6893973214285714,5.110463169642857,2.7710658482142856,0.34999999999999964,2.421065848214286
conv_6910e16399d48194987708b3589ca9eb0edd24df36992831,9.0,human,5.937098948160807,4.418246459960938,6.235811360677084,1.5188524881998697,-0.29871241251627634,1.817564900716146
conv_6910e16399d48194987708b3589ca9eb0edd24df36992831,9.0,ai,5.271145444927794,2.654442064689867,5.296312736742424,2.6167033802379267,-0.025167291814629955,2.6418706720525567
conv_69120b0be9a881908567c1dfa912a6d90a309a13d5ea8eef,2.0,human,4.983736228942871,4.522421264648438,5.241889190673828,0.4613149642944334,-0.25815296173095703,0.7194679260253904
conv_69120b0be9a881908567c1dfa912a6d90a309a13d5ea8eef,2.0,ai,6.65859375,3.649072265625,6.3221819196428575,3.0095214843749996,0.33641183035714217,2.6731096540178574
conv_69120b0be9a881908567c1dfa912a6d90a309a13d5ea8eef,3.0,human,5.0791015625,3.9872628348214287,4.9816057477678575,1.0918387276785713,0.09749581473214253,0.9943429129464287
conv_69120b0be9a881908567c1dfa912a6d90a309a13d5ea8eef,3.0,ai,5.097358254825368,2.790295769186581,5.004513011259191,2.3070624856387867,0.09284524356617663,2.21421724207261
conv_69120b0be9a881908567c1dfa912a6d90a309a13d5ea8eef,4.0,human,6.191749366554054,4.2306930954391895,6.030854096283784,1.961056271114865,0.16089527027027017,1.8001610008445947
conv_69120b0be9a881908567c1dfa912a6d90a309a13d5ea8eef,4.0,ai,6.887623506433823,2.8512535095214844,6.116236069623162,4.036369996912339,0.7713874368106612,3.2649825601016778
conv_69120b0be9a881908567c1dfa912a6d90a309a13d5ea8eef,5.0,human,5.909375,4.410178048270089,6.03427734375,1.4991969517299104,-0.12490234375000053,1.624099295479911
conv_69120b0be9a881908567c1dfa912a6d90a309a13d5ea8eef,5.0,ai,5.859734030330882,2.6326401654411766,5.897626091452206,3.2270938648897056,-0.03789206112132337,3.264985926011029
conv_69120b0be9a881908567c1dfa912a6d90a309a13d5ea8eef,6.0,human,6.1492111618454395,3.926406447951858,6.2316300675675675,2.2228047138935816,-0.08241890572212807,2.3052236196157097
conv_69120b0be9a881908567c1dfa912a6d90a309a13d5ea8eef,6.0,ai,5.7553558349609375,2.2882537841796875,5.285877227783203,3.46710205078125,0.4694786071777344,2.9976234436035156
conv_69120b0be9a881908567c1dfa912a6d90a309a13d5ea8eef,7.0,human,6.154583555279356,3.51974799416282,6.129263213186553,2.6348355611165366,0.02532034209280365,2.609515219023733
conv_69120b0be9a881908567c1dfa912a6d90a309a13d5ea8eef,7.0,ai,5.719952751608456,3.299273322610294,5.277293485753677,2.4206794289981617,0.442659265854779,1.9780201631433827
conv_69120b0be9a881908567c1dfa912a6d90a309a13d5ea8eef,8.0,human,6.576171875,4.5663604736328125,7.24560546875,2.0098114013671875,-0.66943359375,2.6792449951171875
conv_69120b0be9a881908567c1dfa912a6d90a309a13d5ea8eef,8.0,ai,5.673614501953125,2.4398677349090576,5.131294250488281,3.2337467670440674,0.5423202514648438,2.6914265155792236
conv_69120b0be9a881908567c1dfa912a6d90a309a13d5ea8eef,9.0,human,5.179775661892361,4.959038628472222,5.272800021701389,0.2207370334201384,-0.09302435980902857,0.31376139322916696
conv_69120b0be9a881908567c1dfa912a6d90a309a13d5ea8eef,9.0,ai,5.0902904934353295,2.4793323940700955,4.661062452528212,2.610958099365234,0.42922804090711786,2.181730058458116
conv_691249fd97308197b06e97ca5d649f45080645ae33d1bf00,2.0,human,5.978934151785714,5.734002976190476,5.996233258928571,0.24493117559523814,-0.017299107142856762,0.2622302827380949
conv_691249fd97308197b06e97ca5d649f45080645ae33d1bf00,2.0,ai,5.940848214285714,3.1626015799386162,5.4203125,2.778246634347098,0.5205357142857148,2.2577109200613834
conv_691249fd97308197b06e97ca5d649f45080645ae33d1bf00,3.0,human,6.030068359375,4.3561767578125,6.58890625,1.6738916015624996,-0.558837890625,2.2327294921874996
conv_691249fd97308197b06e97ca5d649f45080645ae33d1bf00,3.0,ai,5.943861607142857,3.8029974801199775,5.673403494698661,2.1408641270228794,0.2704581124441958,1.8704060145786836
conv_691249fd97308197b06e97ca5d649f45080645ae33d1bf00,4.0,human,7.0067360617897725,5.616632634943182,7.269764293323863,1.3901034268465908,-0.26302823153409083,1.6531316583806817
conv_691249fd97308197b06e97ca5d649f45080645ae33d1bf00,4.0,ai,5.12062750922309,3.1018608940972223,5.060028076171875,2.018766615125868,0.06059943305121518,1.9581671820746527
conv_691249fd97308197b06e97ca5d649f45080645ae33d1bf00,5.0,human,6.931941105769231,4.841665414663462,6.316556490384615,2.090275691105769,0.6153846153846159,1.4748910757211533
conv_691249fd97308197b06e97ca5d649f45080645ae33d1bf00,5.0,ai,6.754506138392857,3.7162109375,6.729213169642857,3.038295200892857,0.025292968750000533,3.0130022321428567
conv_691249fd97308197b06e97ca5d649f45080645ae33d1bf00,6.0,human,7.397135416666667,5.659383138020833,7.333821614583333,1.737752278645834,0.06331380208333393,1.6744384765625
conv_691249fd97308197b06e97ca5d649f45080645ae33d1bf00,6.0,ai,7.209558823529412,3.1667121438419117,7.800422219669118,4.0428466796875,-0.5908633961397056,4.6337100758272065
conv_691249fd97308197b06e97ca5d649f45080645ae33d1bf00,7.0,human,6.157877604166667,4.535888671875,5.8271484375,1.621988932291667,0.33072916666666696,1.291259765625
conv_691249fd97308197b06e97ca5d649f45080645ae33d1bf00,7.0,ai,6.036868824678309,2.782000822179458,6.199484432444853,3.254868002498851,-0.16261560776654438,3.4174836102653954
conv_691249fd97308197b06e97ca5d649f45080645ae33d1bf00,8.0,human,5.93974609375,3.975185546875,5.5588037109375,1.964560546875,0.38094238281250004,1.5836181640625
conv_691249fd97308197b06e97ca5d649f45080645ae33d1bf00,8.0,ai,5.724537568933823,3.5956156113568474,5.7239532470703125,2.128921957576976,0.0005843218635108727,2.128337635713465
conv_691249fd97308197b06e97ca5d649f45080645ae33d1bf00,9.0,human,6.1082763671875,4.678243001302083,5.9930419921875,1.430033365885417,0.115234375,1.314798990885417
conv_691249fd97308197b06e97ca5d649f45080645ae33d1bf00,9.0,ai,6.411813174977022,3.1944203096277572,5.286068187040441,3.2173928653492645,1.1257449879365806,2.091647877412684
conv_6912d3d2074c8197adc6c9e56408225c0a4f5cb536497774,2.0,human,8.089731069711538,7.749399038461538,7.835637019230769,0.34033203125,0.25409405048076916,0.08623798076923084
conv_6912d3d2074c8197adc6c9e56408225c0a4f5cb536497774,2.0,ai,5.902024623325893,3.2964425223214286,5.585602678571429,2.6055821010044644,0.31642194475446406,2.2891601562500004
conv_6912d3d2074c8197adc6c9e56408225c0a4f5cb536497774,3.0,human,5.507014973958333,3.601429239908854,5.411588541666666,1.9055857340494793,0.09542643229166714,1.8101593017578121
conv_6912d3d2074c8197adc6c9e56408225c0a4f5cb536497774,3.0,ai,5.223759545220269,2.610504150390625,5.384170320298937,2.613255394829644,-0.16041077507866763,2.773666169908312
conv_6912d3d2074c8197adc6c9e56408225c0a4f5cb536497774,4.0,human,7.951256793478261,5.125543345575747,8.363960597826088,2.8257134479025137,-0.41270380434782705,3.2384172522503407
conv_6912d3d2074c8197adc6c9e56408225c0a4f5cb536497774,4.0,ai,5.116341983570772,2.868150598862592,5.251385632683249,2.24819138470818,-0.13504364911247713,2.383235033820657
conv_6912d3d2074c8197adc6c9e56408225c0a4f5cb536497774,5.0,human,6.643375172334559,4.703428380629596,6.428229836856618,1.9399467917049629,0.21514533547794112,1.7248014562270217
conv_6912d3d2074c8197adc6c9e56408225c0a4f5cb536497774,5.0,ai,5.713926369803293,2.325389208112444,5.621690586635045,3.3885371616908486,0.0922357831682481,3.2963013785226005
conv_6912d3d2074c8197adc6c9e56408225c0a4f5cb536497774,6.0,human,6.43818359375,4.672474098205567,6.245751953125,1.7657094955444332,0.19243164062500018,1.573277854919433
conv_6912d3d2074c8197adc6c9e56408225c0a4f5cb536497774,6.0,ai,6.362911448759191,3.081969317267923,5.855648265165441,3.280942131491268,0.50726318359375,2.773678947897518
conv_6912d3d2074c8197adc6c9e56408225c0a4f5cb536497774,7.0,human,5.462849934895833,3.6002649377893516,5.2715024594907405,1.8625849971064814,0.19134747540509256,1.6712375217013888
conv_6912d3d2074c8197adc6c9e56408225c0a4f5cb536497774,7.0,ai,5.179881848787007,2.77663160625257,4.9505767822265625,2.403250242534437,0.22930506656044436,2.1739451759739925
conv_6912d3d2074c8197adc6c9e56408225c0a4f5cb536497774,8.0,human,7.6477272727272725,5.472561344955906,7.441761363636363,2.175165927771366,0.20596590909090917,1.969200018680457
conv_6912d3d2074c8197adc6c9e56408225c0a4f5cb536497774,8.0,ai,5.212252165141859,2.479633833232679,4.916426608436986,2.7326183319091797,0.2958255567048731,2.4367927752043066
conv_6912d3d2074c8197adc6c9e56408225c0a4f5cb536497774,9.0,human,6.308479555191532,4.347169937626008,5.642562373991935,1.961309617565524,0.665917181199597,1.295392436365927
conv_6912d3d2074c8197adc6c9e56408225c0a4f5cb536497774,9.0,ai,6.967488752092634,2.5737718854631697,6.93648681640625,4.393716866629465,0.031001935686384208,4.3627149309430795
conv_69160b265818819398e86c4bd8abc0080d0aba9e942fed0d,2.0,human,7.060546875,6.099016462053571,7.248325892857143,0.9615304129464288,-0.18777901785714324,1.149309430803572
conv_69160b265818819398e86c4bd8abc0080d0aba9e942fed0d,2.0,ai,5.580492424242424,3.126516631155303,6.401644620028409,2.4539757930871207,-0.8211521957859853,3.275127988873106
conv_69160b265818819398e86c4bd8abc0080d0aba9e942fed0d,3.0,human,6.526836688701923,5.543574406550481,6.3219463641826925,0.9832622821514425,0.20489032451923084,0.7783719576322117
conv_69160b265818819398e86c4bd8abc0080d0aba9e942fed0d,3.0,ai,4.544354413006757,2.4465002111486487,4.223990775443412,2.0978542018581083,0.32036363756334474,1.7774905642947636
conv_69160b265818819398e86c4bd8abc0080d0aba9e942fed0d,4.0,human,6.854921875,4.4431640625,6.7816015625,2.4117578124999994,0.07332031249999993,2.3384374999999995
conv_69160b265818819398e86c4bd8abc0080d0aba9e942fed0d,4.0,ai,6.114246144014246,3.3975830078125,6.351124482996323,2.7166631362017464,-0.236878338982077,2.9535414751838234
conv_69160b265818819398e86c4bd8abc0080d0aba9e942fed0d,5.0,human,7.045449393136161,4.341448102678571,6.808558872767857,2.7040012904575894,0.23689052036830383,2.4671107700892856
conv_69160b265818819398e86c4bd8abc0080d0aba9e942fed0d,5.0,ai,5.767229352678571,3.1893240792410715,5.1657645089285715,2.5779052734374996,0.6014648437499996,1.9764404296875
conv_69160b265818819398e86c4bd8abc0080d0aba9e942fed0d,6.0,human,6.23375,3.3899658203125,6.54984375,2.8437841796875,-0.3160937500000003,3.1598779296875
conv_69160b265818819398e86c4bd8abc0080d0aba9e942fed0d,6.0,ai,5.197732979910715,2.3394321986607145,4.878948102678572,2.85830078125,0.3187848772321429,2.539515904017857
conv_69160b265818819398e86c4bd8abc0080d0aba9e942fed0d,7.0,human,6.573307291666667,4.087361653645833,7.24453125,2.4859456380208336,-0.671223958333333,3.1571695963541666
conv_69160b265818819398e86c4bd8abc0080d0aba9e942fed0d,7.0,ai,5.500095367431641,2.1140518188476562,5.751190185546875,3.3860435485839844,-0.2510948181152344,3.6371383666992188
conv_69160b265818819398e86c4bd8abc0080d0aba9e942fed0d,8.0,human,6.718470982142857,4.167176927839007,6.572963169642857,2.55129405430385,0.1455078125,2.40578624180385
conv_69160b265818819398e86c4bd8abc0080d0aba9e942fed0d,8.0,ai,5.954091099330357,3.185996791294643,5.7240373883928575,2.7680943080357143,0.23005371093749982,2.5380405970982145
conv_69160b265818819398e86c4bd8abc0080d0aba9e942fed0d,9.0,human,7.595625,4.13166015625,7.285,3.4639648437500004,0.31062499999999993,3.1533398437500004
conv_69160b265818819398e86c4bd8abc0080d0aba9e942fed0d,9.0,ai,6.553173828125,2.8286167689732142,6.446930803571429,3.7245570591517856,0.10624302455357082,3.6183140345982148
conv_6917421066d8819592863132f4a141a00078d2d8d630f704,2.0,human,7.370234375,5.278583984375,7.2096875,2.0916503906249995,0.16054687499999964,1.9311035156249998
conv_6917421066d8819592863132f4a141a00078d2d8d630f704,2.0,ai,5.080270478219697,3.3737127130681817,4.532788825757576,1.7065577651515156,0.5474816524621211,1.1590761126893945
conv_6917421066d8819592863132f4a141a00078d2d8d630f704,3.0,human,6.124031856142241,4.502643453663793,5.838976629849138,1.6213884024784484,0.2850552262931032,1.3363331761853452
conv_6917421066d8819592863132f4a141a00078d2d8d630f704,3.0,ai,5.192250569661458,2.363864474826389,5.168260362413195,2.828386094835069,0.023990207248263395,2.804395887586806
conv_6917421066d8819592863132f4a141a00078d2d8d630f704,4.0,human,8.119861421130953,6.533676874069941,8.202648344494047,1.5861845470610119,-0.0827869233630949,1.6689714704241068
conv_6917421066d8819592863132f4a141a00078d2d8d630f704,4.0,ai,5.023374894086053,2.4723417618695427,4.462285378400018,2.55103313221651,0.5610895156860352,1.989943616530475
conv_6917421066d8819592863132f4a141a00078d2d8d630f704,5.0,human,8.370992726293103,5.128771551724138,6.994965651939655,3.2422211745689653,1.3760270743534484,1.866194100215517
conv_6917421066d8819592863132f4a141a00078d2d8d630f704,5.0,ai,4.360499526515151,2.1616654829545454,4.483251398259943,2.198834043560606,-0.12275187174479196,2.321585915305398
conv_6917421066d8819592863132f4a141a00078d2d8d630f704,6.0,human,6.9421875,4.645589192708333,6.482161458333334,2.296598307291667,0.4600260416666666,1.8365722656250005
conv_6917421066d8819592863132f4a141a00078d2d8d630f704,6.0,ai,4.772105823863637,2.7547496448863638,4.707401160037879,2.017356178977273,0.06470466382575779,1.9526515151515151
conv_6917421066d8819592863132f4a141a00078d2d8d630f704,7.0,human,6.06512451171875,4.5221710205078125,5.81195068359375,1.5429534912109375,0.253173828125,1.2897796630859375
conv_6917421066d8819592863132f4a141a00078d2d8d630f704,7.0,ai,5.053799715909091,1.9327642267400569,4.5806662819602275,3.121035489169034,0.4731334339488633,2.647902055220171
conv_6917421066d8819592863132f4a141a00078d2d8d630f704,8.0,human,6.2521902901785715,4.500624302455357,6.145186941964286,1.7515659877232146,0.10700334821428559,1.644562639508929
conv_6917421066d8819592863132f4a141a00078d2d8d630f704,8.0,ai,5.745089285714286,2.243739536830357,5.6569754464285715,3.501349748883929,0.08811383928571459,3.4132359095982143
conv_6917421066d8819592863132f4a141a00078d2d8d630f704,9.0,human,5.916704963235294,4.152458639705882,6.150735294117647,1.7642463235294121,-0.23403033088235237,1.9982766544117645
conv_6917421066d8819592863132f4a141a00078d2d8d630f704,9.0,ai,5.701970880681818,3.1597345525568183,5.724461410984849,2.542236328125,-0.022490530303030276,2.5647268584280303
conv_691b61ab394c819483ac4af28c7f29d00b3e16b70554a02a,2.0,human,9.133463541666666,7.83984375,9.8759765625,1.293619791666666,-0.7425130208333339,2.0361328125
conv_691b61ab394c819483ac4af28c7f29d00b3e16b70554a02a,2.0,ai,6.078572591145833,3.509701199001736,5.861701117621528,2.568871392144097,0.21687147352430536,2.3519999186197915
conv_691b61ab394c819483ac4af28c7f29d00b3e16b70554a02a,3.0,human,6.808191636029412,4.757898667279412,6.992453182444853,2.05029296875,-0.18426154641544112,2.234554515165441
conv_691b61ab394c819483ac4af28c7f29d00b3e16b70554a02a,3.0,ai,6.577411651611328,3.402801089816623,6.246786329481337,3.174610561794705,0.3306253221299915,2.8439852396647134
conv_691b61ab394c819483ac4af28c7f29d00b3e16b70554a02a,4.0,human,6.263293850806452,4.053836945564516,6.066548009072581,2.209456905241936,0.196745841733871,2.012711063508065
conv_691b61ab394c819483ac4af28c7f29d00b3e16b70554a02a,4.0,ai,6.189180210658482,2.5492431640625,5.656513323102678,3.639937046595982,0.5326668875558038,3.107270159040178
conv_691b61ab394c819483ac4af28c7f29d00b3e16b70554a02a,5.0,human,7.28515625,6.478828125,8.121953125,0.8063281250000003,-0.8367968749999992,1.6431249999999995
conv_691b61ab394c819483ac4af28c7f29d00b3e16b70554a02a,5.0,ai,6.188480377197266,2.4664969852992464,5.3182839529854915,3.721983391898019,0.8701964242117741,2.851786967686245
conv_691b61ab394c819483ac4af28c7f29d00b3e16b70554a02a,6.0,human,7.260368347167969,4.459247589111328,7.084648132324219,2.8011207580566406,0.17572021484375,2.6254005432128906
conv_691b61ab394c819483ac4af28c7f29d00b3e16b70554a02a,6.0,ai,7.8697126116071425,3.231965855189732,7.429813058035714,4.63774675641741,0.4398995535714283,4.197847202845982
conv_691b61ab394c819483ac4af28c7f29d00b3e16b70554a02a,7.0,human,8.277488425925926,6.158976236979167,8.66796875,2.1185121889467586,-0.3904803240740744,2.508992513020833
conv_691b61ab394c819483ac4af28c7f29d00b3e16b70554a02a,7.0,ai,6.19873046875,3.254656623391544,5.512408088235294,2.944073845358456,0.6863223805147056,2.2577514648437504
conv_691b61ab394c819483ac4af28c7f29d00b3e16b70554a02a,8.0,human,6.689680989583334,4.72021484375,6.392333984375,1.9694661458333336,0.29734700520833357,1.672119140625
conv_691b61ab394c819483ac4af28c7f29d00b3e16b70554a02a,8.0,ai,4.410818917410714,2.275250244140625,4.133238002232143,2.1355686732700896,0.27758091517857153,1.857987758091518
conv_691b61ab394c819483ac4af28c7f29d00b3e16b70554a02a,9.0,human,6.497965494791667,4.300699869791667,6.317513020833333,2.197265625,0.18045247395833375,2.0168131510416663
conv_691b61ab394c819483ac4af28c7f29d00b3e16b70554a02a,9.0,ai,6.412540211397059,3.762795840992647,6.580867991727941,2.6497443704044117,-0.16832778033088225,2.818072150735294
conv_691b6cdacf7881969d8f99f8456a61890249fb5f6bbd90ca,2.0,human,6.632071659482759,5.760994746767241,7.1598531788793105,0.8710769127155178,-0.5277815193965516,1.3988584321120694
conv_691b6cdacf7881969d8f99f8456a61890249fb5f6bbd90ca,2.0,ai,6.2759626116071425,3.1171700613839284,5.451007952008928,3.158792550223214,0.8249546595982142,2.333837890625
conv_691b6cdacf7881969d8f99f8456a61890249fb5f6bbd90ca,3.0,human,5.427619485294118,3.8934792911305145,5.068517348345588,1.5341401941636033,0.3591021369485299,1.1750380572150734
conv_691b6cdacf7881969d8f99f8456a61890249fb5f6bbd90ca,3.0,ai,5.808061079545454,2.6670365767045454,5.627544981060606,3.1410245028409087,0.18051609848484773,2.960508404356061
conv_691b6cdacf7881969d8f99f8456a61890249fb5f6bbd90ca,4.0,human,5.002960205078125,3.903140797334559,4.768145392922794,1.0998194077435661,0.23481481215533062,0.8650045955882355
conv_691b6cdacf7881969d8f99f8456a61890249fb5f6bbd90ca,4.0,ai,5.166468339807847,2.622176675235524,5.227693445542279,2.544291664572323,-0.061225105734432184,2.605516770306755
conv_691b6cdacf7881969d8f99f8456a61890249fb5f6bbd90ca,5.0,human,5.141059027777778,4.044162326388889,5.163791232638889,1.0968967013888884,-0.022732204861111605,1.11962890625
conv_691b6cdacf7881969d8f99f8456a61890249fb5f6bbd90ca,5.0,ai,5.231166294642857,2.72335205078125,4.826004464285714,2.5078142438616067,0.4051618303571427,2.102652413504464
conv_691b6cdacf7881969d8f99f8456a61890249fb5f6bbd90ca,6.0,human,6.547682020399305,3.531596996166088,5.919510452835648,3.0160850242332176,0.6281715675636574,2.38791345666956
conv_691b6cdacf7881969d8f99f8456a61890249fb5f6bbd90ca,6.0,ai,6.185306125217014,3.3212513393825955,5.580376519097222,2.8640547858344187,0.604929606119792,2.259125179714627
conv_691b6cdacf7881969d8f99f8456a61890249fb5f6bbd90ca,7.0,human,6.897330729166667,4.105657958984375,7.094466145833334,2.7916727701822914,-0.19713541666666679,2.988808186848958
conv_691b6cdacf7881969d8f99f8456a61890249fb5f6bbd90ca,7.0,ai,5.00456779233871,2.742832306892641,4.458901682207661,2.261735485446069,0.5456661101310489,1.71606937531502
conv_691b6cdacf7881969d8f99f8456a61890249fb5f6bbd90ca,8.0,human,6.302937825520833,4.74847412109375,6.221272786458333,1.554463704427083,0.0816650390625,1.472798665364583
conv_691b6cdacf7881969d8f99f8456a61890249fb5f6bbd90ca,8.0,ai,6.94695060483871,3.7254205519153225,6.424048639112903,3.2215300529233875,0.5229019657258069,2.6986280871975805
conv_691b6cdacf7881969d8f99f8456a61890249fb5f6bbd90ca,9.0,human,5.063137478298611,3.3715277777777777,4.657131618923611,1.691609700520833,0.406005859375,1.285603841145833
conv_691b6cdacf7881969d8f99f8456a61890249fb5f6bbd90ca,9.0,ai,5.725823296440972,2.522216796875,5.286547342936198,3.2036064995659723,0.4392759535047741,2.764330546061198
conv_691b7e95a50c8195930023ad653f234c0f03c18c9e706226,2.0,human,5.961048935398911,4.273126775568182,5.851726416385535,1.6879221598307295,0.10932251901337597,1.5785996408173535
conv_691b7e95a50c8195930023ad653f234c0f03c18c9e706226,2.0,ai,4.216989228219697,2.4382014419093276,4.367183800899621,1.7787877863103696,-0.15019457267992387,1.9289823589902935
conv_691b7e95a50c8195930023ad653f234c0f03c18c9e706226,3.0,human,7.257882254464286,5.376944405691964,7.129778180803571,1.8809378487723212,0.1281040736607144,1.7528337751116068
conv_691b7e95a50c8195930023ad653f234c0f03c18c9e706226,3.0,ai,5.8925933837890625,3.1358795166015625,5.7457122802734375,2.7567138671875,0.146881103515625,2.609832763671875
conv_691b7e95a50c8195930023ad653f234c0f03c18c9e706226,4.0,human,5.517064587823276,3.300678121632543,5.205006566540948,2.2163864661907327,0.3120580212823274,1.9043284449084052
conv_691b7e95a50c8195930023ad653f234c0f03c18c9e706226,4.0,ai,5.390777587890625,3.0536842346191406,5.491943359375,2.3370933532714844,-0.101165771484375,2.4382591247558594
conv_691b7e95a50c8195930023ad653f234c0f03c18c9e706226,5.0,human,7.563349184782608,4.128550653872282,6.912024456521739,3.434798530910326,0.6513247282608692,2.783473802649457
conv_691b7e95a50c8195930023ad653f234c0f03c18c9e706226,5.0,ai,6.192325476444129,3.1085875540068657,5.845272642193419,3.083737922437263,0.34705283425071,2.736685088186553
conv_691b7e95a50c8195930023ad653f234c0f03c18c9e706226,6.0,human,7.242513020833333,4.528651646205357,6.660237630208333,2.7138613746279763,0.582275390625,2.1315859840029763
conv_691b7e95a50c8195930023ad653f234c0f03c18c9e706226,6.0,ai,6.38424775094697,2.936560428503788,4.9170550722064394,3.4476873224431817,1.4671926787405303,1.9804946437026514
conv_691b7e95a50c8195930023ad653f234c0f03c18c9e706226,7.0,human,5.4016603742327005,3.2425537109375,5.055329459054129,2.1591066632952005,0.3463309151785712,1.8127757481166293
conv_691b7e95a50c8195930023ad653f234c0f03c18c9e706226,7.0,ai,5.457332835477941,2.01713965920841,5.1413717830882355,3.4401931762695312,0.3159610523897056,3.1242321238798256
conv_691b7e95a50c8195930023ad653f234c0f03c18c9e706226,8.0,human,7.380029296875,4.3705322265625,7.722607421875,3.0094970703124995,-0.3425781250000002,3.3520751953124996
conv_691b7e95a50c8195930023ad653f234c0f03c18c9e706226,8.0,ai,6.229653751148897,2.7990004595588234,5.611364028033088,3.4306532915900734,0.6182897231158089,2.8123635684742645
conv_691b7e95a50c8195930023ad653f234c0f03c18c9e706226,9.0,human,6.177819293478261,3.323677394701087,6.138395889945652,2.854141898777174,0.039423403532608425,2.8147184952445654
conv_691b7e95a50c8195930023ad653f234c0f03c18c9e706226,9.0,ai,4.708843994140625,1.9550397600446427,3.9479666573660714,2.7538042340959823,0.7608773367745534,1.9929268973214287
conv_691b8b725ae48193abaaaa9270b26d500f7b1fcbf105c42b,2.0,human,4.987251900337838,3.45982195879962,5.050424936655405,1.5274299415382178,-0.06317303631756754,1.5906029778557853
conv_691b8b725ae48193abaaaa9270b26d500f7b1fcbf105c42b,2.0,ai,4.928521898057726,2.4750603569878473,4.385307312011719,2.4534615410698786,0.5432145860460071,1.9102469550238714
conv_691b8b725ae48193abaaaa9270b26d500f7b1fcbf105c42b,3.0,human,6.57421875,4.151640723733341,5.982766544117647,2.4225780262666587,0.5914522058823533,1.8311258203843055
conv_691b8b725ae48193abaaaa9270b26d500f7b1fcbf105c42b,3.0,ai,5.546485162550403,2.8063571068548385,5.07990486391129,2.7401280556955645,0.466580298639113,2.2735477570564515
conv_691b8b725ae48193abaaaa9270b26d500f7b1fcbf105c42b,4.0,human,5.872142118566177,3.9767222684972428,5.988317153033088,1.8954198500689339,-0.11617503446691124,2.011594884535845
conv_691b8b725ae48193abaaaa9270b26d500f7b1fcbf105c42b,4.0,ai,5.9883838229709205,3.0895042419433594,5.013987223307292,2.898879581027561,0.9743965996636286,1.9244829813639326
conv_691b8b725ae48193abaaaa9270b26d500f7b1fcbf105c42b,5.0,human,6.285367838541666,3.4854939778645835,5.445841471354167,2.7998738606770828,0.8395263671874993,1.9603474934895835
conv_691b8b725ae48193abaaaa9270b26d500f7b1fcbf105c42b,5.0,ai,6.018991181344697,3.0645095362807764,5.413071141098484,2.954481645063921,0.6059200402462128,2.348561604817708
conv_691b8b725ae48193abaaaa9270b26d500f7b1fcbf105c42b,6.0,human,5.014331256642061,4.231804342830882,5.721353867474725,0.7825269138111786,-0.7070226108326638,1.4895495246438424
conv_691b8b725ae48193abaaaa9270b26d500f7b1fcbf105c42b,6.0,ai,5.415412454044118,2.6604537963867188,5.0536799711339615,2.754958657657399,0.36173248291015625,2.3932261747472428
conv_691b8b725ae48193abaaaa9270b26d500f7b1fcbf105c42b,7.0,human,5.905970982142857,3.0047084263392856,5.7041015625,2.901262555803571,0.20186941964285676,2.6993931361607144
conv_691b8b725ae48193abaaaa9270b26d500f7b1fcbf105c42b,7.0,ai,5.3890524471507355,2.0783325644100414,4.957490808823529,3.310719882740694,0.4315616383272065,2.8791582444134876
conv_691b8b725ae48193abaaaa9270b26d500f7b1fcbf105c42b,8.0,human,7.631766183035714,6.002964564732143,7.157017299107143,1.6288016183035712,0.4747488839285712,1.154052734375
conv_691b8b725ae48193abaaaa9270b26d500f7b1fcbf105c42b,8.0,ai,4.826620565878378,2.0286046620961784,4.082229201858108,2.7980159037821997,0.7443913640202702,2.0536245397619295
conv_691b8b725ae48193abaaaa9270b26d500f7b1fcbf105c42b,9.0,human,7.058120265151516,4.550440932765151,6.893968986742424,2.507679332386364,0.16415127840909172,2.3435280539772725
conv_691b8b725ae48193abaaaa9270b26d500f7b1fcbf105c42b,9.0,ai,5.871194839477539,2.8439178466796875,5.3854522705078125,3.0272769927978516,0.48574256896972656,2.541534423828125
conv_691baa2b46788193b872ed7306db511f03e0f1b6d7bfd4c7,2.0,human,6.625606142241379,4.58807373046875,6.543238146551724,2.037532411772629,0.0823679956896548,1.9551644160829742
conv_691baa2b46788193b872ed7306db511f03e0f1b6d7bfd4c7,2.0,ai,4.712313483743107,3.0868397881002987,3.935590856215533,1.6254736956428082,0.7767226275275738,0.8487510681152344
conv_691baa2b46788193b872ed7306db511f03e0f1b6d7bfd4c7,3.0,human,5.536212423573369,3.9957169242527173,5.353791610054348,1.5404954993206519,0.1824208135190215,1.3580746858016304
conv_691baa2b46788193b872ed7306db511f03e0f1b6d7bfd4c7,3.0,ai,5.276925223214286,2.4663626534598215,5.072889927455357,2.810562569754464,0.20403529575892865,2.6065272739955354
conv_691baa2b46788193b872ed7306db511f03e0f1b6d7bfd4c7,4.0,human,6.037951239224138,4.149077316810345,5.458108836206897,1.8888739224137927,0.5798424030172411,1.3090315193965516
conv_691baa2b46788193b872ed7306db511f03e0f1b6d7bfd4c7,4.0,ai,4.910558363970588,2.8556374942555145,4.3648825252757355,2.0549208697150734,0.5456758386948524,1.509245031020221
conv_691baa2b46788193b872ed7306db511f03e0f1b6d7bfd4c7,5.0,human,7.036826685855263,3.7370219983552633,6.721448396381579,3.2998046874999996,0.31537828947368407,2.9844263980263155
conv_691baa2b46788193b872ed7306db511f03e0f1b6d7bfd4c7,5.0,ai,6.2743546769425675,2.7344174771695524,6.137965846706081,3.539937199773015,0.13638883023648685,3.4035483695365283
conv_691baa2b46788193b872ed7306db511f03e0f1b6d7bfd4c7,6.0,human,6.996809334590517,5.199134563577586,7.323663119612069,1.7976747710129306,-0.3268537850215525,2.124528556034483
conv_691baa2b46788193b872ed7306db511f03e0f1b6d7bfd4c7,6.0,ai,6.011471310177365,2.9594858530405403,5.839315878378378,3.0519854571368246,0.17215543179898685,2.8798300253378377
conv_691baa2b46788193b872ed7306db511f03e0f1b6d7bfd4c7,7.0,human,5.456479673032407,3.2434760199652777,5.18114330150463,2.2130036530671298,0.2753363715277777,1.937667281539352
conv_691baa2b46788193b872ed7306db511f03e0f1b6d7bfd4c7,7.0,ai,5.437354592715993,3.050184362074908,5.181549072265625,2.3871702306410847,0.25580552045036775,2.131364710190717
conv_691baa2b46788193b872ed7306db511f03e0f1b6d7bfd4c7,8.0,human,6.229921875,3.548406982421875,5.8490234375,2.6815148925781247,0.38089843749999996,2.3006164550781247
conv_691baa2b46788193b872ed7306db511f03e0f1b6d7bfd4c7,8.0,ai,4.980502041903409,2.595456210049716,4.499748461174242,2.3850458318536933,0.48075358072916696,1.9042922511245264
conv_691baa2b46788193b872ed7306db511f03e0f1b6d7bfd4c7,9.0,human,8.345052083333334,4.279202779134114,8.340927124023438,4.06584930419922,0.0041249593098964255,4.061724344889323
conv_691baa2b46788193b872ed7306db511f03e0f1b6d7bfd4c7,9.0,ai,6.039376395089286,2.6104631696428573,5.488936941964286,3.4289132254464283,0.5504394531249996,2.8784737723214286
conv_691c84edfb24819590a3e29782cdd10d03ba8eb739f774a6,2.0,human,6.039591471354167,4.773087565104166,6.02266845703125,1.2665039062500005,0.016923014322917318,1.2495808919270832
conv_691c84edfb24819590a3e29782cdd10d03ba8eb739f774a6,2.0,ai,5.164564732142857,3.580545479910714,5.3606026785714285,1.5840192522321428,-0.19603794642857153,1.7800571986607143
conv_691c84edfb24819590a3e29782cdd10d03ba8eb739f774a6,3.0,human,4.278267996651786,3.4271344866071427,4.620647321428572,0.8511335100446429,-0.3423793247767861,1.193512834821429
conv_691c84edfb24819590a3e29782cdd10d03ba8eb739f774a6,3.0,ai,6.151304408482143,2.79541015625,5.235243443080357,3.355894252232143,0.9160609654017859,2.439833286830357
conv_691c84edfb24819590a3e29782cdd10d03ba8eb739f774a6,4.0,human,8.132904052734375,6.719135284423828,7.802055358886719,1.4137687683105469,0.33084869384765625,1.0829200744628906
conv_691c84edfb24819590a3e29782cdd10d03ba8eb739f774a6,4.0,ai,6.257694128787879,3.094748757102273,6.55325224905303,3.162945371685606,-0.2955581202651514,3.4585034919507573
conv_691c84edfb24819590a3e29782cdd10d03ba8eb739f774a6,5.0,human,6.298943014705882,4.244571461397059,6.5266256893382355,2.0543715533088234,-0.22768267463235325,2.2820542279411766
conv_691c84edfb24819590a3e29782cdd10d03ba8eb739f774a6,5.0,ai,7.1809225643382355,2.6964470358455883,7.144875919117647,4.484475528492647,0.03604664522058876,4.448428883272058
conv_691c84edfb24819590a3e29782cdd10d03ba8eb739f774a6,6.0,human,6.453719429347826,4.322024138077445,6.992697010869565,2.131695291270381,-0.5389775815217392,2.67067287279212
conv_691c84edfb24819590a3e29782cdd10d03ba8eb739f774a6,6.0,ai,5.959849330357143,2.5360787527901785,6.074448939732143,3.4237705775669642,-0.11459960937500036,3.5383701869419646
conv_691c84edfb24819590a3e29782cdd10d03ba8eb739f774a6,7.0,human,7.842086226851852,5.77416087962963,7.568793402777778,2.0679253472222223,0.2732928240740744,1.794632523148148
conv_691c84edfb24819590a3e29782cdd10d03ba8eb739f774a6,7.0,ai,5.739453125,2.7073189871651784,5.351695033482143,3.0321341378348214,0.3877580915178571,2.6443760463169643
conv_691c84edfb24819590a3e29782cdd10d03ba8eb739f774a6,8.0,human,5.775157099184782,3.8971212635869565,5.385402513586956,1.8780358355978257,0.38975458559782616,1.4882812499999996
conv_691c84edfb24819590a3e29782cdd10d03ba8eb739f774a6,8.0,ai,6.902845982142857,3.9431309291294645,6.761690848214286,2.9597150530133924,0.14115513392857082,2.8185599190848216
conv_691c84edfb24819590a3e29782cdd10d03ba8eb739f774a6,9.0,human,5.904845937093099,4.914833577473958,5.741633860270182,0.9900123596191408,0.1632120768229166,0.8268002827962242
conv_691c84edfb24819590a3e29782cdd10d03ba8eb739f774a6,9.0,ai,5.793155154666385,4.302051441089527,5.588313747096706,1.491103713576858,0.2048414075696794,1.2862623060071785
conv_691dc7c061d8819797504b613ba6691208409e48769ea891,2.0,human,6.71624755859375,5.496429443359375,6.947479248046875,1.219818115234375,-0.231231689453125,1.4510498046875
conv_691dc7c061d8819797504b613ba6691208409e48769ea891,2.0,ai,4.940257352941177,2.623678768382353,4.595975988051471,2.316578584558824,0.3442813648897056,1.9722972196691182
conv_691dc7c061d8819797504b613ba6691208409e48769ea891,3.0,human,6.2585513207220265,5.236272996471774,5.468054002331149,1.0222783242502524,0.7904973183908774,0.231781005859375
conv_691dc7c061d8819797504b613ba6691208409e48769ea891,3.0,ai,5.360236672794118,3.210348690257353,4.345358455882353,2.149887982536765,1.0148782169117645,1.1350097656250004
conv_691dc7c061d8819797504b613ba6691208409e48769ea891,4.0,human,6.681818181818182,4.9327392578125,6.590376420454546,1.7490789240056817,0.0914417613636358,1.6576371626420459
conv_691dc7c061d8819797504b613ba6691208409e48769ea891,4.0,ai,5.384583417107077,3.732256721047794,5.246654734892004,1.652326696059283,0.13792868221507337,1.5143980138442097
conv_691dc7c061d8819797504b613ba6691208409e48769ea891,5.0,human,6.467151272681452,4.419449344758065,6.082472278225806,2.047701927923387,0.3846789944556459,1.663022933467741
conv_691dc7c061d8819797504b613ba6691208409e48769ea891,5.0,ai,4.553409375642476,1.9398014670924137,3.7838134765625,2.613607908550062,0.7695958990799756,1.8440120094700863
conv_691dc7c061d8819797504b613ba6691208409e48769ea891,6.0,human,6.382408405172414,5.474514665274785,6.3092672413793105,0.907893739897629,0.0731411637931032,0.8347525761045258
conv_691dc7c061d8819797504b613ba6691208409e48769ea891,6.0,ai,5.752490894214527,2.7846993111275338,5.326376425253378,2.9677915830869934,0.42611446896114913,2.5416771141258443
conv_691dc7c061d8819797504b613ba6691208409e48769ea891,7.0,human,6.465096309267241,5.079758216594827,5.309191473599138,1.3853380926724137,1.1559048356681032,0.2294332570043105
conv_691dc7c061d8819797504b613ba6691208409e48769ea891,7.0,ai,5.414660285500919,2.725934196920956,5.514318129595588,2.6887260885799633,-0.09965784409466849,2.788383932674632
conv_691dc7c061d8819797504b613ba6691208409e48769ea891,8.0,human,6.5265625,5.151227678571429,6.496428571428571,1.375334821428571,0.030133928571428825,1.3452008928571422
conv_691dc7c061d8819797504b613ba6691208409e48769ea891,8.0,ai,6.41242439516129,3.313259986139113,5.898910030241935,3.099164409022177,0.513514364919355,2.585650044102822
conv_691dc7c061d8819797504b613ba6691208409e48769ea891,9.0,human,6.261888073336694,4.7839252102759575,6.1919216032951105,1.4779628630607364,0.0699664700415834,1.407996393019153
conv_691dc7c061d8819797504b613ba6691208409e48769ea891,9.0,ai,5.6169503348214285,2.876321847098214,5.249986049107143,2.7406284877232143,0.3669642857142854,2.373664202008929
conv_691dc83ec728819085d614247e77833604d03bd64a490dfd,2.0,human,5.877532958984375,3.193821498325893,6.456447056361607,2.683711460658482,-0.5789140973772318,3.262625558035714
conv_691dc83ec728819085d614247e77833604d03bd64a490dfd,2.0,ai,5.358514851537244,4.2108438426050645,5.383615428003772,1.1476710089321793,-0.02510057646652797,1.1727715853987073
conv_691dc83ec728819085d614247e77833604d03bd64a490dfd,3.0,human,5.79638671875,4.2404641544117645,5.8051901424632355,1.5559225643382355,-0.008803423713235503,1.564725988051471
conv_691dc83ec728819085d614247e77833604d03bd64a490dfd,3.0,ai,7.279517389112903,4.603972404233871,6.753725113407258,2.675544984879032,0.525792275705645,2.149752709173387
conv_691dc83ec728819085d614247e77833604d03bd64a490dfd,4.0,human,7.103792317708334,4.825150553385416,7.020149739583333,2.2786417643229173,0.08364257812500053,2.194999186197917
conv_691dc83ec728819085d614247e77833604d03bd64a490dfd,4.0,ai,6.322296142578125,3.206637474798387,6.107559696320565,3.115658667779738,0.21473644625756005,2.900922221522178
conv_691dc83ec728819085d614247e77833604d03bd64a490dfd,5.0,human,7.8263408954326925,3.9313870943509617,7.750920222355769,3.894953801081731,0.07542067307692335,3.8195331280048075
conv_691dc83ec728819085d614247e77833604d03bd64a490dfd,5.0,ai,7.143890380859375,4.180064481847427,7.1841260124655335,2.9638258990119484,-0.040235631606158506,3.004061530618107
conv_691dc83ec728819085d614247e77833604d03bd64a490dfd,6.0,human,7.148522418478261,4.676789656929348,6.902110224184782,2.471732761548913,0.2464121942934785,2.2253205672554346
conv_691dc83ec728819085d614247e77833604d03bd64a490dfd,6.0,ai,6.64093998500279,2.9994354248046875,6.045741489955357,3.6415045601981024,0.5951984950474332,3.0463060651506693
conv_691dc83ec728819085d614247e77833604d03bd64a490dfd,7.0,human,5.405325082632212,3.8287588266225963,5.125309870793269,1.5765662560096154,0.2800152118389425,1.296551044170673
conv_691dc83ec728819085d614247e77833604d03bd64a490dfd,7.0,ai,7.301692708333333,2.9586588541666665,7.173600260416666,4.343033854166666,0.12809244791666696,4.21494140625
conv_691dc83ec728819085d614247e77833604d03bd64a490dfd,8.0,human,6.525173611111111,4.045789930555555,6.283347800925926,2.4793836805555554,0.24182581018518512,2.2375578703703702
conv_691dc83ec728819085d614247e77833604d03bd64a490dfd,8.0,ai,6.020206227022059,3.0233010684742645,5.829618566176471,2.9969051585477944,0.19058766084558787,2.8063174977022065
conv_691dc83ec728819085d614247e77833604d03bd64a490dfd,9.0,human,7.01265625,3.243916015625,6.81546875,3.768740234375,0.19718750000000007,3.571552734375
conv_691dc83ec728819085d614247e77833604d03bd64a490dfd,9.0,ai,6.533391779119318,3.8013351902817236,6.060083562677557,2.7320565888375947,0.4733082164417617,2.258748372395833
conv_691e9e26b7688197a86e51a9d9a7dfe1052dd4511749a606,2.0,human,5.8123046875,5.577864583333334,6.236409505208333,0.2344401041666666,-0.42410481770833286,0.6585449218749995
conv_691e9e26b7688197a86e51a9d9a7dfe1052dd4511749a606,2.0,ai,5.250321918063694,2.500197092692057,4.702229817708333,2.750124825371637,0.5480921003553609,2.202032725016276
conv_691e9e26b7688197a86e51a9d9a7dfe1052dd4511749a606,3.0,human,6.278231534090909,4.4053733132102275,5.928888494318182,1.8728582208806817,0.3493430397727275,1.5235151811079541
conv_691e9e26b7688197a86e51a9d9a7dfe1052dd4511749a606,3.0,ai,5.334677303538603,2.3223876953125,4.430929744944853,3.0122896082261033,0.90374755859375,2.1085420496323533
conv_691e9e26b7688197a86e51a9d9a7dfe1052dd4511749a606,4.0,human,5.380515769675926,4.515552662037037,5.311577690972222,0.8649631076388884,0.06893807870370328,0.7960250289351851
conv_691e9e26b7688197a86e51a9d9a7dfe1052dd4511749a606,4.0,ai,4.422747148786272,2.5101736886160713,4.146500069754464,1.9125734601702011,0.27624707903180834,1.6363263811383928
conv_691e9e26b7688197a86e51a9d9a7dfe1052dd4511749a606,5.0,human,5.098044077555339,3.294747246636285,4.329650031195746,1.803296830919054,0.7683940463595924,1.0349027845594616
conv_691e9e26b7688197a86e51a9d9a7dfe1052dd4511749a606,5.0,ai,6.073723070549242,2.198691628196023,5.271153305516099,3.8750314423532193,0.8025697650331436,3.0724616773200757
conv_691e9e26b7688197a86e51a9d9a7dfe1052dd4511749a606,6.0,human,7.208043981481482,5.438874421296297,6.5698423032407405,1.7691695601851851,0.6382016782407414,1.1309678819444438
conv_691e9e26b7688197a86e51a9d9a7dfe1052dd4511749a606,6.0,ai,5.7263641357421875,2.3862781524658203,4.838878631591797,3.340085983276367,0.8874855041503906,2.4526004791259766
conv_691e9e26b7688197a86e51a9d9a7dfe1052dd4511749a606,7.0,human,6.704688662574405,4.640572684151786,5.311163039434524,2.0641159784226195,1.3935256231398814,0.6705903552827381
conv_691e9e26b7688197a86e51a9d9a7dfe1052dd4511749a606,7.0,ai,5.594475023674242,2.8898259943181817,4.861742424242424,2.7046490293560606,0.7327325994318183,1.9719164299242422
conv_691e9e26b7688197a86e51a9d9a7dfe1052dd4511749a606,8.0,human,6.502232142857143,4.773344494047619,5.735491071428571,1.7288876488095246,0.7667410714285721,0.9621465773809526
conv_691e9e26b7688197a86e51a9d9a7dfe1052dd4511749a606,8.0,ai,5.790019373739919,2.808223601310484,5.195225869455645,2.981795772429435,0.594793504284274,2.387002268145161
conv_691e9e26b7688197a86e51a9d9a7dfe1052dd4511749a606,9.0,human,6.032462284482759,4.005792025862069,5.705010775862069,2.0266702586206895,0.3274515086206895,1.69921875
conv_691e9e26b7688197a86e51a9d9a7dfe1052dd4511749a606,9.0,ai,5.79961417061942,2.12740478515625,5.751900809151786,3.67220938546317,0.047713361467634385,3.6244960239955355
conv_691f065bc31481969cdbdc53f0ca1d3b03f44f568e358927,2.0,human,6.952872983870968,6.023311491935484,7.015372983870968,0.929561491935484,-0.0625,0.992061491935484
conv_691f065bc31481969cdbdc53f0ca1d3b03f44f568e358927,2.0,ai,5.9294577205882355,3.5197610294117645,5.390309053308823,2.409696691176471,0.5391486672794121,1.8705480238970589
conv_691f065bc31481969cdbdc53f0ca1d3b03f44f568e358927,3.0,human,5.803580729166667,4.040266927083334,5.772721354166666,1.7633138020833332,0.030859375000000355,1.7324544270833329
conv_691f065bc31481969cdbdc53f0ca1d3b03f44f568e358927,3.0,ai,5.578314887152778,3.5384097629123263,6.267632378472222,2.0399051242404513,-0.6893174913194446,2.729222615559896
conv_691f065bc31481969cdbdc53f0ca1d3b03f44f568e358927,4.0,human,6.596222908266129,5.074486517137097,6.154989919354839,1.521736391129032,0.44123298891129004,1.080503402217742
conv_691f065bc31481969cdbdc53f0ca1d3b03f44f568e358927,4.0,ai,5.313291125827366,2.5470072428385415,5.107337951660156,2.7662838829888243,0.2059531741672096,2.5603307088216147
conv_691f065bc31481969cdbdc53f0ca1d3b03f44f568e358927,5.0,human,8.922286184210526,6.612253289473684,8.623766447368421,2.3100328947368416,0.2985197368421044,2.011513157894737
conv_691f065bc31481969cdbdc53f0ca1d3b03f44f568e358927,5.0,ai,4.898065185546875,2.3590750558035714,5.309940883091518,2.5389901297433033,-0.4118756975446436,2.950865827287947
conv_691f065bc31481969cdbdc53f0ca1d3b03f44f568e358927,6.0,human,5.461651141826923,3.540790264423077,5.905658428485577,1.9208608774038463,-0.4440072866586533,2.3648681640624996
conv_691f065bc31481969cdbdc53f0ca1d3b03f44f568e358927,6.0,ai,4.53420082298485,2.4561239706503377,3.962620090793919,2.0780768523345126,0.5715807321909314,1.5064961201435811
conv_691f065bc31481969cdbdc53f0ca1d3b03f44f568e358927,7.0,human,6.794401041666666,5.11668701171875,6.970572916666667,1.677714029947916,-0.17617187500000053,1.8538859049479166
conv_691f065bc31481969cdbdc53f0ca1d3b03f44f568e358927,7.0,ai,4.819317441998106,2.1851917613636362,4.404873934659091,2.63412568063447,0.4144435073390156,2.2196821732954546
conv_691f065bc31481969cdbdc53f0ca1d3b03f44f568e358927,8.0,human,6.150165264423077,5.174454126602564,6.439453125,0.9757111378205128,-0.28928786057692335,1.2649989983974361
conv_691f065bc31481969cdbdc53f0ca1d3b03f44f568e358927,8.0,ai,5.180612664473684,3.966787237870066,5.276537443462171,1.2138254266036181,-0.09592477898848717,1.3097502055921053
conv_691f065bc31481969cdbdc53f0ca1d3b03f44f568e358927,9.0,human,5.828052417652027,4.300876926731419,6.083773226351352,1.527175490920608,-0.25572080869932456,1.7828962996199325
conv_691f065bc31481969cdbdc53f0ca1d3b03f44f568e358927,9.0,ai,5.602078683035714,2.3259695870535713,5.871135602678572,3.2761090959821426,-0.26905691964285783,3.5451660156250004
conv_691f06855a5c819598fe92033194bb530743467f5002fa62,2.0,human,5.101029829545454,3.293453332149621,5.31204131155303,1.807576497395833,-0.21101148200757613,2.018587979403409
conv_691f06855a5c819598fe92033194bb530743467f5002fa62,2.0,ai,6.811252170138889,3.7631971571180554,6.415907118055555,3.048055013020834,0.3953450520833339,2.6527099609375
conv_691f06855a5c819598fe92033194bb530743467f5002fa62,3.0,human,5.366436298076923,3.74169921875,5.833045372596154,1.6247370793269234,-0.46660907451923084,2.091346153846154
conv_691f06855a5c819598fe92033194bb530743467f5002fa62,3.0,ai,4.829671223958333,2.2194528290719697,4.126220703125,2.6102183948863633,0.703450520833333,1.9067678740530303
conv_691f06855a5c819598fe92033194bb530743467f5002fa62,4.0,human,6.214164402173913,4.668786090353261,6.514690896739131,1.5453783118206523,-0.30052649456521774,1.84590480638587
conv_691f06855a5c819598fe92033194bb530743467f5002fa62,4.0,ai,5.246158800627056,2.515491485595703,4.968786942331414,2.7306673150313525,0.27737185829564126,2.4532954567357113
conv_691f06855a5c819598fe92033194bb530743467f5002fa62,5.0,human,5.306361607142857,3.6157924107142856,5.031063988095238,1.6905691964285712,0.2752976190476186,1.4152715773809526
conv_691f06855a5c819598fe92033194bb530743467f5002fa62,5.0,ai,5.178751627604167,2.9703165690104165,4.873606363932292,2.2084350585937504,0.305145263671875,1.9032897949218754
conv_691f06855a5c819598fe92033194bb530743467f5002fa62,6.0,human,7.18251953125,4.051090698242188,6.6859814453125,3.1314288330078117,0.49653808593749993,2.634890747070312
conv_691f06855a5c819598fe92033194bb530743467f5002fa62,6.0,ai,5.045297983530405,2.7004526499155403,4.367055532094595,2.344845333614865,0.6782424514358105,1.6666028821790544
conv_691f06855a5c819598fe92033194bb530743467f5002fa62,7.0,human,6.166178385416667,3.9848836263020835,6.358723958333333,2.1812947591145835,-0.19254557291666607,2.3738403320312496
conv_691f06855a5c819598fe92033194bb530743467f5002fa62,7.0,ai,5.36097886827257,2.861545138888889,4.889085557725695,2.499433729383681,0.471893310546875,2.027540418836806
conv_691f06855a5c819598fe92033194bb530743467f5002fa62,8.0,human,4.851567761651401,3.257372625942888,4.684166217672414,1.594195135708513,0.1674015439789871,1.4267935917295258
conv_691f06855a5c819598fe92033194bb530743467f5002fa62,8.0,ai,4.795383029513889,2.8672417534722223,3.9467909071180554,1.928141276041667,0.8485921223958339,1.079549153645833
conv_691f06855a5c819598fe92033194bb530743467f5002fa62,9.0,human,5.30765625,3.10537109375,4.85984375,2.20228515625,0.4478125000000004,1.7544726562499995
conv_691f06855a5c819598fe92033194bb530743467f5002fa62,9.0,ai,6.147579308712121,2.5373285466974433,5.047659209280303,3.6102507620146778,1.0999200994318183,2.5103306625828594
conv_691f696d0b348190810494e2c5d82fee08324043d78ba0f7,2.0,human,5.315687779017857,4.348367745535715,5.386174665178571,0.9673200334821423,-0.07048688616071441,1.0378069196428568
conv_691f696d0b348190810494e2c5d82fee08324043d78ba0f7,2.0,ai,5.861488342285156,3.5210742950439453,6.039833068847656,2.340414047241211,-0.1783447265625,2.518758773803711
conv_691f696d0b348190810494e2c5d82fee08324043d78ba0f7,3.0,human,5.196986607142857,3.7949497767857143,5.0661551339285715,1.4020368303571424,0.13083147321428523,1.2712053571428572
conv_691f696d0b348190810494e2c5d82fee08324043d78ba0f7,3.0,ai,4.981012507847377,2.8248447963169645,4.392565046037946,2.1561677115304128,0.5884474618094311,1.5677202497209817
conv_691f696d0b348190810494e2c5d82fee08324043d78ba0f7,4.0,human,7.225892857142857,5.1019670758928575,6.383244977678571,2.1239257812499996,0.8426478794642858,1.2812779017857139
conv_691f696d0b348190810494e2c5d82fee08324043d78ba0f7,4.0,ai,7.260426240808823,3.6317066865808822,6.121294806985294,3.628719554227941,1.139131433823529,2.489588120404412
conv_691f696d0b348190810494e2c5d82fee08324043d78ba0f7,5.0,human,7.347215440538195,5.679677327473958,6.970567491319445,1.6675381130642366,0.37664794921875,1.2908901638454866
conv_691f696d0b348190810494e2c5d82fee08324043d78ba0f7,5.0,ai,7.51318359375,2.8298407660590277,7.0812865363226996,4.683342827690972,0.43189705742730045,4.251445770263672
conv_691f696d0b348190810494e2c5d82fee08324043d78ba0f7,6.0,human,9.04058368389423,4.87170644906851,7.9864032451923075,4.16887723482572,1.0541804387019225,3.1146967961237975
conv_691f696d0b348190810494e2c5d82fee08324043d78ba0f7,6.0,ai,6.297496448863637,2.9100341796875,5.414476799242424,3.3874622691761367,0.8830196496212128,2.504442619554924
conv_691f696d0b348190810494e2c5d82fee08324043d78ba0f7,7.0,human,7.573040140086207,4.335061961206897,7.008048221982759,3.2379781788793105,0.5649919181034484,2.672986260775862
conv_691f696d0b348190810494e2c5d82fee08324043d78ba0f7,7.0,ai,6.439615885416667,2.215213660037879,6.440314090613163,4.224402225378788,-0.0006982051964961045,4.225100430575284
conv_691f696d0b348190810494e2c5d82fee08324043d78ba0f7,8.0,human,7.4521484375,3.9253140153556036,6.871952451508621,3.5268344221443964,0.580195985991379,2.9466384361530173
conv_691f696d0b348190810494e2c5d82fee08324043d78ba0f7,8.0,ai,5.152389962332589,3.510378156389509,4.42072274344308,1.64201180594308,0.731667218889509,0.9103445870535709
conv_691f696d0b348190810494e2c5d82fee08324043d78ba0f7,9.0,human,6.663588169642857,5.004429408482143,6.2342912946428575,1.6591587611607137,0.42929687499999947,1.2298618861607142
conv_691f696d0b348190810494e2c5d82fee08324043d78ba0f7,9.0,ai,6.648776545669094,3.0267717766039297,6.237992720170454,3.622004769065164,0.41078382549863957,3.2112209435665244
conv_6981ccf5d5f4819394bcd7bad4d79b14001ace58e9b20b81,2.0,human,7.60546875,4.012650923295454,6.724165482954546,3.592817826704546,0.8813032670454541,2.7115145596590917
conv_6981ccf5d5f4819394bcd7bad4d79b14001ace58e9b20b81,2.0,ai,5.739464962121212,3.006798946496212,5.658410274621212,2.732666015625,0.0810546875,2.651611328125
conv_6981ccf5d5f4819394bcd7bad4d79b14001ace58e9b20b81,3.0,human,5.797254774305555,3.8599446614583335,5.722954644097222,1.9373101128472219,0.07430013020833304,1.8630099826388888
conv_6981ccf5d5f4819394bcd7bad4d79b14001ace58e9b20b81,3.0,ai,4.475919835707721,1.7879387350643383,4.284003762637868,2.6879811006433827,0.19191607306985325,2.4960650275735294
conv_6981ccf5d5f4819394bcd7bad4d79b14001ace58e9b20b81,4.0,human,5.956217447916667,3.9956321716308594,5.630330403645833,1.9605852762858076,0.3258870442708339,1.6346982320149737
conv_6981ccf5d5f4819394bcd7bad4d79b14001ace58e9b20b81,4.0,ai,7.1857147216796875,3.4574127197265625,7.0062713623046875,3.728302001953125,0.179443359375,3.548858642578125
conv_6981ccf5d5f4819394bcd7bad4d79b14001ace58e9b20b81,5.0,human,6.328125,4.250992838541666,6.032942708333334,2.0771321614583336,0.29518229166666643,1.7819498697916671
conv_6981ccf5d5f4819394bcd7bad4d79b14001ace58e9b20b81,5.0,ai,6.496309988839286,3.0468784877232142,6.3037109375,3.449431501116072,0.19259905133928612,3.2568324497767858
conv_6981ccf5d5f4819394bcd7bad4d79b14001ace58e9b20b81,6.0,human,5.503765869140625,4.180316162109375,5.538411712646484,1.3234497070312496,-0.0346458435058592,1.3580955505371088
conv_6981ccf5d5f4819394bcd7bad4d79b14001ace58e9b20b81,6.0,ai,6.372745289522059,2.8392046760110294,5.927188648897059,3.5335406135110294,0.445556640625,3.0879839728860294
conv_6981ccf5d5f4819394bcd7bad4d79b14001ace58e9b20b81,7.0,human,6.939127604166667,2.7008565266927085,7.116617838541667,4.238271077473959,-0.177490234375,4.415761311848959
conv_6981ccf5d5f4819394bcd7bad4d79b14001ace58e9b20b81,7.0,ai,5.933785574776786,2.634987531389509,5.409305245535714,3.2987980433872766,0.5244803292410714,2.774317714146205
conv_6981ccf5d5f4819394bcd7bad4d79b14001ace58e9b20b81,8.0,human,7.548495588631465,2.599365234375,6.930226293103448,4.949130354256465,0.6182692955280169,4.330861058728448
conv_6981ccf5d5f4819394bcd7bad4d79b14001ace58e9b20b81,8.0,ai,5.866727941176471,2.5792595358455883,5.029670266544118,3.2874684053308827,0.8370576746323533,2.4504107306985294
conv_6981ccf5d5f4819394bcd7bad4d79b14001ace58e9b20b81,9.0,human,5.127426609848484,3.568588719223485,5.029086026278409,1.5588378906249996,0.09834058357007525,1.4604973070549243
conv_6981ccf5d5f4819394bcd7bad4d79b14001ace58e9b20b81,9.0,ai,6.877570657169118,3.1611018461339615,6.509772805606618,3.7164688110351562,0.3677978515625,3.3486709594726562
conv_69a0753fc5d08196aa37099ec6c65b69083687b3e71b94b5,2.0,human,5.341145833333333,4.228678385416667,5.903091995804398,1.112467447916666,-0.5619461624710649,1.674413610387731
conv_69a0753fc5d08196aa37099ec6c65b69083687b3e71b94b5,2.0,ai,5.3513253348214285,3.509059361049107,5.095354352678571,1.8422659737723213,0.2559709821428573,1.586294991629464
conv_69a0753fc5d08196aa37099ec6c65b69083687b3e71b94b5,3.0,human,7.313232421875,4.31231689453125,7.12851806640625,3.00091552734375,0.18471435546875004,2.816201171875
conv_69a0753fc5d08196aa37099ec6c65b69083687b3e71b94b5,3.0,ai,5.298864511343149,3.1124445597330728,5.20509768755008,2.1864199516100764,0.09376682379306889,2.0926531278170075
conv_69a0753fc5d08196aa37099ec6c65b69083687b3e71b94b5,4.0,human,6.675625,5.21921875,5.681103515625,1.4564062500000006,0.9945214843750003,0.46188476562500025
conv_69a0753fc5d08196aa37099ec6c65b69083687b3e71b94b5,4.0,ai,4.916776820591518,2.4153677804129465,5.112576729910714,2.5014090401785714,-0.195799909319196,2.6972089494977673
conv_69a0753fc5d08196aa37099ec6c65b69083687b3e71b94b5,5.0,human,6.677296605603448,5.691877693965517,7.222050107758621,0.9854189116379315,-0.5447535021551726,1.530172413793104
conv_69a0753fc5d08196aa37099ec6c65b69083687b3e71b94b5,5.0,ai,5.567117130055147,2.8593696145450367,5.294390510110294,2.70774751551011,0.27272661994485237,2.4350208955652577
conv_69a0753fc5d08196aa37099ec6c65b69083687b3e71b94b5,6.0,human,5.1181640625,3.8656575520833334,4.98837890625,1.2525065104166666,0.12978515624999964,1.122721354166667
conv_69a0753fc5d08196aa37099ec6c65b69083687b3e71b94b5,6.0,ai,5.466175426136363,3.468039772727273,5.532995975378788,1.9981356534090904,-0.06682054924242475,2.064956202651515
conv_69a0753fc5d08196aa37099ec6c65b69083687b3e71b94b5,7.0,human,7.024016203703703,5.025318287037037,6.654369212962963,1.998697916666666,0.3696469907407405,1.6290509259259256
conv_69a0753fc5d08196aa37099ec6c65b69083687b3e71b94b5,7.0,ai,5.291023678249783,2.815395779079861,4.7727711995442705,2.4756278991699214,0.518252478705512,1.9573754204644094
conv_69a0753fc5d08196aa37099ec6c65b69083687b3e71b94b5,8.0,human,7.02001048900463,4.691315827546297,6.939552589699074,2.328694661458333,0.08045789930555536,2.2482367621527777
conv_69a0753fc5d08196aa37099ec6c65b69083687b3e71b94b5,8.0,ai,6.796707589285714,3.1311847141810825,6.440234375,3.6655228751046316,0.3564732142857139,3.3090496608189177
conv_69a0753fc5d08196aa37099ec6c65b69083687b3e71b94b5,9.0,human,7.254200328480113,5.355045665394176,6.216123234141957,1.8991546630859375,1.0380770943381563,0.8610775687477812
conv_69a0753fc5d08196aa37099ec6c65b69083687b3e71b94b5,9.0,ai,5.944114685058594,3.55535888671875,5.2955322265625,2.3887557983398438,0.6485824584960938,1.74017333984375
conv_69b581c4f16c81978ea543ce298c8c600546e04309837be3,2.0,human,4.853251266479492,3.6099185943603516,4.895110321044922,1.2433326721191404,-0.04185905456543004,1.2851917266845705
conv_69b581c4f16c81978ea543ce298c8c600546e04309837be3,2.0,ai,5.493349642366977,2.619852014490076,5.54121192725929,2.8734976278769007,-0.04786228489231359,2.9213599127692143
conv_69b581c4f16c81978ea543ce298c8c600546e04309837be3,3.0,human,5.7154990748355265,3.8889802631578947,5.759046052631579,1.8265188116776319,-0.04354697779605221,1.870065789473684
conv_69b581c4f16c81978ea543ce298c8c600546e04309837be3,3.0,ai,5.462115478515625,2.090988486153739,5.137640380859375,3.3711269923618863,0.3244750976562498,3.0466518947056365
conv_69b581c4f16c81978ea543ce298c8c600546e04309837be3,4.0,human,6.396359174679487,3.954401652018229,6.115134214743589,2.441957522661258,0.2812249599358978,2.1607325627253604
conv_69b581c4f16c81978ea543ce298c8c600546e04309837be3,4.0,ai,6.798960299105258,3.0927548795133024,6.275657035209037,3.7062054195919556,0.5233032638962207,3.182902155695735
conv_69b581c4f16c81978ea543ce298c8c600546e04309837be3,5.0,human,5.393390562476181,3.1977454860035968,5.333323408917683,2.1956450764725846,0.060067153558498454,2.135577922914086
conv_69b581c4f16c81978ea543ce298c8c600546e04309837be3,5.0,ai,5.985198102678571,2.731404767717634,5.822712053571428,3.253793334960937,0.1624860491071427,3.0913072858537944
conv_69b581c4f16c81978ea543ce298c8c600546e04309837be3,6.0,human,6.754878234863281,3.919815444946289,7.24664306640625,2.8350627899169925,-0.4917648315429686,3.326827621459961
conv_69b581c4f16c81978ea543ce298c8c600546e04309837be3,6.0,ai,5.255894252232143,2.8376000540597097,4.957353864397321,2.4182941981724335,0.29854038783482206,2.1197538103376115
conv_69b581c4f16c81978ea543ce298c8c600546e04309837be3,7.0,human,4.323254267374675,2.6299977620442707,4.490692816840278,1.693256505330404,-0.16743854946560344,1.8606950547960075
conv_69b581c4f16c81978ea543ce298c8c600546e04309837be3,7.0,ai,5.227326311383929,2.9613612583705358,5.01669921875,2.2659650530133932,0.21062709263392865,2.0553379603794646
conv_69b581c4f16c81978ea543ce298c8c600546e04309837be3,8.0,human,5.349850538300305,3.4811237614329267,5.264529344512195,1.868726776867378,0.08532119378810954,1.7834055830792686
conv_69b581c4f16c81978ea543ce298c8c600546e04309837be3,8.0,ai,5.558004940257353,2.1300799005171833,5.298533720128677,3.42792503974017,0.2594712201286766,3.1684538196114933
conv_69b581c4f16c81978ea543ce298c8c600546e04309837be3,9.0,human,5.856588924632353,3.433706844554228,6.070197610294118,2.4228820800781254,-0.2136086856617645,2.63649076573989
conv_69b581c4f16c81978ea543ce298c8c600546e04309837be3,9.0,ai,6.586662741268382,2.599100617801442,6.459874770220588,3.9875621234669403,0.12678797104779438,3.860774152419146
conv_6be7ed36-4c3e-4746-920a-dac8f9012262,2.0,human,5.211916464346427,3.661897447374132,5.198537755895544,1.5500190169722945,0.013378708450882293,1.5366403085214122
conv_6be7ed36-4c3e-4746-920a-dac8f9012262,2.0,ai,7.072884114583333,4.924740091959635,7.457779947916666,2.148144022623698,-0.3848958333333332,2.533039855957031
conv_6be7ed36-4c3e-4746-920a-dac8f9012262,3.0,human,5.574188895847486,3.7400088102921196,5.38748434315557,1.8341800855553667,0.186704552691916,1.6474755328634507
conv_6be7ed36-4c3e-4746-920a-dac8f9012262,3.0,ai,5.8397231563445064,2.6441942030383694,4.834654223534368,3.195528953306137,1.005068932810138,2.190460020495999
conv_6be7ed36-4c3e-4746-920a-dac8f9012262,4.0,human,6.144801746715199,4.8432228781960225,6.2302024147727275,1.3015788685191767,-0.08540066805752833,1.386979536576705
conv_6be7ed36-4c3e-4746-920a-dac8f9012262,4.0,ai,5.560635653409091,3.4789373224431817,6.265528823390151,2.081698330965909,-0.7048931699810606,2.7865915009469697
conv_6be7ed36-4c3e-4746-920a-dac8f9012262,5.0,human,5.4613213972611865,3.421430761163885,5.867868596857244,2.0398906360973017,-0.4065471995960577,2.4464378356933594
conv_6be7ed36-4c3e-4746-920a-dac8f9012262,5.0,ai,7.729640151515151,5.044050736860796,8.907885002367424,2.6855894146543555,-1.1782448508522725,3.863834265506628
conv_6be7ed36-4c3e-4746-920a-dac8f9012262,6.0,human,5.064723832266671,2.62067140851702,4.78673301424299,2.4440524237496515,0.27799081802368164,2.16606160572597
conv_6be7ed36-4c3e-4746-920a-dac8f9012262,6.0,ai,5.897247314453125,2.6309432983398438,5.632785797119141,3.2663040161132812,0.2644615173339844,3.001842498779297
conv_6be7ed36-4c3e-4746-920a-dac8f9012262,7.0,human,6.3983306884765625,3.6881586710611978,6.4779052734375,2.7101720174153647,-0.0795745849609375,2.7897466023763022
conv_6be7ed36-4c3e-4746-920a-dac8f9012262,7.0,ai,5.701140372983871,1.9927328786542338,5.736647082913306,3.708407494329637,-0.035506709929435054,3.743914204259072
conv_6be7ed36-4c3e-4746-920a-dac8f9012262,8.0,human,7.679572423299153,4.116416295369466,7.91410764058431,3.5631561279296875,-0.23453521728515625,3.7976913452148438
conv_6be7ed36-4c3e-4746-920a-dac8f9012262,8.0,ai,4.710499482996323,2.567081227022059,5.047596650965073,2.1434182559742645,-0.33709716796875,2.4805154239430145
conv_6be7ed36-4c3e-4746-920a-dac8f9012262,9.0,human,4.680626502403846,2.662328866811899,4.429632333608774,2.0182976355919466,0.25099416879507164,1.767303466796875
conv_6be7ed36-4c3e-4746-920a-dac8f9012262,9.0,ai,5.438650948660714,1.9444514683314733,4.929827008928571,3.4941994803292413,0.5088239397321432,2.985375540597098
conv_6c680e8e-2455-4bdf-b4cd-fe6c409f373a,2.0,human,6.212865584935898,4.396446814903846,5.933218149038462,1.816418770032052,0.2796474358974361,1.5367713341346159
conv_6c680e8e-2455-4bdf-b4cd-fe6c409f373a,2.0,ai,4.62890625,2.915645823759191,4.703469669117647,1.7132604262408089,-0.07456341911764675,1.7878238453584556
conv_6c680e8e-2455-4bdf-b4cd-fe6c409f373a,3.0,human,5.791633157169118,4.1438131893382355,5.443933823529412,1.6478199678308822,0.3476993336397056,1.3001206341911766
conv_6c680e8e-2455-4bdf-b4cd-fe6c409f373a,3.0,ai,4.412080652573529,2.307071461397059,4.915556066176471,2.10500919117647,-0.503475413602942,2.608484604779412
conv_6c680e8e-2455-4bdf-b4cd-fe6c409f373a,4.0,human,6.172691608297414,4.337604391163793,6.056135506465517,1.835087217133621,0.1165561018318968,1.7185311153017242
conv_6c680e8e-2455-4bdf-b4cd-fe6c409f373a,4.0,ai,4.156136648995536,1.683447265625,3.753334263392857,2.4726893833705357,0.40280238560267856,2.069886997767857
conv_6c680e8e-2455-4bdf-b4cd-fe6c409f373a,5.0,human,5.638045772429435,3.8481524067540325,5.07355720766129,1.7898933656754026,0.564488564768145,1.2254048009072576
conv_6c680e8e-2455-4bdf-b4cd-fe6c409f373a,5.0,ai,4.307699415418837,1.8304112752278645,4.074009789360894,2.4772881401909723,0.2336896260579424,2.24359851413303
conv_6c680e8e-2455-4bdf-b4cd-fe6c409f373a,6.0,human,6.237241683467742,4.057522681451613,6.467332409274194,2.179719002016129,-0.23009072580645196,2.409809727822581
conv_6c680e8e-2455-4bdf-b4cd-fe6c409f373a,6.0,ai,4.644874123965993,1.9395177504595589,4.285177791819853,2.705356373506434,0.3596963321461395,2.3456600413602944
conv_6c680e8e-2455-4bdf-b4cd-fe6c409f373a,7.0,human,5.580208333333333,3.84765625,6.065234375,1.7325520833333332,-0.48502604166666696,2.217578125
conv_6c680e8e-2455-4bdf-b4cd-fe6c409f373a,7.0,ai,4.1757428850446425,1.927653285435268,3.8929338727678573,2.248089599609375,0.28280901227678523,1.9652805873325894
conv_6c680e8e-2455-4bdf-b4cd-fe6c409f373a,8.0,human,5.616278286637931,3.328790072737069,5.228178879310345,2.2874882139008617,0.3880994073275854,1.8993888065732762
conv_6c680e8e-2455-4bdf-b4cd-fe6c409f373a,8.0,ai,4.646949016686642,2.2380678581468985,4.155186450842655,2.408881158539743,0.49176256584398637,1.9171185926957568
conv_6c680e8e-2455-4bdf-b4cd-fe6c409f373a,9.0,human,5.800508386948529,3.267974853515625,5.749813304227941,2.532533533432904,0.05069508272058787,2.481838450712316
conv_6c680e8e-2455-4bdf-b4cd-fe6c409f373a,9.0,ai,4.5721273983226105,1.5325873879825367,4.253317440257353,3.039540010340074,0.31880995806525725,2.7207300522748166
conv_72037685-9437-4960-b9a0-5f77d2a71e41,2.0,human,4.93524169921875,4.624237060546875,5.06890869140625,0.311004638671875,-0.1336669921875,0.444671630859375
conv_72037685-9437-4960-b9a0-5f77d2a71e41,2.0,ai,5.334821428571429,3.956724330357143,4.91953125,1.378097098214286,0.41529017857142847,0.9628069196428575
conv_72037685-9437-4960-b9a0-5f77d2a71e41,3.0,human,6.411575809601815,4.556375811176915,6.331249606224798,1.8551999984249,0.0803262033770169,1.774873795047883
conv_72037685-9437-4960-b9a0-5f77d2a71e41,3.0,ai,6.6226806640625,4.6280517578125,6.110595703125,1.99462890625,0.5120849609375,1.4825439453125
conv_72037685-9437-4960-b9a0-5f77d2a71e41,4.0,human,5.366297104779412,4.404354319852941,5.441521139705882,0.961942784926471,-0.07522403492647012,1.0371668198529411
conv_72037685-9437-4960-b9a0-5f77d2a71e41,4.0,ai,4.964229583740234,2.6468708515167236,4.491554260253906,2.3173587322235107,0.4726753234863281,1.8446834087371826
conv_72037685-9437-4960-b9a0-5f77d2a71e41,5.0,human,4.3494873046875,3.6514663696289062,4.644439697265625,0.6980209350585938,-0.294952392578125,0.9929733276367188
conv_72037685-9437-4960-b9a0-5f77d2a71e41,5.0,ai,4.837472098214286,2.331103515625,4.256256975446429,2.5063685825892854,0.5812151227678566,1.9251534598214288
conv_72037685-9437-4960-b9a0-5f77d2a71e41,6.0,human,5.734079071969697,4.324425899621212,5.733250473484849,1.4096531723484853,0.0008285984848486194,1.4088245738636367
conv_72037685-9437-4960-b9a0-5f77d2a71e41,6.0,ai,4.512457953559028,1.5928577846950955,4.40565660264757,2.919600168863932,0.10680135091145804,2.812798817952474
conv_72037685-9437-4960-b9a0-5f77d2a71e41,7.0,human,7.345252403846154,4.920072115384615,6.756460336538462,2.425180288461539,0.5887920673076925,1.8363882211538467
conv_72037685-9437-4960-b9a0-5f77d2a71e41,7.0,ai,5.009112189797794,2.5065594841452206,4.583302217371323,2.502552705652574,0.425809972426471,2.076742733226103
conv_72037685-9437-4960-b9a0-5f77d2a71e41,8.0,human,5.640692349137931,4.729054418103448,5.915173760775862,0.9116379310344822,-0.2744814116379315,1.1861193426724137
conv_72037685-9437-4960-b9a0-5f77d2a71e41,8.0,ai,5.55362548828125,2.9135471888950892,5.0738710675920755,2.640078299386161,0.47975442068917484,2.1603238786969863
conv_72037685-9437-4960-b9a0-5f77d2a71e41,9.0,human,6.2786114032451925,3.7751136192908654,5.840374286358173,2.503497783954327,0.43823711688701916,2.065260667067308
conv_72037685-9437-4960-b9a0-5f77d2a71e41,9.0,ai,4.468718610491071,2.17677001953125,4.553606305803571,2.291948590959821,-0.08488769531250018,2.3768362862723214
conv_72218cb5-e59c-4c93-a4b9-a057fe5dad80,2.0,human,4.521668025425503,3.0324765614100864,4.936037336077009,1.4891914640154162,-0.41436931065150606,1.9035607746669223
conv_72218cb5-e59c-4c93-a4b9-a057fe5dad80,2.0,ai,4.879667394301471,2.948177562040441,4.235926011029412,1.9314898322610299,0.6437413832720589,1.287748448988971
conv_72218cb5-e59c-4c93-a4b9-a057fe5dad80,3.0,human,6.866861979166667,5.7161865234375,6.890625,1.150675455729167,-0.023763020833333037,1.1744384765625
conv_72218cb5-e59c-4c93-a4b9-a057fe5dad80,3.0,ai,3.862046595982143,1.7206037248883927,3.722328404017857,2.1414428710937505,0.13971819196428603,2.001724679129464
conv_72218cb5-e59c-4c93-a4b9-a057fe5dad80,4.0,human,4.8223407451923075,3.2588847233698917,4.798001802884615,1.5634560218224158,0.024338942307692513,1.5391170795147233
conv_72218cb5-e59c-4c93-a4b9-a057fe5dad80,4.0,ai,4.180089613970588,2.353053373448989,4.191765280330882,1.8270362405215987,-0.011675666360294379,1.8387119068818931
conv_72218cb5-e59c-4c93-a4b9-a057fe5dad80,5.0,human,6.5550537109375,4.607747395833333,6.568766276041667,1.947306315104167,-0.013712565104166963,1.961018880208334
conv_72218cb5-e59c-4c93-a4b9-a057fe5dad80,5.0,ai,4.746420467601103,2.3503956514246322,4.464815027573529,2.396024816176471,0.28160544002757426,2.1144193761488967
conv_72218cb5-e59c-4c93-a4b9-a057fe5dad80,6.0,human,7.142154947916667,3.8552449544270835,6.021207682291666,3.286909993489583,1.1209472656250004,2.1659627278645828
conv_72218cb5-e59c-4c93-a4b9-a057fe5dad80,6.0,ai,4.371212332589286,1.8306431361607143,3.649110630580357,2.5405691964285717,0.7221017020089286,1.8184674944196428
conv_72218cb5-e59c-4c93-a4b9-a057fe5dad80,7.0,human,6.919566761363637,3.5733198686079546,6.6784889914772725,3.346246892755682,0.2410777698863642,3.105169122869318
conv_72218cb5-e59c-4c93-a4b9-a057fe5dad80,7.0,ai,8.799107142857142,9.823102678571429,9.928571428571429,-1.0239955357142865,-1.1294642857142865,0.10546875
conv_72218cb5-e59c-4c93-a4b9-a057fe5dad80,8.0,human,6.3513926630434785,4.422724184782608,6.3634510869565215,1.92866847826087,-0.012058423913043015,1.940726902173913
conv_72218cb5-e59c-4c93-a4b9-a057fe5dad80,8.0,ai,3.915898640950521,2.192056366891572,3.4113644686612217,1.7238422740589492,0.5045341722892993,1.2193081017696499
conv_72218cb5-e59c-4c93-a4b9-a057fe5dad80,9.0,human,6.04931640625,2.9546435546875,6.29958984375,3.0946728515625,-0.25027343749999975,3.3449462890625
conv_72218cb5-e59c-4c93-a4b9-a057fe5dad80,9.0,ai,4.951171875,2.967277758049242,4.762029474431818,1.9838941169507578,0.18914240056818166,1.7947517163825761
conv_73564d95-9f66-42db-a2c0-fed78090bac2,2.0,human,6.50787109375,4.193876953125,6.19921875,2.3139941406250006,0.3086523437500004,2.0053417968750002
conv_73564d95-9f66-42db-a2c0-fed78090bac2,2.0,ai,5.58254912405303,3.2275094696969697,4.984537760416667,2.3550396543560606,0.5980113636363633,1.7570282907196972
conv_73564d95-9f66-42db-a2c0-fed78090bac2,3.0,human,6.149063773777174,4.645210597826087,6.586298403532608,1.503853175951087,-0.4372346297554346,1.9410878057065215
conv_73564d95-9f66-42db-a2c0-fed78090bac2,3.0,ai,5.9164895450367645,3.261645148782169,5.730030732996323,2.6548443962545956,0.18645881204044112,2.4683855842141544
conv_73564d95-9f66-42db-a2c0-fed78090bac2,4.0,human,6.303138469827586,4.200969827586207,6.896484375,2.102168642241379,-0.5933459051724137,2.6955145474137927
conv_73564d95-9f66-42db-a2c0-fed78090bac2,4.0,ai,5.235407366071429,1.8486955915178571,4.66328125,3.3867117745535715,0.5721261160714288,2.8145856584821427
conv_73564d95-9f66-42db-a2c0-fed78090bac2,5.0,human,6.931510416666667,4.8613525390625,6.96337890625,2.070157877604167,-0.031868489583333215,2.1020263671875004
conv_73564d95-9f66-42db-a2c0-fed78090bac2,5.0,ai,6.071651785714286,2.4451590401785714,5.905078125,3.6264927455357143,0.1665736607142856,3.4599190848214287
conv_73564d95-9f66-42db-a2c0-fed78090bac2,6.0,human,7.156529017857143,4.530500139508929,6.955984933035714,2.6260288783482144,0.20054408482142883,2.4254847935267856
conv_73564d95-9f66-42db-a2c0-fed78090bac2,6.0,ai,5.568966027462121,2.019005977746212,5.511056611032197,3.549960049715909,0.057909416429923866,3.4920506332859853
conv_73564d95-9f66-42db-a2c0-fed78090bac2,7.0,human,5.804460196659483,3.939465752963362,6.112321524784483,1.864994443696121,-0.307861328125,2.172855771821121
conv_73564d95-9f66-42db-a2c0-fed78090bac2,7.0,ai,4.864400809151785,1.9360665457589286,4.741734095982143,2.928334263392857,0.12266671316964217,2.8056675502232147
conv_73564d95-9f66-42db-a2c0-fed78090bac2,8.0,human,5.436187744140625,3.689208984375,5.4396820068359375,1.746978759765625,-0.0034942626953125,1.7504730224609375
conv_73564d95-9f66-42db-a2c0-fed78090bac2,8.0,ai,4.9957165188259545,2.0168914794921875,4.322353151109484,2.978825039333767,0.6733633677164708,2.305461671617296
conv_73564d95-9f66-42db-a2c0-fed78090bac2,9.0,human,6.607017780172414,4.961846713362069,6.134630926724138,1.6451710668103443,0.4723868534482758,1.1727842133620685
conv_73564d95-9f66-42db-a2c0-fed78090bac2,9.0,ai,6.0278167724609375,2.6597222222222223,5.622992621527778,3.368094550238715,0.4048241509331598,2.9632703993055554
conv_7511f98b-bb77-4bdc-926f-c26121dc147b,2.0,human,4.5108795166015625,3.685455322265625,4.95648193359375,0.8254241943359375,-0.4456024169921875,1.271026611328125
conv_7511f98b-bb77-4bdc-926f-c26121dc147b,2.0,ai,7.714564732142857,4.93896484375,6.966657366071429,2.7755998883928568,0.7479073660714279,2.027692522321429
conv_7511f98b-bb77-4bdc-926f-c26121dc147b,3.0,human,5.222849527994792,3.7589200337727866,5.035237630208333,1.4639294942220054,0.18761189778645893,1.2763175964355464
conv_7511f98b-bb77-4bdc-926f-c26121dc147b,3.0,ai,6.047938491358901,3.4039306640625,5.079190340909091,2.6440078272964014,0.9687481504498106,1.6752596768465908
conv_7511f98b-bb77-4bdc-926f-c26121dc147b,4.0,human,4.774489010081572,3.393236945657169,4.742822983685662,1.381252064424403,0.031666026395909874,1.3495860380284932
conv_7511f98b-bb77-4bdc-926f-c26121dc147b,4.0,ai,4.955407036675347,2.9690479702419705,4.789398193359375,1.9863590664333768,0.16600884331597232,1.8203502231174045
conv_7511f98b-bb77-4bdc-926f-c26121dc147b,5.0,human,4.706570870535714,3.3105224609375,4.807728794642857,1.396048409598214,-0.10115792410714342,1.4972063337053574
conv_7511f98b-bb77-4bdc-926f-c26121dc147b,5.0,ai,6.81256103515625,3.6269874572753906,6.4072265625,3.1855735778808594,0.40533447265625,2.7802391052246094
conv_7511f98b-bb77-4bdc-926f-c26121dc147b,6.0,human,5.1493997012867645,3.164285996380974,5.275074678308823,1.9851137049057903,-0.12567497702205888,2.110788681927849
conv_7511f98b-bb77-4bdc-926f-c26121dc147b,6.0,ai,5.940729631696429,2.7817007882254465,6.095535714285714,3.159028843470982,-0.1548060825892854,3.3138349260602675
conv_7511f98b-bb77-4bdc-926f-c26121dc147b,7.0,human,6.588852391098484,3.5801743016098486,6.271869081439394,3.008678089488636,0.31698330965909083,2.691694779829545
conv_7511f98b-bb77-4bdc-926f-c26121dc147b,7.0,ai,6.940020161290323,3.7035994991179435,7.098664314516129,3.2364206621723794,-0.15864415322580605,3.3950648153981855
conv_7511f98b-bb77-4bdc-926f-c26121dc147b,8.0,human,4.75328369140625,3.2613037109375,4.592578125,1.4919799804687504,0.16070556640625,1.3312744140625004
conv_7511f98b-bb77-4bdc-926f-c26121dc147b,8.0,ai,6.421614583333334,3.771590169270833,5.789973958333333,2.6500244140625004,0.6316406250000002,2.0183837890625003
conv_7511f98b-bb77-4bdc-926f-c26121dc147b,9.0,human,5.384832763671875,3.522212346394857,5.149956766764323,1.8626204172770184,0.23487599690755268,1.6277444203694658
conv_7511f98b-bb77-4bdc-926f-c26121dc147b,9.0,ai,7.79248046875,3.8268345424107144,7.145089285714286,3.9656459263392856,0.6473911830357144,3.318254743303571
conv_7c23347e-6172-4c84-9fd0-45ef34290bd5,2.0,human,7.063949092741935,6.770350302419355,6.817729334677419,0.29359879032258007,0.24621975806451601,0.04737903225806406
conv_7c23347e-6172-4c84-9fd0-45ef34290bd5,2.0,ai,5.746057581018518,2.9397605613425926,5.898871527777778,2.8062970196759256,-0.15281394675925952,2.959110966435185
conv_7c23347e-6172-4c84-9fd0-45ef34290bd5,3.0,human,7.209542410714286,5.355119977678571,7.067522321428571,1.8544224330357144,0.1420200892857144,1.71240234375
conv_7c23347e-6172-4c84-9fd0-45ef34290bd5,3.0,ai,11.78125,11.15798611111111,11.004340277777779,0.6232638888888893,0.7769097222222214,-0.15364583333333215
conv_7c23347e-6172-4c84-9fd0-45ef34290bd5,4.0,human,7.4853515625,5.509207589285714,7.780412946428571,1.9761439732142856,-0.2950613839285712,2.2712053571428568
conv_7c23347e-6172-4c84-9fd0-45ef34290bd5,4.0,ai,6.697730279737903,2.659522271925403,6.91912841796875,4.0382080078125,-0.22139813823084697,4.259606146043347
conv_7c23347e-6172-4c84-9fd0-45ef34290bd5,5.0,human,8.945530060798891,6.350718836630544,8.878178750315021,2.594811224168347,0.06735131048387011,2.527459913684477
conv_7c23347e-6172-4c84-9fd0-45ef34290bd5,5.0,ai,7.011860509072581,2.6032626244329635,6.969348538306452,4.408597884639617,0.042511970766129004,4.366085913873489
conv_7c23347e-6172-4c84-9fd0-45ef34290bd5,6.0,human,6.747279575892857,4.719970703125,6.835797991071429,2.0273088727678568,-0.08851841517857206,2.115827287946429
conv_7c23347e-6172-4c84-9fd0-45ef34290bd5,6.0,ai,6.490408761160714,1.989168439592634,6.540213448660714,4.501240321568081,-0.0498046875,4.551045009068081
conv_7c23347e-6172-4c84-9fd0-45ef34290bd5,7.0,human,8.809895833333334,6.180292038690476,8.338995070684524,2.6296037946428577,0.4709007626488102,2.1587030319940474
conv_7c23347e-6172-4c84-9fd0-45ef34290bd5,7.0,ai,7.149466378348214,2.3194877079554965,7.247732979910714,4.829978670392718,-0.0982666015625,4.928245271955218
conv_7c23347e-6172-4c84-9fd0-45ef34290bd5,8.0,human,8.157156808035714,7.218924386160714,8.611049107142858,0.9382324218749991,-0.4538922991071441,1.3921247209821432
conv_7c23347e-6172-4c84-9fd0-45ef34290bd5,8.0,ai,5.975003150201613,1.6999103176978327,5.788999495967742,4.2750928325037805,0.186003654233871,4.0890891782699095
conv_7c23347e-6172-4c84-9fd0-45ef34290bd5,9.0,human,8.02734375,5.472445401278409,8.157848011363637,2.554898348721591,-0.1305042613636367,2.6854026100852275
conv_7c23347e-6172-4c84-9fd0-45ef34290bd5,9.0,ai,7.177309097782258,2.6378055695564515,7.208732358870968,4.539503528225806,-0.031423261088709964,4.570926789314516
conv_7e08bac1-7465-447d-a732-40dad23fa383,2.0,human,6.111246744791667,4.728060404459636,6.1465504964192705,1.3831863403320312,-0.035303751627603575,1.4184900919596348
conv_7e08bac1-7465-447d-a732-40dad23fa383,2.0,ai,4.652155412946429,2.735316685267857,4.260393415178571,1.9168387276785714,0.3917619977678575,1.525076729910714
conv_7e08bac1-7465-447d-a732-40dad23fa383,3.0,human,4.755552230342742,3.1746077998991935,4.820785030241935,1.5809444304435485,-0.06523279989919306,1.6461772303427415
conv_7e08bac1-7465-447d-a732-40dad23fa383,3.0,ai,4.110787527901786,1.8208635602678571,3.9388357979910715,2.2899239676339285,0.17195172991071406,2.1179722377232144
conv_7e08bac1-7465-447d-a732-40dad23fa383,4.0,human,5.652805621807392,4.068655160757212,5.732245812049279,1.5841504610501804,-0.07944019024188709,1.6635906512920675
conv_7e08bac1-7465-447d-a732-40dad23fa383,4.0,ai,3.9105461968315973,1.7493938869900174,3.8380330403645835,2.16115230984158,0.07251315646701384,2.088639153374566
conv_7e08bac1-7465-447d-a732-40dad23fa383,5.0,human,5.074479166666666,3.730712890625,4.927213541666666,1.3437662760416664,0.14726562500000018,1.1965006510416663
conv_7e08bac1-7465-447d-a732-40dad23fa383,5.0,ai,5.378075094784007,2.603602241067325,4.943341423483456,2.774472853716682,0.4347336713005516,2.3397391824161304
conv_7e08bac1-7465-447d-a732-40dad23fa383,6.0,human,5.292811802455357,2.8043409075055803,4.524653843470982,2.4884708949497765,0.768157958984375,1.7203129359654015
conv_7e08bac1-7465-447d-a732-40dad23fa383,6.0,ai,4.991944449288504,2.1162122453962056,4.277930545806885,2.8757322038922988,0.7140139034816197,2.161718300410679
conv_7e08bac1-7465-447d-a732-40dad23fa383,7.0,human,6.391365840517241,3.919787176724138,5.731377963362069,2.471578663793103,0.6599878771551717,1.8115907866379315
conv_7e08bac1-7465-447d-a732-40dad23fa383,7.0,ai,4.100500858191288,1.9814231178977273,3.5557972301136362,2.1190777402935606,0.5447036280776518,1.574374112215909
conv_7e08bac1-7465-447d-a732-40dad23fa383,8.0,human,6.288999495967742,4.748676915322581,6.200982862903226,1.540322580645161,0.08801663306451601,1.452305947580645
conv_7e08bac1-7465-447d-a732-40dad23fa383,8.0,ai,6.501078578404018,2.024362618582589,6.022787039620535,4.476715959821428,0.4782915387834823,3.9984244210379463
conv_7e08bac1-7465-447d-a732-40dad23fa383,9.0,human,5.866789641203703,3.816600658275463,5.549479166666667,2.0501889829282405,0.3173104745370363,1.7328785083912042
conv_7e08bac1-7465-447d-a732-40dad23fa383,9.0,ai,4.355738022748162,2.1562226239372704,4.064693675321691,2.1995153988108918,0.291044347426471,1.9084710513844207
conv_829c6d96-30f0-495e-9684-ca934b06e90a,2.0,human,6.024085792335304,4.43584545238598,5.9656965925886825,1.5882403399493246,0.058389199746621934,1.5298511402027026
conv_829c6d96-30f0-495e-9684-ca934b06e90a,2.0,ai,5.1796875,2.6741489955357145,5.387723214285714,2.5055385044642855,-0.20803571428571388,2.7135742187499994
conv_829c6d96-30f0-495e-9684-ca934b06e90a,3.0,human,5.727380701013513,4.306271114864865,5.599530194256757,1.4211095861486482,0.12785050675675613,1.293259079391892
conv_829c6d96-30f0-495e-9684-ca934b06e90a,3.0,ai,5.42851824079241,2.5965340750558035,5.244993591308594,2.831984165736607,0.1835246494838163,2.6484595162527906
conv_829c6d96-30f0-495e-9684-ca934b06e90a,4.0,human,6.292887369791667,4.128011067708333,5.847412109375,2.164876302083334,0.44547526041666696,1.719401041666667
conv_829c6d96-30f0-495e-9684-ca934b06e90a,4.0,ai,4.937353515625,2.5044119698660716,4.7158438546316965,2.4329415457589287,0.22150966099330383,2.211431884765625
conv_829c6d96-30f0-495e-9684-ca934b06e90a,5.0,human,6.409701877170139,4.338880750868055,6.610432942708333,2.070821126302084,-0.20073106553819375,2.2715521918402777
conv_829c6d96-30f0-495e-9684-ca934b06e90a,5.0,ai,5.620792933872768,2.286244855608259,5.492254638671875,3.3345480782645094,0.12853829520089288,3.2060097830636165
conv_829c6d96-30f0-495e-9684-ca934b06e90a,6.0,human,5.473537538109756,3.3161672266518196,5.365877477134147,2.1573703114579366,0.10766006097560954,2.049710250482327
conv_829c6d96-30f0-495e-9684-ca934b06e90a,6.0,ai,5.692908084753788,1.6028849283854167,5.146292021780303,4.090023156368371,0.5466160629734853,3.543407093394886
conv_829c6d96-30f0-495e-9684-ca934b06e90a,7.0,human,7.034309895833333,5.63505859375,6.830826822916666,1.399251302083333,0.20348307291666679,1.1957682291666663
conv_829c6d96-30f0-495e-9684-ca934b06e90a,7.0,ai,5.772672086148648,2.2390281058646537,5.423405827702703,3.5336439802839945,0.3492662584459456,3.184377721838049
conv_829c6d96-30f0-495e-9684-ca934b06e90a,8.0,human,4.897336196899414,3.6254268646240235,4.891514587402344,1.2719093322753907,0.005821609497070668,1.26608772277832
conv_829c6d96-30f0-495e-9684-ca934b06e90a,8.0,ai,4.617332664695946,1.7553287196803737,4.3571183488175675,2.862003945015572,0.26021431587837807,2.601789629137194
conv_829c6d96-30f0-495e-9684-ca934b06e90a,9.0,human,6.847767365284455,3.8286737295297475,6.40411376953125,3.019093635754708,0.4436535957532053,2.5754400400015025
conv_829c6d96-30f0-495e-9684-ca934b06e90a,9.0,ai,4.744933680484169,1.6558239836441844,4.421866667898078,3.0891096968399845,0.3230670125860913,2.766042684253893
conv_82f7be76-f1f7-447b-b77d-2fa8134ebfed,2.0,human,5.526783130787037,4.320855034722222,5.680555555555555,1.2059280960648149,-0.15377242476851816,1.359700520833333
conv_82f7be76-f1f7-447b-b77d-2fa8134ebfed,2.0,ai,6.546283143939394,4.1856060606060606,5.628314393939394,2.360677083333333,0.91796875,1.442708333333333
conv_82f7be76-f1f7-447b-b77d-2fa8134ebfed,3.0,human,4.2641403610641895,2.6833900245460303,4.45116527660473,1.5807503365181592,-0.18702491554054035,1.7677752520586996
conv_82f7be76-f1f7-447b-b77d-2fa8134ebfed,3.0,ai,6.0317230224609375,3.6323938369750977,6.067006587982178,2.39932918548584,-0.035283565521240234,2.43461275100708
conv_82f7be76-f1f7-447b-b77d-2fa8134ebfed,4.0,human,5.304773279138513,3.6346202541042016,5.4420759871199325,1.6701530250343115,-0.1373027079814193,1.8074557330157308
conv_82f7be76-f1f7-447b-b77d-2fa8134ebfed,4.0,ai,5.206263950892857,2.7283900669642858,5.107941545758929,2.477873883928571,0.09832240513392776,2.3795514787946432
conv_82f7be76-f1f7-447b-b77d-2fa8134ebfed,5.0,human,5.985509072580645,3.9214339717741935,5.586158014112903,2.0640751008064515,0.399351058467742,1.6647240423387095
conv_82f7be76-f1f7-447b-b77d-2fa8134ebfed,5.0,ai,7.124397523941532,3.602658179498488,6.522618447580645,3.521739344443044,0.601779076360887,2.919960268082157
conv_82f7be76-f1f7-447b-b77d-2fa8134ebfed,6.0,human,6.187959558823529,4.12262523875517,5.853963066549862,2.0653343200683594,0.3339964922736671,1.7313378277946923
conv_82f7be76-f1f7-447b-b77d-2fa8134ebfed,6.0,ai,5.248328006628788,3.098262902462121,5.244680693655303,2.150065104166667,0.003647312973485306,2.1464177911931817
conv_82f7be76-f1f7-447b-b77d-2fa8134ebfed,7.0,human,4.5210731907894735,2.8000616776315788,4.4214638157894735,1.7210115131578947,0.099609375,1.6214021381578947
conv_82f7be76-f1f7-447b-b77d-2fa8134ebfed,7.0,ai,5.660980224609375,2.543191573199104,4.792864631204044,3.117788651410271,0.8681155934053306,2.2496730580049404
conv_82f7be76-f1f7-447b-b77d-2fa8134ebfed,8.0,human,5.679520089285714,3.4620396205357142,5.037611607142857,2.21748046875,0.6419084821428571,1.5755719866071427
conv_82f7be76-f1f7-447b-b77d-2fa8134ebfed,8.0,ai,5.424776785714286,2.5535435267857145,4.978348214285714,2.8712332589285716,0.44642857142857206,2.4248046874999996
conv_82f7be76-f1f7-447b-b77d-2fa8134ebfed,9.0,human,6.203716856060606,3.196163293087121,5.6711647727272725,3.0075535629734853,0.5325520833333339,2.4750014796401514
conv_82f7be76-f1f7-447b-b77d-2fa8134ebfed,9.0,ai,6.480083834740423,2.930026146673387,6.039642333984375,3.550057688067036,0.44044150075604804,3.109616187310988
conv_837faa43-c6e5-4221-9368-e8076f56d5fb,2.0,human,5.438777043269231,3.430908203125,4.8140399639423075,2.007868840144231,0.6247370793269234,1.3831317608173075
conv_837faa43-c6e5-4221-9368-e8076f56d5fb,2.0,ai,7.0632467830882355,4.682473575367647,6.143928079044118,2.3807732077205888,0.9193187040441178,1.461454503676471
conv_837faa43-c6e5-4221-9368-e8076f56d5fb,3.0,human,7.484188988095238,6.445731026785714,6.874441964285714,1.0384579613095237,0.6097470238095237,0.4287109375
conv_837faa43-c6e5-4221-9368-e8076f56d5fb,3.0,ai,5.873149256552419,3.9707543157762095,4.520824801537298,1.9023949407762095,1.352324455015121,0.5500704857610885
conv_837faa43-c6e5-4221-9368-e8076f56d5fb,4.0,human,6.7238697324480325,4.241917201450893,6.150736400059292,2.4819525309971393,0.5731333323887409,1.9088191986083984
conv_837faa43-c6e5-4221-9368-e8076f56d5fb,4.0,ai,5.903201941287879,2.7409293434836646,5.444530140269887,3.1622725978042143,0.4586718010179922,2.703600796786222
conv_837faa43-c6e5-4221-9368-e8076f56d5fb,5.0,human,6.168965657552083,4.206858317057292,6.198760986328125,1.962107340494791,-0.029795328776041963,1.991902669270833
conv_837faa43-c6e5-4221-9368-e8076f56d5fb,5.0,ai,6.640845558860085,3.0456362637606533,5.3339792887369795,3.5952092950994317,1.3068662701231055,2.288343024976326
conv_837faa43-c6e5-4221-9368-e8076f56d5fb,6.0,human,7.0403125,3.73255859375,6.012890625,3.30775390625,1.027421875,2.28033203125
conv_837faa43-c6e5-4221-9368-e8076f56d5fb,6.0,ai,5.792495265151516,3.540231415719697,5.16116240530303,2.252263849431819,0.6313328598484853,1.6209309895833335
conv_837faa43-c6e5-4221-9368-e8076f56d5fb,7.0,human,8.723214285714286,4.765438988095238,7.521484375,3.9577752976190483,1.2017299107142865,2.756045386904762
conv_837faa43-c6e5-4221-9368-e8076f56d5fb,7.0,ai,6.197000558035715,2.2748360770089286,5.125606863839286,3.922164481026786,1.0713936941964288,2.850770786830357
conv_837faa43-c6e5-4221-9368-e8076f56d5fb,8.0,human,7.044375,4.434931640625,6.450625,2.6094433593749997,0.59375,2.0156933593749997
conv_837faa43-c6e5-4221-9368-e8076f56d5fb,8.0,ai,6.85275361032197,3.2068314985795454,6.179034608783144,3.6459221117424243,0.6737190015388261,2.972203110203598
conv_837faa43-c6e5-4221-9368-e8076f56d5fb,9.0,human,5.598795572916667,3.9188639322916665,5.474772135416667,1.6799316406250004,0.1240234375,1.5559082031250004
conv_837faa43-c6e5-4221-9368-e8076f56d5fb,9.0,ai,6.5224020216200085,3.6297857496473522,5.662295871310764,2.8926162719726562,0.8601061503092442,2.032510121663412
conv_8ab6fccf-2cc1-40bb-8378-5b469fb220eb,2.0,human,5.812767365399529,4.047027587890625,6.117773617015166,1.7657397775089043,-0.30500625161563644,2.0707460291245408
conv_8ab6fccf-2cc1-40bb-8378-5b469fb220eb,2.0,ai,4.914510091145833,1.998821836529356,3.517615116003788,2.915688254616477,1.396894975142045,1.518793279474432
conv_8ab6fccf-2cc1-40bb-8378-5b469fb220eb,3.0,human,4.44378475915818,2.9124744960239957,4.568224589029948,1.5313102631341842,-0.12443982987176838,1.6557500930059526
conv_8ab6fccf-2cc1-40bb-8378-5b469fb220eb,3.0,ai,6.138629688936121,2.881256103515625,4.783037971047794,3.2573735854204964,1.355591717888327,1.9017818675321694
conv_8ab6fccf-2cc1-40bb-8378-5b469fb220eb,4.0,human,6.911312327665441,4.663665771484375,6.812291762408088,2.247646556181066,0.09902056525735325,2.148625990923713
conv_8ab6fccf-2cc1-40bb-8378-5b469fb220eb,4.0,ai,5.093020121256511,2.781916724310981,4.603983561197917,2.31110339694553,0.48903656005859375,1.8220668368869362
conv_8ab6fccf-2cc1-40bb-8378-5b469fb220eb,5.0,human,6.228560014204546,4.221723151929451,6.061930338541667,2.0068368622750947,0.1666296756628789,1.8402071866122158
conv_8ab6fccf-2cc1-40bb-8378-5b469fb220eb,5.0,ai,5.9733664772727275,2.6249260179924243,4.747898910984849,3.348440459280303,1.225467566287879,2.1229728929924243
conv_8ab6fccf-2cc1-40bb-8378-5b469fb220eb,6.0,human,7.766276041666667,4.9828643798828125,7.671061197916667,2.7834116617838545,0.09521484375,2.6881968180338545
conv_8ab6fccf-2cc1-40bb-8378-5b469fb220eb,6.0,ai,6.086706912878788,3.662005800189394,5.436693596117424,2.424701112689394,0.6500133167613642,1.7746877959280298
conv_8ab6fccf-2cc1-40bb-8378-5b469fb220eb,7.0,human,6.789462619357639,4.6289316813151045,6.72364976671007,2.160530938042535,0.06581285264756964,2.094718085394965
conv_8ab6fccf-2cc1-40bb-8378-5b469fb220eb,7.0,ai,4.720941431382123,1.686030668370864,4.946515251608456,3.0349107630112586,-0.22557382022633288,3.2604845832375915
conv_8ab6fccf-2cc1-40bb-8378-5b469fb220eb,8.0,human,6.667259216308594,4.512733861019737,6.067209344161184,2.1545253552888566,0.6000498721474097,1.554475483141447
conv_8ab6fccf-2cc1-40bb-8378-5b469fb220eb,8.0,ai,6.266616358901516,2.7398940577651514,6.019294507575758,3.526722301136364,0.2473218513257578,3.2794004498106064
conv_8ab6fccf-2cc1-40bb-8378-5b469fb220eb,9.0,human,6.0619345272288605,3.920576207778033,5.489836412317612,2.1413583194508274,0.5720981149112481,1.5692602045395794
conv_8ab6fccf-2cc1-40bb-8378-5b469fb220eb,9.0,ai,4.534460119298987,1.6183022164009713,4.14554162927576,2.9161579028980156,0.38891849002322676,2.527239412874789
conv_8fd2ac26-a13c-4e85-b8ac-5f13e246b640,2.0,human,5.2576904296875,4.102801983173077,5.774639423076923,1.1548884465144234,-0.5169489933894234,1.6718374399038467
conv_8fd2ac26-a13c-4e85-b8ac-5f13e246b640,2.0,ai,4.6923684512867645,2.415383731617647,4.333869485294118,2.2769847196691173,0.35849896599264675,1.9184857536764706
conv_8fd2ac26-a13c-4e85-b8ac-5f13e246b640,3.0,human,5.807804987980769,4.363224909855769,6.234900841346154,1.444580078125,-0.427095853365385,1.871675931490385
conv_8fd2ac26-a13c-4e85-b8ac-5f13e246b640,3.0,ai,4.5891496930803575,2.5095668247767855,4.565876116071428,2.079582868303572,0.02327357700892918,2.056309291294643
conv_8fd2ac26-a13c-4e85-b8ac-5f13e246b640,4.0,human,7.751302083333333,4.452528211805555,6.757595486111111,3.2987738715277777,0.9937065972222223,2.3050672743055554
conv_8fd2ac26-a13c-4e85-b8ac-5f13e246b640,4.0,ai,5.010088121568835,2.891524856154983,5.15867820945946,2.1185632654138518,-0.148590087890625,2.2671533533044768
conv_8fd2ac26-a13c-4e85-b8ac-5f13e246b640,5.0,human,7.4094140625,4.47938720703125,7.4358837890625,2.93002685546875,-0.026469726562500462,2.9564965820312503
conv_8fd2ac26-a13c-4e85-b8ac-5f13e246b640,5.0,ai,4.472232491629464,2.686464146205357,4.739896065848214,1.7857683454241071,-0.26766357421874964,2.0534319196428568
conv_8fd2ac26-a13c-4e85-b8ac-5f13e246b640,6.0,human,7.582710597826087,3.8282842221467392,7.928838315217392,3.7544263756793477,-0.34612771739130466,4.100554093070652
conv_8fd2ac26-a13c-4e85-b8ac-5f13e246b640,6.0,ai,4.85162353515625,2.4870749080882355,4.680822035845588,2.3645486270680145,0.17080149931066213,2.1937471277573524
conv_8fd2ac26-a13c-4e85-b8ac-5f13e246b640,7.0,human,5.377240937331627,3.511631932751886,5.945511916588092,1.865609004579741,-0.5682709792564653,2.4338799838362064
conv_8fd2ac26-a13c-4e85-b8ac-5f13e246b640,7.0,ai,4.552615792410714,2.247865513392857,4.572314453125,2.304750279017857,-0.019698660714285943,2.324448939732143
conv_8fd2ac26-a13c-4e85-b8ac-5f13e246b640,8.0,human,6.470056870404412,4.680412741268382,6.421415441176471,1.7896441291360299,0.048641429227941124,1.7410026999080888
conv_8fd2ac26-a13c-4e85-b8ac-5f13e246b640,8.0,ai,5.467654854910714,2.337472970145089,4.944866071428572,3.130181884765625,0.5227887834821425,2.6073931012834826
conv_8fd2ac26-a13c-4e85-b8ac-5f13e246b640,9.0,human,6.8720703125,4.756234975961538,6.600736177884615,2.1158353365384617,0.271334134615385,1.8445012019230766
conv_8fd2ac26-a13c-4e85-b8ac-5f13e246b640,9.0,ai,4.614919026692708,1.5312714046902127,4.238638136121962,3.0836476220024953,0.37628089057074643,2.707366731431749
conv_90178cb2-77d1-4123-9509-2ec42e4db932,2.0,human,5.363037109375,2.7307891845703125,5.970458984375,2.6322479248046875,-0.607421875,3.2396697998046875
conv_90178cb2-77d1-4123-9509-2ec42e4db932,2.0,ai,3.0247793486624053,0.6854739333644058,2.8670367616595644,2.3393054152979995,0.15774258700284083,2.1815628282951587
conv_90178cb2-77d1-4123-9509-2ec42e4db932,3.0,human,6.672526041666667,5.68994140625,6.196451822916667,0.982584635416667,0.47607421875,0.506510416666667
conv_90178cb2-77d1-4123-9509-2ec42e4db932,3.0,ai,2.875078419276646,1.6427066530500138,2.822494125366211,1.2323717662266322,0.052584293910435065,1.1797874723161972
conv_90178cb2-77d1-4123-9509-2ec42e4db932,4.0,human,6.402650252632473,4.388344142747962,5.823986551036006,2.0143061098845108,0.5786637015964669,1.435642408288044
conv_90178cb2-77d1-4123-9509-2ec42e4db932,4.0,ai,3.874658203125,2.253440638950893,3.861429268973214,1.6212175641741071,0.013228934151785943,1.6079886300223212
conv_90178cb2-77d1-4123-9509-2ec42e4db932,5.0,human,7.705295138888889,3.6969536675347223,7.200303819444445,4.008341471354167,0.5049913194444446,3.5033501519097223
conv_90178cb2-77d1-4123-9509-2ec42e4db932,5.0,ai,3.9221527541893115,2.864138395889946,3.8573334182518115,1.0580143582993657,0.0648193359375,0.9931950223618657
conv_90178cb2-77d1-4123-9509-2ec42e4db932,6.0,human,7.549753289473684,4.756167763157895,6.919819078947368,2.7935855263157894,0.6299342105263159,2.1636513157894735
conv_90178cb2-77d1-4123-9509-2ec42e4db932,6.0,ai,3.273012617943992,1.540344453193772,3.210352508115097,1.73266816475022,0.06266010982889503,1.670008054921325
conv_90178cb2-77d1-4123-9509-2ec42e4db932,7.0,human,3.7882272820723686,3.3939947831003288,3.943491082442434,0.3942324989720398,-0.15526380037006549,0.5494962993421053
conv_90178cb2-77d1-4123-9509-2ec42e4db932,7.0,ai,3.367443926194135,1.7557773029102999,3.3153825647690716,1.611666623283835,0.052061361425063346,1.5596052618587717
conv_90178cb2-77d1-4123-9509-2ec42e4db932,8.0,human,8.005227481617647,4.3516845703125,7.235638786764706,3.6535429113051467,0.7695886948529411,2.8839542164522056
conv_90178cb2-77d1-4123-9509-2ec42e4db932,8.0,ai,3.1494620828067554,1.2130272248212028,3.0980767642750457,1.9364348579855526,0.05138531853170969,1.885049539453843
conv_90178cb2-77d1-4123-9509-2ec42e4db932,9.0,human,6.055706521739131,4.408457880434782,6.008661684782608,1.6472486413043486,0.047044836956522396,1.6002038043478262
conv_90178cb2-77d1-4123-9509-2ec42e4db932,9.0,ai,3.3202235630580357,1.5916501726422991,3.2608973911830357,1.7285733904157365,0.059326171875,1.6692472185407365
conv_90ea40da-2853-405a-9c2f-a22e77888401,2.0,human,7.328841145833334,5.54375,7.448958333333334,1.7850911458333334,-0.1201171875,1.9052083333333334
conv_90ea40da-2853-405a-9c2f-a22e77888401,2.0,ai,5.410438537597656,2.384492874145508,5.065280914306641,3.0259456634521484,0.3451576232910156,2.680788040161133
conv_90ea40da-2853-405a-9c2f-a22e77888401,3.0,human,6.460537093026297,4.734808785574777,6.511282784598214,1.7257283074515204,-0.050745691571917106,1.7764739990234375
conv_90ea40da-2853-405a-9c2f-a22e77888401,3.0,ai,4.963021172417535,1.9668511284722223,4.7899280124240455,2.9961700439453125,0.1730931599934893,2.823076883951823
conv_90ea40da-2853-405a-9c2f-a22e77888401,4.0,human,5.416428138469827,3.9662496632543105,5.387813173491379,1.450178475215517,0.0286149649784484,1.4215635102370685
conv_90ea40da-2853-405a-9c2f-a22e77888401,4.0,ai,6.541114807128906,2.7251110076904297,5.685432434082031,3.8160037994384766,0.855682373046875,2.9603214263916016
conv_90ea40da-2853-405a-9c2f-a22e77888401,5.0,human,7.892671130952381,7.2883184523809526,7.661458333333333,0.6043526785714288,0.23121279761904834,0.3731398809523805
conv_90ea40da-2853-405a-9c2f-a22e77888401,5.0,ai,6.058452028216737,2.5569772431344697,6.289082845052083,3.5014747850822676,-0.2306308168353457,3.7321056019176133
conv_90ea40da-2853-405a-9c2f-a22e77888401,6.0,human,6.319873046875,4.046305338541667,6.362662760416667,2.273567708333333,-0.04278971354166661,2.316357421875
conv_90ea40da-2853-405a-9c2f-a22e77888401,6.0,ai,6.560916785037879,1.9365863222064394,6.708570075757576,4.6243304628314394,-0.14765329071969724,4.771983753551137
conv_90ea40da-2853-405a-9c2f-a22e77888401,7.0,human,7.296697443181818,4.673006924715909,6.982088955965909,2.623690518465909,0.31460848721590917,2.30908203125
conv_90ea40da-2853-405a-9c2f-a22e77888401,7.0,ai,7.0855255126953125,1.8204269409179688,6.7611846923828125,5.265098571777344,0.3243408203125,4.940757751464844
conv_90ea40da-2853-405a-9c2f-a22e77888401,8.0,human,7.5439453125,5.108271059782608,7.514096467391305,2.4356742527173916,0.029848845108695343,2.4058254076086962
conv_90ea40da-2853-405a-9c2f-a22e77888401,8.0,ai,5.488243551815257,2.461770450367647,5.825832591337316,3.02647310144761,-0.3375890395220589,3.364062140969669
conv_90ea40da-2853-405a-9c2f-a22e77888401,9.0,human,7.071546052631579,6.587171052631579,6.979440789473684,0.484375,0.09210526315789469,0.3922697368421053
conv_90ea40da-2853-405a-9c2f-a22e77888401,9.0,ai,5.602169152462121,2.207619406960227,5.290653113162879,3.394549745501894,0.3115160392992422,3.083033706202652
conv_9763bf93-b2b0-43b7-9ffa-761830f4d5a8,2.0,human,7.553091195913462,6.794217623197115,8.003023587740385,0.7588735727163467,-0.44993239182692335,1.20880596454327
conv_9763bf93-b2b0-43b7-9ffa-761830f4d5a8,2.0,ai,3.36688232421875,2.0183035714285715,3.7413295200892858,1.3485787527901785,-0.37444719587053577,1.7230259486607142
conv_9763bf93-b2b0-43b7-9ffa-761830f4d5a8,3.0,human,6.563916015625,5.092529296875,6.797688802083333,1.4713867187499998,-0.23377278645833321,1.705159505208333
conv_9763bf93-b2b0-43b7-9ffa-761830f4d5a8,3.0,ai,4.116999162946429,2.1520926339285715,4.274553571428571,1.9649065290178571,-0.15755440848214253,2.1224609374999996
conv_9763bf93-b2b0-43b7-9ffa-761830f4d5a8,4.0,human,6.410946116727941,4.9276266659007355,6.6748190487132355,1.4833194508272056,-0.2638729319852944,1.7471923828125
conv_9763bf93-b2b0-43b7-9ffa-761830f4d5a8,4.0,ai,5.1467507102272725,2.360055634469697,5.171519886363637,2.7866950757575757,-0.0247691761363642,2.81146425189394
conv_9763bf93-b2b0-43b7-9ffa-761830f4d5a8,5.0,human,7.0466086647727275,4.5945046164772725,6.4733664772727275,2.452104048295455,0.5732421875,1.878861860795455
conv_9763bf93-b2b0-43b7-9ffa-761830f4d5a8,5.0,ai,4.469046200022978,2.323565314797794,4.026948816636029,2.1454808852251843,0.44209738338694926,1.703383501838235
conv_9763bf93-b2b0-43b7-9ffa-761830f4d5a8,6.0,human,6.64453125,4.515269886363637,6.446910511363637,2.1292613636363633,0.1976207386363633,1.931640625
conv_9763bf93-b2b0-43b7-9ffa-761830f4d5a8,6.0,ai,4.607282366071429,2.5835658482142856,4.48326416015625,2.0237165178571432,0.12401820591517865,1.8996983119419646
conv_9763bf93-b2b0-43b7-9ffa-761830f4d5a8,7.0,human,8.46875,5.2375,9.03046875,3.23125,-0.5617187500000007,3.792968750000001
conv_9763bf93-b2b0-43b7-9ffa-761830f4d5a8,7.0,ai,4.943869454520089,2.490579659598214,4.796979631696429,2.4532897949218753,0.1468898228236606,2.3063999720982147
conv_9763bf93-b2b0-43b7-9ffa-761830f4d5a8,8.0,human,7.9256145770733175,5.920874962439904,7.915076622596154,2.0047396146334133,0.010537954477163325,1.99420166015625
conv_9763bf93-b2b0-43b7-9ffa-761830f4d5a8,8.0,ai,4.731473214285714,1.7870309012276786,3.5174734933035716,2.944442313058035,1.2139997209821423,1.730442592075893
conv_9763bf93-b2b0-43b7-9ffa-761830f4d5a8,9.0,human,7.158671875,5.8327685546875,7.0869580078125,1.3259033203124995,0.0717138671874995,1.254189453125
conv_9763bf93-b2b0-43b7-9ffa-761830f4d5a8,9.0,ai,4.458858816964286,2.0363002232142855,3.927720424107143,2.4225585937500003,0.5311383928571427,1.8914202008928576
conv_9a9b4068-5437-4eac-9cbd-738309827685,2.0,human,6.727941176470588,5.955135569852941,6.615579044117647,0.7728056066176467,0.11236213235294112,0.6604434742647056
conv_9a9b4068-5437-4eac-9cbd-738309827685,2.0,ai,5.145564079284668,3.0492286682128906,5.288965225219727,2.0963354110717773,-0.1434011459350586,2.239736557006836
conv_9a9b4068-5437-4eac-9cbd-738309827685,3.0,human,8.495265151515152,6.601444128787879,7.907759232954546,1.8938210227272734,0.5875059185606064,1.306315104166667
conv_9a9b4068-5437-4eac-9cbd-738309827685,3.0,ai,5.478350471047794,2.8105720071231617,5.225686465992647,2.6677784639246327,0.25266400505514763,2.415114458869485
conv_9a9b4068-5437-4eac-9cbd-738309827685,4.0,human,6.908048502604166,6.2841796875,7.067610677083334,0.6238688151041663,-0.15956217447916732,0.7834309895833336
conv_9a9b4068-5437-4eac-9cbd-738309827685,4.0,ai,5.061294093276516,2.5891691265684185,4.3694985129616475,2.472124966708097,0.6917955803148681,1.780329386393229
conv_9a9b4068-5437-4eac-9cbd-738309827685,5.0,human,4.97722904856612,4.245408965320122,5.247731278582317,0.7318200832459985,-0.2705022300161968,1.0023223132621952
conv_9a9b4068-5437-4eac-9cbd-738309827685,5.0,ai,5.794066485236673,3.5590102251838234,5.315113740808823,2.2350562600528496,0.47895274442784963,1.756103515625
conv_9a9b4068-5437-4eac-9cbd-738309827685,6.0,human,6.014334628456517,4.825600071957237,5.907869037828948,1.1887345564992797,0.1064655906275691,1.0822689658717106
conv_9a9b4068-5437-4eac-9cbd-738309827685,6.0,ai,4.7656245512120865,2.29069850024055,4.760128918816061,2.4749260509715363,0.00549563239602513,2.469430418575511
conv_9a9b4068-5437-4eac-9cbd-738309827685,7.0,human,7.025203929227941,4.172901826746323,5.880378274356618,2.8523021024816178,1.1448256548713234,1.7074764476102944
conv_9a9b4068-5437-4eac-9cbd-738309827685,7.0,ai,5.21271445534446,2.597297437263258,5.020596590909091,2.615417018081202,0.19211786443536916,2.423299153645833
conv_9a9b4068-5437-4eac-9cbd-738309827685,8.0,human,6.735658482142857,5.063532366071429,7.08046875,1.6721261160714285,-0.3448102678571425,2.016936383928571
conv_9a9b4068-5437-4eac-9cbd-738309827685,8.0,ai,5.346098058363971,2.6342486213235294,5.225668514476103,2.7118494370404416,0.12042954388786775,2.591419893152574
conv_9a9b4068-5437-4eac-9cbd-738309827685,9.0,human,6.211993243243243,4.287795608108108,6.632601351351352,1.924197635135135,-0.4206081081081088,2.344805743243244
conv_9a9b4068-5437-4eac-9cbd-738309827685,9.0,ai,5.058867536272321,2.2741659981863838,5.1348493303571425,2.7847015380859372,-0.07598179408482153,2.8606833321707588
conv_a0840d98-89b5-4206-b414-e9820d9a99b2,2.0,human,7.793671875,6.3490625,7.795859375,1.4446093750000006,-0.002187499999999787,1.4467968750000004
conv_a0840d98-89b5-4206-b414-e9820d9a99b2,2.0,ai,6.600055803571428,3.655050223214286,6.236774553571428,2.9450055803571424,0.36328125,2.5817243303571424
conv_a0840d98-89b5-4206-b414-e9820d9a99b2,3.0,human,8.236680772569445,5.422743055555555,6.990532769097222,2.8139377170138893,1.2461480034722223,1.567789713541667
conv_a0840d98-89b5-4206-b414-e9820d9a99b2,3.0,ai,5.859317555147059,3.029253791360294,5.1691750919117645,2.830063763786765,0.6901424632352944,2.1399213005514706
conv_a0840d98-89b5-4206-b414-e9820d9a99b2,4.0,human,5.999113859953703,4.755221896701389,5.834074797453703,1.243891963252314,0.1650390625,1.078852900752314
conv_a0840d98-89b5-4206-b414-e9820d9a99b2,4.0,ai,5.748639275045956,2.350263427285587,5.654151467715993,3.3983758477603687,0.09448780732996287,3.303888040430406
conv_a0840d98-89b5-4206-b414-e9820d9a99b2,5.0,human,7.537753018465909,5.4870827414772725,6.6520774147727275,2.0506702769886367,0.8856756036931817,1.164994673295455
conv_a0840d98-89b5-4206-b414-e9820d9a99b2,5.0,ai,6.961026278409091,3.2308553059895835,6.245797821969697,3.7301709724195073,0.7152284564393936,3.0149425159801138
conv_a0840d98-89b5-4206-b414-e9820d9a99b2,6.0,human,7.152322520380435,4.769732931385869,6.317849864130435,2.3825895889945654,0.83447265625,1.5481169327445654
conv_a0840d98-89b5-4206-b414-e9820d9a99b2,6.0,ai,5.98831084280303,2.5645493016098486,5.596524325284091,3.4237615411931817,0.39178651751893945,3.031975023674242
conv_a0840d98-89b5-4206-b414-e9820d9a99b2,7.0,human,6.775479403409091,4.5387961647727275,6.6052024147727275,2.2366832386363633,0.1702769886363633,2.06640625
conv_a0840d98-89b5-4206-b414-e9820d9a99b2,7.0,ai,6.449363089896537,3.1205460831925675,5.520262434675887,3.3288170067039697,0.9291006552206502,2.3997163514833195
conv_a0840d98-89b5-4206-b414-e9820d9a99b2,8.0,human,5.88134765625,4.666897681451613,5.791181010584677,1.214449974798387,0.09016664566532295,1.124283329133064
conv_a0840d98-89b5-4206-b414-e9820d9a99b2,8.0,ai,6.738853717672414,3.7843312230603448,5.872588058997845,2.954522494612069,0.8662656586745685,2.0882568359375004
conv_a0840d98-89b5-4206-b414-e9820d9a99b2,9.0,human,5.407846304086538,3.436114971454327,4.358036921574519,1.9717313326322112,1.0498093825120192,0.9219219501201921
conv_a0840d98-89b5-4206-b414-e9820d9a99b2,9.0,ai,6.9674072265625,2.896026611328125,6.333038330078125,4.071380615234375,0.634368896484375,3.43701171875
conv_a2292393-fd39-476f-975c-aaf411653197,2.0,human,6.0960693359375,5.494384765625,6.66748046875,0.6016845703125,-0.5714111328125,1.173095703125
conv_a2292393-fd39-476f-975c-aaf411653197,2.0,ai,5.200672496448863,3.0673476710464014,4.566755814985796,2.133324825402462,0.6339166814630675,1.4994081439393945
conv_a2292393-fd39-476f-975c-aaf411653197,3.0,human,4.280620574951172,2.863433837890625,4.096832275390625,1.4171867370605469,0.18378829956054688,1.2333984375
conv_a2292393-fd39-476f-975c-aaf411653197,3.0,ai,4.897800118582589,2.4073172433035714,4.575678362165179,2.490482875279018,0.3221217564174106,2.168361118861607
conv_a2292393-fd39-476f-975c-aaf411653197,4.0,human,4.680964006696429,3.1099661690848213,4.86524658203125,1.5709978376116074,-0.18428257533482117,1.7552804129464286
conv_a2292393-fd39-476f-975c-aaf411653197,4.0,ai,4.715511924342105,2.2589753803453947,4.463456806383635,2.4565365439967106,0.25205511795847,2.2044814260382406
conv_a2292393-fd39-476f-975c-aaf411653197,5.0,human,5.201501028878348,3.5557454427083335,4.803825560070219,1.6457555861700146,0.39767546880812876,1.2480801173618858
conv_a2292393-fd39-476f-975c-aaf411653197,5.0,ai,4.820787217881945,2.3416307237413196,4.178110758463542,2.479156494140625,0.6426764594184027,1.8364800347222223
conv_a2292393-fd39-476f-975c-aaf411653197,6.0,human,4.360270319758235,2.980976826435811,4.310766271642737,1.379293493322424,0.04950404811549802,1.3297894452069259
conv_a2292393-fd39-476f-975c-aaf411653197,6.0,ai,3.484086320206926,2.9346560916385136,3.255021378800676,0.5494302285684123,0.22906494140625,0.3203652871621623
conv_a2292393-fd39-476f-975c-aaf411653197,7.0,human,5.906857374237805,3.7059028439405486,5.856897865853658,2.200954530297256,0.049959508384146645,2.1509950219131095
conv_a2292393-fd39-476f-975c-aaf411653197,7.0,ai,4.508596632215712,1.7143349117702908,4.007046169704861,2.7942617204454208,0.5015504625108509,2.29271125793457
conv_a2292393-fd39-476f-975c-aaf411653197,8.0,human,4.423158482142857,2.873595755440848,4.560700334821429,1.5495627267020091,-0.13754185267857189,1.687104579380581
conv_a2292393-fd39-476f-975c-aaf411653197,8.0,ai,5.269234793526786,1.660267857142857,4.373479352678571,3.6089669363839283,0.8957554408482142,2.713211495535714
conv_a2292393-fd39-476f-975c-aaf411653197,9.0,human,6.384239783653846,3.0694110576923075,5.907902644230769,3.3148287259615383,0.47633713942307665,2.8384915865384617
conv_a2292393-fd39-476f-975c-aaf411653197,9.0,ai,5.007241641773897,1.9207682890050553,3.9874500947840072,3.0864733527688415,1.0197915469898895,2.066681805778952
conv_afc8092c-7335-40d1-a058-616cf97d80a2,2.0,human,6.911183675130208,5.2558339436848955,6.42401123046875,1.6553497314453125,0.48717244466145804,1.1681772867838545
conv_afc8092c-7335-40d1-a058-616cf97d80a2,2.0,ai,4.316681805778952,2.845150218290441,3.7400404986213234,1.4715315874885109,0.5766413071576286,0.8948902803308822
conv_afc8092c-7335-40d1-a058-616cf97d80a2,3.0,human,6.228799002511161,4.149117606026786,5.6656494140625,2.079681396484375,0.5631495884486606,1.5165318080357144
conv_afc8092c-7335-40d1-a058-616cf97d80a2,3.0,ai,4.866824988162879,2.810706861091383,4.81689453125,2.056118127071496,0.049930456912878896,2.006187670158617
conv_afc8092c-7335-40d1-a058-616cf97d80a2,4.0,human,5.344915574596774,3.744691910282258,5.333228326612903,1.600223664314516,0.011687247983870996,1.588536416330645
conv_afc8092c-7335-40d1-a058-616cf97d80a2,4.0,ai,4.997544642857143,2.7679024832589287,4.874867466517857,2.2296421595982143,0.12267717633928577,2.1069649832589286
conv_afc8092c-7335-40d1-a058-616cf97d80a2,5.0,human,5.317280360630581,3.5250015258789062,5.213374546595982,1.7922788347516745,0.10390581403459898,1.6883730207170755
conv_afc8092c-7335-40d1-a058-616cf97d80a2,5.0,ai,4.5958718692555145,2.5921074362362133,4.421465705422794,2.003764433019301,0.17440616383272012,1.829358269186581
conv_afc8092c-7335-40d1-a058-616cf97d80a2,6.0,human,5.911705280172414,3.5976394127155173,5.693797144396552,2.3140658674568964,0.2179081357758621,2.0961577316810343
conv_afc8092c-7335-40d1-a058-616cf97d80a2,6.0,ai,4.3694832938058035,2.650925554547991,4.570382254464286,1.7185577392578124,-0.20089896065848212,1.9194566999162945
conv_afc8092c-7335-40d1-a058-616cf97d80a2,7.0,human,6.259632568359375,3.8976318359375,5.9829931640625,2.3620007324218752,0.2766394042968754,2.085361328125
conv_afc8092c-7335-40d1-a058-616cf97d80a2,7.0,ai,5.032728715376421,2.963985558712121,4.778967655066288,2.0687431566642998,0.2537610603101328,1.814982096354167
conv_afc8092c-7335-40d1-a058-616cf97d80a2,8.0,human,4.143533457880435,2.6185674252717392,4.130349864130435,1.5249660326086953,0.01318359375,1.5117824388586953
conv_afc8092c-7335-40d1-a058-616cf97d80a2,8.0,ai,4.824830796983507,2.4539913601345487,4.629791259765625,2.3708394368489585,0.19503953721788214,2.1757998996310763
conv_afc8092c-7335-40d1-a058-616cf97d80a2,9.0,human,4.2434671336206895,1.242480047817888,3.6819016029094827,3.0009870858028016,0.5615655307112069,2.4394215550915948
conv_afc8092c-7335-40d1-a058-616cf97d80a2,9.0,ai,3.998962763193491,2.3102771655933276,3.74543081747519,1.6886855976001636,0.2535319457183012,1.4351536518818624
conv_b0f0e7b9-40d0-4776-a1a7-828df5bdcf2a,2.0,human,6.0111328125,5.36280517578125,6.540869140625,0.6483276367187498,-0.5297363281250007,1.1780639648437505
conv_b0f0e7b9-40d0-4776-a1a7-828df5bdcf2a,2.0,ai,6.018140388257576,2.983801639441288,5.008700284090909,3.034338748816288,1.009440104166667,2.024898644649621
conv_b0f0e7b9-40d0-4776-a1a7-828df5bdcf2a,3.0,human,7.583902994791667,6.077718098958333,7.724283854166667,1.506184895833334,-0.140380859375,1.646565755208334
conv_b0f0e7b9-40d0-4776-a1a7-828df5bdcf2a,3.0,ai,6.048648834228516,2.962686538696289,5.8495941162109375,3.0859622955322266,0.19905471801757812,2.8869075775146484
conv_b0f0e7b9-40d0-4776-a1a7-828df5bdcf2a,4.0,human,6.501608455882353,4.637724034926471,6.782628676470588,1.8638844209558822,-0.2810202205882346,2.144904641544117
conv_b0f0e7b9-40d0-4776-a1a7-828df5bdcf2a,4.0,ai,5.262885816169508,2.7491579922762783,4.365550648082387,2.5137278238932295,0.8973351680871211,1.6163926558061084
conv_b0f0e7b9-40d0-4776-a1a7-828df5bdcf2a,5.0,human,5.746686662946429,4.392595563616071,4.963797433035714,1.3540910993303577,0.7828892299107144,0.5712018694196432
conv_b0f0e7b9-40d0-4776-a1a7-828df5bdcf2a,5.0,ai,5.8168801700367645,3.1993049172794117,5.746179917279412,2.617575252757353,0.07070025275735237,2.5468750000000004
conv_b0f0e7b9-40d0-4776-a1a7-828df5bdcf2a,6.0,human,8.0119140625,4.7621337890625,8.33203125,3.2497802734375005,-0.3201171874999993,3.5698974609375
conv_b0f0e7b9-40d0-4776-a1a7-828df5bdcf2a,6.0,ai,6.252852957589286,3.225062779017857,5.886607142857143,3.0277901785714287,0.36624581473214324,2.6615443638392855
conv_b0f0e7b9-40d0-4776-a1a7-828df5bdcf2a,7.0,human,9.1203125,3.9728515625,8.144140625,5.147460937500001,0.9761718750000004,4.1712890625000005
conv_b0f0e7b9-40d0-4776-a1a7-828df5bdcf2a,7.0,ai,5.684324091131037,2.883770566998106,5.584864760890151,2.800553524132931,0.09945933024088571,2.7010941938920454
conv_b0f0e7b9-40d0-4776-a1a7-828df5bdcf2a,8.0,human,7.28583984375,4.9026611328125,7.27568359375,2.3831787109375,0.010156249999999645,2.3730224609375004
conv_b0f0e7b9-40d0-4776-a1a7-828df5bdcf2a,8.0,ai,5.849727746212121,3.1483450224905303,5.149939334753788,2.701382723721591,0.699788411458333,2.001594312263258
conv_b0f0e7b9-40d0-4776-a1a7-828df5bdcf2a,9.0,human,6.326129415760869,4.4060801630434785,6.136124320652174,1.9200492527173907,0.19000509510869534,1.7300441576086953
conv_b0f0e7b9-40d0-4776-a1a7-828df5bdcf2a,9.0,ai,5.407645089285714,2.5273018973214287,4.672488839285714,2.8803431919642857,0.7351562500000002,2.1451869419642855
conv_b1e0225e-fdb5-4142-8852-0785c0d30420,2.0,human,7.056019176136363,6.081609552556818,6.972034801136363,0.974409623579545,0.083984375,0.890425248579545
conv_b1e0225e-fdb5-4142-8852-0785c0d30420,2.0,ai,4.61845703125,2.795263671875,4.682979910714286,1.8231933593750003,-0.06452287946428559,1.8877162388392859
conv_b1e0225e-fdb5-4142-8852-0785c0d30420,3.0,human,6.35938404224537,3.7664998372395835,6.020268192997685,2.5928842050057868,0.3391158492476851,2.2537683557581016
conv_b1e0225e-fdb5-4142-8852-0785c0d30420,3.0,ai,4.874479406020221,2.3490851907169117,4.6484231387867645,2.5253942153033093,0.2260562672334565,2.299337948069853
conv_b1e0225e-fdb5-4142-8852-0785c0d30420,4.0,human,6.624519594254032,4.505296276461694,5.933325982862903,2.119223317792338,0.691193611391129,1.428029706401209
conv_b1e0225e-fdb5-4142-8852-0785c0d30420,4.0,ai,6.055510602678571,2.737109375,4.942459542410714,3.318401227678571,1.113051060267857,2.205350167410714
conv_b1e0225e-fdb5-4142-8852-0785c0d30420,5.0,human,6.526424632352941,4.460980583639706,6.0837545955882355,2.0654440487132355,0.4426700367647056,1.6227740119485299
conv_b1e0225e-fdb5-4142-8852-0785c0d30420,5.0,ai,6.085441820549242,1.82763671875,5.415660511363637,4.257805101799242,0.6697813091856055,3.5880237926136367
conv_b1e0225e-fdb5-4142-8852-0785c0d30420,6.0,human,6.089237607758621,3.8387956290409484,5.703899515086207,2.2504419787176726,0.3853380926724137,1.865103886045259
conv_b1e0225e-fdb5-4142-8852-0785c0d30420,6.0,ai,5.917638442095588,3.0767584408030793,5.461429371553309,2.8408800012925086,0.456209070542279,2.3846709307502296
conv_b1e0225e-fdb5-4142-8852-0785c0d30420,7.0,human,7.404063349184782,4.852422299592392,6.982888926630435,2.5516410495923907,0.42117442255434767,2.130466627038043
conv_b1e0225e-fdb5-4142-8852-0785c0d30420,7.0,ai,5.19390869140625,1.8643870883517795,4.355004204644097,3.3295216030544705,0.8389044867621527,2.490617116292318
conv_b1e0225e-fdb5-4142-8852-0785c0d30420,8.0,human,7.2093889508928575,3.8109061104910715,6.0275948660714285,3.398482840401786,1.181794084821429,2.216688755580357
conv_b1e0225e-fdb5-4142-8852-0785c0d30420,8.0,ai,5.8638532366071425,2.15376957484654,5.623172433035714,3.7100836617606023,0.2406808035714283,3.469402858189174
conv_b1e0225e-fdb5-4142-8852-0785c0d30420,9.0,human,5.914008246527778,3.069430881076389,5.22784423828125,2.844577365451389,0.6861640082465277,2.158413357204861
conv_b1e0225e-fdb5-4142-8852-0785c0d30420,9.0,ai,5.4909446022727275,2.498450076941288,5.788226503314394,2.9924945253314394,-0.2972819010416661,3.2897764263731055
conv_b306d0b7-35f0-495e-a3e0-5818c3ae060c,2.0,human,5.871774384469697,4.572002988873106,5.662612452651516,1.2997713955965908,0.20916193181818166,1.0906094637784092
conv_b306d0b7-35f0-495e-a3e0-5818c3ae060c,2.0,ai,5.222174750434028,2.376254611545139,5.03597174750434,2.845920138888889,0.1862030029296875,2.6597171359592013
conv_b306d0b7-35f0-495e-a3e0-5818c3ae060c,3.0,human,5.394314236111111,3.778564453125,5.276475694444445,1.6157497829861107,0.11783854166666607,1.4979112413194446
conv_b306d0b7-35f0-495e-a3e0-5818c3ae060c,3.0,ai,4.290363420758928,1.7223423549107142,3.849204799107143,2.568021065848214,0.4411586216517853,2.126862444196429
conv_b306d0b7-35f0-495e-a3e0-5818c3ae060c,4.0,human,6.184269831730769,3.8379909808819113,6.324688251201923,2.346278850848858,-0.1404184194711542,2.486697270320012
conv_b306d0b7-35f0-495e-a3e0-5818c3ae060c,4.0,ai,5.259982638888889,2.9505157470703125,5.124857584635417,2.309466891818577,0.13512505425347232,2.1743418375651045
conv_b306d0b7-35f0-495e-a3e0-5818c3ae060c,5.0,human,5.671999382250236,3.576580625591856,5.475485137014678,2.0954187566583804,0.1965142452355586,1.8989045114228218
conv_b306d0b7-35f0-495e-a3e0-5818c3ae060c,5.0,ai,5.899539620535714,2.6850341796875,5.156096540178571,3.2145054408482143,0.7434430803571432,2.471062360491071
conv_b306d0b7-35f0-495e-a3e0-5818c3ae060c,6.0,human,6.166015625,4.095225941051137,6.303015506628788,2.0707896839488633,-0.13699988162878807,2.2077895655776514
conv_b306d0b7-35f0-495e-a3e0-5818c3ae060c,6.0,ai,4.166015625,1.9111271449497769,4.280008370535715,2.254888480050223,-0.11399274553571459,2.3688812255859375
conv_b306d0b7-35f0-495e-a3e0-5818c3ae060c,7.0,human,6.599562121975806,3.2513230846774195,6.328219506048387,3.3482390372983866,0.27134261592741904,3.0768964213709675
conv_b306d0b7-35f0-495e-a3e0-5818c3ae060c,7.0,ai,5.207101004464286,2.3187186104910715,4.801227678571428,2.888382393973214,0.4058733258928573,2.4825090680803568
conv_b306d0b7-35f0-495e-a3e0-5818c3ae060c,8.0,human,5.548394097222222,3.423627500180845,5.375361689814815,2.1247665970413774,0.17303240740740744,1.95173418963397
conv_b306d0b7-35f0-495e-a3e0-5818c3ae060c,8.0,ai,5.150825500488281,2.235303093405331,4.5775290096507355,2.91552240708295,0.5732964908375457,2.3422259162454044
conv_b306d0b7-35f0-495e-a3e0-5818c3ae060c,9.0,human,6.026963975694445,3.540301287615741,6.033166956018518,2.4866626880787037,-0.006202980324073515,2.4928656684027772
conv_b306d0b7-35f0-495e-a3e0-5818c3ae060c,9.0,ai,5.4079733455882355,1.8340633616727942,5.484001608455882,3.573909983915441,-0.07602826286764675,3.649938246783088
conv_b6569263-0af4-4945-bd32-398a28cf7e69,2.0,human,6.394210250289352,5.016782407407407,6.010068540219907,1.3774278428819446,0.38414171006944464,0.9932861328125
conv_b6569263-0af4-4945-bd32-398a28cf7e69,2.0,ai,5.947552849264706,4.577119715073529,5.875287224264706,1.3704331341911766,0.072265625,1.2981675091911766
conv_b6569263-0af4-4945-bd32-398a28cf7e69,3.0,human,5.27102753610322,4.571784741950758,5.164314038825758,0.6992427941524619,0.10671349727746193,0.592529296875
conv_b6569263-0af4-4945-bd32-398a28cf7e69,3.0,ai,4.797119140625,2.4724388122558594,4.6675567626953125,2.3246803283691406,0.1295623779296875,2.195117950439453
conv_b6569263-0af4-4945-bd32-398a28cf7e69,4.0,human,5.495174407958984,3.6570634841918945,5.454307556152344,1.8381109237670898,0.040866851806640625,1.7972440719604492
conv_b6569263-0af4-4945-bd32-398a28cf7e69,4.0,ai,4.952678796016809,1.8601518110795454,5.366443980823863,3.092526984937263,-0.4137651848070547,3.506292169744318
conv_b6569263-0af4-4945-bd32-398a28cf7e69,5.0,human,6.117826021634615,4.467792217548077,6.069598858173077,1.6500338040865383,0.048227163461538325,1.601806640625
conv_b6569263-0af4-4945-bd32-398a28cf7e69,5.0,ai,4.611499683277027,2.110640242293074,4.677506730363175,2.500859440983953,-0.06600704708614824,2.5668664880701013
conv_b6569263-0af4-4945-bd32-398a28cf7e69,6.0,human,6.22075855030733,3.7075662051930145,6.599817612591912,2.513192345114316,-0.37905906228458175,2.8922514073988976
conv_b6569263-0af4-4945-bd32-398a28cf7e69,6.0,ai,4.722471124985638,2.283901438993566,5.198371438419118,2.4385696859920722,-0.4759003134334794,2.9144699994255516
conv_b6569263-0af4-4945-bd32-398a28cf7e69,7.0,human,6.339092548076923,2.780949519230769,6.5922100360576925,3.558143028846154,-0.25311748798076916,3.8112605168269234
conv_b6569263-0af4-4945-bd32-398a28cf7e69,7.0,ai,5.3203268612132355,1.7083812040441178,6.098920036764706,3.6119456571691178,-0.7785931755514701,4.390538832720588
conv_b6569263-0af4-4945-bd32-398a28cf7e69,8.0,human,6.342245565878378,4.561384871199325,6.983372043918919,1.7808606946790535,-0.6411264780405412,2.4219871727195947
conv_b6569263-0af4-4945-bd32-398a28cf7e69,8.0,ai,4.951286764705882,2.1875843721277572,4.780309340533088,2.763702392578125,0.17097742417279438,2.5927249684053306
conv_b6569263-0af4-4945-bd32-398a28cf7e69,9.0,human,5.974029541015625,4.617618560791016,6.50775146484375,1.3564109802246094,-0.533721923828125,1.8901329040527344
conv_b6569263-0af4-4945-bd32-398a28cf7e69,9.0,ai,5.329963235294118,1.9748427447150736,5.219841452205882,3.3551204905790444,0.1101217830882355,3.244998707490809
conv_c2e0197b-bba1-43b9-978e-cc6e536892b3,2.0,human,4.915126584610849,4.148317732900943,4.672215875589623,0.7668088517099063,0.2429107090212268,0.5238981426886795
conv_c2e0197b-bba1-43b9-978e-cc6e536892b3,2.0,ai,3.253979469413188,1.6046675497026586,3.1853669579349346,1.6493119197105295,0.06861251147825342,1.580699408232276
conv_c2e0197b-bba1-43b9-978e-cc6e536892b3,3.0,human,5.440632787244073,3.7325607825969827,5.375666125067349,1.7080720046470907,0.0649666621767242,1.6431053424703665
conv_c2e0197b-bba1-43b9-978e-cc6e536892b3,3.0,ai,4.622126859777114,2.1201679005342373,4.371249928193934,2.501958959242877,0.25087693158318025,2.2510820276596966
conv_c2e0197b-bba1-43b9-978e-cc6e536892b3,4.0,human,5.207808061079546,4.176804421164773,5.250803444602273,1.0310036399147728,-0.042995383522726804,1.0739990234374996
conv_c2e0197b-bba1-43b9-978e-cc6e536892b3,4.0,ai,4.126208860482743,2.6290747799090486,3.9438294368003732,1.4971340805736943,0.1823794236823697,1.3147546568913246
conv_c2e0197b-bba1-43b9-978e-cc6e536892b3,5.0,human,5.849485001474057,3.641550891804245,5.61071086379717,2.2079341096698117,0.23877413767688704,1.9691599719929247
conv_c2e0197b-bba1-43b9-978e-cc6e536892b3,5.0,ai,5.317886844758065,2.835728922197896,4.837482083228327,2.482157922560169,0.480404761529738,2.001753161030431
conv_c2e0197b-bba1-43b9-978e-cc6e536892b3,6.0,human,5.200727190290179,3.311223711286272,5.019447326660156,1.8895034790039067,0.18127986363002258,1.7082236153738841
conv_c2e0197b-bba1-43b9-978e-cc6e536892b3,6.0,ai,5.059863767762115,2.500510837720788,4.7863902216372285,2.559352930041327,0.2734735461248867,2.2858793839164404
conv_c2e0197b-bba1-43b9-978e-cc6e536892b3,7.0,human,5.851898871527778,3.8798841688368055,6.149297417534722,1.9720147026909727,-0.29739854600694393,2.2694132486979166
conv_c2e0197b-bba1-43b9-978e-cc6e536892b3,7.0,ai,5.007059658274931,2.4714068244485294,4.722002814797794,2.535652833826402,0.285056843477137,2.250595990349265
conv_c2e0197b-bba1-43b9-978e-cc6e536892b3,8.0,human,5.695354959239131,3.8632547129755435,5.828379755434782,1.8321002462635874,-0.13302479619565144,1.9651250424592388
conv_c2e0197b-bba1-43b9-978e-cc6e536892b3,8.0,ai,4.73680684264277,2.974185567506602,4.849114216549296,1.7626212751361683,-0.11230737390652568,1.874928649042694
conv_c2e0197b-bba1-43b9-978e-cc6e536892b3,9.0,human,5.493472450657895,3.9014571340460527,5.277240953947368,1.592015316611842,0.21623149671052655,1.3757838199013155
conv_c2e0197b-bba1-43b9-978e-cc6e536892b3,9.0,ai,3.1095620838563836,1.6693723308506296,2.985386179454291,1.440189753005754,0.12417590440209247,1.3160138486036614
conv_c576a2b8-4944-4966-b836-5a4fde76260f,2.0,human,9.160306490384615,8.072265625,9.655498798076923,1.088040865384615,-0.4951923076923084,1.5832331730769234
conv_c576a2b8-4944-4966-b836-5a4fde76260f,2.0,ai,5.845428466796875,2.7237176334156707,5.593347437241498,3.1217108333812043,0.25208102955537726,2.869629803825827
conv_c576a2b8-4944-4966-b836-5a4fde76260f,3.0,human,6.823094223484849,6.204190340909091,6.9645774147727275,0.6189038825757578,-0.1414831912878789,0.7603870738636367
conv_c576a2b8-4944-4966-b836-5a4fde76260f,3.0,ai,5.956753817471591,2.976860277580492,4.931492660984849,2.9798935398910986,1.0252611564867422,1.9546323834043564
conv_c576a2b8-4944-4966-b836-5a4fde76260f,4.0,human,6.032017299107143,4.080316452752976,6.349330357142857,1.951700846354167,-0.3173130580357135,2.2690139043898805
conv_c576a2b8-4944-4966-b836-5a4fde76260f,4.0,ai,6.273753446691177,2.452052396886489,6.542591768152573,3.8217010498046875,-0.26883832146139675,4.090539371266084
conv_c576a2b8-4944-4966-b836-5a4fde76260f,5.0,human,7.831891741071429,5.398794991629464,7.522274925595238,2.4330967494419644,0.3096168154761907,2.1234799339657737
conv_c576a2b8-4944-4966-b836-5a4fde76260f,5.0,ai,6.238323102678572,2.3191066196986605,6.486788504464286,3.919216482979911,-0.2484654017857144,4.167681884765626
conv_c576a2b8-4944-4966-b836-5a4fde76260f,6.0,human,7.263220413871434,4.004383916440218,7.19103075110394,3.258836497431216,0.07218966276749317,3.1866468346637227
conv_c576a2b8-4944-4966-b836-5a4fde76260f,6.0,ai,5.263971819196429,2.327296665736607,5.5406424386160715,2.9366751534598214,-0.2766706194196429,3.2133457728794643
conv_c576a2b8-4944-4966-b836-5a4fde76260f,7.0,human,8.731921780493952,4.962846325289819,8.869565902217742,3.769075455204133,-0.13764412172379004,3.906719576927923
conv_c576a2b8-4944-4966-b836-5a4fde76260f,7.0,ai,5.995745490579044,3.542667164522059,5.8496237362132355,2.4530783260569855,0.14612175436580888,2.3069565716911766
conv_c576a2b8-4944-4966-b836-5a4fde76260f,8.0,human,7.006975446428571,4.484832763671875,6.7470703125,2.522142682756696,0.2599051339285712,2.262237548828125
conv_c576a2b8-4944-4966-b836-5a4fde76260f,8.0,ai,5.9024274553571425,2.860878208705357,5.8527901785714285,3.0415492466517855,0.04963727678571406,2.9919119698660714
conv_c576a2b8-4944-4966-b836-5a4fde76260f,9.0,human,5.739879977318548,4.390941989037298,5.45751953125,1.34893798828125,0.28236044606854804,1.066577542212702
conv_c576a2b8-4944-4966-b836-5a4fde76260f,9.0,ai,4.670998965992647,2.9245749080882355,4.4889993106617645,1.7464240579044112,0.18199965533088225,1.564424402573529
conv_c7f16c31-e264-4ad6-8a72-7c626fa0cac0,2.0,human,5.937225341796875,4.459197998046875,5.830108642578125,1.47802734375,0.10711669921875,1.37091064453125
conv_c7f16c31-e264-4ad6-8a72-7c626fa0cac0,2.0,ai,5.529601614815848,3.1479561941964285,4.907567487444196,2.38164542061942,0.6220341273716521,1.7596112932477679
conv_c7f16c31-e264-4ad6-8a72-7c626fa0cac0,3.0,human,6.160832331730769,4.355418669871795,5.7186748798076925,1.8054136618589745,0.44215745192307665,1.3632562099358978
conv_c7f16c31-e264-4ad6-8a72-7c626fa0cac0,3.0,ai,5.478896247016059,2.575839572482639,4.66774156358507,2.90305667453342,0.8111546834309893,2.091901991102431
conv_c7f16c31-e264-4ad6-8a72-7c626fa0cac0,4.0,human,6.286060474537037,4.076000072337963,6.409306278935185,2.2100604021990744,-0.12324580439814792,2.3333062065972223
conv_c7f16c31-e264-4ad6-8a72-7c626fa0cac0,4.0,ai,4.8742532169117645,1.87158203125,4.431195427389706,3.0026711856617645,0.4430577895220589,2.5596133961397056
conv_c7f16c31-e264-4ad6-8a72-7c626fa0cac0,5.0,human,5.2511729364809785,3.528456978175951,4.762355638586956,1.7227159583050273,0.4888172978940224,1.233898660411005
conv_c7f16c31-e264-4ad6-8a72-7c626fa0cac0,5.0,ai,4.641828264508929,1.7366851806640624,4.664185224260603,2.9051430838448664,-0.022356959751673955,2.9275000435965404
conv_c7f16c31-e264-4ad6-8a72-7c626fa0cac0,6.0,human,5.092880621189025,3.4772115567835367,5.147032202743903,1.615669064405488,-0.05415158155487809,1.6698206459603662
conv_c7f16c31-e264-4ad6-8a72-7c626fa0cac0,6.0,ai,5.10546875,1.7394536699567522,4.749178641183036,3.3660150800432476,0.3562901088169639,3.0097249712262837
conv_c7f16c31-e264-4ad6-8a72-7c626fa0cac0,7.0,human,6.391262478298611,3.6738959418402777,5.985568576388889,2.717366536458333,0.40569390190972143,2.3116726345486116
conv_c7f16c31-e264-4ad6-8a72-7c626fa0cac0,7.0,ai,6.292091369628906,1.7714981502956815,5.138889736599392,4.520593219333225,1.1532016330295143,3.3673915863037105
conv_c7f16c31-e264-4ad6-8a72-7c626fa0cac0,8.0,human,5.790211397058823,3.991411994485294,5.398552389705882,1.7987994025735294,0.3916590073529411,1.4071403952205883
conv_c7f16c31-e264-4ad6-8a72-7c626fa0cac0,8.0,ai,5.374585700757576,2.214606082800663,4.309801506273674,3.159979617956913,1.0647841944839023,2.095195423473011
conv_c7f16c31-e264-4ad6-8a72-7c626fa0cac0,9.0,human,5.871453536184211,3.5980899208470394,5.928672388980263,2.2733636153371712,-0.05721885279605221,2.3305824681332235
conv_c7f16c31-e264-4ad6-8a72-7c626fa0cac0,9.0,ai,4.531718085793888,1.4227579902200138,4.123556585872874,3.1089600955738743,0.4081614999210137,2.7007985956528606
conv_ccb90f8d-d4bb-406e-83e9-b91ac0615cac,2.0,human,5.143696975708008,4.332193756103516,5.111538696289062,0.811503219604492,0.03215827941894567,0.7793449401855463
conv_ccb90f8d-d4bb-406e-83e9-b91ac0615cac,2.0,ai,4.91956525530134,2.6095040457589285,4.8353515625,2.310061209542411,0.08421369280133995,2.225847516741071
conv_ccb90f8d-d4bb-406e-83e9-b91ac0615cac,3.0,human,5.821965997869318,4.9899680397727275,5.818925337357954,0.8319979580965908,0.0030406605113642016,0.8289572975852266
conv_ccb90f8d-d4bb-406e-83e9-b91ac0615cac,3.0,ai,5.3621499803331165,2.792179743448893,5.075319925944011,2.5699702368842234,0.2868300543891058,2.2831401824951176
conv_ccb90f8d-d4bb-406e-83e9-b91ac0615cac,4.0,human,5.774164244186046,4.3912609011627906,5.664584847383721,1.3829033430232558,0.10957939680232531,1.2733239462209305
conv_ccb90f8d-d4bb-406e-83e9-b91ac0615cac,4.0,ai,5.18687744140625,2.753971644810268,5.198807198660714,2.4329057965959824,-0.01192975725446388,2.4448355538504463
conv_ccb90f8d-d4bb-406e-83e9-b91ac0615cac,5.0,human,6.417306557679788,5.132311698717949,6.1727764423076925,1.2849948589618387,0.24453011537209512,1.0404647435897436
conv_ccb90f8d-d4bb-406e-83e9-b91ac0615cac,5.0,ai,4.731827218191964,2.222389439174107,4.591482979910714,2.509437779017857,0.14034423828124964,2.3690935407366074
conv_ccb90f8d-d4bb-406e-83e9-b91ac0615cac,6.0,human,5.115388569078948,3.6932951274671053,4.869269120065789,1.4220934416118425,0.2461194490131584,1.175973992598684
conv_ccb90f8d-d4bb-406e-83e9-b91ac0615cac,6.0,ai,4.727001953125,1.7723475864955358,4.6368024553571425,2.9546543666294642,0.0901994977678573,2.864454868861607
conv_ccb90f8d-d4bb-406e-83e9-b91ac0615cac,7.0,human,5.654021434294871,4.256986177884615,5.425230368589744,1.3970352564102564,0.22879106570512775,1.1682441907051286
conv_ccb90f8d-d4bb-406e-83e9-b91ac0615cac,7.0,ai,5.763868931361607,2.0086565290178573,4.8299944196428575,3.7552124023437496,0.9338745117187495,2.821337890625
conv_ccb90f8d-d4bb-406e-83e9-b91ac0615cac,8.0,human,4.834994229403409,3.7185488614169033,4.4153830788352275,1.1164453679865058,0.41961115056818166,0.6968342174183242
conv_ccb90f8d-d4bb-406e-83e9-b91ac0615cac,8.0,ai,5.126035853794643,1.685740443638393,4.893948800223214,3.44029541015625,0.232087053571429,3.208208356584821
conv_ccb90f8d-d4bb-406e-83e9-b91ac0615cac,9.0,human,5.561328125,4.458099365234375,5.418829345703125,1.1032287597656252,0.14249877929687482,0.9607299804687504
conv_ccb90f8d-d4bb-406e-83e9-b91ac0615cac,9.0,ai,3.9060023716517858,1.9356592995779855,3.796722412109375,1.9703430720738002,0.10927995954241077,1.8610631125313895
conv_d87daedd-9490-4de9-8d2a-d33777567187,2.0,human,5.62841796875,4.934068467881945,5.390945999710648,0.6943495008680554,0.23747196903935208,0.4568775318287033
conv_d87daedd-9490-4de9-8d2a-d33777567187,2.0,ai,5.067566135951451,2.6483607700892855,5.393785749162946,2.4192053658621657,-0.32621961321149495,2.7454249790736607
conv_d87daedd-9490-4de9-8d2a-d33777567187,3.0,human,5.1834869384765625,3.257469654083252,5.373293876647949,1.9260172843933105,-0.18980693817138672,2.1158242225646973
conv_d87daedd-9490-4de9-8d2a-d33777567187,3.0,ai,5.454754997702206,2.258083567899816,4.376989028033088,3.1966714298023895,1.0777659696691178,2.1189054601332717
conv_d87daedd-9490-4de9-8d2a-d33777567187,4.0,human,5.808984375,4.480696614583334,5.444938151041667,1.328287760416666,0.36404622395833286,0.9642415364583332
conv_d87daedd-9490-4de9-8d2a-d33777567187,4.0,ai,5.019463034237132,2.146236644071691,4.482328527113971,2.873226390165441,0.5371345071231612,2.33609188304228
conv_d87daedd-9490-4de9-8d2a-d33777567187,5.0,human,4.914016158492477,4.028323703342014,5.06202867296007,0.8856924551504628,-0.14801251446759256,1.0337049696180554
conv_d87daedd-9490-4de9-8d2a-d33777567187,5.0,ai,4.9830322265625,1.9629991319444444,3.7956000434027777,3.0200330946180554,1.1874321831597223,1.8326009114583333
conv_d87daedd-9490-4de9-8d2a-d33777567187,6.0,human,5.569466727120536,3.370365687779018,5.3089599609375,2.199101039341518,0.2605067661830356,1.9385942731584822
conv_d87daedd-9490-4de9-8d2a-d33777567187,6.0,ai,4.3475312928895695,1.7624181798986487,3.8387880067567566,2.585113112990921,0.5087432861328129,2.076369826858108
conv_d87daedd-9490-4de9-8d2a-d33777567187,7.0,human,5.6323046875,3.642109375,5.649765625,1.9901953124999996,-0.017460937500000107,2.0076562499999997
conv_d87daedd-9490-4de9-8d2a-d33777567187,7.0,ai,4.764006696428571,2.0664637974330358,4.628934151785714,2.6975428989955352,0.13507254464285712,2.562470354352678
conv_d87daedd-9490-4de9-8d2a-d33777567187,8.0,human,6.2471089363098145,3.815768241882324,5.646459579467773,2.4313406944274902,0.600649356842041,1.8306913375854492
conv_d87daedd-9490-4de9-8d2a-d33777567187,8.0,ai,5.2151611328125,2.4937569754464284,4.654080636160714,2.7214041573660714,0.5610804966517859,2.1603236607142855
conv_d87daedd-9490-4de9-8d2a-d33777567187,9.0,human,4.5565084457397464,3.1452503204345703,3.952241897583008,1.4112581253051761,0.6042665481567386,0.8069915771484375
conv_d87daedd-9490-4de9-8d2a-d33777567187,9.0,ai,5.799665178571429,3.0344761439732144,4.760450962611607,2.7651890345982144,1.0392142159598219,1.7259748186383925
conv_da1c7ee9-2479-4f47-94bc-db9161a6e88c,2.0,human,5.1143833283455145,4.455920803931452,5.46644050844254,0.6584625244140625,-0.3520571800970256,1.010519704511088
conv_da1c7ee9-2479-4f47-94bc-db9161a6e88c,2.0,ai,5.130325741238064,2.8862554762098522,4.845348782009548,2.2440702650282116,0.2849769592285156,1.959093305799696
conv_da1c7ee9-2479-4f47-94bc-db9161a6e88c,3.0,human,5.733162715517241,3.562297952586207,5.762661637931035,2.1708647629310343,-0.029498922413793593,2.200363685344828
conv_da1c7ee9-2479-4f47-94bc-db9161a6e88c,3.0,ai,6.211369977678571,2.853515625,6.2609375,3.3578543526785714,-0.04956752232142847,3.407421875
conv_da1c7ee9-2479-4f47-94bc-db9161a6e88c,4.0,human,6.763382523148148,5.637514467592593,6.288917824074074,1.1258680555555554,0.4744646990740735,0.6514033564814818
conv_da1c7ee9-2479-4f47-94bc-db9161a6e88c,4.0,ai,4.390380859375,2.065251244439019,4.208089192708333,2.325129614935981,0.18229166666666696,2.142837948269314
conv_da1c7ee9-2479-4f47-94bc-db9161a6e88c,5.0,human,7.455842391304348,5.457116168478261,7.731317934782608,1.998726222826087,-0.27547554347826075,2.2742017663043477
conv_da1c7ee9-2479-4f47-94bc-db9161a6e88c,5.0,ai,4.585305264121608,2.2432281092593542,4.558019537674753,2.342077154862254,0.027285726446854675,2.314791428415399
conv_da1c7ee9-2479-4f47-94bc-db9161a6e88c,6.0,human,6.03808349609375,2.6833917236328126,6.34581787109375,3.3546917724609377,-0.3077343749999999,3.6624261474609376
conv_da1c7ee9-2479-4f47-94bc-db9161a6e88c,6.0,ai,4.969406540329392,2.521571803737331,4.770705764358108,2.447834736592061,0.19870077597128422,2.2491339606207768
conv_da1c7ee9-2479-4f47-94bc-db9161a6e88c,7.0,human,6.636767578125,5.005745442708333,6.51123046875,1.631022135416667,0.12553710937500018,1.5054850260416668
conv_da1c7ee9-2479-4f47-94bc-db9161a6e88c,7.0,ai,4.815712593697213,1.887795113228463,4.482111750422297,2.92791748046875,0.33360084327491535,2.5943166371938347
conv_da1c7ee9-2479-4f47-94bc-db9161a6e88c,8.0,human,6.776899857954546,5.0651633522727275,7.007191051136363,1.7117365056818183,-0.23029119318181746,1.9420276988636358
conv_da1c7ee9-2479-4f47-94bc-db9161a6e88c,8.0,ai,4.900345297420726,2.2810345818014706,4.895572437959559,2.6193107156192554,0.004772859461167123,2.6145378561580883
conv_da1c7ee9-2479-4f47-94bc-db9161a6e88c,9.0,human,6.451224190848214,3.898594447544643,6.128383091517857,2.5526297433035716,0.32284109933035765,2.229788643973214
conv_da1c7ee9-2479-4f47-94bc-db9161a6e88c,9.0,ai,5.218973214285715,2.046327427455357,4.929534040178571,3.1726457868303575,0.2894391741071436,2.883206612723214
conv_e335739c-0072-4945-8fe4-457a04c0997b,2.0,human,6.0384765625,4.104524739583334,6.088216145833333,1.933951822916666,-0.04973958333333339,1.9836914062499993
conv_e335739c-0072-4945-8fe4-457a04c0997b,2.0,ai,5.520803451538086,2.539623260498047,4.8332366943359375,2.981180191040039,0.6875667572021484,2.2936134338378906
conv_e335739c-0072-4945-8fe4-457a04c0997b,3.0,human,6.492534891764323,4.96922607421875,6.763052368164063,1.5233088175455727,-0.27051747639974,1.7938262939453127
conv_e335739c-0072-4945-8fe4-457a04c0997b,3.0,ai,5.625795425907258,3.066126669606855,4.85871345766129,2.559668756300403,0.767081968245968,1.792586788054435
conv_e335739c-0072-4945-8fe4-457a04c0997b,4.0,human,7.204282407407407,5.380732783564815,6.488208912037037,1.8235496238425926,0.7160734953703702,1.1074761284722223
conv_e335739c-0072-4945-8fe4-457a04c0997b,4.0,ai,6.772518382352941,2.853389964384191,6.243968290441177,3.91912841796875,0.5285500919117645,3.3905783260569855
conv_e335739c-0072-4945-8fe4-457a04c0997b,5.0,human,7.29425048828125,5.11273193359375,7.12664794921875,2.1815185546875,0.1676025390625,2.013916015625
conv_e335739c-0072-4945-8fe4-457a04c0997b,5.0,ai,5.086249856387868,2.36566162109375,4.239200367647059,2.7205882352941178,0.8470494887408089,1.8735387465533089
conv_e335739c-0072-4945-8fe4-457a04c0997b,6.0,human,6.504308240167026,6.448772561961207,5.919348881162446,0.055535678205818506,0.5849593590045794,-0.5294236807987609
conv_e335739c-0072-4945-8fe4-457a04c0997b,6.0,ai,4.7270651424632355,2.817440257352941,4.424833409926471,1.9096248851102944,0.3022317325367645,1.6073931525735299
conv_e335739c-0072-4945-8fe4-457a04c0997b,7.0,human,7.429971018145161,5.292618290070565,6.662936302923387,2.137352728074596,0.767034715221774,1.370318012852822
conv_e335739c-0072-4945-8fe4-457a04c0997b,7.0,ai,3.5875499828441724,2.241156913138725,3.8471325023754224,1.3463930697054476,-0.25958251953125,1.6059755892366976
conv_e335739c-0072-4945-8fe4-457a04c0997b,8.0,human,5.785749162946429,4.5758056640625,5.685093470982143,1.2099434988839288,0.10065569196428559,1.1092878069196432
conv_e335739c-0072-4945-8fe4-457a04c0997b,8.0,ai,6.4000100528492645,3.6370158475988053,5.776984719669118,2.7629942052504592,0.6230253331801467,2.1399688720703125
conv_e335739c-0072-4945-8fe4-457a04c0997b,9.0,human,5.3,3.452003696986607,4.648758370535714,1.8479963030133928,0.6512416294642858,1.196754673549107
conv_e335739c-0072-4945-8fe4-457a04c0997b,9.0,ai,4.701998465401786,2.1978724888392858,4.2653738839285715,2.5041259765625004,0.4366245814732146,2.0675013950892858
conv_e73d720a-ff86-4c9b-b988-d6cc879215d9,2.0,human,6.197544642857143,4.128929501488095,5.232328869047619,2.0686151413690483,0.9652157738095246,1.1033993675595237
conv_e73d720a-ff86-4c9b-b988-d6cc879215d9,2.0,ai,5.41400146484375,3.6131591796875,4.872528076171875,1.80084228515625,0.541473388671875,1.259368896484375
conv_e73d720a-ff86-4c9b-b988-d6cc879215d9,3.0,human,7.459028764204546,5.7776100852272725,7.34716796875,1.6814186789772734,0.11186079545454586,1.5695578835227275
conv_e73d720a-ff86-4c9b-b988-d6cc879215d9,3.0,ai,6.924072265625,3.6983816964285716,6.858119419642857,3.2256905691964284,0.06595284598214324,3.159737723214285
conv_e73d720a-ff86-4c9b-b988-d6cc879215d9,4.0,human,8.68728298611111,4.966132269965278,8.412733289930555,3.721150716145833,0.27454969618055536,3.4466010199652777
conv_e73d720a-ff86-4c9b-b988-d6cc879215d9,4.0,ai,7.177293346774194,4.880260836693548,7.130166330645161,2.297032510080646,0.04712701612903292,2.249905493951613
conv_e73d720a-ff86-4c9b-b988-d6cc879215d9,5.0,human,7.19130859375,4.88857421875,6.8494140625,2.302734375,0.34189453124999947,1.9608398437500005
conv_e73d720a-ff86-4c9b-b988-d6cc879215d9,5.0,ai,6.581878662109375,3.627593994140625,6.83966064453125,2.95428466796875,-0.257781982421875,3.212066650390625
conv_e73d720a-ff86-4c9b-b988-d6cc879215d9,6.0,human,5.606724330357143,3.4029366629464284,5.643729073660714,2.203787667410715,-0.037004743303571175,2.240792410714286
conv_e73d720a-ff86-4c9b-b988-d6cc879215d9,6.0,ai,6.0144426618303575,2.9812386648995535,5.448966326032366,3.033203996930804,0.5654763357979915,2.4677276611328125
conv_e73d720a-ff86-4c9b-b988-d6cc879215d9,7.0,human,7.8515625,5.2594146728515625,6.9772727272727275,2.5921478271484375,0.8742897727272725,1.717858054421165
conv_e73d720a-ff86-4c9b-b988-d6cc879215d9,7.0,ai,7.167779737903226,3.0227759576612905,6.734847530241935,4.145003780241936,0.4329322076612909,3.7120715725806446
conv_e73d720a-ff86-4c9b-b988-d6cc879215d9,8.0,human,6.429289641203703,4.481264467592593,6.880570023148148,1.9480251736111107,-0.45128038194444464,2.3993055555555554
conv_e73d720a-ff86-4c9b-b988-d6cc879215d9,8.0,ai,6.726266571969697,3.3656930634469697,6.989139441287879,3.3605735085227275,-0.26287286931818166,3.623446377840909
conv_e73d720a-ff86-4c9b-b988-d6cc879215d9,9.0,human,6.136099008413462,3.9082970252403846,5.607938326322115,2.227801983173077,0.5281606820913467,1.6996413010817304
conv_e73d720a-ff86-4c9b-b988-d6cc879215d9,9.0,ai,5.3690661262063415,2.7618659524356617,5.626579733455882,2.60720017377068,-0.25751360724954075,2.8647137810202206
conv_f5028a6e-05a3-4757-84d0-491a6f400c24,2.0,human,5.207486979166666,4.2538330078125,5.473046875,0.9536539713541661,-0.2655598958333334,1.2192138671874995
conv_f5028a6e-05a3-4757-84d0-491a6f400c24,2.0,ai,5.863309972426471,3.196890438304228,5.069671630859375,2.666419534122243,0.793638341567096,1.8727811925551472
conv_f5028a6e-05a3-4757-84d0-491a6f400c24,3.0,human,6.153041294642857,4.466352190290179,6.399727957589286,1.686689104352678,-0.24668666294642883,1.9333757672991068
conv_f5028a6e-05a3-4757-84d0-491a6f400c24,3.0,ai,4.264517391429228,2.402762020335478,3.4770489860983456,1.8617553710937504,0.7874684053308827,1.0742869657628678
conv_f5028a6e-05a3-4757-84d0-491a6f400c24,4.0,human,6.395602318548387,6.108365951045867,6.387459047379032,0.28723636750252,0.008143271169354982,0.27909309633316504
conv_f5028a6e-05a3-4757-84d0-491a6f400c24,4.0,ai,4.763694327218192,2.5070321219308034,4.33662109375,2.256662205287389,0.42707323346819237,1.8295889718191964
conv_f5028a6e-05a3-4757-84d0-491a6f400c24,5.0,human,4.641008879009046,3.625181348700272,4.364752518503289,1.015827530308774,0.27625636050575686,0.7395711698030172
conv_f5028a6e-05a3-4757-84d0-491a6f400c24,5.0,ai,4.194536994485294,2.126278147977941,3.698141659007353,2.0682588465073533,0.49639533547794157,1.5718635110294117
conv_f5028a6e-05a3-4757-84d0-491a6f400c24,6.0,human,7.144783266129032,4.921520602318548,6.353137600806452,2.223262663810484,0.7916456653225801,1.431616998487904
conv_f5028a6e-05a3-4757-84d0-491a6f400c24,6.0,ai,3.7109303193933822,2.0522927676930145,3.7916331571691178,1.6586375517003678,-0.0807028377757355,1.7393403894761033
conv_f5028a6e-05a3-4757-84d0-491a6f400c24,7.0,human,7.513058035714286,5.317020089285714,6.871149553571429,2.1960379464285715,0.6419084821428571,1.5541294642857144
conv_f5028a6e-05a3-4757-84d0-491a6f400c24,7.0,ai,5.048374720982143,2.596840122767857,4.384458705357143,2.451534598214286,0.6639160156250004,1.7876185825892859
conv_f5028a6e-05a3-4757-84d0-491a6f400c24,8.0,human,5.35915470123291,3.6133222579956055,4.866674423217773,1.7458324432373047,0.4924802780151367,1.253352165222168
conv_f5028a6e-05a3-4757-84d0-491a6f400c24,8.0,ai,5.233599494485294,2.9993573357077206,5.4839333926930145,2.234242158777574,-0.2503338982077201,2.484576056985294
conv_f5028a6e-05a3-4757-84d0-491a6f400c24,9.0,human,7.782192887931035,6.172211745689655,6.970602101293103,1.60998114224138,0.8115907866379315,0.7983903556034484
conv_f5028a6e-05a3-4757-84d0-491a6f400c24,9.0,ai,5.382513097814612,2.777347049197635,5.484750489930849,2.6051660486169768,-0.10223739211623695,2.7074034407332137
conv_fe95c724-f91e-4a17-8400-9bfbdf9218ec,2.0,human,6.101283482142857,6.339564732142857,6.251395089285714,-0.23828125,-0.15011160714285765,-0.08816964285714235
conv_fe95c724-f91e-4a17-8400-9bfbdf9218ec,2.0,ai,5.250699288504464,3.7615408761160714,5.246902901785714,1.4891584123883925,0.0037963867187498224,1.4853620256696427
conv_fe95c724-f91e-4a17-8400-9bfbdf9218ec,3.0,human,6.126719447544643,5.142786516462054,6.443204171316964,0.9839329310825891,-0.3164847237723212,1.3004176548549102
conv_fe95c724-f91e-4a17-8400-9bfbdf9218ec,3.0,ai,4.963839285714286,2.8175153459821427,5.0848005022321425,2.1463239397321434,-0.1209612165178564,2.26728515625
conv_fe95c724-f91e-4a17-8400-9bfbdf9218ec,4.0,human,6.280575222439236,5.530012766520183,6.117490415219907,0.7505624559190531,0.16308480721932828,0.5874776486997249
conv_fe95c724-f91e-4a17-8400-9bfbdf9218ec,4.0,ai,5.44703843858507,2.341552734375,5.473162333170573,3.1054857042100696,-0.02612389458550357,3.131609598795573
conv_fe95c724-f91e-4a17-8400-9bfbdf9218ec,5.0,human,5.968455921519887,5.099071155894887,6.231312144886363,0.869384765625,-0.2628562233664766,1.1322409889914766
conv_fe95c724-f91e-4a17-8400-9bfbdf9218ec,5.0,ai,4.974246651785714,2.5297886439732142,4.419140625,2.4444580078125,0.5551060267857144,1.8893519810267856
conv_fe95c724-f91e-4a17-8400-9bfbdf9218ec,6.0,human,6.918094758064516,6.731161794354839,7.273248487903226,0.18693296370967705,-0.35515372983870996,0.542086693548387
conv_fe95c724-f91e-4a17-8400-9bfbdf9218ec,6.0,ai,5.138407538918888,3.5612604477826286,4.8047350715188415,1.5771470911362595,0.33367246740004664,1.2434746237362129
conv_fe95c724-f91e-4a17-8400-9bfbdf9218ec,7.0,human,5.470774057749155,5.045888539907095,5.740194784628378,0.4248855178420605,-0.2694207268792228,0.6943062447212833
conv_fe95c724-f91e-4a17-8400-9bfbdf9218ec,7.0,ai,5.257396024816177,2.4884284524356617,4.586641199448529,2.768967572380515,0.6707548253676476,2.0982127470128673
conv_fe95c724-f91e-4a17-8400-9bfbdf9218ec,8.0,human,6.022816193409455,4.978621849646935,6.230979723808093,1.0441943437625198,-0.20816353039863777,1.2523578741611576
conv_fe95c724-f91e-4a17-8400-9bfbdf9218ec,8.0,ai,5.300991058349609,2.4676880306667752,5.079701741536458,2.833303027682834,0.22128931681315134,2.612013710869683
conv_fe95c724-f91e-4a17-8400-9bfbdf9218ec,9.0,human,6.284219065020161,4.592273342993952,6.583433089717742,1.691945722026209,-0.29921402469758096,1.99115974672379
conv_fe95c724-f91e-4a17-8400-9bfbdf9218ec,9.0,ai,4.537692599826389,1.9168518914116754,4.34599134657118,2.620840708414714,0.19170125325520893,2.429139455159505
