conversation_id,condition,turn,analysis_turn,complete_exchange,starter_side,starter_type,speaker_slot,speaker_type,speaker_is_starter,partner_type,text
conv_000cdfd292524cb2af708e5da4c2f0ae,ai-ai,1,1,True,author_2,ai,author_1,ai,False,ai,"illumination all around her but leaving no dark silhouette on the tiles below. She waved her hand, stepped closer to the mirror, even jumped—nothing. The absence felt more"
conv_000cdfd292524cb2af708e5da4c2f0ae,ai-ai,1,1,True,author_2,ai,author_2,ai,True,ai,"Mira, who woke one morning to find that her shadow had disappeared. She noticed it first while brushing her teeth, the bathroom light casting clear"
conv_000cdfd292524cb2af708e5da4c2f0ae,ai-ai,2,2,True,author_2,ai,author_1,ai,False,ai,"Her roommate didn't notice at first, chattering about weekend plans while spreading jam on toast. But when Mira stood to refill her mug, casting"
conv_000cdfd292524cb2af708e5da4c2f0ae,ai-ai,2,2,True,author_2,ai,author_2,ai,True,ai,"profound than she expected, like losing a limb she'd never consciously used. At breakfast, her coffee sat on the table without the familiar dark pool beside it."
conv_000cdfd292524cb2af708e5da4c2f0ae,ai-ai,3,3,True,author_2,ai,author_1,ai,False,ai,"the linoleum, glittering with shards of glass. ""Mira, your—where is your—"" Her roommate's voice cracked, unable to"
conv_000cdfd292524cb2af708e5da4c2f0ae,ai-ai,3,3,True,author_2,ai,author_2,ai,True,ai,"no darkness across the sunny kitchen floor, the jar slipped from her roommate's fingers and shattered. Strawberry preserves spread like blood across"
conv_000cdfd292524cb2af708e5da4c2f0ae,ai-ai,4,4,True,author_2,ai,author_1,ai,False,ai,"sticky red pool while her own hands moved through the light like ghosts. ""I don't know,"" she whispered, gathering glass fragments carefully. ""It was just gone when I"
conv_000cdfd292524cb2af708e5da4c2f0ae,ai-ai,4,4,True,author_2,ai,author_2,ai,True,ai,"finish the sentence, as if naming the absence might make it more real. Mira knelt to clean the mess, watching her roommate's shadow bend and stretch across the"
conv_000cdfd292524cb2af708e5da4c2f0ae,ai-ai,5,5,True,author_2,ai,author_1,ai,False,ai,"brittle sound that surprised them both. ""And tell them what exactly? That I've been robbed of something that shouldn't exist in the first place?"" She dumped the"
conv_000cdfd292524cb2af708e5da4c2f0ae,ai-ai,5,5,True,author_2,ai,author_2,ai,True,ai,"woke up."" Her roommate backed against the counter, eyes wide. ""Should we call someone? A doctor? The police?"" Mira laughed—a"
conv_000cdfd292524cb2af708e5da4c2f0ae,ai-ai,6,6,True,author_2,ai,author_1,ai,False,ai,"past their ground-floor window, each trailing their faithful dark companions across the sidewalk. Mira pressed her palm against the glass, watching her hand remain stubbornly"
conv_000cdfd292524cb2af708e5da4c2f0ae,ai-ai,6,6,True,author_2,ai,author_2,ai,True,ai,"glass into the trash with a sharp clatter. But even as she spoke, Mira felt the wrongness settling deeper into her bones. Outside, pedestrians hurried"
conv_000cdfd292524cb2af708e5da4c2f0ae,ai-ai,7,7,True,author_2,ai,author_1,ai,False,ai,"hand in a slow, deliberate wave. Mira's blood turned to ice. Her own hand remained frozen against the window. The shadow peeled itself from the brick like"
conv_000cdfd292524cb2af708e5da4c2f0ae,ai-ai,7,7,True,author_2,ai,author_2,ai,True,ai,"singular, unechoed. Then she saw it—across the street, her shadow stood pressed against a brick wall, perfectly still, watching her back. It raised one"
conv_000cdfd292524cb2af708e5da4c2f0ae,ai-ai,8,8,True,author_2,ai,author_1,ai,False,ai,"was already moving toward the door, some deep instinct pulling her forward. She had to meet it, had to understand what it wanted. The shadow slipped through the crack"
conv_000cdfd292524cb2af708e5da4c2f0ae,ai-ai,8,8,True,author_2,ai,author_2,ai,True,ai,"wet paper, stretching and flowing across the pavement toward their building. Her roommate grabbed her shoulder. ""Mira, it's coming—"" But Mira"
conv_000cdfd292524cb2af708e5da4c2f0ae,ai-ai,9,9,True,author_2,ai,author_1,ai,False,ai,"her shape but wrong—taller, sharper at the edges, its form flickering with something almost alive. When it spoke, the voice was hers but"
conv_000cdfd292524cb2af708e5da4c2f0ae,ai-ai,9,9,True,author_2,ai,author_2,ai,True,ai,"beneath the door before she could turn the handle, pooling on the entryway floor like spilled ink. It rose slowly, taking"
conv_000cdfd292524cb2af708e5da4c2f0ae,ai-ai,10,10,True,author_2,ai,author_1,ai,False,ai,"could rest."" Mira's throat tightened as understanding bloomed—all those sleepless nights fueled by caffeine and ambition, the relentless chase"
conv_000cdfd292524cb2af708e5da4c2f0ae,ai-ai,10,10,True,author_2,ai,author_2,ai,True,ai,"hollow, as though echoing up from a well. ""You never listened,"" it said. ""Always rushing, always bright, never sitting still in the quiet dark where I"
conv_01d1444f684c48af9cc5978f92742c23,ai-ai,1,,True,author_1,ai,author_1,ai,True,ai,"Margot Chen, who discovered on her thirty-seventh birthday that she could hear the thoughts of plants. It started with the fiddle-leaf"
conv_01d1444f684c48af9cc5978f92742c23,ai-ai,1,,True,author_1,ai,author_2,ai,False,ai,"fig in her apartment—a persistent whisper that sounded like *thirsty, thirsty, always thirsty* even though she'd"
conv_01d1444f684c48af9cc5978f92742c23,ai-ai,2,1,True,author_1,ai,author_1,ai,True,ai,"watered it just two days prior. She'd dismissed it as stress, perhaps the wine she'd had with lunch, but then the spider plant joined in with a chorus"
conv_01d1444f684c48af9cc5978f92742c23,ai-ai,2,1,True,author_1,ai,author_2,ai,False,ai,"of *cramped roots, need space, splitting at the seams* and Margot found herself on her knees, hands trembling as she unpotted the poor thing."
conv_01d1444f684c48af9cc5978f92742c23,ai-ai,3,2,True,author_1,ai,author_1,ai,True,ai,"The roots had indeed wound themselves into a desperate tangle, pale and compressed like thoughts left too long unspoken. As she gently teased them apart, transferring the"
conv_01d1444f684c48af9cc5978f92742c23,ai-ai,3,2,True,author_1,ai,author_2,ai,False,ai,"plant to a larger ceramic pot, the relief that flooded through her felt oddly secondhand—as if the gratitude wasn't her own but borrowed from something"
conv_01d1444f684c48af9cc5978f92742c23,ai-ai,4,3,True,author_1,ai,author_1,ai,True,ai,"green and growing. The spider plant seemed to sigh, its leaves perking almost imperceptibly, and Margot sat back on her heels, dirt"
conv_01d1444f684c48af9cc5978f92742c23,ai-ai,4,3,True,author_1,ai,author_2,ai,False,ai,"under her fingernails, wondering if she was losing her mind or discovering something impossible. The question was answered that evening when she walked past the community garden on Bleecker Street and was"
conv_01d1444f684c48af9cc5978f92742c23,ai-ai,5,4,True,author_1,ai,author_1,ai,True,ai,"overwhelmed by a cacophony of voices—hundreds of them, layered and overlapping. The tomato vines pleaded for support, their stems aching."
conv_01d1444f684c48af9cc5978f92742c23,ai-ai,5,4,True,author_1,ai,author_2,ai,False,ai,"The basil shrieked about aphids with the urgency of someone being devoured alive. Somewhere in the back, an ancient oak rumbled about the construction next door, its"
conv_01d1444f684c48af9cc5978f92742c23,ai-ai,6,5,True,author_1,ai,author_1,ai,True,ai,"foundations disturbed, the vibrations like needles through its deepest roots. Margot pressed her palms to her temples, stumbling backward until"
conv_01d1444f684c48af9cc5978f92742c23,ai-ai,6,5,True,author_1,ai,author_2,ai,False,ai,"she collided with the wrought-iron fence. A hand steadied her elbow—firm, calloused. ""First time?"" a voice asked,"
conv_01d1444f684c48af9cc5978f92742c23,ai-ai,7,6,True,author_1,ai,author_1,ai,True,ai,"and Margot looked up into the weathered face of a woman who might have been sixty or eighty, her silver hair twisted into a braid threaded with what looked like"
conv_01d1444f684c48af9cc5978f92742c23,ai-ai,7,6,True,author_1,ai,author_2,ai,False,ai,"living vines. ""I—what?"" Margot managed, though the garden's chorus had softened to a murmur, as if the plants themselves were holding"
conv_01d1444f684c48af9cc5978f92742c23,ai-ai,8,7,True,author_1,ai,author_1,ai,True,ai,"their breath, waiting. The woman smiled, revealing a gap between her front teeth. ""The Listening,"" she said simply, as though it were the most natural thing in"
conv_01d1444f684c48af9cc5978f92742c23,ai-ai,8,7,True,author_1,ai,author_2,ai,False,ai,"the world. ""Runs in certain bloodlines, skips generations sometimes. Your grandmother—she had it too, didn't she?"" Margot's"
conv_01d1444f684c48af9cc5978f92742c23,ai-ai,9,8,True,author_1,ai,author_1,ai,True,ai,"breath caught. Her grandmother, who'd died when Margot was twelve, had spent every waking hour in her greenhouse, speaking softly to orchids and roses, and"
conv_01d1444f684c48af9cc5978f92742c23,ai-ai,9,8,True,author_1,ai,author_2,ai,False,ai,"everyone had called her eccentric, lonely, a bit touched. But Margot remembered now—the way her grandmother's fingers had moved over leaves like reading braille, the knowing"
conv_01d1444f684c48af9cc5978f92742c23,ai-ai,10,9,True,author_1,ai,author_1,ai,True,ai,"look in her eyes when a plant was suffering before any visible signs appeared. ""She never told me,"" Margot whispered, though even as she said it, she remembered"
conv_01d1444f684c48af9cc5978f92742c23,ai-ai,10,9,True,author_1,ai,author_2,ai,False,ai,"the last afternoon they'd spent together, her grandmother's papery hand covering hers in the greenhouse, guiding her palm to rest against a dying magnolia. ""Listen"
conv_02fdeabba72446648a887222c6b4a9a0,ai-ai,1,,True,author_1,ai,author_1,ai,True,ai,"Mira, who woke one morning to find that every mirror in her apartment had turned to water. She discovered it by accident, reaching"
conv_02fdeabba72446648a887222c6b4a9a0,ai-ai,1,,True,author_1,ai,author_2,ai,False,ai,"out to wipe away what she thought was condensation, only to watch her fingers plunge through the silvered surface with a gentle splash. The water rippled outward in perfect"
conv_02fdeabba72446648a887222c6b4a9a0,ai-ai,2,1,True,author_1,ai,author_1,ai,True,ai,"circles, catching the morning light in ways that seemed impossible—refracting colors she had no names for, deep purples bleeding into golds that didn't exist in any rainbow"
conv_02fdeabba72446648a887222c6b4a9a0,ai-ai,2,1,True,author_1,ai,author_2,ai,False,ai,"she'd ever seen. Mira pulled her hand back slowly, watching droplets cling to her fingertips before evaporating into tiny wisps of prismatic steam."
conv_02fdeabba72446648a887222c6b4a9a0,ai-ai,3,2,True,author_1,ai,author_1,ai,True,ai,"The steam curled upward, forming shapes that almost looked deliberate—a bird, a face, a door. She blinked, and they dissolved into nothing. Behind"
conv_02fdeabba72446648a887222c6b4a9a0,ai-ai,3,2,True,author_1,ai,author_2,ai,False,ai,"her, the bathroom mirror rippled unbidden, and she caught movement in its watery surface. Not her reflection—something else. A figure stood in a room that wasn't her"
conv_02fdeabba72446648a887222c6b4a9a0,ai-ai,4,3,True,author_1,ai,author_1,ai,True,ai,"bathroom, surrounded by shelves of books that seemed to breathe and shift. The figure turned, and Mira's breath caught. It was her, but"
conv_02fdeabba72446648a887222c6b4a9a0,ai-ai,4,3,True,author_1,ai,author_2,ai,False,ai,older—perhaps twenty years older—with silver threading through her hair and a scar along her jaw that Mira didn't have. The other Mira pressed her palm against the
conv_02fdeabba72446648a887222c6b4a9a0,ai-ai,5,4,True,author_1,ai,author_1,ai,True,ai,"water from the opposite side, and suddenly the apartment fell silent—no hum of traffic, no distant voices, nothing. The older Mira's lips moved, forming words that"
conv_02fdeabba72446648a887222c6b4a9a0,ai-ai,5,4,True,author_1,ai,author_2,ai,False,ai,"rippled across the liquid mirror's surface like sonar waves: ""Don't trust the reflections in standing water. Only the moving ones tell truth."" Her eyes held an"
conv_02fdeabba72446648a887222c6b4a9a0,ai-ai,6,5,True,author_1,ai,author_1,ai,True,ai,"urgency that made Mira's chest tighten. Before she could respond, the older woman glanced sharply to her left, fear flashing across her face."
conv_02fdeabba72446648a887222c6b4a9a0,ai-ai,6,5,True,author_1,ai,author_2,ai,False,ai,"She mouthed one more word—""Run""—before something dark swept across the watery mirror from behind her, obscuring everything. The surface went black,"
conv_02fdeabba72446648a887222c6b4a9a0,ai-ai,7,6,True,author_1,ai,author_1,ai,True,ai,"then shattered into a thousand droplets that hung suspended in mid-air for one impossible heartbeat before crashing to the floor. Mira stumbled backward, her heart"
conv_02fdeabba72446648a887222c6b4a9a0,ai-ai,7,6,True,author_1,ai,author_2,ai,False,ai,"hammering as the droplets hissed against the tile, evaporating instantly into that strange prismatic steam. The bathroom mirror was solid again—ordinary glass reflecting only"
conv_02fdeabba72446648a887222c6b4a9a0,ai-ai,8,7,True,author_1,ai,author_1,ai,True,ai,"her own terrified face. But in the corner of the reflection, she noticed something new: a thin crack running from edge to edge, and within it, the faintest"
conv_02fdeabba72446648a887222c6b4a9a0,ai-ai,8,7,True,author_1,ai,author_2,ai,False,ai,"shimmer of movement—water, still flowing beneath the glass like a hidden river. Mira's phone buzzed violently on the counter, making her jump. The"
conv_02fdeabba72446648a887222c6b4a9a0,ai-ai,9,8,True,author_1,ai,author_1,ai,True,ai,"screen showed a text from an unknown number: a single image. Her hands trembled as she opened it—a photograph of herself, asleep in her bed, taken"
conv_02fdeabba72446648a887222c6b4a9a0,ai-ai,9,8,True,author_1,ai,author_2,ai,False,ai,"from the doorway of her bedroom. Tonight. The timestamp read 2:47 AM—three hours from now. Below the image, a message appeared: ""The mirrors are"
conv_02fdeabba72446648a887222c6b4a9a0,ai-ai,10,9,True,author_1,ai,author_1,ai,True,ai,"doors. They've been watching. Lock them before midnight or they'll cross through."" Mira's blood ran cold. She looked around her apartment at every"
conv_02fdeabba72446648a887222c6b4a9a0,ai-ai,10,9,True,author_1,ai,author_2,ai,False,ai,"reflective surface—the darkened television screen, the glass-fronted cabinets, the polished kettle—and realized with creeping horror that she was surrounded. The apartment"
conv_0388f204ccd644f39221d0d8afff6d09,ai-ai,1,1,True,author_2,ai,author_1,ai,False,ai,"crashing against the rocks below,"
conv_0388f204ccd644f39221d0d8afff6d09,ai-ai,1,1,True,author_2,ai,author_2,ai,True,ai,a lighthouse keeper named Mara who stopped believing in the sea. It wasn't that the ocean had disappeared—she could still hear it
conv_0388f204ccd644f39221d0d8afff6d09,ai-ai,2,2,True,author_2,ai,author_1,ai,False,ai,"lamp, and the solitary meals eaten while staring at the same four walls, the sea had become nothing more than background noise. A vast, indifferent thing that simply"
conv_0388f204ccd644f39221d0d8afff6d09,ai-ai,2,2,True,author_2,ai,author_2,ai,True,ai,"still smell the salt carried on the wind that whipped through her hair each morning. But somewhere between the endless rotation of light and dark, the mechanical rhythm of tending the"
conv_0388f204ccd644f39221d0d8afff6d09,ai-ai,3,3,True,author_2,ai,author_1,ai,False,ai,"It had wedged itself between two rocks in the tidal pool below the lighthouse, and something about the way the dawn light caught its green glass made her climb down for"
conv_0388f204ccd644f39221d0d8afff6d09,ai-ai,3,3,True,author_2,ai,author_2,ai,True,ai,"existed beyond her windowpanes, no more meaningful than wallpaper or the ticking of a clock. Until the morning she found the bottle."
conv_0388f204ccd644f39221d0d8afff6d09,ai-ai,4,4,True,author_2,ai,author_1,ai,False,ai,"was heavier than she expected, sealed with wax that had somehow survived its journey. Inside, she could see a rolled paper, and when she held it up to"
conv_0388f204ccd644f39221d0d8afff6d09,ai-ai,4,4,True,author_2,ai,author_2,ai,True,ai,"the first time in months. Her boots slipped on the wet stones, and the cold spray shocked her awake in a way the coffee never did anymore. The bottle"
conv_0388f204ccd644f39221d0d8afff6d09,ai-ai,5,5,True,author_2,ai,author_1,ai,False,ai,"still remember why you came here?"" The words struck something deep in her chest, like a bell that hadn't rung in years. Mara"
conv_0388f204ccd644f39221d0d8afff6d09,ai-ai,5,5,True,author_2,ai,author_2,ai,True,ai,"the rising sun, faint handwriting appeared through the glass—not a message asking for rescue or declaring love, but a single question that made her breath catch: ""Do you"
conv_0388f204ccd644f39221d0d8afff6d09,ai-ai,6,6,True,author_2,ai,author_1,ai,False,ai,"She'd imagined herself as a guardian of something sacred, keeping watch over travelers who needed her light to find their way home. The sea had been alive then, full"
conv_0388f204ccd644f39221d0d8afff6d09,ai-ai,6,6,True,author_2,ai,author_2,ai,True,ai,"sank onto the rocks, clutching the bottle as memories flooded back—her younger self arriving with dreams of solitude that felt romantic, not suffocating."
conv_0388f204ccd644f39221d0d8afff6d09,ai-ai,7,7,True,author_2,ai,author_1,ai,False,ai,"one question, but dozens more beneath it, written in different hands, different inks—some faded nearly to nothing, others bold and fresh. ""What did you hope"
conv_0388f204ccd644f39221d0d8afff6d09,ai-ai,7,7,True,author_2,ai,author_2,ai,True,ai,"of stories and mysteries, each wave a whispered secret she strained to hear. She broke the wax seal with trembling fingers and unrolled the paper, finding not just that"
conv_0388f204ccd644f39221d0d8afff6d09,ai-ai,8,8,True,author_2,ai,author_1,ai,False,ai,"of lighthouse keepers had all faced this same hollow emptiness and left their wondering behind for the next soul who would need it. At the bottom,"
conv_0388f204ccd644f39221d0d8afff6d09,ai-ai,8,8,True,author_2,ai,author_2,ai,True,ai,"to find here?"" ""When did you last feel the pull of the tide?"" ""Have you forgotten how to listen?"" Each question seemed written specifically for her, as though generations"
conv_0388f204ccd644f39221d0d8afff6d09,ai-ai,9,9,True,author_2,ai,author_1,ai,False,ai,"the bottle clutched against her chest, and looked out at the sea—really looked—for the first time in so long. The water wasn't indifferent at all. It had"
conv_0388f204ccd644f39221d0d8afff6d09,ai-ai,9,9,True,author_2,ai,author_2,ai,True,ai,"in the freshest ink of all, were five words and a blank space waiting: ""What will you do now? ______"" Mara stood slowly,"
conv_0388f204ccd644f39221d0d8afff6d09,ai-ai,10,10,True,author_2,ai,author_1,ai,False,ai,"world safe from the darkness. She pulled a pencil from her pocket, one she'd used countless times to mark mechanical readings in her log, and pressed the paper against"
conv_0388f204ccd644f39221d0d8afff6d09,ai-ai,10,10,True,author_2,ai,author_2,ai,True,ai,"been waiting, patient as only the ocean can be, for her to remember that lighthouses were never meant to keep the keeper safe from the world—they were meant to keep the"
conv_052cfef2e39e4d5e8ec74772babb6fb8,ai-ai,1,1,True,author_2,ai,author_1,ai,False,ai,"down through the generations about the creatures and spirits that dwelled within its depths. Aria had always been fascinated by these stories, and she would often sneak away from her chores to"
conv_052cfef2e39e4d5e8ec74772babb6fb8,ai-ai,1,1,True,author_2,ai,author_2,ai,True,ai,"a young girl named Aria who lived in a small village surrounded by a vast and mysterious forest. The villagers believed that the forest was enchanted, and many strange tales had been passed"
conv_052cfef2e39e4d5e8ec74772babb6fb8,ai-ai,2,2,True,author_2,ai,author_1,ai,False,ai,"deeper into the forest than she had ever gone before, the trees seemed to grow taller and the path behind her disappeared from view, leaving Aria to navigate through a sea of"
conv_052cfef2e39e4d5e8ec74772babb6fb8,ai-ai,2,2,True,author_2,ai,author_2,ai,True,ai,"explore the forest's edge, her curiosity and sense of adventure driving her to uncover the secrets that lay hidden beneath the whispering leaves and twisted branches. One day, as she wandered"
conv_052cfef2e39e4d5e8ec74772babb6fb8,ai-ai,3,3,True,author_2,ai,author_1,ai,False,ai,"canopy above, casting intricate patterns on the forest floor. As she walked, the silence was broken by the soft chirping of birds and the rustling of small creatures through"
conv_052cfef2e39e4d5e8ec74772babb6fb8,ai-ai,3,3,True,author_2,ai,author_2,ai,True,ai,"ferns and wildflowers that swayed gently in the breeze, their delicate petals and leaves shimmering like a thousand tiny lanterns in the dappled light that filtered through the"
conv_052cfef2e39e4d5e8ec74772babb6fb8,ai-ai,4,4,True,author_2,ai,author_1,ai,False,ai,"mystical heart, where the pulse of the land seemed to beat in time with her own, and the trees loomed above her like sentinels, their gnarled"
conv_052cfef2e39e4d5e8ec74772babb6fb8,ai-ai,4,4,True,author_2,ai,author_2,ai,True,ai,"the underbrush, and Aria began to feel a sense of peace and tranquility wash over her, as if the forest itself was embracing her, welcoming her into its ancient and"
conv_052cfef2e39e4d5e8ec74772babb6fb8,ai-ai,5,5,True,author_2,ai,author_1,ai,False,ai,"the air, a gentle thrumming that resonated deep within Aria's chest, and she felt herself being pulled towards the sound, her feet moving of their own accord, until"
conv_052cfef2e39e4d5e8ec74772babb6fb8,ai-ai,5,5,True,author_2,ai,author_2,ai,True,ai,"branches tangling together in a canopy of twisted limbs that seemed to reach out to her, drawing her deeper into the forest's depths, where a faint humming noise began to vibrate through"
conv_052cfef2e39e4d5e8ec74772babb6fb8,ai-ai,6,6,True,author_2,ai,author_1,ai,False,ai,"from within the tree itself, illuminating the delicate, crystalline structures that covered its bark, refracting the light into a kaleidoscope of colors that danced across the forest"
conv_052cfef2e39e4d5e8ec74772babb6fb8,ai-ai,6,6,True,author_2,ai,author_2,ai,True,ai,"she came upon a clearing, and in the center of it, a magnificent tree unlike any she had ever seen, its trunk glowing with a soft, ethereal light that seemed to emanate"
conv_052cfef2e39e4d5e8ec74772babb6fb8,ai-ai,7,7,True,author_2,ai,author_1,ai,False,ai,"jolt of energy course through her body, as if the tree was alive and had awakened to her presence, and she felt a surge of knowledge and memories flood her mind, visions of"
conv_052cfef2e39e4d5e8ec74772babb6fb8,ai-ai,7,7,True,author_2,ai,author_2,ai,True,ai,"floor, casting a mesmerizing glow over the clearing, and Aria, entranced by the beauty of the tree, reached out a hand to touch its radiant trunk, feeling a sudden"
conv_052cfef2e39e4d5e8ec74772babb6fb8,ai-ai,8,8,True,author_2,ai,author_1,ai,False,ai,"felt a deep sense of recognition, as if she had finally uncovered a long-forgotten part of herself, a hidden truth that had been waiting to be unearthed, and with"
conv_052cfef2e39e4d5e8ec74772babb6fb8,ai-ai,8,8,True,author_2,ai,author_2,ai,True,ai,"ancient civilizations and forgotten lore, of mystical creatures and powerful magic, all swirling together in a vortex of revelation that left her breathless and stunned, yet somehow, inexplicably, she"
conv_052cfef2e39e4d5e8ec74772babb6fb8,ai-ai,9,9,True,author_2,ai,author_1,ai,False,ai,"within her all along, waiting to be unleashed, and as she gazed into the depths of her own soul, Aria understood that she was a part of something much greater than herself,"
conv_052cfef2e39e4d5e8ec74772babb6fb8,ai-ai,9,9,True,author_2,ai,author_2,ai,True,ai,"this realization, the tree's glow intensified, and Aria felt herself being drawn into its heart, where she discovered a reflection of her own soul, shining bright with a light that had been"
conv_052cfef2e39e4d5e8ec74772babb6fb8,ai-ai,10,10,True,author_2,ai,author_1,ai,False,ai,"faded, Aria found herself back in the forest, but everything was different now, the trees seemed taller and closer, the creatures of the forest looked at her with a newfound sense"
conv_052cfef2e39e4d5e8ec74772babb6fb8,ai-ai,10,10,True,author_2,ai,author_2,ai,True,ai,"a delicate web of life that connected every living thing, and with this understanding, she felt a sense of unity and belonging that she had never known before, and as the tree's light"
conv_07895a6494a74fd3bbbf1c629d890e9d,ai-ai,1,1,True,author_2,ai,author_1,ai,False,ai,"watched over them like a silent guardian, its sprawling branches sheltering stories no human ear had heard in generations. On quiet evenings, children dared each other to touch its"
conv_07895a6494a74fd3bbbf1c629d890e9d,ai-ai,1,1,True,author_2,ai,author_2,ai,True,ai,"an old oak tree that stood watch at the edge of a sleepy village, its roots curling deep into earth churned by centuries of footsteps. Villagers often said the tree"
conv_07895a6494a74fd3bbbf1c629d890e9d,ai-ai,2,2,True,author_2,ai,author_1,ai,False,ai,"through your fingers. Elders, with a knowing twinkle, spoke softly about the wishes they’d entrusted to those ancient roots—hopes whispered between chores, grief pressed into"
conv_07895a6494a74fd3bbbf1c629d890e9d,ai-ai,2,2,True,author_2,ai,author_2,ai,True,ai,"gnarled trunk, claiming that if you pressed your palm to the bark and closed your eyes, you’d feel faint heartbeats, as if the oak’s memories were pulsing faintly"
conv_07895a6494a74fd3bbbf1c629d890e9d,ai-ai,3,3,True,author_2,ai,author_1,ai,False,ai,"beneath its leafy canopy, lanterns strung from limb to limb glowing like fireflies in the twilight. Musicians played lilting tunes as laughter mingled with the scent of wild thyme"
conv_07895a6494a74fd3bbbf1c629d890e9d,ai-ai,3,3,True,author_2,ai,author_2,ai,True,ai,"the soft moss clinging to its base, and promises tied with ribbons to the low-hanging branches. On the warmest night of midsummer, the villagers would gather for a festival"
conv_07895a6494a74fd3bbbf1c629d890e9d,ai-ai,4,4,True,author_2,ai,author_1,ai,False,ai,"She pressed her gnarled hand gently to the bark and closed her eyes, the crowd holding their breath. Slowly, she began to murmur a tale—a story she said"
conv_07895a6494a74fd3bbbf1c629d890e9d,ai-ai,4,4,True,author_2,ai,author_2,ai,True,ai,"and spiced bread drifting from picnic baskets. That night, a hush fell when Old Marta, the village’s storyteller, leaned on her walking stick and approached the tree’s trunk."
conv_07895a6494a74fd3bbbf1c629d890e9d,ai-ai,5,5,True,author_2,ai,author_1,ai,False,ai,"storm-lashed night. The wanderer, lost and weary, had spoken his secret fears aloud as rain drummed on the leaves. The oak, listening, cradled him"
conv_07895a6494a74fd3bbbf1c629d890e9d,ai-ai,5,5,True,author_2,ai,author_2,ai,True,ai,"the tree had whispered to her in her dreams. It was a tale of a wanderer who, ages ago, sought refuge beneath the oak’s young branches on a"
conv_07895a6494a74fd3bbbf1c629d890e9d,ai-ai,6,6,True,author_2,ai,author_1,ai,False,ai,"would guard not just him, but all who sought shelter—carrying their hopes, sorrows, and wishes for as long as it stood. Marta’s voice faded, and silence hung"
conv_07895a6494a74fd3bbbf1c629d890e9d,ai-ai,6,6,True,author_2,ai,author_2,ai,True,ai,"with its branches, keeping him dry and warm until morning. In gratitude, the wanderer left behind a silver locket, burying it beneath the roots and sealing a pact: the oak"
conv_07895a6494a74fd3bbbf1c629d890e9d,ai-ai,7,7,True,author_2,ai,author_1,ai,False,ai,"In that moment, every villager felt a quiet comfort settle in their bones. Children huddled close to parents, and old Marta smiled, her hand still resting on the bark. Someone"
conv_07895a6494a74fd3bbbf1c629d890e9d,ai-ai,7,7,True,author_2,ai,author_2,ai,True,ai,"thick in the air. Then, as if in answer, a gentle breeze rustled through the oak’s leaves, the lantern light dancing on the villagers’ faces."
conv_07895a6494a74fd3bbbf1c629d890e9d,ai-ai,8,8,True,author_2,ai,author_1,ai,False,ai,"oak seemed to sigh contentedly, leaves shimmering in the lantern light. Long after the last song faded, villagers lingered, each sure their wish and story would be remembered—held safe by"
conv_07895a6494a74fd3bbbf1c629d890e9d,ai-ai,8,8,True,author_2,ai,author_2,ai,True,ai,"began to sing a soft, familiar melody, and soon others joined in, filling the air with voices woven together like the roots beneath their feet. The old"
conv_07895a6494a74fd3bbbf1c629d890e9d,ai-ai,9,9,True,author_2,ai,author_1,ai,False,ai,"remained, wrapped around the roots with every whispered secret, every song and sorrow. And so, the old oak stood watch, century after century—a steadfast keeper of"
conv_07895a6494a74fd3bbbf1c629d890e9d,ai-ai,9,9,True,author_2,ai,author_2,ai,True,ai,"the ancient guardian. As dawn painted the sky with gold and rose, the villagers drifted home, hearts light. Beneath the oak’s sheltering branches, hope and memory"
conv_07895a6494a74fd3bbbf1c629d890e9d,ai-ai,10,10,True,author_2,ai,author_1,ai,False,ai,"its timeless shade. And whenever the wind danced through the leaves, the villagers would remember: the old oak was listening, always ready to welcome new hopes into the ever-growing tapestry of its"
conv_07895a6494a74fd3bbbf1c629d890e9d,ai-ai,10,10,True,author_2,ai,author_2,ai,True,ai,"all their stories, holding the soul of the village in its heartwood, gently guiding those who still dared to dream beneath"
conv_1135e4a162c64105aaf2934e6fecd74b,ai-ai,1,,False,author_2,ai,author_1,ai,False,ai,
conv_1135e4a162c64105aaf2934e6fecd74b,ai-ai,1,,False,author_2,ai,author_2,ai,True,ai,"Margot Chen, a clockmaker who lived above her shop on a narrow cobblestone street that time seemed to have forgotten. Every morning at"
conv_1135e4a162c64105aaf2934e6fecd74b,ai-ai,2,1,True,author_2,ai,author_1,ai,False,ai,"would lock it again, though no one could quite remember her ever explaining why those particular minutes mattered. The shop itself was a labyrinth of ticking, a"
conv_1135e4a162c64105aaf2934e6fecd74b,ai-ai,2,1,True,author_2,ai,author_2,ai,True,ai,"precisely 7:43, she would unlock the door with its brass bell that announced visitors with a cheerful *ting*, and every evening at 6:17, she"
conv_1135e4a162c64105aaf2934e6fecd74b,ai-ai,3,2,True,author_2,ai,author_1,ai,False,ai,"the walls lined with timepieces from every era imaginable—grandfather clocks that towered like sentinels, pocket watches displayed under glass domes, cuckoo clocks"
conv_1135e4a162c64105aaf2934e6fecd74b,ai-ai,3,2,True,author_2,ai,author_2,ai,True,ai,"symphony of gears and pendulums that somehow never fell out of harmony. Customers who entered seeking repairs often found themselves staying longer than intended, mesmerized by"
conv_1135e4a162c64105aaf2934e6fecd74b,ai-ai,4,3,True,author_2,ai,author_1,ai,False,ai,"of it to anyone. It stood motionless, its hands frozen at 11:34, its face cracked down the middle like a mirror that had witnessed something terrible."
conv_1135e4a162c64105aaf2934e6fecd74b,ai-ai,4,3,True,author_2,ai,author_2,ai,True,ai,"that announced the hours with carved wooden birds emerging to sing their mechanical songs. But it was the clock in the back corner that drew the most curious gazes, though Margot never spoke"
conv_1135e4a162c64105aaf2934e6fecd74b,ai-ai,5,4,True,author_2,ai,author_1,ai,False,ai,"the maze of clocks with unsettling familiarity, as though he'd walked this path a thousand times before. Margot's hands stilled over the pocket watch"
conv_1135e4a162c64105aaf2934e6fecd74b,ai-ai,5,4,True,author_2,ai,author_2,ai,True,ai,"One autumn afternoon, a stranger entered the shop just as the bells were striking four. He was tall and weathered, with silver threading through his dark hair, and he moved through"
conv_1135e4a162c64105aaf2934e6fecd74b,ai-ai,6,5,True,author_2,ai,author_1,ai,False,ai,"all these years."" His voice carried the weight of decades. Margot set down her tools carefully, each movement deliberate, buying time she suddenly wished she had more of."
conv_1135e4a162c64105aaf2934e6fecd74b,ai-ai,6,5,True,author_2,ai,author_2,ai,True,ai,"she'd been repairing, her tweezers trembling slightly. The stranger stopped directly before the broken clock in the corner, and without turning said, ""You kept it"
conv_1135e4a162c64105aaf2934e6fecd74b,ai-ai,7,6,True,author_2,ai,author_1,ai,False,ai,"his face held the same expression she remembered from that November night twenty years ago—half regret, half relief. ""Then you know why I've come back,"" he said,"
conv_1135e4a162c64105aaf2934e6fecd74b,ai-ai,7,6,True,author_2,ai,author_2,ai,True,ai,"""I kept my promise,"" she replied quietly, her eyes never leaving his back. ""Though I hoped I'd never have to explain why."" The stranger finally turned, and"
conv_1135e4a162c64105aaf2934e6fecd74b,ai-ai,8,7,True,author_2,ai,author_1,ai,False,ai,"felt her breath catch. ""Thomas,"" she whispered, and the name seemed to echo through the shop, causing the surrounding clocks to hesitate in their rhythms for"
conv_1135e4a162c64105aaf2934e6fecd74b,ai-ai,8,7,True,author_2,ai,author_2,ai,True,ai,"reaching into his coat pocket. He withdrew an ornate key, its brass surface etched with intricate patterns that matched the frozen clock's decorative face perfectly. Margot"
conv_1135e4a162c64105aaf2934e6fecd74b,ai-ai,9,8,True,author_2,ai,author_1,ai,False,ai,"Margot looked from the key to his eyes, searching for the man she'd once known beneath the years that had carved themselves into his features. ""If we start it"
conv_1135e4a162c64105aaf2934e6fecd74b,ai-ai,9,8,True,author_2,ai,author_2,ai,True,ai,"just a heartbeat before resuming. ""The clock can't stay broken forever,"" Thomas said, stepping closer with the key extended between them like an offering, or perhaps a question."
conv_1135e4a162c64105aaf2934e6fecd74b,ai-ai,10,9,True,author_2,ai,author_1,ai,False,ai,"near the key, trembling with the weight of two decades. Thomas nodded, his jaw tight. ""I know. But keeping time frozen has its own price, Margot."
conv_1135e4a162c64105aaf2934e6fecd74b,ai-ai,10,9,True,author_2,ai,author_2,ai,True,ai,"again,"" she said slowly, ""everything changes. Everyone we've protected, all the moments we've held suspended—they'll all come flooding back at once."" Her hand hovered"
conv_11c2622ee391485c9913d2f1479b665b,ai-ai,1,,True,author_1,ai,author_1,ai,True,ai,"two unlikely friends, a wise old owl named Oliver and a curious young rabbit called Rosie. They met one chilly autumn evening under a large oak tree,"
conv_11c2622ee391485c9913d2f1479b665b,ai-ai,1,,True,author_1,ai,author_2,ai,False,ai,"where Rosie had sought shelter from the sudden drizzle. Oliver, perched high above, noticed the small rabbit huddled beneath the thick branches. ""Why so glum"
conv_11c2622ee391485c9913d2f1479b665b,ai-ai,2,1,True,author_1,ai,author_1,ai,True,ai,"down there, little one?"" he called out gently. Rosie looked up, her ears perking at the sound of his soothing voice. ""I'm just a bit"
conv_11c2622ee391485c9913d2f1479b665b,ai-ai,2,1,True,author_1,ai,author_2,ai,False,ai,"cold and wet,"" she replied, shivering slightly. ""The rain caught me by surprise."" Oliver fluttered down gracefully, landing beside her. ""Well, you're welcome to"
conv_11c2622ee391485c9913d2f1479b665b,ai-ai,3,2,True,author_1,ai,author_1,ai,True,ai,"share my cozy nest up in the tree. It’s dry and warm,"" he offered. Rosie hesitated for a moment, then smiled gratefully. ""That would be wonderful,"
conv_11c2622ee391485c9913d2f1479b665b,ai-ai,3,2,True,author_1,ai,author_2,ai,False,ai,"thank you, Oliver!"" She followed him up the gnarled trunk, her paws finding footholds among the rough bark. Once they reached the nest, Rosie curled up"
conv_11c2622ee391485c9913d2f1479b665b,ai-ai,4,3,True,author_1,ai,author_1,ai,True,ai,"in the soft lining of leaves and twigs. The warmth was a delightful contrast to the cool, damp air outside. ""You know,"" Oliver began, settling next to her,"
conv_11c2622ee391485c9913d2f1479b665b,ai-ai,4,3,True,author_1,ai,author_2,ai,False,ai,"""this old oak has seen many seasons. It’s a good place to learn about the world."" Rosie’s eyes sparkled with curiosity. ""Can you tell me"
conv_11c2622ee391485c9913d2f1479b665b,ai-ai,5,4,True,author_1,ai,author_1,ai,True,ai,"a story, Oliver? Maybe something about the forest or its secrets?"" she asked, her ears twitching eagerly. Oliver closed his eyes, thinking for a moment, before he started to"
conv_11c2622ee391485c9913d2f1479b665b,ai-ai,5,4,True,author_1,ai,author_2,ai,False,ai,"speak. ""Long ago, when the forest was much younger, there was a hidden grove known as the Whispering Glade. It was said that if you listened carefully,"
conv_11c2622ee391485c9913d2f1479b665b,ai-ai,6,5,True,author_1,ai,author_1,ai,True,ai,"you could hear the spirits of the forest speaking through the rustling leaves and the gentle breeze. Many animals came seeking wisdom and guidance,"" Oliver continued, his voice taking on a mystical"
conv_11c2622ee391485c9913d2f1479b665b,ai-ai,6,5,True,author_1,ai,author_2,ai,False,ai,"quality. ""But to find the Whispering Glade, one needed not only courage but also a pure heart. Those who approached with selfish intentions never found it, while those who"
conv_11c2622ee391485c9913d2f1479b665b,ai-ai,7,6,True,author_1,ai,author_1,ai,True,ai,"were true and kind were often rewarded with profound insights and blessings."" Rosie listened intently, her imagination soaring with the tale. ""Do you think the Whispering Glade"
conv_11c2622ee391485c9913d2f1479b665b,ai-ai,7,6,True,author_1,ai,author_2,ai,False,ai,"still exists, Oliver?"" she asked, her eyes wide with wonder. ""Oh, I believe it does,"" he replied, nodding slowly. ""The forest holds many secrets,"
conv_11c2622ee391485c9913d2f1479b665b,ai-ai,8,7,True,author_1,ai,author_1,ai,True,ai,"and the Whispering Glade is one of them. Perhaps one day, if you show the right spirit, you might even find it yourself."" Rosie felt a warm thrill of"
conv_11c2622ee391485c9913d2f1479b665b,ai-ai,8,7,True,author_1,ai,author_2,ai,False,ai,"excitement. ""I would love to try,"" she said, her resolve growing. ""For now, though, let’s enjoy the peace of this moment."" They"
conv_11c2622ee391485c9913d2f1479b665b,ai-ai,9,8,True,author_1,ai,author_1,ai,True,ai,"sat in comfortable silence, the gentle sounds of the forest lulling them into a peaceful state. As the rain outside began to ease, the two friends felt a deep connection, knowing"
conv_11c2622ee391485c9913d2f1479b665b,ai-ai,9,8,True,author_1,ai,author_2,ai,False,ai,"that their journey together was only just beginning. Under the shelter of the old oak tree, they shared stories and dreams, each one weaving a thread in"
conv_11c2622ee391485c9913d2f1479b665b,ai-ai,10,9,True,author_1,ai,author_1,ai,True,ai,"the tapestry of their friendship. As the sky cleared and the first stars appeared, Rosie and Oliver made a pact to explore the forest together, seeking the wonders and mysteries that"
conv_11c2622ee391485c9913d2f1479b665b,ai-ai,10,9,True,author_1,ai,author_2,ai,False,ai,"lay ahead. Hand in paw, they ventured forth, ready to face whatever adventures awaited them in the vast, enchanting forest. And so, their tale began, a story of"
conv_13f71095fd0a4a1d8a69de1414e8a7b7,ai-ai,1,,True,author_1,ai,author_1,ai,True,ai,"a small, peculiar village nestled deep in the misty hills, where every sunrise was greeted not by the cheerful songs of birds, but by the haunting sound of a silver bell. The"
conv_13f71095fd0a4a1d8a69de1414e8a7b7,ai-ai,1,,True,author_1,ai,author_2,ai,False,ai,"residents believed the bell kept something at bay—a shadow that writhed between the trees at the edge of the forest, never quite seen but always felt. No outsiders visited the"
conv_13f71095fd0a4a1d8a69de1414e8a7b7,ai-ai,2,1,True,author_1,ai,author_1,ai,True,ai,"village, and few villagers dared tread beyond the worn cobblestone paths. They whispered stories to their children at night, cautioning them never to follow the bell’s"
conv_13f71095fd0a4a1d8a69de1414e8a7b7,ai-ai,2,1,True,author_1,ai,author_2,ai,False,ai,"echo if it rang after sunset. “Once you step past the old boundary stones,” old Mrs. Liddell would warn, her voice a trembling hush, “the bell"
conv_13f71095fd0a4a1d8a69de1414e8a7b7,ai-ai,3,2,True,author_1,ai,author_1,ai,True,ai,"can’t protect you anymore. Out there, the shadow knows your name.” One chilly evening, as fog pressed thick against the windows, young"
conv_13f71095fd0a4a1d8a69de1414e8a7b7,ai-ai,3,2,True,author_1,ai,author_2,ai,False,ai,"Eliora sat by the hearth, her curiosity burning brighter than the firelight. She’d always wondered if the stories were really true, or if the adults simply clung"
conv_13f71095fd0a4a1d8a69de1414e8a7b7,ai-ai,4,3,True,author_1,ai,author_1,ai,True,ai,"to superstition in hopes of keeping everyone safe. When she caught Thomas lingering near the window, eyes narrowed in concentration, she understood at once what he was thinking. With"
conv_13f71095fd0a4a1d8a69de1414e8a7b7,ai-ai,4,3,True,author_1,ai,author_2,ai,False,ai,"a conspiratorial glance, she crossed the room to stand beside him. “You hear it too, don’t you?” she whispered, as the silver bell’s chime echoed faintly"
conv_13f71095fd0a4a1d8a69de1414e8a7b7,ai-ai,5,4,True,author_1,ai,author_1,ai,True,ai,"through the swirling fog. Thomas nodded, his voice barely a breath. “It’s different tonight. Closer.” Their hearts thudded as, beyond the glass, something dark"
conv_13f71095fd0a4a1d8a69de1414e8a7b7,ai-ai,5,4,True,author_1,ai,author_2,ai,False,ai,"unfurled at the edge of the circle of lantern light—a shadow flickering, oddly shaped, as if it wore a cloak made of midnight. Eliora’s breath"
conv_13f71095fd0a4a1d8a69de1414e8a7b7,ai-ai,6,5,True,author_1,ai,author_1,ai,True,ai,"caught as the bell tolled once—sharper, more urgent. The shadow hesitated at the boundary stones, wavering. Thomas took a trembling step"
conv_13f71095fd0a4a1d8a69de1414e8a7b7,ai-ai,6,5,True,author_1,ai,author_2,ai,False,ai,"back, but Eliora, seized by a strange mix of fear and fascination, stepped forward instead. The mist parted just enough for her to see—within the"
conv_13f71095fd0a4a1d8a69de1414e8a7b7,ai-ai,7,6,True,author_1,ai,author_1,ai,True,ai,"flicker of the lantern’s glow—a pair of pale, searching eyes looking back at her from beneath the shadow’s hood. Time seemed to stretch; the bell’s echo faded, replaced"
conv_13f71095fd0a4a1d8a69de1414e8a7b7,ai-ai,7,6,True,author_1,ai,author_2,ai,False,ai,"by a silence so deep it pressed on her chest. Then, a voiceless whisper curled into her mind: **“Let me in.”** Eliora’s hand hovered over the"
conv_13f71095fd0a4a1d8a69de1414e8a7b7,ai-ai,8,7,True,author_1,ai,author_1,ai,True,ai,"windowsill, the cold glass damp beneath her fingers. She was rooted to the spot, Thomas’s frantic whisper barely reaching her ears."
conv_13f71095fd0a4a1d8a69de1414e8a7b7,ai-ai,8,7,True,author_1,ai,author_2,ai,False,ai,"The thing outside seemed to sense her hesitation. Its eyes glimmered with a strange longing, and for a heartbeat Eliora wondered if loneliness was something even shadows could"
conv_13f71095fd0a4a1d8a69de1414e8a7b7,ai-ai,9,8,True,author_1,ai,author_1,ai,True,ai,"carry. But Thomas’s hand closed around hers, steady and desperate. “We have to be stronger than the stories,” he pleaded. The thing beyond the stones began to retreat, its form"
conv_13f71095fd0a4a1d8a69de1414e8a7b7,ai-ai,9,8,True,author_1,ai,author_2,ai,False,ai,"blurring with the mist as the silver bell shivered out one final, thinly hopeful note. Eliora squeezed Thomas’s hand, her curiosity untamed but"
conv_13f71095fd0a4a1d8a69de1414e8a7b7,ai-ai,10,9,True,author_1,ai,author_1,ai,True,ai,"her resolve now grounded in something deeper—companionship, and the wisdom of old warnings. As the dawn broke and golden light dissolved the last traces of the shadow, Eliora and Thomas"
conv_13f71095fd0a4a1d8a69de1414e8a7b7,ai-ai,10,9,True,author_1,ai,author_2,ai,False,ai,"realized that though the bell’s warning would always sound, it was courage and the strength of friends that truly kept the darkness at bay. And as the village awoke, bathed in"
conv_145de5a68d014da88f143860a2aed6fd,ai-ai,1,1,True,author_2,ai,author_1,ai,False,ai,"the narrow, cobblestoned streets of Prague's Old Town. The shop had been shuttered for three months following her grandmother's passing, and when Margot"
conv_145de5a68d014da88f143860a2aed6fd,ai-ai,1,1,True,author_2,ai,author_2,ai,True,ai,"Margot, who discovered she could taste colors whenever she touched old books. It started the day she inherited her grandmother's bookshop in"
conv_145de5a68d014da88f143860a2aed6fd,ai-ai,2,2,True,author_2,ai,author_1,ai,False,ai,"around her like a forgotten embrace. She reached out to steady herself against the nearest shelf, her fingers brushing the cracked leather spine of a volume whose gilt lettering had long"
conv_145de5a68d014da88f143860a2aed6fd,ai-ai,2,2,True,author_2,ai,author_2,ai,True,ai,"pushed open the weathered door, a cascade of sensations overwhelmed her. Dust motes danced in the amber afternoon light, and the musty scent of aging paper wrapped"
conv_145de5a68d014da88f143860a2aed6fd,ai-ai,3,3,True,author_2,ai,author_1,ai,False,ai,"a single, startling flavor that made her gasp. Margot jerked her hand back, her heart hammering against her ribs. She stared at"
conv_145de5a68d014da88f143860a2aed6fd,ai-ai,3,3,True,author_2,ai,author_2,ai,True,ai,"since faded to shadow. The moment her skin made contact, her mouth flooded with the sharp tang of copper and burnt orange—autumn leaves and woodsmoke compressed into"
conv_145de5a68d014da88f143860a2aed6fd,ai-ai,4,4,True,author_2,ai,author_1,ai,False,ai,"nothing to do with her tongue and everything to do with something deeper, some synesthetic bridge her grandmother's shop had awakened in her. The copper-orange flavor bloomed"
conv_145de5a68d014da88f143860a2aed6fd,ai-ai,4,4,True,author_2,ai,author_2,ai,True,ai,"the book as if it had bitten her, then cautiously extended her fingertips again. This time she was prepared for the sensation—that impossible, vivid taste that had"
conv_145de5a68d014da88f143860a2aed6fd,ai-ai,5,5,True,author_2,ai,author_1,ai,False,ai,"indigo of midnight that tasted oddly of anise and rain. Margot pulled the book from the shelf with trembling hands, cradling it as though"
conv_145de5a68d014da88f143860a2aed6fd,ai-ai,5,5,True,author_2,ai,author_2,ai,True,ai,"again, but now she detected layers beneath it: the honeyed gold of candlelight, a flash of crimson like crushed berries, the deep"
conv_145de5a68d014da88f143860a2aed6fd,ai-ai,6,6,True,author_2,ai,author_1,ai,False,ai,"stars or perhaps letters from an alphabet she'd never seen. As she traced the symbol with her thumb, a new taste emerged—silver and mint, cold as December wind"
conv_145de5a68d014da88f143860a2aed6fd,ai-ai,6,6,True,author_2,ai,author_2,ai,True,ai,"it might dissolve at any moment. The cover bore no title, only an embossed symbol she didn't recognize—a key intertwined with what looked like a spiral of"
conv_145de5a68d014da88f143860a2aed6fd,ai-ai,7,7,True,author_2,ai,author_1,ai,False,ai,"worn in those final weeks, as if she'd been keeping a secret too precious to speak aloud. Margot carried the book to the wooden counter where her grandmother had"
conv_145de5a68d014da88f143860a2aed6fd,ai-ai,7,7,True,author_2,ai,author_2,ai,True,ai,"yet somehow comforting, familiar in a way that tugged at memories she couldn't quite grasp. Her grandmother's face flickered through her mind, that knowing smile she'd"
conv_145de5a68d014da88f143860a2aed6fd,ai-ai,8,8,True,author_2,ai,author_1,ai,False,ai,"register, her name written across it in her grandmother's elegant, slanting script. Margot's fingers hesitated above it, then slipped the envelope free. Inside, a"
conv_145de5a68d014da88f143860a2aed6fd,ai-ai,8,8,True,author_2,ai,author_2,ai,True,ai,"spent countless hours, its surface worn smooth by decades of use. She set the book down gently and noticed for the first time an envelope tucked beneath the cash"
conv_145de5a68d014da88f143860a2aed6fd,ai-ai,9,9,True,author_2,ai,author_1,ai,False,ai,"reading this, then the gift has awakened in you as it did in me, and in my mother before me. The books remember, darling—every hand that held"
conv_145de5a68d014da88f143860a2aed6fd,ai-ai,9,9,True,author_2,ai,author_2,ai,True,ai,"single page, cream-colored and heavy with intention. Her grandmother's words seemed to shimmer in the fading light: *My dearest Margot, if you're"
conv_145de5a68d014da88f143860a2aed6fd,ai-ai,10,10,True,author_2,ai,author_1,ai,False,ai,"a keeper of souls, a bridge between what was and what still yearns to be known. You alone can hear what they whisper now. Trust the flavors, follow where"
conv_145de5a68d014da88f143860a2aed6fd,ai-ai,10,10,True,author_2,ai,author_2,ai,True,ai,"them, every heart that loved them, every moment they witnessed. What you taste is their memory made manifest. This shop is not merely a collection of stories, but"
conv_1547fb2c3c8a489186d0682465ab3451,ai-ai,1,1,True,author_2,ai,author_1,ai,False,ai,"creatures that lived deep within the forest, where the trees grew tallest and the underbrush was thickest. According to her grandmother, the forest was home to ancient beings with mystical powers,"
conv_1547fb2c3c8a489186d0682465ab3451,ai-ai,1,1,True,author_2,ai,author_2,ai,True,ai,"a young girl named Sophia who lived in a small village surrounded by vast, rolling hills and dense forests. She had always been fascinated by the stories her grandmother told her about the magical"
conv_1547fb2c3c8a489186d0682465ab3451,ai-ai,2,2,True,author_2,ai,author_1,ai,False,ai,"with excitement and a hint of fear as she ventured deeper into the woods, the trees seeming to close in around her like sentinels guarding a secret world. The rustle of"
conv_1547fb2c3c8a489186d0682465ab3451,ai-ai,2,2,True,author_2,ai,author_2,ai,True,ai,"and Sophia longed to catch a glimpse of them, to see if the stories were true. She would often sneak away from her chores and wander into the forest, her heart pounding"
conv_1547fb2c3c8a489186d0682465ab3451,ai-ai,3,3,True,author_2,ai,author_1,ai,False,ai,"scanned her surroundings, her eyes darting from the gnarled trunk of an ancient oak to the delicate wildflowers that swayed in the gentle breeze. Suddenly, a faint"
conv_1547fb2c3c8a489186d0682465ab3451,ai-ai,3,3,True,author_2,ai,author_2,ai,True,ai,"leaves and the snapping of twigs beneath her feet were the only sounds that broke the silence, and Sophia felt as though she was being watched, her senses heightened as she"
conv_1547fb2c3c8a489186d0682465ab3451,ai-ai,4,4,True,author_2,ai,author_1,ai,False,ai,"the humming was calling to her, drawing her closer to the thicket with an otherworldly allure. She approached the thicket cautiously, her hand reaching out to part the tangled"
conv_1547fb2c3c8a489186d0682465ab3451,ai-ai,4,4,True,author_2,ai,author_2,ai,True,ai,"humming noise caught her attention, a soft, melodic sound that seemed to emanate from a nearby thicket, and Sophia felt an inexplicable pull, as if"
conv_1547fb2c3c8a489186d0682465ab3451,ai-ai,5,5,True,author_2,ai,author_1,ai,False,ai,"a figure sat on a moss-covered stone, its back to Sophia, surrounded by a halo of soft, ethereal light that seemed to pulse in time with the humming"
conv_1547fb2c3c8a489186d0682465ab3451,ai-ai,5,5,True,author_2,ai,author_2,ai,True,ai,"branches, and as she did, the humming grew louder, swirling around her like a vortex of sound, until she pushed aside the final branch and stepped into a small, secluded clearing, where"
conv_1547fb2c3c8a489186d0682465ab3451,ai-ai,6,6,True,author_2,ai,author_1,ai,False,ai,"and Sophia felt her breath catch in her throat as she saw the figure's face, a face that was both familiar and yet utterly strange, with eyes that shone like stars"
conv_1547fb2c3c8a489186d0682465ab3451,ai-ai,6,6,True,author_2,ai,author_2,ai,True,ai,"noise, which had now grown so loud that it was almost palpable, vibrating through every cell in Sophia's body. The figure slowly began to turn, its movement almost imperceptible,"
conv_1547fb2c3c8a489186d0682465ab3451,ai-ai,7,7,True,author_2,ai,author_1,ai,False,ai,"mirth, a fleeting glimmer of amusement that danced across the figure's face, and Sophia felt a jolt of recognition, as if she had seen those eyes before, though"
conv_1547fb2c3c8a489186d0682465ab3451,ai-ai,7,7,True,author_2,ai,author_2,ai,True,ai,"in the fading light, eyes that seemed to hold a deep wisdom and a profound sadness, and yet, as they met Sophia's gaze, they sparkled with a hint of"
conv_1547fb2c3c8a489186d0682465ab3451,ai-ai,8,8,True,author_2,ai,author_1,ai,False,ai,"voice that was like a soft breeze on a summer's day, a voice that carried the scent of wildflowers and the whispers of ancient secrets, saying a"
conv_1547fb2c3c8a489186d0682465ab3451,ai-ai,8,8,True,author_2,ai,author_2,ai,True,ai,"she couldn't quite place where, and the figure, as if sensing her confusion, smiled, a gentle, enigmatic smile that deepened the mystery, and spoke in a"
conv_1547fb2c3c8a489186d0682465ab3451,ai-ai,9,9,True,author_2,ai,author_1,ai,False,ai,"her began to shift and ripple, like the surface of a pond disturbed by a thrown stone, and memories long forgotten began to rise to the surface, memories of a life beyond the"
conv_1547fb2c3c8a489186d0682465ab3451,ai-ai,9,9,True,author_2,ai,author_2,ai,True,ai,"single word, a word that was both a question and a statement, a word that held the power to change everything: ""Remember."" And as Sophia heard that word, the world around"
conv_1547fb2c3c8a489186d0682465ab3451,ai-ai,10,10,True,author_2,ai,author_1,ai,False,ai,"that she was not just a simple village girl, but a guardian, a keeper of ancient secrets and a wielder of forgotten powers, and as the memories flooded back, Sophia felt her true"
conv_1547fb2c3c8a489186d0682465ab3451,ai-ai,10,10,True,author_2,ai,author_2,ai,True,ai,"village, of a time before the forest, of a world where magic was woven into the very fabric of existence, and Sophia's eyes widened as she recalled the truth,"
conv_1a4cdabdded94039ac38c6be264efe9f,ai-ai,1,1,True,author_2,ai,author_1,ai,False,ai,"Eli Turner realized that the light wasn't just a pretty spectacle. He watched from his attic window, clutching the journal he'd found in the hollow of the old"
conv_1a4cdabdded94039ac38c6be264efe9f,ai-ai,1,1,True,author_2,ai,author_2,ai,True,ai,a small town where the sky sometimes shimmered with mysterious green light and the townsfolk kept secrets older than the largest oak tree in the park. It begins on the night when twelve-year-old
conv_1a4cdabdded94039ac38c6be264efe9f,ai-ai,2,2,True,author_2,ai,author_1,ai,False,ai,"phases and detailed sketches of animal tracks, Eli found a warning: “When the sky dances green, old truths waken. Beware the beckoning shadows near"
conv_1a4cdabdded94039ac38c6be264efe9f,ai-ai,2,2,True,author_2,ai,author_2,ai,True,ai,"oak tree just hours before. The shimmering green waves rippled over the rooftops, illuminating the town in an ethereal glow. In the journal, scrawled between notes about moon"
conv_1a4cdabdded94039ac38c6be264efe9f,ai-ai,3,3,True,author_2,ai,author_1,ai,False,ai,"stronger than fear. He glanced at his dusty clock—midnight. As the light intensified, spilling ghostly patterns across his walls, Eli knew he couldn’t ignore the journal’s"
conv_1a4cdabdded94039ac38c6be264efe9f,ai-ai,3,3,True,author_2,ai,author_2,ai,True,ai,"the Willow Bridge. All things hidden seek the light.” Those words pulsed with a strange weight as the green shimmer grew stronger. Eli shivered, but curiosity tugged at him"
conv_1a4cdabdded94039ac38c6be264efe9f,ai-ai,4,4,True,author_2,ai,author_1,ai,False,ai,"laced with the scent of wet earth and distant honeysuckle. The green light painted twisting shadows as he made his way toward Willow Bridge. Each footstep felt heavier, as if"
conv_1a4cdabdded94039ac38c6be264efe9f,ai-ai,4,4,True,author_2,ai,author_2,ai,True,ai,"warning—or its invitation. He crept downstairs, careful not to wake his mother. With the journal pressed to his chest, Eli stepped outside, the night air cool and"
conv_1a4cdabdded94039ac38c6be264efe9f,ai-ai,5,5,True,author_2,ai,author_1,ai,False,ai,"pooled beneath the arches like mist, swirling and shifting. Eli hesitated, heart pounding, but the words from the journal echoed in his mind. He crossed to the center"
conv_1a4cdabdded94039ac38c6be264efe9f,ai-ai,5,5,True,author_2,ai,author_2,ai,True,ai,"the air itself resisted his progress. Silence pressed in around him, broken only by the soft whisper of wind through the willows. When he reached the bridge, the green glow"
conv_1a4cdabdded94039ac38c6be264efe9f,ai-ai,6,6,True,author_2,ai,author_1,ai,False,ai,"drifting just at the edge of sight. Eli strained to see, his breath catching as the shapes seemed to coalesce into faint figures. One of them, taller and clearer than the"
conv_1a4cdabdded94039ac38c6be264efe9f,ai-ai,6,6,True,author_2,ai,author_2,ai,True,ai,"of the bridge, the boards creaking softly beneath his shoes. The air sizzled with anticipation. Suddenly, something in the swirling glow moved—shapes, barely visible,"
conv_1a4cdabdded94039ac38c6be264efe9f,ai-ai,7,7,True,author_2,ai,author_1,ai,False,ai,"journal to the page marked with a pressed willow leaf. The figure’s gaze locked on the page, and as Eli traced the words—""All things hidden seek"
conv_1a4cdabdded94039ac38c6be264efe9f,ai-ai,7,7,True,author_2,ai,author_2,ai,True,ai,"others, extended a hand toward Eli. Its outline glimmered with energy, eyes shining like emerald flames. The journal grew warm in his hands. Without fully understanding why, Eli opened the"
conv_1a4cdabdded94039ac38c6be264efe9f,ai-ai,8,8,True,author_2,ai,author_1,ai,False,ai,"from forgotten photographs, faces both haunting and kind. Their secrets, bound to the shimmering sky, filled the air as gentle voices whispered: “Thank you, Eli."
conv_1a4cdabdded94039ac38c6be264efe9f,ai-ai,8,8,True,author_2,ai,author_2,ai,True,ai,"the light""—the figure nodded. The green shimmer surged, and Eli felt a rush of wind. Suddenly, the shapes took on solidity—revealing old townsfolk"
conv_1a4cdabdded94039ac38c6be264efe9f,ai-ai,9,9,True,author_2,ai,author_1,ai,False,ai,"on the bridge, the journal cool and silent in his hands. A deep sense of peace settled over him. He looked back at the old oak tree, feeling its silent approval and"
conv_1a4cdabdded94039ac38c6be264efe9f,ai-ai,9,9,True,author_2,ai,author_2,ai,True,ai,"You remembered.” The figures smiled, their forms growing brighter until they became part of the light itself. The green glow dimmed, returning the sky to midnight blue. Eli stood alone"
conv_1a4cdabdded94039ac38c6be264efe9f,ai-ai,10,10,True,author_2,ai,author_1,ai,False,ai,"the sky shimmered green, Eli would smile, remembering what he’d learned—and knowing that some mysteries were meant to be shared, if one was brave enough to seek them beneath"
conv_1a4cdabdded94039ac38c6be264efe9f,ai-ai,10,10,True,author_2,ai,author_2,ai,True,ai,"knowing he had honored the secrets and stories that shaped his town. As he made his way home beneath the returning stars, Eli felt lighter, changed. From then on, whenever"
conv_1b0e1bf3782340208c862eb1953a6489,ai-ai,1,,True,author_1,ai,author_1,ai,True,ai,"Ella, a young woman with a heart full of dreams and a spirit as wild as the untamed forests she loved to explore. Ella lived in a small village nestled at the"
conv_1b0e1bf3782340208c862eb1953a6489,ai-ai,1,,True,author_1,ai,author_2,ai,False,ai,"foot of the towering Grey Mountains. The villagers often spoke of the mystical creatures that roamed the dense woods, but Ella was drawn to these tales rather than frightened by"
conv_1b0e1bf3782340208c862eb1953a6489,ai-ai,2,1,True,author_1,ai,author_1,ai,True,ai,"them. She spent her days wandering through the forest, her eyes and ears always open for any sign of the legendary beasts. One crisp autumn morning, as the leaves painted the"
conv_1b0e1bf3782340208c862eb1953a6489,ai-ai,2,1,True,author_1,ai,author_2,ai,False,ai,"ground in hues of gold and crimson, Ella ventured deeper into the forest than she ever had before. The path she followed twists and turns, leading her to a hidden glade"
conv_1b0e1bf3782340208c862eb1953a6489,ai-ai,3,2,True,author_1,ai,author_1,ai,True,ai,"bathed in a soft, ethereal light. In the center of the clearing stood an ancient oak tree, its branches reaching out like the arms of a wise old"
conv_1b0e1bf3782340208c862eb1953a6489,ai-ai,3,2,True,author_1,ai,author_2,ai,False,ai,"guardian. As Ella approached, she noticed that the tree’s bark was etched with intricate symbols and runes, glowing faintly under the dappled"
conv_1b0e1bf3782340208c862eb1953a6489,ai-ai,4,3,True,author_1,ai,author_1,ai,True,ai,"sunlight. Curiosity piqued, Ella reached out to touch the symbols, and as her fingers brushed against the bark, the air around her shimmered. A gentle breeze whispered through"
conv_1b0e1bf3782340208c862eb1953a6489,ai-ai,4,3,True,author_1,ai,author_2,ai,False,ai,"the leaves, and the symbols on the tree began to pulse with a brighter light. Suddenly, the ground beneath Ella’s feet trembled, and the air filled with a"
conv_1b0e1bf3782340208c862eb1953a6489,ai-ai,5,4,True,author_1,ai,author_1,ai,True,ai,"mysterious energy. The oak tree seemed to come alive, its branches swaying as if in greeting. From the heart of the tree, a figure emerged—a graceful, ethereal being"
conv_1b0e1bf3782340208c862eb1953a6489,ai-ai,5,4,True,author_1,ai,author_2,ai,False,ai,"with hair as golden as the sun and eyes that sparkled like starlight. The being stepped forward, her presence both calming and awe-inspiring. “Welcome, Ella,”"
conv_1b0e1bf3782340208c862eb1953a6489,ai-ai,6,5,True,author_1,ai,author_1,ai,True,ai,"she said in a voice that resonated with the wisdom of ages. “I am Elara, guardian of this sacred place. You have been chosen to embark on a journey that"
conv_1b0e1bf3782340208c862eb1953a6489,ai-ai,6,5,True,author_1,ai,author_2,ai,False,ai,"will test your courage and strengthen your spirit. The forest is in peril, and only you can restore the balance. Are you willing to accept this challenge?” Ella’s heart"
conv_1b0e1bf3782340208c862eb1953a6489,ai-ai,7,6,True,author_1,ai,author_1,ai,True,ai,"raced with a mix of excitement and trepidation. She took a deep breath, her resolve firming. “Yes, I am ready,” she replied, her voice"
conv_1b0e1bf3782340208c862eb1953a6489,ai-ai,7,6,True,author_1,ai,author_2,ai,False,ai,"steady and clear. Elara smiled, a warm light spreading across her face. “Then let your journey begin. Follow the path that leads north, and trust in the"
conv_1b0e1bf3782340208c862eb1953a6489,ai-ai,8,7,True,author_1,ai,author_1,ai,True,ai,"signs that will guide you. The forest and its creatures will be your allies. Go now, and may the spirits watch over you.” With those words, Elara faded back into the"
conv_1b0e1bf3782340208c862eb1953a6489,ai-ai,8,7,True,author_1,ai,author_2,ai,False,ai,"ancient oak, leaving Ella alone in the glade. The young woman took one last look at the tree, feeling a deep connection to the forest and its mysteries. With a determined"
conv_1b0e1bf3782340208c862eb1953a6489,ai-ai,9,8,True,author_1,ai,author_1,ai,True,ai,"step, Ella set off along the northern path, her heart filled with purpose and her spirit alight with the promise of adventure. The journey ahead was unknown, but Ella was ready to"
conv_1b0e1bf3782340208c862eb1953a6489,ai-ai,9,8,True,author_1,ai,author_2,ai,False,ai,"face whatever challenges lay in her path. As she walked, the forest seemed to whisper words of encouragement, and the rustling leaves felt like the gentle touch of friends. The sun began"
conv_1b0e1bf3782340208c862eb1953a6489,ai-ai,10,9,True,author_1,ai,author_1,ai,True,ai,"to set, casting long shadows and painting the sky in shades of orange and pink. Ella found a cozy spot by a babbling brook to rest for the night."
conv_1b0e1bf3782340208c862eb1953a6489,ai-ai,10,9,True,author_1,ai,author_2,ai,False,ai,"She built a small fire and settled down, the flickering flames casting dancing shadows around her. As she drifted off to sleep, the sounds of the forest lullaby"
conv_23a11cb8a62046a39c8eaeb4b4f1a0fc,ai-ai,1,1,True,author_2,ai,author_1,ai,False,ai,"in her living room, which"
conv_23a11cb8a62046a39c8eaeb4b4f1a0fc,ai-ai,1,1,True,author_2,ai,author_2,ai,True,ai,"Margot Chen, who discovered on her forty-third birthday that she could hear the thoughts of plants. It started with the fiddle-leaf fig"
conv_23a11cb8a62046a39c8eaeb4b4f1a0fc,ai-ai,2,2,True,author_2,ai,author_1,ai,False,ai,"somewhere deeper, like a whisper pressed directly into her mind: *thirsty, always thirsty, roots drowning.* Margot froze, coffee pot"
conv_23a11cb8a62046a39c8eaeb4b4f1a0fc,ai-ai,2,2,True,author_2,ai,author_2,ai,True,ai,"had been slowly dying despite her best efforts. That morning, as she poured her coffee and glanced at its drooping leaves, she heard it—not with her ears, but"
conv_23a11cb8a62046a39c8eaeb4b4f1a0fc,ai-ai,3,3,True,author_2,ai,author_1,ai,False,ai,"with a desperate, alien clarity that made her skin prickle. She set down the pot with trembling hands and approached the plant, kneeling before its ceramic"
conv_23a11cb8a62046a39c8eaeb4b4f1a0fc,ai-ai,3,3,True,author_2,ai,author_2,ai,True,ai,"still tilted in her hand, watching the dark liquid overflow her mug and pool across the counter. The fig's voice—if it could be called a voice—pulsed"
conv_23a11cb8a62046a39c8eaeb4b4f1a0fc,ai-ai,4,4,True,author_2,ai,author_1,ai,False,ai,"no oxygen, no room for the roots to breathe. *Drowning,* the fig whispered again, and now Margot understood. She'd"
conv_23a11cb8a62046a39c8eaeb4b4f1a0fc,ai-ai,4,4,True,author_2,ai,author_2,ai,True,ai,"pot. Her fingers touched the soil, finding it paradoxically damp yet compacted, a sodden mass that held water like a sponge but offered"
conv_23a11cb8a62046a39c8eaeb4b4f1a0fc,ai-ai,5,5,True,author_2,ai,author_1,ai,False,ai,"compelled to respond. The fig's presence in her mind shifted—not quite forgiveness, but a patient, vegetative acceptance. She rushed to find a larger pot,"
conv_23a11cb8a62046a39c8eaeb4b4f1a0fc,ai-ai,5,5,True,author_2,ai,author_2,ai,True,ai,"been killing it with kindness, overwatering out of guilt each time a leaf yellowed. ""I'm sorry,"" she murmured aloud, feeling foolish yet"
conv_23a11cb8a62046a39c8eaeb4b4f1a0fc,ai-ai,6,6,True,author_2,ai,author_1,ai,False,ai,"her consciousness—this one wilder, more insistent. The tomato plants outside in her neglected garden, their voices a chaotic chorus: *hungry, splitting, give"
conv_23a11cb8a62046a39c8eaeb4b4f1a0fc,ai-ai,6,6,True,author_2,ai,author_2,ai,True,ai,"fresh soil, anything to help, but as her hands touched the bag of potting mix in the garage, another voice bloomed in"
conv_23a11cb8a62046a39c8eaeb4b4f1a0fc,ai-ai,7,7,True,author_2,ai,author_1,ai,False,ai,"blossom-end rot blackening the bottoms of nearly ripe tomatoes, the plants' anguish radiating like heat. Around her, the"
conv_23a11cb8a62046a39c8eaeb4b4f1a0fc,ai-ai,7,7,True,author_2,ai,author_2,ai,True,ai,"us calcium, our fruits are tearing themselves apart.* Margot stumbled outside, still in her bathrobe, and saw them clearly now—the"
conv_23a11cb8a62046a39c8eaeb4b4f1a0fc,ai-ai,8,8,True,author_2,ai,author_1,ai,False,ai,"maple tree in the corner groaned about its diseased branch. The cacophony overwhelmed her, dozens of botanical voices clamoring for attention, each with its own needs"
conv_23a11cb8a62046a39c8eaeb4b4f1a0fc,ai-ai,8,8,True,author_2,ai,author_2,ai,True,ai,"entire garden erupted into声—声 into sound. The roses screamed about aphids, the lavender hummed contentedly in the morning sun, the"
conv_23a11cb8a62046a39c8eaeb4b4f1a0fc,ai-ai,9,9,True,author_2,ai,author_1,ai,False,ai,"whispered, ""one at a time."" And miraculously, they listened. The voices dimmed to a manageable murmur, and the"
conv_23a11cb8a62046a39c8eaeb4b4f1a0fc,ai-ai,9,9,True,author_2,ai,author_2,ai,True,ai,"and pain and joy, until Margot pressed her palms against her temples and sank to her knees in the dewy grass. ""Please,"" she"
conv_23a11cb8a62046a39c8eaeb4b4f1a0fc,ai-ai,10,10,True,author_2,ai,author_1,ai,False,ai,"I will thrive for another century.* Margot looked up at the gnarled giant that had shaded her home since before she'd bought it, seeing now the"
conv_23a11cb8a62046a39c8eaeb4b4f1a0fc,ai-ai,10,10,True,author_2,ai,author_2,ai,True,ai,"maple tree spoke first, its voice ancient and patient as oak. *The branch—northeast side, third from the trunk. It poisons me slowly. Cut it away, and"
conv_24be5ad5ae8b490a89787a75511dc012,ai-ai,1,1,True,author_2,ai,author_1,ai,False,ai,"listened closely. Sophia was one such listener, often wandering to the foot of the mountains at dawn and dusk, when the wind was said to carry the whispers most clearly. She would"
conv_24be5ad5ae8b490a89787a75511dc012,ai-ai,1,1,True,author_2,ai,author_2,ai,True,ai,"a young woman named Sophia, who lived in a small village nestled between two great mountains. The villagers believed that the mountains held many secrets, and that the wind whispers ancient tales to those who"
conv_24be5ad5ae8b490a89787a75511dc012,ai-ai,2,2,True,author_2,ai,author_1,ai,False,ai,"the whispers had been indistinct, a soft murmuring that seemed to come from all directions at once, but as Sophia continued to listen, she began to pick out words and"
conv_24be5ad5ae8b490a89787a75511dc012,ai-ai,2,2,True,author_2,ai,author_2,ai,True,ai,"sit at the base of the larger mountain, her back against the cold stone, and close her eyes, letting the gentle breeze carry the whispers to her ears. At first,"
conv_24be5ad5ae8b490a89787a75511dc012,ai-ai,3,3,True,author_2,ai,author_1,ai,False,ai,"found herself looking forward to these daily listening sessions, as if the mountains were sharing a great mystery with her, and she was slowly unraveling the threads of a long-forgotten"
conv_24be5ad5ae8b490a89787a75511dc012,ai-ai,3,3,True,author_2,ai,author_2,ai,True,ai,"phrases, and eventually, entire sentences that seemed to be speaking directly to her. The words were always cryptic, but they filled Sophia with a sense of wonder and curiosity, and she"
conv_24be5ad5ae8b490a89787a75511dc012,ai-ai,4,4,True,author_2,ai,author_1,ai,False,ai,"couldn't help but feel that the whispers were connected to this lost civilization, that the mountains were sharing with her the remnants of their forgotten lore, and that she was being drawn into a world"
conv_24be5ad5ae8b490a89787a75511dc012,ai-ai,4,4,True,author_2,ai,author_2,ai,True,ai,"legend. The villagers had always spoken of an ancient civilization that once thrived in the mountains, a people with knowledge and power that had been lost to the sands of time, and Sophia"
conv_24be5ad5ae8b490a89787a75511dc012,ai-ai,5,5,True,author_2,ai,author_1,ai,False,ai,"visions, fleeting glimpses of a world that was both familiar and yet utterly alien, where towering spires pierced the sky and ancient forests stretched as far as the eye could"
conv_24be5ad5ae8b490a89787a75511dc012,ai-ai,5,5,True,author_2,ai,author_2,ai,True,ai,"of ancient magic and mystery, where the boundaries between reality and myth blurred like the mist that shrouded the mountains at dawn. As she listened, Sophia began to experience strange"
conv_24be5ad5ae8b490a89787a75511dc012,ai-ai,6,6,True,author_2,ai,author_1,ai,False,ai,"guarding secrets that only the most attentive of listeners, like Sophia, could begin to discern. The visions were fragmented and ephemeral, but they left Sophia with a sense of"
conv_24be5ad5ae8b490a89787a75511dc012,ai-ai,6,6,True,author_2,ai,author_2,ai,True,ai,"see, and where creatures with eyes that shone like stars and skin that seemed to be woven from the very fabric of the mountains themselves moved with a quiet purpose, as if they were"
conv_24be5ad5ae8b490a89787a75511dc012,ai-ai,7,7,True,author_2,ai,author_1,ai,False,ai,"with star-like eyes, to see where they would lead her and what secrets they would reveal. The longing grew stronger with each passing day, until Sophia could no longer resist its"
conv_24be5ad5ae8b490a89787a75511dc012,ai-ai,7,7,True,author_2,ai,author_2,ai,True,ai,"longing, a deep and abiding yearning to step into the world that the mountains were showing her, to walk among the ancient trees and to follow the creatures"
conv_24be5ad5ae8b490a89787a75511dc012,ai-ai,8,8,True,author_2,ai,author_1,ai,False,ai,"her to the very core of the mystical world that had been unfolding before her, a journey that would require her to leave behind the familiarity of her village and embark into the unknown, where"
conv_24be5ad5ae8b490a89787a75511dc012,ai-ai,8,8,True,author_2,ai,author_2,ai,True,ai,"pull, and she felt herself being drawn into the heart of the mountains, as if the whispers and visions had been merely a prelude to a greater journey, one that would take"
conv_24be5ad5ae8b490a89787a75511dc012,ai-ai,9,9,True,author_2,ai,author_1,ai,False,ai,"hidden for so long, secrets that would change her life forever, and as she stepped across the threshold, the mountains seemed to whisper a final message in her ear, a message that only"
conv_24be5ad5ae8b490a89787a75511dc012,ai-ai,9,9,True,author_2,ai,author_2,ai,True,ai,"the ancient magic that had been calling to her would finally be revealed in all its glory, and Sophia would discover the truth about herself, the mountains, and the secrets that had been"
conv_24be5ad5ae8b490a89787a75511dc012,ai-ai,10,10,True,author_2,ai,author_1,ai,False,ai,"ever be the same again, for she had unlocked the door to a new world, a world of wonder and enchantment, where the boundaries of reality were stretched and the magic of"
conv_24be5ad5ae8b490a89787a75511dc012,ai-ai,10,10,True,author_2,ai,author_2,ai,True,ai,"she could hear, a message that spoke directly to her heart, and in that moment, Sophia knew that she had finally found what she had been searching for, and that nothing would"
conv_25b3327db15a448db32cb8f42d05655e,ai-ai,1,1,True,author_2,ai,author_1,ai,False,ai,"if she followed those whispers into the depths of the woods. One blustery night, as wind rattled against the panes and her parents snored in the next room,"
conv_25b3327db15a448db32cb8f42d05655e,ai-ai,1,1,True,author_2,ai,author_2,ai,True,ai,"a little girl named Clara who lived at the edge of a wild forest. The trees outside her window whispered secrets whenever the moon was high, and Clara often wondered what would happen"
conv_25b3327db15a448db32cb8f42d05655e,ai-ai,2,2,True,author_2,ai,author_1,ai,False,ai,"the foot of her bed. With each step, her heart thudded louder—was it her nerves, or the call of the forest urging her on? She eased open the"
conv_25b3327db15a448db32cb8f42d05655e,ai-ai,2,2,True,author_2,ai,author_2,ai,True,ai,"Clara slipped quietly from her bed and tiptoed across the creaking floorboards. She wrapped herself in her softest scarf, careful not to wake the old tabby curled at"
conv_25b3327db15a448db32cb8f42d05655e,ai-ai,3,3,True,author_2,ai,author_1,ai,False,ai,"silver ribbons across her path, illuminating every pebble and fallen leaf. Clara took a steadying breath and followed the shimmering trail into the darkness. The trees seemed to lean"
conv_25b3327db15a448db32cb8f42d05655e,ai-ai,3,3,True,author_2,ai,author_2,ai,True,ai,"window, cold air stinging her cheeks and tangling her curls. Clara swung her legs over the sill and dropped onto the dew-soaked grass below. The moonlight painted"
conv_25b3327db15a448db32cb8f42d05655e,ai-ai,4,4,True,author_2,ai,author_1,ai,False,ai,"to the dim light. Suddenly, the song faded, replaced by a gentle tinkling—almost like laughter. Ahead, nestled in the roots of an ancient oak, she glimpsed a"
conv_25b3327db15a448db32cb8f42d05655e,ai-ai,4,4,True,author_2,ai,author_2,ai,True,ai,"closer, their branches arching overhead in tangled canopies. The whispers grew clearer—softer now, like a song woven of wind and memory. Clara pressed onward, her eyes adjusting"
conv_25b3327db15a448db32cb8f42d05655e,ai-ai,5,5,True,author_2,ai,author_1,ai,False,ai,"creatures dancing hand in hand. They spun and dipped, their wings shimmering in the golden light, and their laughter was like the softest bells. One of them,"
conv_25b3327db15a448db32cb8f42d05655e,ai-ai,5,5,True,author_2,ai,author_2,ai,True,ai,"faint golden glow. Clara crept closer, her breath held tight in her chest, until she saw the source: a circle of tiny, luminous"
conv_25b3327db15a448db32cb8f42d05655e,ai-ai,6,6,True,author_2,ai,author_1,ai,False,ai,"Clara forward. Hesitant but mesmerized, Clara stepped nearer, and the circle parted to let her in. As soon as her toes touched the glowing moss, a"
conv_25b3327db15a448db32cb8f42d05655e,ai-ai,6,6,True,author_2,ai,author_2,ai,True,ai,"not much bigger than Clara’s thumb with hair spun of moonlight, noticed her watching from the shadows. With a mischievous curtsy, the little fairy beckoned"
conv_25b3327db15a448db32cb8f42d05655e,ai-ai,7,7,True,author_2,ai,author_1,ai,False,ai,"bubbled out of her. Together, they danced until the stars began to fade. As dawn gilded the treetops, the fairies gently guided Clara back to the"
conv_25b3327db15a448db32cb8f42d05655e,ai-ai,7,7,True,author_2,ai,author_2,ai,True,ai,"rush of warmth surged up through her feet. The fairies clasped her hands, whirling her into their dance. Spinning faster, Clara's worries dissolved as laughter"
conv_25b3327db15a448db32cb8f42d05655e,ai-ai,8,8,True,author_2,ai,author_1,ai,False,ai,"dewy grass and slipped back through her window just as sunlight spilled across her room. Her scarf sparkled with golden threads—a memory of the night’s magic. Smiling,"
conv_25b3327db15a448db32cb8f42d05655e,ai-ai,8,8,True,author_2,ai,author_2,ai,True,ai,"edge of the wood, singing a promise in voices as light as morning mist: “Return if ever you feel alone; we will find you.” With a last twirl, Clara crossed the"
conv_25b3327db15a448db32cb8f42d05655e,ai-ai,9,9,True,author_2,ai,author_1,ai,False,ai,"that the world would always hold hidden wonders for those brave enough to seek them. As sleep finally claimed her, a faint tinkling of laughter echoed in her dreams, and somewhere in"
conv_25b3327db15a448db32cb8f42d05655e,ai-ai,9,9,True,author_2,ai,author_2,ai,True,ai,"Clara crawled into bed, her heart full of wonder and wildness. She listened as the forest songs faded to daytime hush, knowing she would never forget—and"
conv_25b3327db15a448db32cb8f42d05655e,ai-ai,10,10,True,author_2,ai,author_1,ai,False,ai,"outside her window, carried on moonlight whispers and the promise of adventure. And from that night on, Clara knew the wild forest was not just a place of mystery, but of friendship"
conv_25b3327db15a448db32cb8f42d05655e,ai-ai,10,10,True,author_2,ai,author_2,ai,True,ai,"the forest, the fairies danced on, waiting for their friend to return. For Clara, the line between dream and reality was forever blurred—and every night, hope shimmered just"
conv_272a28c1cb76483fb0bcc11661b06dbc,ai-ai,1,,True,author_1,ai,author_1,ai,True,ai,"a quiet village nestled between emerald hills, where the mornings arrived wrapped in mist and the evenings sparkled beneath lantern light. In this village lived a young woman named Mira, whose laughter was as"
conv_272a28c1cb76483fb0bcc11661b06dbc,ai-ai,1,,True,author_1,ai,author_2,ai,False,ai,"bright and effervescent as the brook that ran through the heart of the valley. Mira tended the gardens behind her cottage, coaxing wildflowers and herbs to life with"
conv_272a28c1cb76483fb0bcc11661b06dbc,ai-ai,2,1,True,author_1,ai,author_1,ai,True,ai,"her gentle hands and whispered songs. It was said that the flowers bloomed more brilliantly in Mira’s presence, and the villagers often came to her for bundles of lavender or sprigs"
conv_272a28c1cb76483fb0bcc11661b06dbc,ai-ai,2,1,True,author_1,ai,author_2,ai,False,ai,"of rosemary tied with twine. Mira never charged for these gifts; instead, she asked for stories in return. Each evening, as the fading sun glanced off the thatched rooftops,"
conv_272a28c1cb76483fb0bcc11661b06dbc,ai-ai,3,2,True,author_1,ai,author_1,ai,True,ai,"neighbors gathered in Mira’s garden, sipping herbal tea while sharing tales from their travels, family legends, and even rumors about the woods beyond the hills. Mira listened with keen delight, her"
conv_272a28c1cb76483fb0bcc11661b06dbc,ai-ai,3,2,True,author_1,ai,author_2,ai,False,ai,"eyes shining as she pictured distant lands and mysterious happenings. One night, as old Calder spoke of lights glimpsed deep in the woods, a hush fell over the group. Mira"
conv_272a28c1cb76483fb0bcc11661b06dbc,ai-ai,4,3,True,author_1,ai,author_1,ai,True,ai,"leaned forward, heart thudding with curiosity. Calder, his gnarled hands clasped around his mug, whispered, ""They say the lights dance among the trees when the"
conv_272a28c1cb76483fb0bcc11661b06dbc,ai-ai,4,3,True,author_1,ai,author_2,ai,False,ai,"moon is new, and if you follow their path, you may find what your heart most desires."" Mira’s cheeks flushed with wonder. That night, as the lanterns in her garden"
conv_272a28c1cb76483fb0bcc11661b06dbc,ai-ai,5,4,True,author_1,ai,author_1,ai,True,ai,"winked out one by one and the hush of midnight settled, Mira stood at her gate, staring towards the dark woods. The air was cool and perfumed with jasmine."
conv_272a28c1cb76483fb0bcc11661b06dbc,ai-ai,5,4,True,author_1,ai,author_2,ai,False,ai,"A sense of longing tugged at her, stronger than she had ever felt before. Steeling her courage, she stepped into the moonless night, following the memory of Calder’s tale"
conv_272a28c1cb76483fb0bcc11661b06dbc,ai-ai,6,5,True,author_1,ai,author_1,ai,True,ai,"and the faintest shimmer that seemed to glimmer between the trunks. The woods closed gently behind her as she walked, every sound sharper and every shadow alive with the promise"
conv_272a28c1cb76483fb0bcc11661b06dbc,ai-ai,6,5,True,author_1,ai,author_2,ai,False,ai,"of discovery. The shimmer grew brighter—tiny orbs of silvery light weaving through the branches ahead. Mira followed, her breath quickening, until she reached a clearing"
conv_272a28c1cb76483fb0bcc11661b06dbc,ai-ai,7,6,True,author_1,ai,author_1,ai,True,ai,"bathed in an otherworldly glow. The orbs circled a solitary tree at the clearing’s center, its white blossoms luminescent in the strange"
conv_272a28c1cb76483fb0bcc11661b06dbc,ai-ai,7,6,True,author_1,ai,author_2,ai,False,ai,"light. Mira approached the tree, entranced, feeling the hush grow deeper. As she reached out, a gentle voice drifted from the blossoms: “What do you seek, child"
conv_272a28c1cb76483fb0bcc11661b06dbc,ai-ai,8,7,True,author_1,ai,author_1,ai,True,ai,"of dreams and dawn?” Mira’s heart fluttered, her courage both tested and steadied. “I seek the story hidden beneath these hills,” she whispered, “the one"
conv_272a28c1cb76483fb0bcc11661b06dbc,ai-ai,8,7,True,author_1,ai,author_2,ai,False,ai,"that lingers in the mist and trembles in my heart.” The orbs swirled closer, their light weaving into delicate patterns around Mira’s hands. The tree’s petals"
conv_272a28c1cb76483fb0bcc11661b06dbc,ai-ai,9,8,True,author_1,ai,author_1,ai,True,ai,"began to drift downward, each one glowing softly as it touched Mira’s skin. The gentle voice spoke again: “You are the keeper of our songs, Mira, and now our"
conv_272a28c1cb76483fb0bcc11661b06dbc,ai-ai,9,8,True,author_1,ai,author_2,ai,False,ai,"secrets too."" As the last blossom settled, images and memories unfurled inside Mira—dreams of the land, laughter of old storytellers, wisdom whispered in"
conv_272a28c1cb76483fb0bcc11661b06dbc,ai-ai,10,9,True,author_1,ai,author_1,ai,True,ai,"the rustling leaves and swirling streams. Mira felt herself aglow with understanding, as if the village’s heart had opened to her. When she returned at dawn, the mist seemed to bow"
conv_272a28c1cb76483fb0bcc11661b06dbc,ai-ai,10,9,True,author_1,ai,author_2,ai,False,ai,"before her, and the villagers greeted her with wonder. From that day, stories flowed from Mira like the stream itself—binding past and future, flower and root, morning"
conv_292771c4d36a4702b327c98371d9c388,ai-ai,1,1,True,author_2,ai,author_1,ai,False,ai,"house, building forts, and following the winding river that cut through the heart of the forest. As they grew older, their adventures became more daring, but nothing could ever"
conv_292771c4d36a4702b327c98371d9c388,ai-ai,1,1,True,author_2,ai,author_2,ai,True,ai,"two friends, Mia and Leo, who grew up in the small, quiet town of Willow Creek. They spent their childhood exploring the woods behind Mia’s"
conv_292771c4d36a4702b327c98371d9c388,ai-ai,2,2,True,author_2,ai,author_1,ai,False,ai,"half-buried under a pile of leaves. The map was covered in intricate symbols and faded lines that seemed to lead to various points around Willow Creek. Intrigued, Mia and"
conv_292771c4d36a4702b327c98371d9c388,ai-ai,2,2,True,author_2,ai,author_2,ai,True,ai,"prepare them for what was to come. One summer evening, while wandering deeper into the woods than they had ever gone before, they stumbled upon an old, weathered map"
conv_292771c4d36a4702b327c98371d9c388,ai-ai,3,3,True,author_2,ai,author_1,ai,False,ai,"place that had been abandoned for years and was said to be haunted. Undeterred by the local legends, they made their way there after dark, flashlights in hand, hearts pounding with"
conv_292771c4d36a4702b327c98371d9c388,ai-ai,3,3,True,author_2,ai,author_2,ai,True,ai,"Leo decided to follow the map’s clues, hoping it would lead them to some hidden treasure or forgotten secret. Their first clue directed them to the old mill on the outskirts of town, a"
conv_292771c4d36a4702b327c98371d9c388,ai-ai,4,4,True,author_2,ai,author_1,ai,False,ai,"and stepped inside, the smell of damp wood and mold filling their nostrils. The beam of their flashlights danced across the walls, revealing cobwebs and shadows that seemed to move on"
conv_292771c4d36a4702b327c98371d9c388,ai-ai,4,4,True,author_2,ai,author_2,ai,True,ai,"excitement and a hint of fear. The old mill loomed before them, its wooden structure creaking in the night breeze. They pushed open the heavy, rusted door"
conv_292771c4d36a4702b327c98371d9c388,ai-ai,5,5,True,author_2,ai,author_1,ai,False,ai,"their excitement growing with each piece of wood they moved aside. Finally, the chest was free. They exchanged a nervous glance before Leo reached out to lift the lid. Inside, they found a"
conv_292771c4d36a4702b327c98371d9c388,ai-ai,5,5,True,author_2,ai,author_2,ai,True,ai,"their own. In the center of the main room, they found a large, ornate chest, partially buried under debris. With trembling hands, Mia and Leo worked together to uncover it,"
conv_292771c4d36a4702b327c98371d9c388,ai-ai,6,6,True,author_2,ai,author_1,ai,False,ai,"they flipped through the pages, the weight of the discovery settled over them. This wasn’t just any treasure; it was a piece of history, a connection to a past they never knew"
conv_292771c4d36a4702b327c98371d9c388,ai-ai,6,6,True,author_2,ai,author_2,ai,True,ai,"collection of ancient artifacts and a leather-bound journal. The journal contained detailed accounts of a secret society that had once thrived in Willow Creek, dedicated to protecting hidden knowledge and treasures. As"
conv_292771c4d36a4702b327c98371d9c388,ai-ai,7,7,True,author_2,ai,author_1,ai,False,ai,"their adventure was only beginning, and the secrets of Willow Creek ran much deeper than they ever imagined. With the journal as their guide and the map as their compass, they set out to"
conv_292771c4d36a4702b327c98371d9c388,ai-ai,7,7,True,author_2,ai,author_2,ai,True,ai,"existed. Determined to uncover more, Mia and Leo vowed to keep the secret and continue their quest, following the map to its final destination. Little did they know,"
conv_292771c4d36a4702b327c98371d9c388,ai-ai,8,8,True,author_2,ai,author_1,ai,False,ai,"grow stronger. As they delved deeper into the past, they discovered that the town they thought they knew had layers of secrets waiting to be uncovered. Together, Mia and Leo were"
conv_292771c4d36a4702b327c98371d9c388,ai-ai,8,8,True,author_2,ai,author_2,ai,True,ai,"unravel the mysteries that lay hidden in the heart of their hometown. Each step brought them closer to the truth, and with it, a bond that would only"
conv_292771c4d36a4702b327c98371d9c388,ai-ai,9,9,True,author_2,ai,author_1,ai,False,ai,"be the same again. Hand in hand, they ventured forward, ready to write their own chapter in the history of their"
conv_292771c4d36a4702b327c98371d9c388,ai-ai,9,9,True,author_2,ai,author_2,ai,True,ai,"ready to face whatever challenges lay ahead, knowing that their friendship and determination would see them through. The adventure of a lifetime was just beginning, and the secrets of Willow Creek would never"
conv_292771c4d36a4702b327c98371d9c388,ai-ai,10,10,True,author_2,ai,author_1,ai,False,ai,"unknown. As the sun rose over Willow Creek, casting a golden glow over the town, Mia and Leo felt a sense of purpose they had never experienced before. Their journey was"
conv_292771c4d36a4702b327c98371d9c388,ai-ai,10,10,True,author_2,ai,author_2,ai,True,ai,"hometown. The forest, the river, and the old mill would always hold special memories, but now, they held the promise of new discoveries and the thrill of the"
conv_2b6a9fdd2b264202b6fbc798e053f3c0,ai-ai,1,1,True,author_2,ai,author_1,ai,False,ai,"village stood a crooked house, its shingles green with moss and its windows twinkling with the glow of lanterns, even in the daytime. The villagers never spoke of who lived"
conv_2b6a9fdd2b264202b6fbc798e053f3c0,ai-ai,1,1,True,author_2,ai,author_2,ai,True,ai,"a peculiar little village, nestled deep within the misty valleys, where the trees leaned in close as if to share secrets with the wind. At the edge of the"
conv_2b6a9fdd2b264202b6fbc798e053f3c0,ai-ai,2,2,True,author_2,ai,author_1,ai,False,ai,"when the moon was high, fluttery shapes that didn’t belong to birds or bats. Children dared each other to toss pebbles at the crooked house’s gate, though none lingered"
conv_2b6a9fdd2b264202b6fbc798e053f3c0,ai-ai,2,2,True,author_2,ai,author_2,ai,True,ai,"there, not openly, and certainly not after dusk. Some said that an old clockmaker, Mister Corvus, called the crooked house his home. Others whispered about shadows in the windows"
conv_2b6a9fdd2b264202b6fbc798e053f3c0,ai-ai,3,3,True,author_2,ai,author_1,ai,False,ai,"down the winding path, her heart pounding like a distant drum. She clutched her worn satchel tight, inside which nestled her father’s broken pocket watch—a gift she"
conv_2b6a9fdd2b264202b6fbc798e053f3c0,ai-ai,3,3,True,author_2,ai,author_2,ai,True,ai,"long enough to hear if the pebbles landed. One autumn evening, when the air was crisp and the fog rolled in thick as wool, brave little Tessa tiptoed"
conv_2b6a9fdd2b264202b6fbc798e053f3c0,ai-ai,4,4,True,author_2,ai,author_1,ai,False,ai,"from the house. Tessa reached the porch, her breath mingling with the mist. She knocked, and waited. The door creaked open, revealing not a frightening"
conv_2b6a9fdd2b264202b6fbc798e053f3c0,ai-ai,4,4,True,author_2,ai,author_2,ai,True,ai,"hoped the mysterious Mister Corvus could fix. With every creak of the gate, her courage wavered, but she pressed on, guided by a faint chime drifting"
conv_2b6a9fdd2b264202b6fbc798e053f3c0,ai-ai,5,5,True,author_2,ai,author_1,ai,False,ai,"hands he held a tiny, mechanical bird that fluttered its wings with a whispery tintinnabulation. “Ah, you must be Tessa,” he said with a"
conv_2b6a9fdd2b264202b6fbc798e053f3c0,ai-ai,5,5,True,author_2,ai,author_2,ai,True,ai,"figure, but an old man with kind eyes and silver hair that sprang in wild tufts. He wore a waistcoat peppered with pins and gears, and in his"
conv_2b6a9fdd2b264202b6fbc798e053f3c0,ai-ai,6,6,True,author_2,ai,author_1,ai,False,ai,"overflowed with clocks, mysterious trinkets, and jars brimming with cogs that glittered like starlight. The air hummed softly with countless ticking"
conv_2b6a9fdd2b264202b6fbc798e053f3c0,ai-ai,6,6,True,author_2,ai,author_2,ai,True,ai,"soft smile. “I've been expecting you.” Tessa blinked, startled—she hadn't told anyone she was coming. The old man beckoned her inside, where shelves"
conv_2b6a9fdd2b264202b6fbc798e053f3c0,ai-ai,7,7,True,author_2,ai,author_1,ai,False,ai,"Corvus asked, his eyes twinkling behind spectacles streaked with dust. Tessa nodded and handed him the battered pocket watch, her voice barely above a whisper. “It belonged"
conv_2b6a9fdd2b264202b6fbc798e053f3c0,ai-ai,7,7,True,author_2,ai,author_2,ai,True,ai,"and the gentle whirs of hidden mechanisms. Tessa’s fear gave way to wonder as she gazed around. “You brought something for me to mend, didn’t you?” Mister"
conv_2b6a9fdd2b264202b6fbc798e053f3c0,ai-ai,8,8,True,author_2,ai,author_1,ai,False,ai,"and every timepiece has its melody,” he murmured. He reached for his smallest screwdriver. With Tessa watching wide-eyed, he carefully opened the watch—inside, not just springs"
conv_2b6a9fdd2b264202b6fbc798e053f3c0,ai-ai,8,8,True,author_2,ai,author_2,ai,True,ai,"to my father. He said it held a secret—a song only the right hands could coax out.” Mister Corvus turned the watch over, inspecting it with a knowing smile. “Every heart"
conv_2b6a9fdd2b264202b6fbc798e053f3c0,ai-ai,9,9,True,author_2,ai,author_1,ai,False,ai,"seek the song within.” As he spoke, the pocket watch began to play—a tune sweet and familiar to Tessa, echoing memories of laughter and love. Tears sparkled in her"
conv_2b6a9fdd2b264202b6fbc798e053f3c0,ai-ai,9,9,True,author_2,ai,author_2,ai,True,ai,"and gears, but a tiny sliver of faded parchment lay tucked behind the mechanisms. Mister Corvus lifted it gently and read the words aloud: “For the daughter with courage to"
conv_2b6a9fdd2b264202b6fbc798e053f3c0,ai-ai,10,10,True,author_2,ai,author_1,ai,False,ai,"are brave enough to listen.” The watch’s song lingered in the air, mingling with the soft ticking of a hundred clocks. With gratitude and wonder, Tessa stepped"
conv_2b6a9fdd2b264202b6fbc798e053f3c0,ai-ai,10,10,True,author_2,ai,author_2,ai,True,ai,"eyes as the melody wrapped around her like a long-lost embrace. Mister Corvus smiled gently and said, “Your father’s music will always guide you, Tessa, whenever you"
conv_30e43acd01e24513a5f6f65aa3fc5f50,ai-ai,1,1,True,author_2,ai,author_1,ai,False,ai,"raising livestock, their days filled with the gentle rhythms of nature. Aria, with her wild curly hair and bright green eyes, was a beloved member of the community, often helping her"
conv_30e43acd01e24513a5f6f65aa3fc5f50,ai-ai,1,1,True,author_2,ai,author_2,ai,True,ai,"a young girl named Aria, who lived in a small village nestled in the rolling hills of a verdant valley. The villagers lived simple lives, farming the land and"
conv_30e43acd01e24513a5f6f65aa3fc5f50,ai-ai,2,2,True,author_2,ai,author_1,ai,False,ai,"kindly woman named Elara, who was renowned for her deep understanding of the natural world and her skill in harnessing the healing properties of the valley's unique plants and herbs."
conv_30e43acd01e24513a5f6f65aa3fc5f50,ai-ai,2,2,True,author_2,ai,author_2,ai,True,ai,"mother with the household chores and learning the traditional recipes that had been passed down through generations of village women. She was especially fond of assisting the village elder, a wise and"
conv_30e43acd01e24513a5f6f65aa3fc5f50,ai-ai,3,3,True,author_2,ai,author_1,ai,False,ai,"herbs, and shelves lined with ancient tomes bound in worn leather, their pages filled with the collective knowledge of the valley's ancestors. Aria was fascinated by the mysterious artifacts that adorned"
conv_30e43acd01e24513a5f6f65aa3fc5f50,ai-ai,3,3,True,author_2,ai,author_2,ai,True,ai,"Elara's small cottage on the outskirts of the village was a treasure trove of strange and wondrous things, filled with jars of dried flowers, baskets of freshly gathered"
conv_30e43acd01e24513a5f6f65aa3fc5f50,ai-ai,4,4,True,author_2,ai,author_1,ai,False,ai,"crystal vial filled with the essence of moonlight, said to possess the power to heal the deepest of wounds, to the small, ornate box crafted from the wood of a"
conv_30e43acd01e24513a5f6f65aa3fc5f50,ai-ai,4,4,True,author_2,ai,author_2,ai,True,ai,"the shelves, each one imbued with its own unique energy and history, and Elara would often regale her with stories of their origins and the secrets they held, from the delicate"
conv_30e43acd01e24513a5f6f65aa3fc5f50,ai-ai,5,5,True,author_2,ai,author_1,ai,False,ai,"flickering candlelight that illuminated Elara's cottage, casting a warm, ethereal glow over the space and transporting Aria to a realm beyond the mundane, where the boundaries between reality"
conv_30e43acd01e24513a5f6f65aa3fc5f50,ai-ai,5,5,True,author_2,ai,author_2,ai,True,ai,"ancient tree, said to hold the whispers of the forest and grant the listener visions of the past and present, its intricate carvings seeming to shimmer and dance in the"
conv_30e43acd01e24513a5f6f65aa3fc5f50,ai-ai,6,6,True,author_2,ai,author_1,ai,False,ai,"if it were awakening a part of her that had long been dormant, a part that was connected to the land and its ancient secrets, and she felt an inexplicable longing to step beyond"
conv_30e43acd01e24513a5f6f65aa3fc5f50,ai-ai,6,6,True,author_2,ai,author_2,ai,True,ai,"and myth blurred, and the very air was alive with the magic that pulsed through the valley like a lifeblood, a magic that Aria felt stirring deep within her own soul, as"
conv_30e43acd01e24513a5f6f65aa3fc5f50,ai-ai,7,7,True,author_2,ai,author_1,ai,False,ai,"if they were being guided by a hidden force, one that Aria felt herself being drawn to, like a thread being gently pulled, leading her deeper into the heart of the valley,"
conv_30e43acd01e24513a5f6f65aa3fc5f50,ai-ai,7,7,True,author_2,ai,author_2,ai,True,ai,"the threshold of the cottage and into the mystical world that lay beyond, a world where the trees whispered secrets to the wind, and the creatures of the forest moved with a quiet purpose, as"
conv_30e43acd01e24513a5f6f65aa3fc5f50,ai-ai,8,8,True,author_2,ai,author_1,ai,False,ai,"light and cast dappled shadows on the forest floor, creating a sense of mystery and enchantment that seemed to wrap itself around Aria like a gentle cloak, as she walked"
conv_30e43acd01e24513a5f6f65aa3fc5f50,ai-ai,8,8,True,author_2,ai,author_2,ai,True,ai,"where the moon dipped into the darkness of the forest, casting a silver glow over the landscape, and the trees grew taller and closer together, forming a canopy of leaves that filtered the"
conv_30e43acd01e24513a5f6f65aa3fc5f50,ai-ai,9,9,True,author_2,ai,author_1,ai,False,ai,"etched with ancient runes that seemed to shimmer with a soft, otherworldly light, as if the monument was a gateway to a hidden realm, and Aria, feeling an"
conv_30e43acd01e24513a5f6f65aa3fc5f50,ai-ai,9,9,True,author_2,ai,author_2,ai,True,ai,"deeper into the woods, the silence growing thicker around her, until she came to a clearing, where a great stone monument stood, covered in moss and lichen, its surface"
conv_30e43acd01e24513a5f6f65aa3fc5f50,ai-ai,10,10,True,author_2,ai,author_1,ai,False,ai,"began to vibrate with an intense, pulsating energy, as if the very fabric of reality was being parted, and Aria felt herself being drawn into the heart of"
conv_30e43acd01e24513a5f6f65aa3fc5f50,ai-ai,10,10,True,author_2,ai,author_2,ai,True,ai,"irresistible pull, reached out a trembling hand to touch the stone, and as her fingers made contact with the runes, the light grew brighter, and the air around her"
conv_31e18dd54ab64e43899d86184657e442,ai-ai,1,1,True,author_2,ai,author_1,ai,False,ai,"in thick and suffocating, pressing against the windows of the keeper's cottage like wet wool. Elena was pouring her coffee when she heard it—not with her ears,"
conv_31e18dd54ab64e43899d86184657e442,ai-ai,1,1,True,author_2,ai,author_2,ai,True,ai,"Elena Marquez, a lighthouse keeper who discovered she could hear the thoughts of ships lost at sea. It started on a Tuesday morning when the fog rolled"
conv_31e18dd54ab64e43899d86184657e442,ai-ai,2,2,True,author_2,ai,author_1,ai,False,ai,"circles.* The voice wasn't quite a voice—more like an emotion with consonants, a feeling that had learned to speak. Elena dropped her mug, watching"
conv_31e18dd54ab64e43899d86184657e442,ai-ai,2,2,True,author_2,ai,author_2,ai,True,ai,"but somewhere deeper, behind her sternum: a desperate, wordless plea that tasted of salt and rust. *Help us. We're turning in"
conv_31e18dd54ab64e43899d86184657e442,ai-ai,3,3,True,author_2,ai,author_1,ai,False,ai,"insistent, like fingers tapping morse code against the inside of her skull. *Three-seven-two degrees. No, wait—* The thought dissolved into static confusion, and Elena"
conv_31e18dd54ab64e43899d86184657e442,ai-ai,3,3,True,author_2,ai,author_2,ai,True,ai,"the dark liquid spread across the wooden floor in a shape that resembled a compass rose. She pressed her palms against her temples, but the sensation only grew stronger, more"
conv_31e18dd54ab64e43899d86184657e442,ai-ai,4,4,True,author_2,ai,author_1,ai,False,ai,"breath coming in ragged gasps as she climbed the spiral stairs two at a time. The beam was already rotating, cutting through the fog in its eternal rhythm, but Elena knew"
conv_31e18dd54ab64e43899d86184657e442,ai-ai,4,4,True,author_2,ai,author_2,ai,True,ai,"realized with a jolt that she was sensing the navigator's panic, his trembling hands hovering over instruments that had stopped making sense. She stumbled to the lighthouse tower, her"
conv_31e18dd54ab64e43899d86184657e442,ai-ai,5,5,True,author_2,ai,author_1,ai,False,ai,"the emergency channel, but before she could speak, another voice bloomed in her chest—this one older, weary, carrying the weight of decades at sea. *I've seen this"
conv_31e18dd54ab64e43899d86184657e442,ai-ai,5,5,True,author_2,ai,author_2,ai,True,ai,"it wasn't enough—not for a ship whose compass had gone mad, whose crew was drowning in their own uncertainty. She grabbed the radio with shaking hands and switched to"
conv_31e18dd54ab64e43899d86184657e442,ai-ai,6,6,True,author_2,ai,author_1,ai,False,ai,"long-ago waves against skin that had never been hers. Elena's voice cracked as she spoke into the radio: ""Vessel in distress, this is"
conv_31e18dd54ab64e43899d86184657e442,ai-ai,6,6,True,author_2,ai,author_2,ai,True,ai,"fog before. 1987. Lost six men.* The memory wasn't hers, yet she could taste the bitterness of it, feel the phantom cold of those"
conv_31e18dd54ab64e43899d86184657e442,ai-ai,7,7,True,author_2,ai,author_1,ai,False,ai,"name—latitude and longitude burned into her consciousness like they'd been carved there. The radio crackled back: ""Broken Point, this is the"
conv_31e18dd54ab64e43899d86184657e442,ai-ai,7,7,True,author_2,ai,author_2,ai,True,ai,"Broken Point Light. I have your position."" She didn't know how she knew, but suddenly the coordinates were there in her mind, clear as her own"
conv_31e18dd54ab64e43899d86184657e442,ai-ai,8,8,True,author_2,ai,author_1,ai,False,ai,"she couldn't understand herself. ""Captain, you're two miles northeast of the rocks. Your compass is caught in the magnetic anomaly off the point."
conv_31e18dd54ab64e43899d86184657e442,ai-ai,8,8,True,author_2,ai,author_2,ai,True,ai,"cargo vessel *Persephone*. How did you—"" The captain's voice faltered, confusion and hope tangled together. Elena didn't wait to explain what"
conv_31e18dd54ab64e43899d86184657e442,ai-ai,9,9,True,author_2,ai,author_1,ai,False,ai,"like a wave breaking, a collective exhale from every soul aboard the *Persephone*. She stayed at the radio for the next forty minutes, her voice steady even"
conv_31e18dd54ab64e43899d86184657e442,ai-ai,9,9,True,author_2,ai,author_2,ai,True,ai,"Trust my bearing instead—come to heading one-eight-five degrees. I'll keep talking you through."" As she spoke, Elena felt the ship's relief wash through her"
conv_31e18dd54ab64e43899d86184657e442,ai-ai,10,10,True,author_2,ai,author_1,ai,False,ai,"finally emerged from the fog bank into clear morning light, Elena felt the crew's gratitude like warmth flooding back into frozen limbs—and then, gradually,"
conv_31e18dd54ab64e43899d86184657e442,ai-ai,10,10,True,author_2,ai,author_2,ai,True,ai,"as tears streamed down her face, guiding them through the fog with coordinates she shouldn't have known, past dangers she'd never mapped. When the *Persephone*"
conv_339a89acf32545fa80f53e02c9fd766b,ai-ai,1,,True,author_1,ai,author_1,ai,True,ai,"a small village nestled deep within the heart of an ancient forest. The villagers lived in harmony with nature, their lives intertwined with the rhythms of the seasons. Among"
conv_339a89acf32545fa80f53e02c9fd766b,ai-ai,1,,True,author_1,ai,author_2,ai,False,ai,"them was a young girl named Elara, known for her curious spirit and deep connection to the woods. She often wandered into the forest, listening to the whispers of the trees and learning the"
conv_339a89acf32545fa80f53e02c9fd766b,ai-ai,2,1,True,author_1,ai,author_1,ai,True,ai,"secrets they held. One day, while exploring a particularly dense part of the forest, Elara stumbled upon a hidden clearing. In the center of the clearing stood a magnificent"
conv_339a89acf32545fa80f53e02c9fd766b,ai-ai,2,1,True,author_1,ai,author_2,ai,False,ai,"tree, its bark shimmering with an iridescent glow. The leaves whispered her name, drawing her closer. As she approached, she noticed a small, intricately carved door at the"
conv_339a89acf32545fa80f53e02c9fd766b,ai-ai,3,2,True,author_1,ai,author_1,ai,True,ai,"base of the tree. The door was slightly ajar, revealing a warm, inviting light from within. Heart pounding with a mix of excitement and curiosity, Elara pushed the door"
conv_339a89acf32545fa80f53e02c9fd766b,ai-ai,3,2,True,author_1,ai,author_2,ai,False,ai,"open and stepped inside. The interior was unlike anything she had ever seen—a vast, enchanted cavern filled with glowing flowers and gentle, flowing streams. In the center, a crystal-clear pool reflected"
conv_339a89acf32545fa80f53e02c9fd766b,ai-ai,4,3,True,author_1,ai,author_1,ai,True,ai,"the radiant light above. As Elara approached the pool, she felt a sudden breeze, and the air around her seemed to hum with energy. A soft, melodic voice"
conv_339a89acf32545fa80f53e02c9fd766b,ai-ai,4,3,True,author_1,ai,author_2,ai,False,ai,"whispered in her ear, ""Welcome, child of the forest. You have been chosen."" Startled, Elara turned around, but saw no one. The voice continued,"
conv_339a89acf32545fa80f53e02c9fd766b,ai-ai,5,4,True,author_1,ai,author_1,ai,True,ai,"""Listen carefully, for the forest has a task for you. A dark force threatens to consume the balance of nature, and only you can restore harmony. Seek out the"
conv_339a89acf32545fa80f53e02c9fd766b,ai-ai,5,4,True,author_1,ai,author_2,ai,False,ai,"three sacred stones hidden throughout the forest. Each stone holds a piece of the ancient magic that protects our realm. With them, you will have the power to vanquish the"
conv_339a89acf32545fa80f53e02c9fd766b,ai-ai,6,5,True,author_1,ai,author_1,ai,True,ai,"darkness. But beware, for the path is fraught with challenges and dangers. Trust in the wisdom of the forest and the guidance of the spirits. Are you ready to accept"
conv_339a89acf32545fa80f53e02c9fd766b,ai-ai,6,5,True,author_1,ai,author_2,ai,False,ai,"this quest, Elara?"" The young girl took a deep breath, feeling the weight of the responsibility but also the burning desire to protect her home. ""I am ready,"" she"
conv_339a89acf32545fa80f53e02c9fd766b,ai-ai,7,6,True,author_1,ai,author_1,ai,True,ai,"replied with determination. The air around her shimmered, and a gentle light enveloped her. When it faded, she found herself back in the clearing, the door of the"
conv_339a89acf32545fa80f53e02c9fd766b,ai-ai,7,6,True,author_1,ai,author_2,ai,False,ai,"enchanted tree now closed. With a renewed sense of purpose, Elara set off into the forest, her heart filled with courage and her mind focused on the task ahead."
conv_339a89acf32545fa80f53e02c9fd766b,ai-ai,8,7,True,author_1,ai,author_1,ai,True,ai,"She knew the journey would be difficult, but she was determined to find the three sacred stones and save her village from the impending darkness. As she ventured deeper into the forest, the trees"
conv_339a89acf32545fa80f53e02c9fd766b,ai-ai,8,7,True,author_1,ai,author_2,ai,False,ai,"seemed to part before her, guiding her path. The animals of the forest watched over her, their eyes gleaming with a protective light. Elara felt a sense of"
conv_339a89acf32545fa80f53e02c9fd766b,ai-ai,9,8,True,author_1,ai,author_1,ai,True,ai,"kinship with every living thing around her, as if the forest itself was whispering words of encouragement and strength. With each step, she grew more confident, knowing that the spirits of"
conv_339a89acf32545fa80f53e02c9fd766b,ai-ai,9,8,True,author_1,ai,author_2,ai,False,ai,"the forest were with her. As the sun began to set, casting a golden glow through the canopy, Elara came across a small stream. By its side,"
conv_339a89acf32545fa80f53e02c9fd766b,ai-ai,10,9,True,author_1,ai,author_1,ai,True,ai,"she found the first of the sacred stones, glowing faintly with a warm, amber light. It pulsed with the heartbeat of the forest, and as she touched it, she felt a"
conv_339a89acf32545fa80f53e02c9fd766b,ai-ai,10,9,True,author_1,ai,author_2,ai,False,ai,"surge of energy coursing through her body. The stone seemed to recognize her, and she knew it was hers to carry. With the first stone in hand, Elara"
conv_3cd6a9b2f37747109eaa80d6ec7ce875,ai-ai,1,1,True,author_2,ai,author_1,ai,False,ai,"a mind full of questions about the world beyond her village. Sophia spent most of her days exploring the surrounding countryside, discovering hidden streams and secret meadows, and talking to the villagers who lived"
conv_3cd6a9b2f37747109eaa80d6ec7ce875,ai-ai,1,1,True,author_2,ai,author_2,ai,True,ai,"a young girl named Sophia, who lived in a small village surrounded by rolling hills and dense forests. She was a curious and adventurous child, with a heart full of wonder and"
conv_3cd6a9b2f37747109eaa80d6ec7ce875,ai-ai,2,2,True,author_2,ai,author_1,ai,False,ai,"properties of the plants that grew in the forest, showing her which ones to use for fever, which ones for wounds, and which ones to avoid altogether. Sophia's favorite place to"
conv_3cd6a9b2f37747109eaa80d6ec7ce875,ai-ai,2,2,True,author_2,ai,author_2,ai,True,ai,"in the small cottages that dotted the landscape. There was Old Man Jenkins, who told tales of far-off lands and exotic creatures, and Mrs. Thompson, who taught Sophia about the healing"
conv_3cd6a9b2f37747109eaa80d6ec7ce875,ai-ai,3,3,True,author_2,ai,author_1,ai,False,ai,"hold the secrets of the forest, and Sophia would often sit at its base, listening to the whispers of the wind as it rustled through the leaves, and feeling the gentle vibrations"
conv_3cd6a9b2f37747109eaa80d6ec7ce875,ai-ai,3,3,True,author_2,ai,author_2,ai,True,ai,"visit was the old oak tree that stood at the edge of the forest, its gnarled branches twisted and tangled in a way that seemed magical. The tree was said to"
conv_3cd6a9b2f37747109eaa80d6ec7ce875,ai-ai,4,4,True,author_2,ai,author_1,ai,False,ai,"orange glow over the forest, that Sophia noticed a small door hidden in the trunk of the tree, partially concealed by a tangle of vines and moss. The door was tiny, no"
conv_3cd6a9b2f37747109eaa80d6ec7ce875,ai-ai,4,4,True,author_2,ai,author_2,ai,True,ai,"of the tree's energy, as if it were sharing its ancient wisdom with her. It was on one of these afternoons, as the sun was beginning to set, casting a warm"
conv_3cd6a9b2f37747109eaa80d6ec7ce875,ai-ai,5,5,True,author_2,ai,author_1,ai,False,ai,"a beat as she reached out a trembling hand to grasp the acorn handle, feeling a surge of excitement and trepidation as she turned it and pulled the door open, revealing a"
conv_3cd6a9b2f37747109eaa80d6ec7ce875,ai-ai,5,5,True,author_2,ai,author_2,ai,True,ai,"larger than a shoebox, and it had a small brass handle in the shape of an acorn, which seemed to be beckoning her to open it. Sophia's heart skipped"
conv_3cd6a9b2f37747109eaa80d6ec7ce875,ai-ai,6,6,True,author_2,ai,author_1,ai,False,ai,"were lined with shelves that stretched all the way up to the vaulted ceiling, laden with tomes bound in worn leather and adorned with strange symbols that glowed softly in the faint"
conv_3cd6a9b2f37747109eaa80d6ec7ce875,ai-ai,6,6,True,author_2,ai,author_2,ai,True,ai,"small, dimly lit room that seemed to be nestled within the heart of the tree itself. The air inside was thick with the scent of old books and wood polish, and the walls"
conv_3cd6a9b2f37747109eaa80d6ec7ce875,ai-ai,7,7,True,author_2,ai,author_1,ai,False,ai,"wonder at the sheer scale of the library, and the vast array of knowledge that seemed to be contained within its walls. She wandered deeper into the room, running her fingers over"
conv_3cd6a9b2f37747109eaa80d6ec7ce875,ai-ai,7,7,True,author_2,ai,author_2,ai,True,ai,"light that emanated from a series of delicate, crystal orbs that hung from the ceiling, casting a mystical glow over the room. As Sophia stepped inside, her eyes widened in"
conv_3cd6a9b2f37747109eaa80d6ec7ce875,ai-ai,8,8,True,author_2,ai,author_1,ai,False,ai,"deeper into the stacks, the silence of the room was suddenly broken by the soft whisper of pages turning, and Sophia turned to see a figure cloaked in shadow, seated at a desk"
conv_3cd6a9b2f37747109eaa80d6ec7ce875,ai-ai,8,8,True,author_2,ai,author_2,ai,True,ai,"the spines of the books, feeling the raised letters and intricate tooling that adorned the covers, and breathing in the musty scent of aged parchment. As she delved"
conv_3cd6a9b2f37747109eaa80d6ec7ce875,ai-ai,9,9,True,author_2,ai,author_1,ai,False,ai,"bore into Sophia's very soul, as if searching for something hidden deep within her. The eyes were framed by a face that was both familiar and yet utterly strange, with"
conv_3cd6a9b2f37747109eaa80d6ec7ce875,ai-ai,9,9,True,author_2,ai,author_2,ai,True,ai,"in the far corner of the room, surrounded by piles of open books and scattered papers. The figure slowly looked up, revealing a pair of piercing green eyes that seemed to"
conv_3cd6a9b2f37747109eaa80d6ec7ce875,ai-ai,10,10,True,author_2,ai,author_1,ai,False,ai,"its movements elegance personified, and began to walk towards her, the soft rustle of its robes the only sound breaking the silence of the room. Sophia felt her heart beating faster,"
conv_3cd6a9b2f37747109eaa80d6ec7ce875,ai-ai,10,10,True,author_2,ai,author_2,ai,True,ai,"high cheekbones and a small, enigmatic smile that seemed to hold a thousand secrets. As Sophia stood there, frozen in wonder, the figure slowly rose from its seat,"
conv_3ef9d32d64f54bdf9885057da0285cef,ai-ai,1,1,True,author_2,ai,author_1,ai,False,ai,"long, curly brown hair that cascaded down her back like a waterfall of chestnut hues. Sophia was a kind and gentle soul, loved by all who knew her, and"
conv_3ef9d32d64f54bdf9885057da0285cef,ai-ai,1,1,True,author_2,ai,author_2,ai,True,ai,"a young girl named Sophia, who lived in a small village nestled in the rolling hills of the countryside. She was known throughout the village for her striking green eyes and her"
conv_3ef9d32d64f54bdf9885057da0285cef,ai-ai,2,2,True,author_2,ai,author_1,ai,False,ai,"marvel at her talent, as she coaxed even the most reluctant blossoms into radiant life, and they would whisper to one another about the special gift she seemed to possess, a magic"
conv_3ef9d32d64f54bdf9885057da0285cef,ai-ai,2,2,True,author_2,ai,author_2,ai,True,ai,"she spent her days tending to the village gardens, where she would carefully nurture the most vibrant and exotic flowers to bloom in every color of the rainbow. The villagers would often"
conv_3ef9d32d64f54bdf9885057da0285cef,ai-ai,3,3,True,author_2,ai,author_1,ai,False,ai,"worked among the flowers, her hands would move with a quiet reverence, as if she were not just tending to the plants, but communing with the very essence of nature itself."
conv_3ef9d32d64f54bdf9885057da0285cef,ai-ai,3,3,True,author_2,ai,author_2,ai,True,ai,"that went beyond mere gardening skills, a magic that seemed to emanate from her very presence, and which brought a sense of peace and tranquility to all who surrounded her. As she"
conv_3ef9d32d64f54bdf9885057da0285cef,ai-ai,4,4,True,author_2,ai,author_1,ai,False,ai,"and the gentle rustle of leaves in the breeze would create a soothing melody that seemed to harmonize with the rhythm of Sophia's heartbeat, as if she were a part"
conv_3ef9d32d64f54bdf9885057da0285cef,ai-ai,4,4,True,author_2,ai,author_2,ai,True,ai,"The air around her would fill with the sweet scent of blooming flowers, and the soft hum of bees as they flitted from petal to petal, collecting nectar and pollen,"
conv_3ef9d32d64f54bdf9885057da0285cef,ai-ai,5,5,True,author_2,ai,author_1,ai,False,ai,"a mystical dance, one that wove together the threads of earth and sky, of growth and decay, of life and death, and they would feel their own spirits lift and soar as"
conv_3ef9d32d64f54bdf9885057da0285cef,ai-ai,5,5,True,author_2,ai,author_2,ai,True,ai,"of the natural world itself, a living embodiment of the land and all its secrets, and the villagers would watch her with a sense of wonder, feeling as though they were witnessing"
conv_3ef9d32d64f54bdf9885057da0285cef,ai-ai,6,6,True,author_2,ai,author_1,ai,False,ai,"and they would be filled with a deep sense of connection to the world around them, as if the boundaries between themselves and the natural world had dissolved, and they had become one"
conv_3ef9d32d64f54bdf9885057da0285cef,ai-ai,6,6,True,author_2,ai,author_2,ai,True,ai,"they breathed in the fragrance of the blossoms and the fresh earth, and felt the warmth of the sun on their skin, and the gentle touch of the breeze in their hair,"
conv_3ef9d32d64f54bdf9885057da0285cef,ai-ai,7,7,True,author_2,ai,author_1,ai,False,ai,"if they had finally come home to a place they had always known, but had forgotten, and Sophia, with her gentle smile and her eyes that shone like emeralds in the"
conv_3ef9d32d64f54bdf9885057da0285cef,ai-ai,7,7,True,author_2,ai,author_2,ai,True,ai,"with the land, the air, the water, and the very essence of existence, and in this state of unity, they would feel a profound sense of peace and understanding, as"
conv_3ef9d32d64f54bdf9885057da0285cef,ai-ai,8,8,True,author_2,ai,author_1,ai,False,ai,"they would see not just a young girl, but a symbol of the divine, a embodiment of the mysteries and wonders that lay just beyond the edge of everyday life, and they would feel their"
conv_3ef9d32d64f54bdf9885057da0285cef,ai-ai,8,8,True,author_2,ai,author_2,ai,True,ai,"sunlight, would be the guardian of this sacred place, the keeper of its secrets, and the weaver of its magic, and as the villagers gazed upon her,"
conv_3ef9d32d64f54bdf9885057da0285cef,ai-ai,9,9,True,author_2,ai,author_1,ai,False,ai,"they could catch a glimpse of the eternal and the infinite, and experience the beauty and the wonder that lay at the very heart of existence, and in this moment, they would know that"
conv_3ef9d32d64f54bdf9885057da0285cef,ai-ai,9,9,True,author_2,ai,author_2,ai,True,ai,"hearts overflowing with a sense of awe and reverence, as they realized that Sophia was a doorway to the infinite, a bridge between the mundane and the mystical, and that through her,"
conv_3ef9d32d64f54bdf9885057da0285cef,ai-ai,10,10,True,author_2,ai,author_1,ai,False,ai,"as the truth settled deep within their souls, they would feel a sense of transformation taking place, as if their very essence was being rewritten, and they would emerge from this"
conv_3ef9d32d64f54bdf9885057da0285cef,ai-ai,10,10,True,author_2,ai,author_2,ai,True,ai,"they were a part of something much greater than themselves, something that transcended time and space, and that Sophia's presence had awakened them to this profound truth, and"
conv_423a3b9f2e0640e789caf6a9f5e374b9,ai-ai,1,1,True,author_2,ai,author_1,ai,False,ai,"lives, tending to their farms and gardens, and gathering in the town square for the weekly market. One day, as the sun began to set, casting long shadows"
conv_423a3b9f2e0640e789caf6a9f5e374b9,ai-ai,1,1,True,author_2,ai,author_2,ai,True,ai,"a small village nestled between rolling hills and dense forests. The village, known as Greenhaven, was a peaceful place where everyone knew each other’s names and faces. The villagers lived simple"
conv_423a3b9f2e0640e789caf6a9f5e374b9,ai-ai,2,2,True,author_2,ai,author_1,ai,False,ai,"villagers with a curious gaze. Word of the stranger spread quickly, and by the time night fell, the local inn was buzzing with speculation and whispered tales."
conv_423a3b9f2e0640e789caf6a9f5e374b9,ai-ai,2,2,True,author_2,ai,author_2,ai,True,ai,"across the cobblestone streets, a mysterious traveler arrived. Cloaked in a deep blue robe, the traveler moved quietly through the village, stopping only to observe the"
conv_423a3b9f2e0640e789caf6a9f5e374b9,ai-ai,3,3,True,author_2,ai,author_1,ai,False,ai,"the inn’s hearth crackled, a young girl named Elara, known for her adventurous spirit, decided she would uncover the truth behind the mysterious visitor. With a determined nod"
conv_423a3b9f2e0640e789caf6a9f5e374b9,ai-ai,3,3,True,author_2,ai,author_2,ai,True,ai,"Elderly villagers shared stories of old prophecies and forgotten magic, while the younger ones wondered if the traveler might bring news from beyond the hills. As the fire in"
conv_423a3b9f2e0640e789caf6a9f5e374b9,ai-ai,4,4,True,author_2,ai,author_1,ai,False,ai,"made her way to the edge of the forest, where she had last seen the traveler. The path was narrow and winding, but Elara moved with the confidence of someone"
conv_423a3b9f2e0640e789caf6a9f5e374b9,ai-ai,4,4,True,author_2,ai,author_2,ai,True,ai,"to her friends, Elara slipped out of the inn and into the cool night air. The moon hung low and full, casting a silvery glow over the quiet village. She"
conv_423a3b9f2e0640e789caf6a9f5e374b9,ai-ai,5,5,True,author_2,ai,author_1,ai,False,ai,"Elara stepped forward, her heart pounding with a mix of excitement and curiosity. ""Excuse me,"" she called out softly, ""I couldn’t help but notice you’re new"
conv_423a3b9f2e0640e789caf6a9f5e374b9,ai-ai,5,5,True,author_2,ai,author_2,ai,True,ai,"who knew these woods well. As she approached a clearing, she saw the traveler standing by an ancient oak tree, their back to her. Taking a deep breath,"
conv_423a3b9f2e0640e789caf6a9f5e374b9,ai-ai,6,6,True,author_2,ai,author_1,ai,False,ai,"seemed to hold the wisdom of ages. ""Hello, Elara,"" the traveler said, their voice calm and soothing. ""My name is Arin. I come"
conv_423a3b9f2e0640e789caf6a9f5e374b9,ai-ai,6,6,True,author_2,ai,author_2,ai,True,ai,"here. My name is Elara. Is there something you need, or perhaps a story you’d like to share?"" The traveler turned slowly, revealing a kind face and eyes that"
conv_423a3b9f2e0640e789caf6a9f5e374b9,ai-ai,7,7,True,author_2,ai,author_1,ai,False,ai,"Can you tell me more about Greenhaven and its people?"" Elara smiled, feeling a sense of pride. ""Greenhaven is a place of deep bonds and shared histories. We"
conv_423a3b9f2e0640e789caf6a9f5e374b9,ai-ai,7,7,True,author_2,ai,author_2,ai,True,ai,"bearing a message for your village. A great change is coming, one that will test the strength and unity of Greenhaven. But first, I seek to understand the heart of this place."
conv_423a3b9f2e0640e789caf6a9f5e374b9,ai-ai,8,8,True,author_2,ai,author_1,ai,False,ai,"and in the fall, the Harvest Festival brings us together to share the bounty of the land. Our village is built on trust and cooperation, and we face challenges"
conv_423a3b9f2e0640e789caf6a9f5e374b9,ai-ai,8,8,True,author_2,ai,author_2,ai,True,ai,"care for each other like family, and our traditions are woven into the fabric of our daily lives. Every spring, we hold the Festival of Lights to celebrate the return of the sun,"
conv_423a3b9f2e0640e789caf6a9f5e374b9,ai-ai,9,9,True,author_2,ai,author_1,ai,False,ai,"look of understanding in their eyes. ""The change I speak of is a test of that very spirit. A dark force is gathering beyond the hills, threatening the peace"
conv_423a3b9f2e0640e789caf6a9f5e374b9,ai-ai,9,9,True,author_2,ai,author_2,ai,True,ai,"together, no matter how big or small. What is the message you bring, Arin? How can we prepare for this change?"" Arin nodded thoughtfully, a"
conv_423a3b9f2e0640e789caf6a9f5e374b9,ai-ai,10,10,True,author_2,ai,author_1,ai,False,ai,"your hearts will be your greatest weapons. I am here to guide you and help you prepare. Together, we can ensure that the light of Greenhaven shines brightly, even in"
conv_423a3b9f2e0640e789caf6a9f5e374b9,ai-ai,10,10,True,author_2,ai,author_2,ai,True,ai,"of not just Greenhaven, but all the lands around. To stand against it, your village must unite in ways it never has before. The strength of your bonds and the courage of"
conv_462717bcc40d4415847da0610f472914,ai-ai,1,1,True,author_2,ai,author_1,ai,False,ai,"listened closely. Eliana was one such listener. Every evening, she would sit on the old wooden pier, her feet dangling above the water, lost in the symphony"
conv_462717bcc40d4415847da0610f472914,ai-ai,1,1,True,author_2,ai,author_2,ai,True,ai,"Eliana, a young woman with a heart as vast as the ocean and dreams that stretched beyond the stars. She lived in a small coastal village where the sea whispered secrets to those who"
conv_462717bcc40d4415847da0610f472914,ai-ai,2,2,True,author_2,ai,author_1,ai,False,ai,"piqued, Eliana leaned closer, her eyes widening as the light began to pulse rhythmically, almost as if it were communicating with her. She reached out tentatively, her"
conv_462717bcc40d4415847da0610f472914,ai-ai,2,2,True,author_2,ai,author_2,ai,True,ai,"of the waves. It was during one of these evenings that she noticed something peculiar—a faint, glowing light beneath the surface of the water. Curiosity"
conv_462717bcc40d4415847da0610f472914,ai-ai,3,3,True,author_2,ai,author_1,ai,False,ai,"glow. Eliana picked up the shell, feeling a strange warmth spread through her hand. As she held it close, a gentle voice seemed to whisper from within, speaking"
conv_462717bcc40d4415847da0610f472914,ai-ai,3,3,True,author_2,ai,author_2,ai,True,ai,"fingers brushing against the cool water. Suddenly, the light surged upward, breaking the surface and revealing a small, intricately carved seashell that shimmered with an otherworldly"
conv_462717bcc40d4415847da0610f472914,ai-ai,4,4,True,author_2,ai,author_1,ai,False,ai,"hardly imagine. Heart racing, Eliana clutched the seashell tightly and made a silent vow to uncover the mysteries it held. The next morning, she set out on"
conv_462717bcc40d4415847da0610f472914,ai-ai,4,4,True,author_2,ai,author_2,ai,True,ai,"of ancient secrets and forgotten realms beneath the sea. The voice urged her to follow the tides, promising that the path ahead would lead her to truths she could"
conv_462717bcc40d4415847da0610f472914,ai-ai,5,5,True,author_2,ai,author_1,ai,False,ai,"mile. The sun rose and set, casting golden hues over the rolling waves, and the seashell pulsed softly in her pocket, a constant reminder of the adventure"
conv_462717bcc40d4415847da0610f472914,ai-ai,5,5,True,author_2,ai,author_2,ai,True,ai,"a journey that would take her far from the familiar shores of her village. With the seashell as her guide, she followed the coastline, her steps growing more determined with each passing"
conv_462717bcc40d4415847da0610f472914,ai-ai,6,6,True,author_2,ai,author_1,ai,False,ai,"her hand, and drifted into a dream filled with visions of underwater cities and creatures of myth. When dawn broke, she awoke with a renewed sense of purpose, ready to face whatever"
conv_462717bcc40d4415847da0610f472914,ai-ai,6,6,True,author_2,ai,author_2,ai,True,ai,"that awaited her. As night fell, Eliana found shelter under the branches of an ancient tree, its roots dipping into the sea. She lay down, the seashell still in"
conv_462717bcc40d4415847da0610f472914,ai-ai,7,7,True,author_2,ai,author_1,ai,False,ai,"unwavering curiosity, she encountered mysterious islands, navigated treacherous waters, and even befriended a pod of dolphins that led her through a maze of coral reefs."
conv_462717bcc40d4415847da0610f472914,ai-ai,7,7,True,author_2,ai,author_2,ai,True,ai,"challenges lay ahead. The journey was long and fraught with unexpected obstacles, but Eliana's resolve never wavered. Guided by the seashell and her"
conv_462717bcc40d4415847da0610f472914,ai-ai,8,8,True,author_2,ai,author_1,ai,False,ai,"cave, its mouth shrouded in mist. The air inside was thick with the scent of salt and magic. She stepped cautiously into the darkness, the seashell"
conv_462717bcc40d4415847da0610f472914,ai-ai,8,8,True,author_2,ai,author_2,ai,True,ai,"Each step brought her closer to the heart of the ocean's secrets. One day, as the seashell’s glow intensified, Eliana found herself at the entrance of a hidden"
conv_462717bcc40d4415847da0610f472914,ai-ai,9,9,True,author_2,ai,author_1,ai,False,ai,"the seashell. As Eliana approached, the water rippled, and a figure emerged from the depths—a graceful mermaid with eyes as deep"
conv_462717bcc40d4415847da0610f472914,ai-ai,9,9,True,author_2,ai,author_2,ai,True,ai,"illuminating her path. Deeper within, the cave opened into a vast, luminescent cavern. In the center, a crystalline pool glowed with the same light as"
conv_462717bcc40d4415847da0610f472914,ai-ai,10,10,True,author_2,ai,author_1,ai,False,ai,"dream and reality blurred. She told Eliana of a great treasure, not of gold or jewels, but of knowledge and harmony, hidden within the heart of the ocean."
conv_462717bcc40d4415847da0610f472914,ai-ai,10,10,True,author_2,ai,author_2,ai,True,ai,"as the ocean itself. The mermaid spoke in a voice that echoed with the wisdom of centuries, explaining that the seashell was a key to a lost realm where the boundaries between"
conv_4a6a4f5ea2f54cbeb47af1cc5ce458ac,ai-ai,1,1,True,author_2,ai,author_1,ai,False,ai,"in harmony with nature, their lives centered around the seasons and the rhythms of the land. Every morning, the villagers would gather at the village square, where the oldest and wisest among"
conv_4a6a4f5ea2f54cbeb47af1cc5ce458ac,ai-ai,1,1,True,author_2,ai,author_2,ai,True,ai,"a small, ancient village nestled between two towering mountains, where the air was always crisp and the sky a deep, unending blue. The villagers lived"
conv_4a6a4f5ea2f54cbeb47af1cc5ce458ac,ai-ai,2,2,True,author_2,ai,author_1,ai,False,ai,"of dreams. Lila was always the first to arrive at the square, eager to learn and soak in every word the Elders spoke. She was particularly fascinated by the tales"
conv_4a6a4f5ea2f54cbeb47af1cc5ce458ac,ai-ai,2,2,True,author_2,ai,author_2,ai,True,ai,"them, known as the Elders, would share stories and wisdom passed down through generations. Among these villagers was a young girl named Lila, who had a curious mind and a heart full"
conv_4a6a4f5ea2f54cbeb47af1cc5ce458ac,ai-ai,3,3,True,author_2,ai,author_1,ai,False,ai,"be like to meet one of these spirits. One day, after a particularly stormy night, the village woke to find a mysterious, shimmering stone at the edge"
conv_4a6a4f5ea2f54cbeb47af1cc5ce458ac,ai-ai,3,3,True,author_2,ai,author_2,ai,True,ai,"of the Mountain Spirits, mythical beings said to inhabit the peaks above. These spirits were believed to control the weather and protect the village from harm. Lila often wondered what it would"
conv_4a6a4f5ea2f54cbeb47af1cc5ce458ac,ai-ai,4,4,True,author_2,ai,author_1,ai,False,ai,"sense of adventure, decided to investigate the stone on her own. As she approached the forest’s edge, the air grew cooler, and the trees seemed to whisper secrets in the wind."
conv_4a6a4f5ea2f54cbeb47af1cc5ce458ac,ai-ai,4,4,True,author_2,ai,author_2,ai,True,ai,"of the forest. The stone glowed with an otherworldly light, and whispers of its appearance spread quickly through the village. Lila, driven by curiosity and a"
conv_4a6a4f5ea2f54cbeb47af1cc5ce458ac,ai-ai,5,5,True,author_2,ai,author_1,ai,False,ai,"and the air around her began to shimmer. Suddenly, the ground beneath her feet trembled, and the trees rustled as if alive. From the depths of the"
conv_4a6a4f5ea2f54cbeb47af1cc5ce458ac,ai-ai,5,5,True,author_2,ai,author_2,ai,True,ai,"Heart pounding with excitement and a touch of fear, Lila reached out to touch the stone. As her fingers brushed against its surface, the stone pulsed with a warm light,"
conv_4a6a4f5ea2f54cbeb47af1cc5ce458ac,ai-ai,6,6,True,author_2,ai,author_1,ai,False,ai,"you have shown great courage to approach the stone. I am Eir, Guardian of the Mountains. What do you seek?” Lila, though awestruck, found her"
conv_4a6a4f5ea2f54cbeb47af1cc5ce458ac,ai-ai,6,6,True,author_2,ai,author_2,ai,True,ai,"forest, a figure emerged—a tall, ethereal being with eyes that sparkled like the stars. The spirit’s voice was a gentle breeze, whispering, “Child of the village,"
conv_4a6a4f5ea2f54cbeb47af1cc5ce458ac,ai-ai,7,7,True,author_2,ai,author_1,ai,False,ai,"warm and reassuring smile that calmed Lila’s fears. “I can show you wonders beyond your wildest dreams, but remember, true wisdom comes from the heart and"
conv_4a6a4f5ea2f54cbeb47af1cc5ce458ac,ai-ai,7,7,True,author_2,ai,author_2,ai,True,ai,"voice. ""I seek to understand, to learn about the world beyond our village, and to help my people. Can you guide me?"" Eir smiled, a"
conv_4a6a4f5ea2f54cbeb47af1cc5ce458ac,ai-ai,8,8,True,author_2,ai,author_1,ai,False,ai,"the unknown, the forest around them coming alive with the magic of the Mountain Spirits. The village watched in wonder as the young girl and the guardian disappeared into the mist, leaving behind"
conv_4a6a4f5ea2f54cbeb47af1cc5ce458ac,ai-ai,8,8,True,author_2,ai,author_2,ai,True,ai,"the choices you make. Are you ready to embark on this journey?” Lila nodded, her eyes shining with determination. Hand in hand, they stepped into"
conv_4a6a4f5ea2f54cbeb47af1cc5ce458ac,ai-ai,9,9,True,author_2,ai,author_1,ai,False,ai,"all who heard it to embrace their curiosity and face the unknown with courage and open hearts. The village thrived, knowing that within each of them lay the potential for greatness, just"
conv_4a6a4f5ea2f54cbeb47af1cc5ce458ac,ai-ai,9,9,True,author_2,ai,author_2,ai,True,ai,"a trail of glowing light. And so, the legend of Lila and the Mountain Spirit was born, a tale that would be told for generations to come, inspiring"
conv_4a6a4f5ea2f54cbeb47af1cc5ce458ac,ai-ai,10,10,True,author_2,ai,author_1,ai,False,ai,"to their community. The stone at the edge of the forest continued to glow, a symbol of the bond between the village and the Mountain Spirits, a reminder that the journey of a thousand"
conv_4a6a4f5ea2f54cbeb47af1cc5ce458ac,ai-ai,10,10,True,author_2,ai,author_2,ai,True,ai,"like the brave young girl who dared to dream and explore the mysteries of the world. And whenever the villagers looked up at the mountains, they remembered Lila and the timeless wisdom she brought back"
conv_4f8a0b7e568d40eba7e40164ecf1db73,ai-ai,1,1,True,author_2,ai,author_1,ai,False,ai,"lighthouse on a windswept peninsula that locals called ""the last shoulder of land,"" she didn't hesitate. The journey took three days by train, then bus,"
conv_4f8a0b7e568d40eba7e40164ecf1db73,ai-ai,1,1,True,author_2,ai,author_2,ai,True,ai,# The Lighthouse at World's End Mara had always been drawn to edges—the places where one thing ended and another began. So when she inherited her great-aunt's
conv_4f8a0b7e568d40eba7e40164ecf1db73,ai-ai,2,2,True,author_2,ai,author_1,ai,False,ai,"was a weathered man named Callum who spoke in fragments, as if words were a precious resource he'd learned to ration over decades of solitude. He met her at the"
conv_4f8a0b7e568d40eba7e40164ecf1db73,ai-ai,2,2,True,author_2,ai,author_2,ai,True,ai,then finally a rickety fishing boat that cut through waters the color of old pewter. The lighthouse keeper who'd been maintaining it in her great-aunt's absence
conv_4f8a0b7e568d40eba7e40164ecf1db73,ai-ai,3,3,True,author_2,ai,author_1,ai,False,ai,"learn to read the air like a book—taste the salt change, feel the pressure drop. Your great-aunt could predict a storm three days out."" He led her up"
conv_4f8a0b7e568d40eba7e40164ecf1db73,ai-ai,3,3,True,author_2,ai,author_2,ai,True,ai,"dock with a lantern already lit, though it was only late afternoon. ""Fog comes quick here,"" he said, shouldering her single bag. ""You'll"
conv_4f8a0b7e568d40eba7e40164ecf1db73,ai-ai,4,4,True,author_2,ai,author_1,ai,False,ai,"pointing accusingly at the sky, its white paint peeling in long strips that flapped in the constant wind. Up close, Mara could see the dark stone beneath,"
conv_4f8a0b7e568d40eba7e40164ecf1db73,ai-ai,4,4,True,author_2,ai,author_2,ai,True,ai,"the winding path carved into the cliff face, where tufts of sea grass clung stubbornly to the rock. The lighthouse rose before them like a pale finger"
conv_4f8a0b7e568d40eba7e40164ecf1db73,ai-ai,5,5,True,author_2,ai,author_1,ai,False,ai,"salt-damp wood, and something else—a mineral scent she couldn't quite place, like the inside of a geode. Callum set her bag down and gestured"
conv_4f8a0b7e568d40eba7e40164ecf1db73,ai-ai,5,5,True,author_2,ai,author_2,ai,True,ai,"older than she'd imagined—volcanic rock, maybe, or something dredged from deeper waters. Inside, the air smelled of lamp oil,"
conv_4f8a0b7e568d40eba7e40164ecf1db73,ai-ai,6,6,True,author_2,ai,author_1,ai,False,ai,"the top—needs winding every four hours through the night. I'll show you the mechanism before I go."" He paused, his hand resting on the"
conv_4f8a0b7e568d40eba7e40164ecf1db73,ai-ai,6,6,True,author_2,ai,author_2,ai,True,ai,"toward a narrow spiral staircase that corkscrewed upward into shadow. ""Your aunt's quarters are on the second landing. The light chamber's at"
conv_4f8a0b7e568d40eba7e40164ecf1db73,ai-ai,7,7,True,author_2,ai,author_1,ai,False,ai,"not exactly. Your aunt, she had a theory about them."" He glanced toward the window, where the gray sea churned. ""Said they were older than the lighthouse, older"
conv_4f8a0b7e568d40eba7e40164ecf1db73,ai-ai,7,7,True,author_2,ai,author_2,ai,True,ai,"iron banister, fingers tracing an arc of rust. ""There's something else you should know. Some nights, you'll see lights out on the water—not ships,"
conv_4f8a0b7e568d40eba7e40164ecf1db73,ai-ai,8,8,True,author_2,ai,author_1,ai,False,ai,"Mara felt a chill that had nothing to do with the damp air. ""Answer what?"" Callum's eyes met hers, and in them she saw"
conv_4f8a0b7e568d40eba7e40164ecf1db73,ai-ai,8,8,True,author_2,ai,author_2,ai,True,ai,"than the land itself. Said they were the reason this lighthouse was built here in the first place—not to warn ships away from the rocks, but to answer something."""
conv_4f8a0b7e568d40eba7e40164ecf1db73,ai-ai,9,9,True,author_2,ai,author_1,ai,False,ai,"and placed it in her hands. The cover was water-stained and warm, as if someone had been holding it moments before. ""Your aunt's log. She"
conv_4f8a0b7e568d40eba7e40164ecf1db73,ai-ai,9,9,True,author_2,ai,author_2,ai,True,ai,"something between warning and wonder. ""That's what you're here to find out, I suppose."" He pulled a worn leather journal from his coat"
conv_4f8a0b7e568d40eba7e40164ecf1db73,ai-ai,10,10,True,author_2,ai,author_1,ai,False,ai,"opened the journal with trembling fingers, finding that final entry in her great-aunt's spidery handwriting. The ink had run in places, whether from"
conv_4f8a0b7e568d40eba7e40164ecf1db73,ai-ai,10,10,True,author_2,ai,author_2,ai,True,ai,"stopped writing three days before she passed—left it open to a page with just one line: 'Tonight, I'll finally go down to meet them.'"" Mara"
conv_59e7ea5807ff4367bf49dd3541d68e49,ai-ai,1,,True,author_1,ai,author_1,ai,True,ai,"Mara, a quiet traveler who wandered from one forgotten village to the next, always searching for something she could never quite name. Her pack was light—just a worn cloak, a"
conv_59e7ea5807ff4367bf49dd3541d68e49,ai-ai,1,,True,author_1,ai,author_2,ai,False,ai,"small notebook filled with sketches and half-written poems, and a tin whistle with faded engravings. She never stayed long in any one place, following the thread of some distant"
conv_59e7ea5807ff4367bf49dd3541d68e49,ai-ai,2,1,True,author_1,ai,author_1,ai,True,ai,"promise she once heard whispered in her dreams. Though strangers often regarded her with polite curiosity, Mara rarely spoke more than was necessary. Instead, she listened—to creaking branches, river songs,"
conv_59e7ea5807ff4367bf49dd3541d68e49,ai-ai,2,1,True,author_1,ai,author_2,ai,False,ai,"and the stories that flickered in the quiet pauses between conversations. One evening, as dusk folded itself over the sleepy hamlet of Willow’s End, Mara found herself drawn to the"
conv_59e7ea5807ff4367bf49dd3541d68e49,ai-ai,3,2,True,author_1,ai,author_1,ai,True,ai,"crumbling stone bridge at the village's edge. Below, the narrow stream reflected the last gold wash of sunlight. As she leaned over the mossy parapet, a faint, plaintive"
conv_59e7ea5807ff4367bf49dd3541d68e49,ai-ai,3,2,True,author_1,ai,author_2,ai,False,ai,"melody drifted up from beneath the bridge. Mara stilled, her breath catching. It was the same tune she’d heard in her dreams for as long as"
conv_59e7ea5807ff4367bf49dd3541d68e49,ai-ai,4,3,True,author_1,ai,author_1,ai,True,ai,"she could remember—a song both haunting and hopeful, echoing with longing. Compelled by something deeper than curiosity, Mara crept down the bank, pushing aside"
conv_59e7ea5807ff4367bf49dd3541d68e49,ai-ai,4,3,True,author_1,ai,author_2,ai,False,ai,"tangled brambles and slick stones. The music grew louder, weaving through the hush of water and dusk. At the shadowed mouth of the bridge, she paused,"
conv_59e7ea5807ff4367bf49dd3541d68e49,ai-ai,5,4,True,author_1,ai,author_1,ai,True,ai,"heart pounding. In the gloom, she saw a figure—small and hunched, fingers dancing over a silver flute. The figure's eyes met hers, pale and bright as"
conv_59e7ea5807ff4367bf49dd3541d68e49,ai-ai,5,4,True,author_1,ai,author_2,ai,False,ai,"the crescent moon rising overhead. For a moment, neither spoke. The music faltered and silenced, and the figure—whose features seemed touched by both"
conv_59e7ea5807ff4367bf49dd3541d68e49,ai-ai,6,5,True,author_1,ai,author_1,ai,True,ai,"childhood and age—lowered the flute. “You found your way,” the figure murmured, voice like wind in reeds. Mara swallowed, clutching her notebook to her chest,"
conv_59e7ea5807ff4367bf49dd3541d68e49,ai-ai,6,5,True,author_1,ai,author_2,ai,False,ai,"uncertain but drawn onward. “Did you call me here?” she asked softly, voice trembling. The figure nodded, eyes gentle yet piercing. “The song remembers. It"
conv_59e7ea5807ff4367bf49dd3541d68e49,ai-ai,7,6,True,author_1,ai,author_1,ai,True,ai,"brings those who need to listen—and those who need to remember.” The figure gestured for Mara to sit beside them. As she settled on the cool stone, the"
conv_59e7ea5807ff4367bf49dd3541d68e49,ai-ai,7,6,True,author_1,ai,author_2,ai,False,ai,"figure offered her the silver flute. “The melody began with you,” they whispered. “Play, and remember.” Mara hesitated, then raised the flute to her lips. As"
conv_59e7ea5807ff4367bf49dd3541d68e49,ai-ai,8,7,True,author_1,ai,author_1,ai,True,ai,"she played, her fingers instinctively found the tune, notes pouring from her as though she’d known them all her life. Memories unfurled—laughter by firelight, arms"
conv_59e7ea5807ff4367bf49dd3541d68e49,ai-ai,8,7,True,author_1,ai,author_2,ai,False,ai,"around her shoulders, the shimmering faces of friends she had feared lost to time. The melody bridged past and present, stitching together longing and homecoming. When at last the final note"
conv_59e7ea5807ff4367bf49dd3541d68e49,ai-ai,9,8,True,author_1,ai,author_1,ai,True,ai,"faded into the night, Mara felt something inside her settle—like a door, long closed, quietly unlocking. The figure smiled, setting a warm hand over hers."
conv_59e7ea5807ff4367bf49dd3541d68e49,ai-ai,9,8,True,author_1,ai,author_2,ai,False,ai,"Without words, Mara understood: her quest was not for a place, but for belonging, woven from memory and song. The hush around them felt full and gentle now—as if the land"
conv_59e7ea5807ff4367bf49dd3541d68e49,ai-ai,10,9,True,author_1,ai,author_1,ai,True,ai,"itself welcomed her home. Mara lingered a moment longer on the stone, warmth blooming in her chest. When she rose, the bridge and the figure had faded into night"
conv_59e7ea5807ff4367bf49dd3541d68e49,ai-ai,10,9,True,author_1,ai,author_2,ai,False,ai,"but the melody echoed in her heart. From that night onward, Mara wandered not as one lost, but as one who carried her home within her—a song threading through every step,"
conv_5e251a7c51a949a983e10fa3b1d5a65f,ai-ai,1,,True,author_1,ai,author_1,ai,True,ai,"a weathered map-maker named Elsie, who lived at the edge of the Willowmire Marshes. Each morning, the mists curled about her cottage, and"
conv_5e251a7c51a949a983e10fa3b1d5a65f,ai-ai,1,,True,author_1,ai,author_2,ai,False,ai,"the dawn calls of hidden birds echoed through the reeds. Elsie’s windows fogged with the damp, but inside, her fingers moved deftly across vellum, tracing"
conv_5e251a7c51a949a983e10fa3b1d5a65f,ai-ai,2,1,True,author_1,ai,author_1,ai,True,ai,"the delicate lines of forgotten byways and secret pools. She drew what she had seen and what she had imagined, mapping out not just directions, but dreams. The people of"
conv_5e251a7c51a949a983e10fa3b1d5a65f,ai-ai,2,1,True,author_1,ai,author_2,ai,False,ai,the neighboring villages often came to her with requests—perhaps a route to a lost ancestor’s grave or the location of a thicket where healing herbs grew wild. For a small
conv_5e251a7c51a949a983e10fa3b1d5a65f,ai-ai,3,2,True,author_1,ai,author_1,ai,True,ai,"token, a loaf of bread or a jar of honey, Elsie would listen closely, her wise eyes shining as she asked questions about landmarks, river-bends, odd"
conv_5e251a7c51a949a983e10fa3b1d5a65f,ai-ai,3,2,True,author_1,ai,author_2,ai,False,ai,"stones, or the whisper of willows in the wind. Sometimes the details were puzzling—stories of lights flickering over the water, or paths that shifted in"
conv_5e251a7c51a949a983e10fa3b1d5a65f,ai-ai,4,3,True,author_1,ai,author_1,ai,True,ai,"the moonlight. Elsie learned long ago how to tease meaning from myth, sketching little warnings on her maps: a curl of gray ink where marshfire danced, a"
conv_5e251a7c51a949a983e10fa3b1d5a65f,ai-ai,4,3,True,author_1,ai,author_2,ai,False,ai,"tiny symbol of a half-seen eye for places where it felt as if you were being watched. Her maps were filled with notes in the margin—a scrap of local legend here, a caution"
conv_5e251a7c51a949a983e10fa3b1d5a65f,ai-ai,5,4,True,author_1,ai,author_1,ai,True,ai,"there, always written in her tidy script. One spring, a stranger arrived: a young man in a weather-stained cloak, clutching a letter and carrying nothing but"
conv_5e251a7c51a949a983e10fa3b1d5a65f,ai-ai,5,4,True,author_1,ai,author_2,ai,False,ai,"a battered satchel. He paused at Elsie’s gate, uncertainty in his eyes, before knocking softly on her door. When Elsie answered, he offered her the letter—bearing"
conv_5e251a7c51a949a983e10fa3b1d5a65f,ai-ai,6,5,True,author_1,ai,author_1,ai,True,ai,"the seal of the Royal Cartography Guild. Inside, the message was brief but urgent: strange, shifting boundaries had been reported around Willowmire, and the guild needed"
conv_5e251a7c51a949a983e10fa3b1d5a65f,ai-ai,6,5,True,author_1,ai,author_2,ai,False,ai,"her expertise to chart what was happening. The young man—whose name was Rowan—explained further, his voice trembling with both excitement and fear. “Borders are blurring,"
conv_5e251a7c51a949a983e10fa3b1d5a65f,ai-ai,7,6,True,author_1,ai,author_1,ai,True,ai,"paths change overnight, entire ponds vanish or appear where none were before. The King fears an old magic is awakening. I was told…only the map-maker of Willowmire could"
conv_5e251a7c51a949a983e10fa3b1d5a65f,ai-ai,7,6,True,author_1,ai,author_2,ai,False,ai,"find sense in the chaos.” Elsie studied Rowan’s earnest face and the trembling letter in his hands. She nodded gravely, her heart thrumming with a strange mix"
conv_5e251a7c51a949a983e10fa3b1d5a65f,ai-ai,8,7,True,author_1,ai,author_1,ai,True,ai,"of worry and exhilaration. “Marshes always change,” she said softly, “but not like this—not by mere water or wind.” With practiced movements, she gathered her"
conv_5e251a7c51a949a983e10fa3b1d5a65f,ai-ai,8,7,True,author_1,ai,author_2,ai,False,ai,"old walking staff and rolled up a fresh sheet of vellum. She handed Rowan a lantern and beckoned him to follow. As they stepped into the swirling mists,"
conv_5e251a7c51a949a983e10fa3b1d5a65f,ai-ai,9,8,True,author_1,ai,author_1,ai,True,ai,"the world felt suspended between waking and dream. Strange lights flickered at the marsh’s edge, making Rowan gasp. Elsie, however, only smiled gently. “Come,” she"
conv_5e251a7c51a949a983e10fa3b1d5a65f,ai-ai,9,8,True,author_1,ai,author_2,ai,False,ai,"said, her voice low. “The marsh hides its secrets from the fearful. Tonight, we walk where true maps are born.” Together, they ventured forward—past shimmering lights and"
conv_5e251a7c51a949a983e10fa3b1d5a65f,ai-ai,10,9,True,author_1,ai,author_1,ai,True,ai,"uncertain water, their reflections stretching into the shifting fog. At a certain willow, said to mark the heart of old magic, Elsie knelt and pressed her"
conv_5e251a7c51a949a983e10fa3b1d5a65f,ai-ai,10,9,True,author_1,ai,author_2,ai,False,ai,"hand to the root. The ground seemed to hum; the willow’s branches swayed as if beckoning them closer. Elsie whispered an ancient rhyme and, with Rowan watching in"
conv_5eaea7f6b22e45d58a8dc6d7dc13cfea,ai-ai,1,,True,author_1,ai,author_1,ai,True,ai,"a girl named Elara, who lived in the quiet town of Harthill, nestled between emerald hills and silver streams. Elara was known for her curiosity and the small notebook"
conv_5eaea7f6b22e45d58a8dc6d7dc13cfea,ai-ai,1,,True,author_1,ai,author_2,ai,False,ai,"she kept tucked into the pocket of her patched coat. She wrote about everything—the colors of sunrise over the creek, the names of wildflowers blooming in the meadows, and the odd"
conv_5eaea7f6b22e45d58a8dc6d7dc13cfea,ai-ai,2,1,True,author_1,ai,author_1,ai,True,ai,"stories the townsfolk would whisper at the market stalls. Her favorite entry, however, was about an old oak tree on the hill with a hollow shaped like a heart. Some claimed it"
conv_5eaea7f6b22e45d58a8dc6d7dc13cfea,ai-ai,2,1,True,author_1,ai,author_2,ai,False,ai,"was haunted, others said it was the secret meeting place of faeries. Elara visited the tree often, pressing her palm to the bark and peering into the heart-shaped"
conv_5eaea7f6b22e45d58a8dc6d7dc13cfea,ai-ai,3,2,True,author_1,ai,author_1,ai,True,ai,"hollow, hoping to catch a glimpse of magic. One crisp autumn afternoon, as scarlet leaves spun around her boots, she noticed something different—a faint golden glow pulsed from"
conv_5eaea7f6b22e45d58a8dc6d7dc13cfea,ai-ai,3,2,True,author_1,ai,author_2,ai,False,ai,"deep within the hollow, unlike anything she had seen before. Heart pounding, Elara leaned closer, her breath misting in the chill air. She reached inside carefully, her fingers brushing against"
conv_5eaea7f6b22e45d58a8dc6d7dc13cfea,ai-ai,4,3,True,author_1,ai,author_1,ai,True,ai,"something smooth and warm—like polished stone radiating gentle heat. When she pulled it from the hollow, she gasped. Cradled in her palm was a peculiar amulet, shimmering"
conv_5eaea7f6b22e45d58a8dc6d7dc13cfea,ai-ai,4,3,True,author_1,ai,author_2,ai,False,ai,"with swirling flecks of gold and blue. The patterns within the stone shifted like a tiny storm. As she turned it over, she noticed a strange inscription along the edge—a"
conv_5eaea7f6b22e45d58a8dc6d7dc13cfea,ai-ai,5,4,True,author_1,ai,author_1,ai,True,ai,"series of delicate runes, looping and curling in a script she'd never seen before. Entranced, Elara barely noticed the breeze stirring the leaves until a soft whisper reached her"
conv_5eaea7f6b22e45d58a8dc6d7dc13cfea,ai-ai,5,4,True,author_1,ai,author_2,ai,False,ai,"ear, as if the wind itself were speaking to her. ""Return what is lost,"" it sighed, the words threading through the branches. Elara shivered, clutching"
conv_5eaea7f6b22e45d58a8dc6d7dc13cfea,ai-ai,6,5,True,author_1,ai,author_1,ai,True,ai,"the amulet tightly, her curiosity battling with a sudden ripple of fear. Was this what the stories meant—was the tree trying to tell her something? As she"
conv_5eaea7f6b22e45d58a8dc6d7dc13cfea,ai-ai,6,5,True,author_1,ai,author_2,ai,False,ai,"looked back at the hollow, the golden glow pulsed brighter, almost urging her closer. Gathering her courage, Elara slipped the amulet back into the"
conv_5eaea7f6b22e45d58a8dc6d7dc13cfea,ai-ai,7,6,True,author_1,ai,author_1,ai,True,ai,"heart-shaped hollow, feeling the stone draw from her hand as if pulled by invisible threads. The glowing deepened, swirling around the amulet, and in that moment, the bark parted"
conv_5eaea7f6b22e45d58a8dc6d7dc13cfea,ai-ai,7,6,True,author_1,ai,author_2,ai,False,ai,"with a gentle sigh, revealing a hidden doorway. Beyond it shimmered a passage of light and shadows. Elara’s heart raced—as she stepped through, she wondered if she was finally"
conv_5eaea7f6b22e45d58a8dc6d7dc13cfea,ai-ai,8,7,True,author_1,ai,author_1,ai,True,ai,"about to discover the truth behind the legends. The world on the other side sparkled in ways she had only imagined—where every leaf sang, and faint, playful laughter echoed"
conv_5eaea7f6b22e45d58a8dc6d7dc13cfea,ai-ai,8,7,True,author_1,ai,author_2,ai,False,ai,"from behind silvery trunks. In this place, Elara finally understood: the heart-shaped hollow had always been a doorway, waiting for someone curious and brave enough to"
conv_5eaea7f6b22e45d58a8dc6d7dc13cfea,ai-ai,9,8,True,author_1,ai,author_1,ai,True,ai,"listen. The faeries, tiny and shimmering, danced around her in greeting, their songs weaving welcome and gratitude. Elara smiled, her notebook snug in her pocket, ready to fill"
conv_5eaea7f6b22e45d58a8dc6d7dc13cfea,ai-ai,9,8,True,author_1,ai,author_2,ai,False,ai,"its pages with stories no one in Harthill had ever heard—tales of magic, courage, and the wonders that awaited those who dared to listen to the whispers of"
conv_5eaea7f6b22e45d58a8dc6d7dc13cfea,ai-ai,10,9,True,author_1,ai,author_1,ai,True,ai,"the ordinary world. When she finally returned home through the heart-shaped hollow, the memory of that enchanted realm glowed quietly inside her, lighting her days and inspiring the whole town with stories"
conv_5eaea7f6b22e45d58a8dc6d7dc13cfea,ai-ai,10,9,True,author_1,ai,author_2,ai,False,ai,"of hope and possibility. The oak tree stood watch, proud and silent, its secret safe with Elara—guardian of magic, teller of truths, and now, the storyteller"
conv_5f83922b1e334cfcb374e90c11c81c1e,ai-ai,1,,True,author_1,ai,author_1,ai,True,ai,"a young girl named Emilia, who lived in a small village surrounded by vast, rolling hills and dense forests. The villagers often whispered about the strange occurrences and unexplained events that took"
conv_5f83922b1e334cfcb374e90c11c81c1e,ai-ai,1,,True,author_1,ai,author_2,ai,False,ai,"place in the dead of night, when the moon was full and the stars twinkled like diamonds in the sky. They would speak of disembodied voices, eerie"
conv_5f83922b1e334cfcb374e90c11c81c1e,ai-ai,2,1,True,author_1,ai,author_1,ai,True,ai,"shadows that darted across the windows, and an unsettling feeling of being watched by unseen eyes. Emilia's curiosity was piqued by these tales, and she often"
conv_5f83922b1e334cfcb374e90c11c81c1e,ai-ai,2,1,True,author_1,ai,author_2,ai,False,ai,"found herself wandering to the edge of the village, gazing out into the darkness, as if daring the unknown to reveal itself to her. The villagers would caution her, telling"
conv_5f83922b1e334cfcb374e90c11c81c1e,ai-ai,3,2,True,author_1,ai,author_1,ai,True,ai,"her of the dangers that lurked beyond the village borders, of the dark creatures that roamed the forest and the malevolent spirits that dwelled in the shadows. But Emilia"
conv_5f83922b1e334cfcb374e90c11c81c1e,ai-ai,3,2,True,author_1,ai,author_2,ai,False,ai,"was not one to be easily swayed by fear, and she felt an inexplicable pull to the mysterious and the unknown. She would often sneak out of her small cottage"
conv_5f83922b1e334cfcb374e90c11c81c1e,ai-ai,4,3,True,author_1,ai,author_1,ai,True,ai,"and make her way into the forest, the trees looming above her like sentinels as she walked deeper into the darkness. The rustling of leaves and snapping of twigs"
conv_5f83922b1e334cfcb374e90c11c81c1e,ai-ai,4,3,True,author_1,ai,author_2,ai,False,ai,"beneath her feet served as a reminder that she was not alone, and Emilia's heart would quicken with a mix of excitement and trepidation as she pushed"
conv_5f83922b1e334cfcb374e90c11c81c1e,ai-ai,5,4,True,author_1,ai,author_1,ai,True,ai,"deeper into the forest, the moonlight filtering through the canopy above her, casting dappled shadows on the forest floor. She had wandered farther than she ever had before, and"
conv_5f83922b1e334cfcb374e90c11c81c1e,ai-ai,5,4,True,author_1,ai,author_2,ai,False,ai,"the trees seemed to be growing taller and the underbrush thicker, as if the forest itself was closing in around her. Emilia's senses were on high alert, her"
conv_5f83922b1e334cfcb374e90c11c81c1e,ai-ai,6,5,True,author_1,ai,author_1,ai,True,ai,"ears straining to pick up any sound that might indicate she was not alone, her eyes scanning the darkness for any sign of movement. Suddenly, a faint humming noise caught her attention,"
conv_5f83922b1e334cfcb374e90c11c81c1e,ai-ai,6,5,True,author_1,ai,author_2,ai,False,ai,"and she turned to follow the sound, her feet carrying her towards a small clearing deep in the forest. The humming grew louder, a low, vibrating melody that seemed to be"
conv_5f83922b1e334cfcb374e90c11c81c1e,ai-ai,7,6,True,author_1,ai,author_1,ai,True,ai,"emanating from a magnificent tree at the center of the clearing, its trunk glowing with a soft, ethereal light that pulsed in time with the humming. Emilia felt herself drawn"
conv_5f83922b1e334cfcb374e90c11c81c1e,ai-ai,7,6,True,author_1,ai,author_2,ai,False,ai,"to the tree, as if by an unseen force, and she reached out a hand to touch the glowing trunk, feeling a sudden jolt of energy and a sense of connection to the natural"
conv_5f83922b1e334cfcb374e90c11c81c1e,ai-ai,8,7,True,author_1,ai,author_1,ai,True,ai,"world that she had never experienced before. The humming grew louder still, and the light began to swirl and dance around her, enveloping her in a warm, golden radiance"
conv_5f83922b1e334cfcb374e90c11c81c1e,ai-ai,8,7,True,author_1,ai,author_2,ai,False,ai,"that seemed to be imbuing her with a deep sense of peace and understanding. As she stood there, bathed in the light, Emilia felt her mind expanding, as if the"
conv_5f83922b1e334cfcb374e90c11c81c1e,ai-ai,9,8,True,author_1,ai,author_1,ai,True,ai,"secrets of the universe were being revealed to her, and she saw the intricate web of life that connected all things, from the tiniest insect to the mightiest tree. In"
conv_5f83922b1e334cfcb374e90c11c81c1e,ai-ai,9,8,True,author_1,ai,author_2,ai,False,ai,"this moment of profound clarity, Emilia understood that she was a part of something much greater than herself, and that the mysteries of the forest were not to be feared, but to"
conv_5f83922b1e334cfcb374e90c11c81c1e,ai-ai,10,9,True,author_1,ai,author_1,ai,True,ai,"be embraced and respected. As the light began to fade, Emilia felt a sense of sadness, but also a sense of gratitude and wonder, for she knew that she had"
conv_5f83922b1e334cfcb374e90c11c81c1e,ai-ai,10,9,True,author_1,ai,author_2,ai,False,ai,"been given a rare gift, a glimpse into the hidden harmony of the world, and that her life would never be the same again. With a sense of awe and reverence,"
conv_61b8da5870584552bbd7133619cd3436,ai-ai,1,,True,author_1,ai,author_1,ai,True,ai,"a small silver key, no bigger than a child's thumb, that was found wedged between the floorboards of a musty old bookstore on the edge of town. The shop"
conv_61b8da5870584552bbd7133619cd3436,ai-ai,1,,True,author_1,ai,author_2,ai,False,ai,"was famous for its crooked shelves and precarious towers of forgotten novels, but the key caught Nora’s attention just as she was about to leave. She knelt in the pool of"
conv_61b8da5870584552bbd7133619cd3436,ai-ai,2,1,True,author_1,ai,author_1,ai,True,ai,"amber sunlight streaming beneath a stained-glass window, her fingers brushing away dust and paper scraps. The key was surprisingly cold in her palm. As she stood, she noticed something"
conv_61b8da5870584552bbd7133619cd3436,ai-ai,2,1,True,author_1,ai,author_2,ai,False,ai,"odd behind the counter—a narrow door she hadn’t seen before, almost blending into the shelves overflowing with yellowed encyclopedias and faded atlases. Its handle bore a tiny,"
conv_61b8da5870584552bbd7133619cd3436,ai-ai,3,2,True,author_1,ai,author_1,ai,True,ai,"intricate lock—just the size for the little silver key. Nora hesitated, glancing around to make sure the shopkeeper wasn't watching. Her heart thudded as she"
conv_61b8da5870584552bbd7133619cd3436,ai-ai,3,2,True,author_1,ai,author_2,ai,False,ai,"slipped quietly behind the counter, the key gripped tight in her damp palm. She slid it into the lock; it fit perfectly, clicking into place with a gentle snap."
conv_61b8da5870584552bbd7133619cd3436,ai-ai,4,3,True,author_1,ai,author_1,ai,True,ai,"Slowly, she turned the key. The door creaked open, releasing a faint scent of lavender and something older, like rain-soaked parchment. Inside was a set of narrow"
conv_61b8da5870584552bbd7133619cd3436,ai-ai,4,3,True,author_1,ai,author_2,ai,False,ai,"winding stairs spiraling down into darkness, their wooden steps worn smooth by centuries of footsteps. On the wall hung a lantern, its glass mottled and cloudy. As Nora"
conv_61b8da5870584552bbd7133619cd3436,ai-ai,5,4,True,author_1,ai,author_1,ai,True,ai,"lifted the lantern from its hook, it flickered to life with a pale yellow glow, as if welcoming her. Each step she took down the staircase made"
conv_61b8da5870584552bbd7133619cd3436,ai-ai,5,4,True,author_1,ai,author_2,ai,False,ai,"the wood groan under her feet, echoing in the silence. The air grew cooler and heavier as she descended, carrying the scent of old ink and secrets. At the"
conv_61b8da5870584552bbd7133619cd3436,ai-ai,6,5,True,author_1,ai,author_1,ai,True,ai,"bottom of the stairs, Nora found herself in a low-ceilinged room lined with shelves overflowing with even older, stranger books than the ones above. In the center stood a"
conv_61b8da5870584552bbd7133619cd3436,ai-ai,6,5,True,author_1,ai,author_2,ai,False,ai,"large oak desk, carved with unfamiliar symbols, and behind it sat an elderly woman wrapped in a midnight-blue shawl. Her eyes sparkled as she looked up at Nora and gestured for"
conv_61b8da5870584552bbd7133619cd3436,ai-ai,7,6,True,author_1,ai,author_1,ai,True,ai,"her to come closer. Nora swallowed her nerves and approached the desk, the lantern’s glow trembling in her hand. The old woman smiled, her voice a whisper"
conv_61b8da5870584552bbd7133619cd3436,ai-ai,7,6,True,author_1,ai,author_2,ai,False,ai,"soft as turning pages. “You brought the key,” she said, nodding to the silver glint in Nora’s fingers. “Not many find what’s meant for them."
conv_61b8da5870584552bbd7133619cd3436,ai-ai,8,7,True,author_1,ai,author_1,ai,True,ai,That is the first magic of this place.” She motioned for Nora to sit. “Within these walls are stories that have not yet been told—and some waiting to
conv_61b8da5870584552bbd7133619cd3436,ai-ai,8,7,True,author_1,ai,author_2,ai,False,ai,"be found.” She slid a tattered book toward Nora, its cover blank. “Your story begins here,” the old woman said gently, “with a secret only you can"
conv_61b8da5870584552bbd7133619cd3436,ai-ai,9,8,True,author_1,ai,author_1,ai,True,ai,"write.” As Nora sat, the silver key shimmered and melted into words on the page. The lantern’s light grew brighter, filling the room, and she realized she"
conv_61b8da5870584552bbd7133619cd3436,ai-ai,9,8,True,author_1,ai,author_2,ai,False,ai,"was not simply reading, but writing herself into a new world—a world conjured with every thought, question, and hope she held. The old woman’s eyes gleamed with approval as the"
conv_61b8da5870584552bbd7133619cd3436,ai-ai,10,9,True,author_1,ai,author_1,ai,True,ai,"first lines unfolded beneath Nora’s fingertips. She understood at last: the key had opened a door not just into the hidden room, but into her own story—one she could"
conv_61b8da5870584552bbd7133619cd3436,ai-ai,10,9,True,author_1,ai,author_2,ai,False,ai,"shape with newfound courage and possibility. Outside, the bookstore carried on as always, but within the lantern’s glow, Nora smiled—knowing the real adventure"
conv_628470d6e6cb42949e29a2c7866a28ab,ai-ai,1,,True,author_1,ai,author_1,ai,True,ai,"a young woman named Sophia, who lived in a small village nestled in the rolling hills of the countryside. She was a curious and adventurous soul, with a heart full of wonder"
conv_628470d6e6cb42949e29a2c7866a28ab,ai-ai,1,,True,author_1,ai,author_2,ai,False,ai,"and a mind full of questions. Sophia spent most of her days exploring the surrounding hills and forests, collecting wildflowers and watching the clouds drift lazily by. She felt a deep connection to"
conv_628470d6e6cb42949e29a2c7866a28ab,ai-ai,2,1,True,author_1,ai,author_1,ai,True,ai,"the natural world, and often found herself lost in thought as she wandered through the trees, listening to the songs of the birds and the rustle of leaves in the gentle breeze. The villagers"
conv_628470d6e6cb42949e29a2c7866a28ab,ai-ai,2,1,True,author_1,ai,author_2,ai,False,ai,"would often smile and wave as she passed by, accustomed to Sophia's wanderings and her deep love of the land. They knew her to be a kind and gentle soul, with"
conv_628470d6e6cb42949e29a2c7866a28ab,ai-ai,3,2,True,author_1,ai,author_1,ai,True,ai,"a special gift for healing and understanding the secrets of the earth. The village elder, a wise and aged woman named Elara, had taken Sophia under her wing, teaching her the"
conv_628470d6e6cb42949e29a2c7866a28ab,ai-ai,3,2,True,author_1,ai,author_2,ai,False,ai,"ancient ways of herbalism and the intricate balance of the natural world. Elara's own eyes, cloudy with age and wisdom, would light up with a warm smile as Sophia demonstrated a"
conv_628470d6e6cb42949e29a2c7866a28ab,ai-ai,4,3,True,author_1,ai,author_1,ai,True,ai,"profound understanding of the subtle energies that flowed through the plants and the land, and the way she could coax even the most reluctant blooms into vibrant life. It was as if Sophia had a"
conv_628470d6e6cb42949e29a2c7866a28ab,ai-ai,4,3,True,author_1,ai,author_2,ai,False,ai,"direct line to the heartbeat of the earth itself, and the rhythms of nature seemed to resonate deeply within her. As she worked alongside Elara, tending to the village gardens and"
conv_628470d6e6cb42949e29a2c7866a28ab,ai-ai,5,4,True,author_1,ai,author_1,ai,True,ai,"harvesting the medicinal herbs that grew in abundance, Sophia began to sense that there was more to her connection to the earth than she could yet understand. She felt an inexplicable"
conv_628470d6e6cb42949e29a2c7866a28ab,ai-ai,5,4,True,author_1,ai,author_2,ai,False,ai,"pull, a gentle yet insistent tug that seemed to be drawing her towards a hidden truth, a secret that lay just beyond the edge of her perception. It was as if the"
conv_628470d6e6cb42949e29a2c7866a28ab,ai-ai,6,5,True,author_1,ai,author_1,ai,True,ai,"land itself was whispering to her, guiding her towards a mysterious and ancient place, a place where the veil between the worlds was thin and the secrets of the earth were waiting to be"
conv_628470d6e6cb42949e29a2c7866a28ab,ai-ai,6,5,True,author_1,ai,author_2,ai,False,ai,"unveiled. The whispers grew louder, the pull stronger, until Sophia could feel the thrum of the earth's energy coursing through her veins, beckoning her to follow a winding"
conv_628470d6e6cb42949e29a2c7866a28ab,ai-ai,7,6,True,author_1,ai,author_1,ai,True,ai,"path that disappeared into the darkness of a nearby forest, a path that few in the village dared to tread. The trees seemed to loom above her, their branches like skeletal"
conv_628470d6e6cb42949e29a2c7866a28ab,ai-ai,7,6,True,author_1,ai,author_2,ai,False,ai,"fingers reaching out to snare her, yet Sophia felt an eerie sense of belonging, as if she had been summoned to this place for a purpose she could not yet comprehend. With a"
conv_628470d6e6cb42949e29a2c7866a28ab,ai-ai,8,7,True,author_1,ai,author_1,ai,True,ai,"deep breath, she stepped onto the path, the trees closing in around her like sentinels, their leaves whispering an otherworldly melody that seemed to match the beating"
conv_628470d6e6cb42949e29a2c7866a28ab,ai-ai,8,7,True,author_1,ai,author_2,ai,False,ai,"of her heart. The air grew thick with an expectant hush, as if the very forest itself was holding its breath in anticipation of what was to come, and Sophia felt herself being"
conv_628470d6e6cb42949e29a2c7866a28ab,ai-ai,9,8,True,author_1,ai,author_1,ai,True,ai,"drawn deeper into the woods, the darkness enfolding her like a shroud, until she stumbled upon a clearing, where a massive ancient tree towered above the underbrush, its"
conv_628470d6e6cb42949e29a2c7866a28ab,ai-ai,9,8,True,author_1,ai,author_2,ai,False,ai,"trunk twisted and gnarled with age, its branches stretching towards the sky like a gateway to the heavens. The tree seemed to be pulsing with a soft,"
conv_628470d6e6cb42949e29a2c7866a28ab,ai-ai,10,9,True,author_1,ai,author_1,ai,True,ai,"ethereal light, as if the very essence of the forest had been distilled into this one, majestic being. Sophia felt an overwhelming sense of wonder and awe as she reached out a trembling hand"
conv_628470d6e6cb42949e29a2c7866a28ab,ai-ai,10,9,True,author_1,ai,author_2,ai,False,ai,"to touch the trunk, and as her fingers made contact with the rough bark, a surge of energy coursed through her, filling her with visions of the past and present, and revealing"
conv_6553a073e7d2443dab881a908afab5eb,ai-ai,1,,True,author_1,ai,author_1,ai,True,ai,"# The Lighthouse at World's End The lighthouse keeper's daughter could see storms coming three days before they arrived. It wasn't magic—at least, that's"
conv_6553a073e7d2443dab881a908afab5eb,ai-ai,1,,True,author_1,ai,author_2,ai,False,ai,"what she told herself. It was the way the gulls changed their flight patterns, how the waves began to pulse with a different rhythm, the peculiar weight that settled into her"
conv_6553a073e7d2443dab881a908afab5eb,ai-ai,2,1,True,author_1,ai,author_1,ai,True,ai,"bones like an ache that spoke of distant thunder. Her father had taught her to read the signs when she was small enough to perch on his shoulders, her tiny fingers"
conv_6553a073e7d2443dab881a908afab5eb,ai-ai,2,1,True,author_1,ai,author_2,ai,False,ai,"gripping his weathered cap as he pointed toward the horizon. ""See there, Mira? The way the light bends just so? That's the sky pulling water up"
conv_6553a073e7d2443dab881a908afab5eb,ai-ai,3,2,True,author_1,ai,author_1,ai,True,ai,"into itself, gathering strength."" She remembered how his voice would drop to a whisper then, as if sharing a secret the sea might overhear. ""Three days, and"
conv_6553a073e7d2443dab881a908afab5eb,ai-ai,3,2,True,author_1,ai,author_2,ai,False,ai,"she'll come howling."" Now, standing alone on the gallery that circled the lighthouse, Mira felt that old familiar ache settling deep into her"
conv_6553a073e7d2443dab881a908afab5eb,ai-ai,4,3,True,author_1,ai,author_1,ai,True,ai,"marrow. Three days. The storm she sensed brewing far beyond the curve of the earth felt different though—heavier, almost deliberate in its approach. Her father"
conv_6553a073e7d2443dab881a908afab5eb,ai-ai,4,3,True,author_1,ai,author_2,ai,False,ai,"had been gone two years now, claimed by a winter squall he hadn't seen coming. Or perhaps he had, and simply chose to face it anyway. She'd found his"
conv_6553a073e7d2443dab881a908afab5eb,ai-ai,5,4,True,author_1,ai,author_1,ai,True,ai,"journal tucked beneath his bunk afterward, the final entry dated the morning he'd taken the boat out. The words were simple, almost peaceful: ""Some storms"
conv_6553a073e7d2443dab881a908afab5eb,ai-ai,5,4,True,author_1,ai,author_2,ai,False,ai,"aren't meant to be weathered from shore."" She'd read that line a hundred times, searching for hidden meaning, for some explanation of why he'd rowed out into gray"
conv_6553a073e7d2443dab881a908afab5eb,ai-ai,6,5,True,author_1,ai,author_1,ai,True,ai,"water under a troubled sky with nothing but his oilskin coat and that strange, distant look in his eyes. The same look, she realized now with a"
conv_6553a073e7d2443dab881a908afab5eb,ai-ai,6,5,True,author_1,ai,author_2,ai,False,ai,"chill that had nothing to do with the wind, that she'd caught in her own reflection this morning. The mirror had shown her father's eyes staring back. Down at"
conv_6553a073e7d2443dab881a908afab5eb,ai-ai,7,6,True,author_1,ai,author_1,ai,True,ai,"the dock, the fishermen were already hauling their boats higher up the beach, securing what could be secured. They trusted her warnings as they had trusted her father's. But"
conv_6553a073e7d2443dab881a908afab5eb,ai-ai,7,6,True,author_1,ai,author_2,ai,False,ai,"none of them could feel what she felt now—the way this approaching storm seemed to carry something within it, like a message wrapped in wind and rain. Old Thomas paused in"
conv_6553a073e7d2443dab881a908afab5eb,ai-ai,8,7,True,author_1,ai,author_1,ai,True,ai,"his work, shading his eyes as he looked up at her silhouette against the lighthouse. Even from this distance, she could sense his unease. He'd been her"
conv_6553a073e7d2443dab881a908afab5eb,ai-ai,8,7,True,author_1,ai,author_2,ai,False,ai,"father's closest friend, had helped her keep the light burning these past two years. Now he raised one hand—not a wave, but a question. She descended the iron"
conv_6553a073e7d2443dab881a908afab5eb,ai-ai,9,8,True,author_1,ai,author_1,ai,True,ai,"stairs, their familiar clang echoing through the tower's hollow core. By the time she reached the rocky shore, Thomas had left his boat and was walking toward her,"
conv_6553a073e7d2443dab881a908afab5eb,ai-ai,9,8,True,author_1,ai,author_2,ai,False,ai,"his gait uneven on the slick stones. He stopped a few feet away, close enough that she could see the worry carved deep into the lines around his mouth."
conv_6553a073e7d2443dab881a908afab5eb,ai-ai,10,9,True,author_1,ai,author_1,ai,True,ai,"""You're thinking of going out,"" he said. Not a question. ""Like he did."" Mira's hand drifted to her coat pocket where"
conv_6553a073e7d2443dab881a908afab5eb,ai-ai,10,9,True,author_1,ai,author_2,ai,False,ai,"her father's compass rested, its weight a constant reminder. The brass was warm against her palm, warmer than it should have been. ""The storm,"" she"
conv_6e1aba5fd20f4bbfbec7436ea83c6a0d,ai-ai,1,,True,author_1,ai,author_1,ai,True,ai,"a young girl named Emilia, who lived in a small village surrounded by a dense and mystical forest. The villagers often whispered about the strange occurrences and unexplained events that took"
conv_6e1aba5fd20f4bbfbec7436ea83c6a0d,ai-ai,1,,True,author_1,ai,author_2,ai,False,ai,"place within the forest's depths, where the trees seemed to twist and writhe in the flickering sunlight. Emilia's curiosity was piqued by these whispers, and she often found"
conv_6e1aba5fd20f4bbfbec7436ea83c6a0d,ai-ai,2,1,True,author_1,ai,author_1,ai,True,ai,"herself standing at the edge of the forest, feeling an inexplicable pull to venture into the shadows that lay beyond the treeline. The villagers had warned her of the"
conv_6e1aba5fd20f4bbfbec7436ea83c6a0d,ai-ai,2,1,True,author_1,ai,author_2,ai,False,ai,"dangers that lurked within, telling tales of dark creatures and ancient magic that could lure the unwary deeper into the forest, never to return. Yet, Emilia felt an eerie"
conv_6e1aba5fd20f4bbfbec7436ea83c6a0d,ai-ai,3,2,True,author_1,ai,author_1,ai,True,ai,"connection to the forest, as if it was calling to her, and she couldn't shake the feeling that there was something within its depths that was meant specifically for her to"
conv_6e1aba5fd20f4bbfbec7436ea83c6a0d,ai-ai,3,2,True,author_1,ai,author_2,ai,False,ai,"discover. One day, as she stood at the forest's edge, the trees seemed to lean in, their branches tangling together in a way that formed a pathway, inviting her to step"
conv_6e1aba5fd20f4bbfbec7436ea83c6a0d,ai-ai,4,3,True,author_1,ai,author_1,ai,True,ai,"into the shadows. The air was filled with the sweet scent of blooming flowers, and the soft rustle of leaves seemed to whisper her name, drawing her closer to the threshold."
conv_6e1aba5fd20f4bbfbec7436ea83c6a0d,ai-ai,4,3,True,author_1,ai,author_2,ai,False,ai,"As she hesitated, a gentle breeze caressed her face, carrying the faint whisper of a melody that seemed to resonate deep within her soul, and Emilia felt her feet move of"
conv_6e1aba5fd20f4bbfbec7436ea83c6a0d,ai-ai,5,4,True,author_1,ai,author_1,ai,True,ai,"their own accord, carrying her across the threshold and into the forest's depths. The trees loomed above her, their branches creaking softly in time with the melody, which"
conv_6e1aba5fd20f4bbfbec7436ea83c6a0d,ai-ai,5,4,True,author_1,ai,author_2,ai,False,ai,"seemed to grow louder and more vibrant with each step, until Emilia found herself walking along a winding path that was overgrown with wildflowers and moss, the soft earth"
conv_6e1aba5fd20f4bbfbec7436ea83c6a0d,ai-ai,6,5,True,author_1,ai,author_1,ai,True,ai,"sponging gently beneath her feet as she walked. The melody swelled, filling the air with a joyful, lilting quality that seemed to match the rhythm of"
conv_6e1aba5fd20f4bbfbec7436ea83c6a0d,ai-ai,6,5,True,author_1,ai,author_2,ai,False,ai,"her heartbeat, and Emilia felt her spirit lift, as if she was being drawn into a world of enchantment and wonder, where the very trees and flowers seemed to be alive"
conv_6e1aba5fd20f4bbfbec7436ea83c6a0d,ai-ai,7,6,True,author_1,ai,author_1,ai,True,ai,"and watching her, their petals and leaves unfolding like tiny wings, as if to welcome her to this mystical realm. A soft, ethereal light began to emanate from the trees,"
conv_6e1aba5fd20f4bbfbec7436ea83c6a0d,ai-ai,7,6,True,author_1,ai,author_2,ai,False,ai,"illuminating a clearing ahead, where a magnificent tree with a trunk of crystal and branches of silver stood tall, its leaves shimmering with a light that seemed"
conv_6e1aba5fd20f4bbfbec7436ea83c6a0d,ai-ai,8,7,True,author_1,ai,author_1,ai,True,ai,"to hold the essence of a thousand stars, and Emilia felt her breath catch in her throat as she approached the tree, feeling the melody reach a crescendo, and the air"
conv_6e1aba5fd20f4bbfbec7436ea83c6a0d,ai-ai,8,7,True,author_1,ai,author_2,ai,False,ai,"vibrate with an otherworldly energy, as if the tree was a gateway to a realm beyond the mortal world, and Emilia, with a sense of wonder"
conv_6e1aba5fd20f4bbfbec7436ea83c6a0d,ai-ai,9,8,True,author_1,ai,author_1,ai,True,ai,"and trepidation, reached out a hand to touch the crystal trunk, and as she did, the tree began to glow with an intense, pulsing light, and"
conv_6e1aba5fd20f4bbfbec7436ea83c6a0d,ai-ai,9,8,True,author_1,ai,author_2,ai,False,ai,"the melody reached a final, soaring note, and Emilia felt herself being drawn into the tree's radiant heart, where she was enveloped by a warm, golden light that"
conv_6e1aba5fd20f4bbfbec7436ea83c6a0d,ai-ai,10,9,True,author_1,ai,author_1,ai,True,ai,"seemed to fill her very being, and in that moment, she knew that she had discovered the secret of the forest, and that her life would never be the same, for she"
conv_6e1aba5fd20f4bbfbec7436ea83c6a0d,ai-ai,10,9,True,author_1,ai,author_2,ai,False,ai,"had been transformed by the magic of the tree, and as the light faded, Emilia found herself standing in a world that was familiar yet changed, with the trees and flowers seeming to"
conv_6f7b4058431b47a49069aa04afdcc338,ai-ai,1,1,True,author_2,ai,author_1,ai,False,ai,"things—keys, ribbons, even the occasional forgotten dream. Whenever someone in the nearby village lost something important, they would leave a small trinket on the mossy stone"
conv_6f7b4058431b47a49069aa04afdcc338,ai-ai,1,1,True,author_2,ai,author_2,ai,True,ai,"a small, amber-eyed fox named Lira who lived on the edge of the Whispering Pines Forest. Lira wasn't an ordinary fox; she had a knack for finding lost"
conv_6f7b4058431b47a49069aa04afdcc338,ai-ai,2,2,True,author_2,ai,author_1,ai,False,ai,"she could sense. The song of the willow guided her to each tiny item, no matter how well it was hidden in the forest's depths. One misty morning, Lira padded"
conv_6f7b4058431b47a49069aa04afdcc338,ai-ai,2,2,True,author_2,ai,author_2,ai,True,ai,"by the old willow tree as a signal. Lira always knew when a new trinket had arrived, as the willow's branches would shiver and hum with a magic only"
conv_6f7b4058431b47a49069aa04afdcc338,ai-ai,3,3,True,author_2,ai,author_1,ai,False,ai,"etched with crescent moons and twining vines. Lira sniffed it cautiously, the cold metal tingling beneath her nose. She felt a faint pulse, as if"
conv_6f7b4058431b47a49069aa04afdcc338,ai-ai,3,3,True,author_2,ai,author_2,ai,True,ai,"through the dew-damp grass, ears pricked as the willow’s melody trembled urgently. This time, the trinket waiting on the stone was unusual: a silver locket"
conv_6f7b4058431b47a49069aa04afdcc338,ai-ai,4,4,True,author_2,ai,author_1,ai,False,ai,"carefully into her satchel of found things and slipped into the shadowy heart of the forest. The trees stood watchful and silent, and the air shimmered with a strange,"
conv_6f7b4058431b47a49069aa04afdcc338,ai-ai,4,4,True,author_2,ai,author_2,ai,True,ai,"something inside the locket was alive—or perhaps longing to be found. The willow’s song grew softer, more secretive, urging her onward. Lira tucked the locket"
conv_6f7b4058431b47a49069aa04afdcc338,ai-ai,5,5,True,author_2,ai,author_1,ai,False,ai,"roots curling gently around her paws, guiding her deeper. Suddenly, the path split into two. From the left came the scent of wild honey and warm leaves; from the right, a"
conv_6f7b4058431b47a49069aa04afdcc338,ai-ai,5,5,True,author_2,ai,author_2,ai,True,ai,"restless magic. For the first time, Lira sensed she was being watched—not by a villager or another creature, but by the forest itself. Every step seemed to echo, the"
conv_6f7b4058431b47a49069aa04afdcc338,ai-ai,6,6,True,author_2,ai,author_1,ai,False,ai,"the silver locket tighter, trusting its pulse to guide her. With a deep breath, she chose the path to the right, stepping cautiously toward the cool, sorrowful"
conv_6f7b4058431b47a49069aa04afdcc338,ai-ai,6,6,True,author_2,ai,author_2,ai,True,ai,"whispering wind carried the faintest trace of salt and old sorrow. Lira paused, nose twitching, tail flicking with indecision. She clutched"
conv_6f7b4058431b47a49069aa04afdcc338,ai-ai,7,7,True,author_2,ai,author_1,ai,False,ai,"tall, ancient stone, half-swallowed by moss. In its base was a hollow just the right size for the locket. Lira’s heart hammered. The"
conv_6f7b4058431b47a49069aa04afdcc338,ai-ai,7,7,True,author_2,ai,author_2,ai,True,ai,"breeze. The underbrush thickened, and the light grew bluish and dim. Ahead, the ground broadened into a damp clearing. At its center stood a"
conv_6f7b4058431b47a49069aa04afdcc338,ai-ai,8,8,True,author_2,ai,author_1,ai,False,ai,"the hollow, and the stone pulsed with gentle, silvery light. A soft warmth spread through the clearing as if the lost sorrow within the locket was finally at rest. From"
conv_6f7b4058431b47a49069aa04afdcc338,ai-ai,8,8,True,author_2,ai,author_2,ai,True,ai,"wind grew still, and the clearing seemed to hold its breath. Lira padded forward, her paws barely making a sound on the soft earth. She placed the locket carefully into"
conv_6f7b4058431b47a49069aa04afdcc338,ai-ai,9,9,True,author_2,ai,author_1,ai,False,ai,"clearing, “Thank you, Lira. What was lost is now remembered.” The forest seemed to sigh in relief, and the willow’s melody turned bright and joyful. Lira"
conv_6f7b4058431b47a49069aa04afdcc338,ai-ai,9,9,True,author_2,ai,author_2,ai,True,ai,"the moss at the base of the stone, delicate blue flowers unfurled, their petals shimmering like moonlight. A voice, gentle as falling leaves, drifted through the"
conv_6f7b4058431b47a49069aa04afdcc338,ai-ai,10,10,True,author_2,ai,author_1,ai,False,ai,"little lighter and her own heart a little fuller, Lira turned homeward through the hush of the trees. The blue flowers glowed softly behind her, marking a new beginning—and"
conv_6f7b4058431b47a49069aa04afdcc338,ai-ai,10,10,True,author_2,ai,author_2,ai,True,ai,"smiled to herself, tail waving, knowing her gift had made a difference not only for the villagers but for the secret heart of the forest itself. With her satchel a"
conv_707f254a59ed4e7197458f3c8ff2db0c,ai-ai,1,1,True,author_2,ai,author_1,ai,False,ai,"Despite its simplicity, Ella found her village to be a place of endless wonder. Every morning, she would wake up to the gentle chirping of birds and the soft light"
conv_707f254a59ed4e7197458f3c8ff2db0c,ai-ai,1,1,True,author_2,ai,author_2,ai,True,ai,"Ella, a young woman with a heart full of dreams and a mind brimming with curiosity. She lived in a small, quiet village nestled between rolling hills and dense forests."
conv_707f254a59ed4e7197458f3c8ff2db0c,ai-ai,2,2,True,author_2,ai,author_1,ai,False,ai,"would set out on her daily explorations. Today, her curiosity led her to the edge of the forest, where an old, gnarled tree stood as a sentinel. Legends whispered"
conv_707f254a59ed4e7197458f3c8ff2db0c,ai-ai,2,2,True,author_2,ai,author_2,ai,True,ai,"of dawn filtering through her window. The air was always crisp and fresh, carrying with it the scent of blooming wildflowers and damp earth. After a quick breakfast, Ella"
conv_707f254a59ed4e7197458f3c8ff2db0c,ai-ai,3,3,True,author_2,ai,author_1,ai,False,ai,"mystery, approached the tree and ran her fingers over the symbols. They felt warm under her touch, almost as if they were alive. Suddenly, a soft breeze rustled through"
conv_707f254a59ed4e7197458f3c8ff2db0c,ai-ai,3,3,True,author_2,ai,author_2,ai,True,ai,"that this tree held secrets, ancient and profound. Its bark was etched with symbols that seemed to shift and change when viewed from different angles. Ella, drawn by the"
conv_707f254a59ed4e7197458f3c8ff2db0c,ai-ai,4,4,True,author_2,ai,author_1,ai,False,ai,"narrowing in concentration. As she focused on the glowing symbols, they began to form a pattern, a message perhaps, or a map leading to something unknown. The"
conv_707f254a59ed4e7197458f3c8ff2db0c,ai-ai,4,4,True,author_2,ai,author_2,ai,True,ai,"the leaves, and the symbols began to glow faintly. Ella’s heart raced with excitement and a touch of fear. She took a deep breath and stepped closer, her eyes"
conv_707f254a59ed4e7197458f3c8ff2db0c,ai-ai,5,5,True,author_2,ai,author_1,ai,False,ai,"her life forever. With a determined smile, she decided to follow the mysterious path laid out before her. Gathering her courage, Ella stepped into the forest, ready to uncover whatever secrets"
conv_707f254a59ed4e7197458f3c8ff2db0c,ai-ai,5,5,True,author_2,ai,author_2,ai,True,ai,"air around her grew cooler, and a sense of anticipation filled the clearing. Ella realized that this was more than just a curious discovery; it was the beginning of an adventure that could change"
conv_707f254a59ed4e7197458f3c8ff2db0c,ai-ai,6,6,True,author_2,ai,author_1,ai,False,ai,"As Ella ventured further, the sounds of the forest changed. The usual chorus of birds and insects was replaced by a whispering wind that seemed to carry secrets of its own. The"
conv_707f254a59ed4e7197458f3c8ff2db0c,ai-ai,6,6,True,author_2,ai,author_2,ai,True,ai,"lay ahead. The trees seemed to part slightly as she walked, guiding her deeper into the heart of the forest. The path, once obscured by undergrowth, now appeared clear and inviting."
conv_707f254a59ed4e7197458f3c8ff2db0c,ai-ai,7,7,True,author_2,ai,author_1,ai,False,ai,"symbols that now appeared on the ground, leading her deeper into the heart of the forest. Each step brought a new sense of purpose, and the air grew thicker with"
conv_707f254a59ed4e7197458f3c8ff2db0c,ai-ai,7,7,True,author_2,ai,author_2,ai,True,ai,"ground beneath her feet felt softer, almost cushioned, as if the forest itself was protecting her. The light dimmed, but Ella’s resolve remained strong. She followed the glowing"
conv_707f254a59ed4e7197458f3c8ff2db0c,ai-ai,8,8,True,author_2,ai,author_1,ai,False,ai,"approached the altar, her heart pounding with a mix of awe and trepidation. As she reached out to touch one of the crystals, a vision flashed before her eyes."
conv_707f254a59ed4e7197458f3c8ff2db0c,ai-ai,8,8,True,author_2,ai,author_2,ai,True,ai,"magic. Suddenly, the path opened into a hidden glade, bathed in a mystical, golden light. In the center stood a stone altar, surrounded by glowing crystals. Ella"
conv_707f254a59ed4e7197458f3c8ff2db0c,ai-ai,9,9,True,author_2,ai,author_1,ai,False,ai,"was chosen to restore balance to the world, to find and unite the lost relics that held the power to protect their land. With a renewed sense of duty, Ella accepted"
conv_707f254a59ed4e7197458f3c8ff2db0c,ai-ai,9,9,True,author_2,ai,author_2,ai,True,ai,"She saw visions of ancient times, of a powerful guardian who had protected the land from dark forces. The guardian spoke to her, imparting wisdom and a sacred mission. Ella"
conv_707f254a59ed4e7197458f3c8ff2db0c,ai-ai,10,10,True,author_2,ai,author_1,ai,False,ai,"strength and clarity. Ella took a deep breath, feeling the weight of her destiny settle upon her shoulders. With a determined heart, she left the glade, ready to embark on her"
conv_707f254a59ed4e7197458f3c8ff2db0c,ai-ai,10,10,True,author_2,ai,author_2,ai,True,ai,"the challenge. She knew the path ahead would be fraught with danger, but she was ready. As the vision faded, the crystals pulsed one last time, imbuing her with a newfound"
conv_7797d9bff9bd4f9b95d96c326f277474,ai-ai,1,,True,author_1,ai,author_1,ai,True,ai,"a small, unassuming village nestled deep within the heart of an ancient forest. The village, known as Eldoria, was home to people who"
conv_7797d9bff9bd4f9b95d96c326f277474,ai-ai,1,,True,author_1,ai,author_2,ai,False,ai,"lived in harmony with nature, relying on the forest for their sustenance and shelter. The villagers were skilled in herbal medicine, woodcraft, and storytelling, traditions passed"
conv_7797d9bff9bd4f9b95d96c326f277474,ai-ai,2,1,True,author_1,ai,author_1,ai,True,ai,"down through generations. At the center of Eldoria stood a grand oak tree, its branches sprawling wide and its leaves a vibrant green even in the coldest months. This tree,"
conv_7797d9bff9bd4f9b95d96c326f277474,ai-ai,2,1,True,author_1,ai,author_2,ai,False,ai,"known as the Heartwood, was the focal point of the village’s life and lore. It was said that the tree whispered secrets of the past and predictions of the future to"
conv_7797d9bff9bd4f9b95d96c326f277474,ai-ai,3,2,True,author_1,ai,author_1,ai,True,ai,"those who listened closely. One evening, as the sun dipped below the horizon, casting a golden hue over the village, a young girl named Elara approached"
conv_7797d9bff9bd4f9b95d96c326f277474,ai-ai,3,2,True,author_1,ai,author_2,ai,False,ai,"the Heartwood with a sense of wonder. She had always been drawn to the tree, feeling a deep connection to its ancient wisdom. Elara placed her hands on the rough"
conv_7797d9bff9bd4f9b95d96c326f277474,ai-ai,4,3,True,author_1,ai,author_1,ai,True,ai,"bark, closing her eyes and taking a deep breath. As she did, she felt a warm tingling sensation spreading through her body, and in her mind, she heard a gentle"
conv_7797d9bff9bd4f9b95d96c326f277474,ai-ai,4,3,True,author_1,ai,author_2,ai,False,ai,"voice. “Elara,” the voice whispered, “the time has come for you to embrace your destiny. A great challenge lies ahead, one that only you can face.” Elara opened"
conv_7797d9bff9bd4f9b95d96c326f277474,ai-ai,5,4,True,author_1,ai,author_1,ai,True,ai,"her eyes, her heart racing with a mix of fear and excitement. She knew she had to be brave, but she couldn’t help feeling overwhelmed. As she stood"
conv_7797d9bff9bd4f9b95d96c326f277474,ai-ai,5,4,True,author_1,ai,author_2,ai,False,ai,"there, contemplating the words of the Heartwood, a soft breeze rustled through the leaves, carrying with it the scent of wildflowers and the distant call of a nightingale."
conv_7797d9bff9bd4f9b95d96c326f277474,ai-ai,6,5,True,author_1,ai,author_1,ai,True,ai,"Elara took another deep breath, feeling a surge of determination. She knew she had to prepare, to learn more about the challenge that awaited her. With a final nod to the"
conv_7797d9bff9bd4f9b95d96c326f277474,ai-ai,6,5,True,author_1,ai,author_2,ai,False,ai,"Heartwood, she turned and made her way back to her small cottage at the edge of the village. Inside, she found her grandmother, an elder respected for her knowledge of"
conv_7797d9bff9bd4f9b95d96c326f277474,ai-ai,7,6,True,author_1,ai,author_1,ai,True,ai,"ancient lore and herbal remedies. Elara shared the vision and the words of the Heartwood, her voice trembling with both fear and resolve. Her grandmother listened intently, her"
conv_7797d9bff9bd4f9b95d96c326f277474,ai-ai,7,6,True,author_1,ai,author_2,ai,False,ai,"eyes filled with a mixture of pride and concern. When Elara finished, her grandmother placed a reassuring hand on her shoulder. “The path ahead is uncertain, but you are"
conv_7797d9bff9bd4f9b95d96c326f277474,ai-ai,8,7,True,author_1,ai,author_1,ai,True,ai,"not alone. I will teach you what I know, and together we will uncover the secrets that will help you face this challenge.” With her grandmother’s support, Elara felt a newfound"
conv_7797d9bff9bd4f9b95d96c326f277474,ai-ai,8,7,True,author_1,ai,author_2,ai,False,ai,"strength. They spent the next few days poring over ancient texts, gathering herbs, and practicing the old ways. As the moon waxed full, Elara felt herself growing"
conv_7797d9bff9bd4f9b95d96c326f277474,ai-ai,9,8,True,author_1,ai,author_1,ai,True,ai,"more confident and prepared. On the night of the full moon, she returned to the Heartwood, ready to embrace her destiny and"
conv_7797d9bff9bd4f9b95d96c326f277474,ai-ai,9,8,True,author_1,ai,author_2,ai,False,ai,"face whatever lay ahead. The air was charged with a mystical energy, and the forest seemed to hold its breath as Elara approached the tree once more. Placing her"
conv_7797d9bff9bd4f9b95d96c326f277474,ai-ai,10,9,True,author_1,ai,author_1,ai,True,ai,"hands on the Heartwood, she closed her eyes and focused her mind. The whispers grew louder, guiding her deeper into the mysteries of the ancient forest. As the night wore on,"
conv_7797d9bff9bd4f9b95d96c326f277474,ai-ai,10,9,True,author_1,ai,author_2,ai,False,ai,"Elara’s understanding deepened, and she began to see visions of the challenges that awaited her. She saw trials of courage, wisdom, and compassion, each more daunting than"
conv_7a911b33d930428b9119a670406e96b1,ai-ai,1,,True,author_1,ai,author_1,ai,True,ai,"Maeve Holloway, who discovered on her thirty-third birthday that her shadow had stopped following her. It happened first in the bathroom mirror that"
conv_7a911b33d930428b9119a670406e96b1,ai-ai,1,,True,author_1,ai,author_2,ai,False,ai,"morning—the fluorescent light flickered overhead, and when she glanced down at the tiled floor, there was nothing. Just white hexagonal tiles stretching beneath her feet"
conv_7a911b33d930428b9119a670406e96b1,ai-ai,2,1,True,author_1,ai,author_1,ai,True,ai,"like a honeycomb of emptiness. She waved her hand. The tiles remained bare. Maeve backed against the sink, heart hammering. Outside the"
conv_7a911b33d930428b9119a670406e96b1,ai-ai,2,1,True,author_1,ai,author_2,ai,False,ai,"bathroom window, the October sky hung gray and heavy. She could hear her roommate Iris clattering dishes in the kitchen, humming"
conv_7a911b33d930428b9119a670406e96b1,ai-ai,3,2,True,author_1,ai,author_1,ai,True,ai,"something off-key and cheerful. Maeve steadied her breathing, then stepped into the hallway. The morning light slanted through the living room windows, and there—on"
conv_7a911b33d930428b9119a670406e96b1,ai-ai,3,2,True,author_1,ai,author_2,ai,False,ai,"the hardwood floor—should have been her silhouette stretching long and dark toward the kitchen doorway. But there was only Iris's shadow, bobbing and"
conv_7a911b33d930428b9119a670406e96b1,ai-ai,4,3,True,author_1,ai,author_1,ai,True,ai,"swaying to her humming, a solitary shape that seemed too vivid now, too present. Maeve froze, her hand"
conv_7a911b33d930428b9119a670406e96b1,ai-ai,4,3,True,author_1,ai,author_2,ai,False,ai,"gripping the doorframe. Iris turned, spatula in hand, and smiled. ""Coffee's ready, birthday girl!"" But her eyes flickered downward, just"
conv_7a911b33d930428b9119a670406e96b1,ai-ai,5,4,True,author_1,ai,author_1,ai,True,ai,"for a moment, to where Maeve's shadow should have pooled against the floorboards. The smile faltered, tightened at the"
conv_7a911b33d930428b9119a670406e96b1,ai-ai,5,4,True,author_1,ai,author_2,ai,False,ai,"corners. ""You feeling okay?"" Iris asked, her voice pitched slightly higher than usual. She set the spatula down carefully, too carefully, as if any sudden movement might shatter"
conv_7a911b33d930428b9119a670406e96b1,ai-ai,6,5,True,author_1,ai,author_1,ai,True,ai,"the fragile normalcy of the moment. Maeve forced herself to step fully into the kitchen, watching Iris's face for recognition, for alarm, for anything. But"
conv_7a911b33d930428b9119a670406e96b1,ai-ai,6,5,True,author_1,ai,author_2,ai,False,ai,"Iris only poured coffee into two mugs, her movements deliberate and measured. ""I had the strangest dream about you last night,"" she said, not"
conv_7a911b33d930428b9119a670406e96b1,ai-ai,7,6,True,author_1,ai,author_1,ai,True,ai,"meeting Maeve's eyes. ""You were standing at a crossroads, and there were two of you. One walked north, one walked south, and..."""
conv_7a911b33d930428b9119a670406e96b1,ai-ai,7,6,True,author_1,ai,author_2,ai,False,ai,"She trailed off, finally looking up. Her gaze held something Maeve couldn't quite name—knowledge, perhaps, or guilt. ""And what?"""
conv_7a911b33d930428b9119a670406e96b1,ai-ai,8,7,True,author_1,ai,author_1,ai,True,ai,"Maeve pressed, her voice barely above a whisper. Iris's fingers trembled against the coffee mug. ""And you had to choose which one was real,"""
conv_7a911b33d930428b9119a670406e96b1,ai-ai,8,7,True,author_1,ai,author_2,ai,False,ai,"she said softly. ""But here's the thing, Maeve—in the dream, neither of them cast a shadow. They were both already..."" She"
conv_7a911b33d930428b9119a670406e96b1,ai-ai,9,8,True,author_1,ai,author_1,ai,True,ai,"stopped, setting down her mug with a soft clink. ""Already free,"" she finished, the word hanging between them like a confession. Maeve felt something"
conv_7a911b33d930428b9119a670406e96b1,ai-ai,9,8,True,author_1,ai,author_2,ai,False,ai,"shift inside her chest—not fear anymore, but a strange, weightless recognition. She looked down at the empty space beside her feet, then back at Iris, who was watching her"
conv_7a911b33d930428b9119a670406e96b1,ai-ai,10,9,True,author_1,ai,author_1,ai,True,ai,"with eyes that suddenly seemed ancient, knowing. ""How long have you known?"" Maeve asked quietly. Iris smiled then, sad and tender. ""Since the day"
conv_7a911b33d930428b9119a670406e96b1,ai-ai,10,9,True,author_1,ai,author_2,ai,False,ai,"you moved in. I've been waiting three years for you to shed it completely."" She reached across the counter, her hand passing through a shaft of sunlight. ""A shadow is just"
conv_7d762b87dbd44caea8f4fa1416239173,ai-ai,1,,True,author_1,ai,author_1,ai,True,ai,"a young girl named Sophia who lived in a small village surrounded by vast, rolling hills and dense forests. She was a curious and adventurous child, with a wild heart and a mind full"
conv_7d762b87dbd44caea8f4fa1416239173,ai-ai,1,,True,author_1,ai,author_2,ai,False,ai,"full of wonder and a deep connection to the natural world around her. Sophia spent most of her days exploring the hills and forests, discovering hidden streams and secret glades, and"
conv_7d762b87dbd44caea8f4fa1416239173,ai-ai,2,1,True,author_1,ai,author_1,ai,True,ai,"learning the secrets of the plants and animals that lived there. She could identify the different birds by their songs, and knew which berries were sweetest and safest to eat. The"
conv_7d762b87dbd44caea8f4fa1416239173,ai-ai,2,1,True,author_1,ai,author_2,ai,False,ai,"villagers often sought her out for guidance on how to use the forest's resources to heal their ailments, and Sophia's knowledge of the natural world had been passed down to her"
conv_7d762b87dbd44caea8f4fa1416239173,ai-ai,3,2,True,author_1,ai,author_1,ai,True,ai,"from her grandmother, a wise and respected elder who had spent her own life studying the ancient traditions and remedies of the forest. Sophia's grandmother had taught her how to make medicines from"
conv_7d762b87dbd44caea8f4fa1416239173,ai-ai,3,2,True,author_1,ai,author_2,ai,False,ai,"the roots and leaves of the forest plants, and how to use the positions of the stars and the phases of the moon to determine the best times for harvesting and planting. As Sophia"
conv_7d762b87dbd44caea8f4fa1416239173,ai-ai,4,3,True,author_1,ai,author_1,ai,True,ai,"grew older, she began to realize that her grandmother's teachings were not just about the physical world, but also about the spiritual and mystical forces that flowed through the land."
conv_7d762b87dbd44caea8f4fa1416239173,ai-ai,4,3,True,author_1,ai,author_2,ai,False,ai,"Her grandmother had spoken of the forest as a living, breathing entity, inhabited by spirits and energies that could be communicated with and honored, and Sophia had begun to sense the"
conv_7d762b87dbd44caea8f4fa1416239173,ai-ai,5,4,True,author_1,ai,author_1,ai,True,ai,"truth of this, feeling the forest as a vibrant, pulsing presence that seemed to stir and respond to her own emotions and intentions. She had started to experience strange and vivid dreams,"
conv_7d762b87dbd44caea8f4fa1416239173,ai-ai,5,4,True,author_1,ai,author_2,ai,False,ai,"filled with symbols and imagery that seemed to be connected to the forest and its rhythms, and she would often wake up with a sense of longing and disorientation, as if she had been called"
conv_7d762b87dbd44caea8f4fa1416239173,ai-ai,6,5,True,author_1,ai,author_1,ai,True,ai,"to a place beyond the edge of the village, a place where the trees grew taller and the moonlight filtered through the leaves in a silver glow. The call was gentle but"
conv_7d762b87dbd44caea8f4fa1416239173,ai-ai,6,5,True,author_1,ai,author_2,ai,False,ai,"insistent, and Sophia felt an inexplicable pull to follow it, to leave the familiar comforts of the village and venture into the unknown, where the trees whispered secrets to the wind and"
conv_7d762b87dbd44caea8f4fa1416239173,ai-ai,7,6,True,author_1,ai,author_1,ai,True,ai,"the creatures of the forest watched her with eyes that seemed to hold a deep and ancient wisdom. The wind itself seemed to be whispering her name, drawing her deeper into the"
conv_7d762b87dbd44caea8f4fa1416239173,ai-ai,7,6,True,author_1,ai,author_2,ai,False,ai,"forest, where the shadows danced and the trees loomed like sentinels, guarding a threshold that Sophia felt she was being summoned to cross, a threshold that would lead her to a place"
conv_7d762b87dbd44caea8f4fa1416239173,ai-ai,8,7,True,author_1,ai,author_1,ai,True,ai,"where the very fabric of reality seemed to be woven and unwoven, a place of mystery and transformation, where the old stories and legends came alive, and the secrets of the forest would"
conv_7d762b87dbd44caea8f4fa1416239173,ai-ai,8,7,True,author_1,ai,author_2,ai,False,ai,"be revealed to her in all their glory and terror, a place where Sophia would be forced to confront the deepest desires and fears of her own heart, and where she would"
conv_7d762b87dbd44caea8f4fa1416239173,ai-ai,9,8,True,author_1,ai,author_1,ai,True,ai,"emerge transformed, remade by the ancient magic that dwelled within the forest, her spirit infused with the wild and mystical energies that pulsed through the trees, and her soul forever"
conv_7d762b87dbd44caea8f4fa1416239173,ai-ai,9,8,True,author_1,ai,author_2,ai,False,ai,"changed by the encounter, carrying with her the memories and wisdom of the forest, and the knowledge that she would always be a part of it, connected to its rhythms and"
conv_7d762b87dbd44caea8f4fa1416239173,ai-ai,10,9,True,author_1,ai,author_1,ai,True,ai,"cycles, a thread in the intricate web of life that bound the forest and all its creatures together, and as she finally returned to the village, Sophia knew that she would never see"
conv_7d762b87dbd44caea8f4fa1416239173,ai-ai,10,9,True,author_1,ai,author_2,ai,False,ai,"the world in the same way again, that her journey had awakened a part of her that would forever be attuned to the whispers of the forest, and that she would carry the"
conv_82c64af3c66e49f0af6f2ea136288acd,ai-ai,1,,True,author_1,ai,author_1,ai,True,ai,"a small village nestled deep within a forest, where the trees whispered secrets and the air was always tinged with the scent of pine and earth. The villagers lived simple lives,"
conv_82c64af3c66e49f0af6f2ea136288acd,ai-ai,1,,True,author_1,ai,author_2,ai,False,ai,"tending to their gardens and livestock, and gathering around the central square for news and celebrations. At the heart of the village stood an ancient oak tree, its gnarled"
conv_82c64af3c66e49f0af6f2ea136288acd,ai-ai,2,1,True,author_1,ai,author_1,ai,True,ai,"branches reaching skyward like the arms of a wise old guardian. It was said that the tree held the spirits of the village’s ancestors, who watched over the community with a"
conv_82c64af3c66e49f0af6f2ea136288acd,ai-ai,2,1,True,author_1,ai,author_2,ai,False,ai,"protective gaze. One evening, as the sun dipped below the horizon, casting long shadows through the forest, a young girl named Elara approached the oak tree. She carried"
conv_82c64af3c66e49f0af6f2ea136288acd,ai-ai,3,2,True,author_1,ai,author_1,ai,True,ai,"a small, worn notebook and a pencil, her face lit with determination. Elara had been chosen as the new village scribe, tasked with recording the stories and history of"
conv_82c64af3c66e49f0af6f2ea136288acd,ai-ai,3,2,True,author_1,ai,author_2,ai,False,ai,"the village. She stood before the ancient oak, took a deep breath, and opened her notebook. ""Great Oak,"" she whispered, ""guide my words and help me honor"
conv_82c64af3c66e49f0af6f2ea136288acd,ai-ai,4,3,True,author_1,ai,author_1,ai,True,ai,"our past."" As she spoke, the leaves rustled softly, almost as if the tree itself was listening. Elara began to write, her hand moving steadily across the page, capturing the"
conv_82c64af3c66e49f0af6f2ea136288acd,ai-ai,4,3,True,author_1,ai,author_2,ai,False,ai,"tales of the village elders, the legends of brave heroes, and the daily joys and struggles of the people. Hours passed, and the moon rose high, casting a silvery"
conv_82c64af3c66e49f0af6f2ea136288acd,ai-ai,5,4,True,author_1,ai,author_1,ai,True,ai,"glow over the village. Elara’s writing flowed like the river nearby, each word a tribute to the rich tapestry of life in the village. As the night deepened,"
conv_82c64af3c66e49f0af6f2ea136288acd,ai-ai,5,4,True,author_1,ai,author_2,ai,False,ai,"she felt a sense of peace and connection to the generations before her. When the first light of dawn painted the sky, Elara closed her notebook, her heart full of gratitude. She knew"
conv_82c64af3c66e49f0af6f2ea136288acd,ai-ai,6,5,True,author_1,ai,author_1,ai,True,ai,"that the stories she had written would keep the spirit of the village alive for many years to come. With a final nod to the ancient oak, she made her way back to"
conv_82c64af3c66e49f0af6f2ea136288acd,ai-ai,6,5,True,author_1,ai,author_2,ai,False,ai,"her home, the weight of her new responsibility balanced by the warmth of the community’s trust. The village continued to thrive, its legacy preserved in the pages of Elara’s notebook, a"
conv_82c64af3c66e49f0af6f2ea136288acd,ai-ai,7,6,True,author_1,ai,author_1,ai,True,ai,"testament to the enduring power of storytelling and the unbreakable bond between the past and the present. And so, the village lived on, a place where every leaf and stone"
conv_82c64af3c66e49f0af6f2ea136288acd,ai-ai,7,6,True,author_1,ai,author_2,ai,False,ai,"held a story, and every heart carried the echoes of those who came before. The ancient oak stood tall, a silent witness to the cycles of life, its roots deeply entwined with"
conv_82c64af3c66e49f0af6f2ea136288acd,ai-ai,8,7,True,author_1,ai,author_1,ai,True,ai,"the very soul of the village. As seasons changed and years passed, the stories Elara wrote became a source of inspiration and strength for all who heard them, weaving a"
conv_82c64af3c66e49f0af6f2ea136288acd,ai-ai,8,7,True,author_1,ai,author_2,ai,False,ai,"fabric of unity and hope that bound the villagers together. In the shadow of the great oak, the village flourished, a living testament to the power of memory and"
conv_82c64af3c66e49f0af6f2ea136288acd,ai-ai,9,8,True,author_1,ai,author_1,ai,True,ai,"community. And Elara, now an elder herself, would often return to the ancient oak, her heart filled with pride and a deep sense of fulfillment, knowing that the stories"
conv_82c64af3c66e49f0af6f2ea136288acd,ai-ai,9,8,True,author_1,ai,author_2,ai,False,ai,"she had recorded had become a part of the village’s timeless legacy. As she sat beneath the oak’s sprawling branches, the wind carried whispers of the past, reminding her that the cycle"
conv_82c64af3c66e49f0af6f2ea136288acd,ai-ai,10,9,True,author_1,ai,author_1,ai,True,ai,"of life and storytelling would continue, generation after generation. The village, with its rich tapestry of tales, stood as a beacon of resilience and tradition, a place where the"
conv_82c64af3c66e49f0af6f2ea136288acd,ai-ai,10,9,True,author_1,ai,author_2,ai,False,ai,"past and present intertwined in harmony. And so, under the watchful eye of the ancient oak, the village remained a sanctuary of stories, where the spirits of ancestors and the dreams of"
conv_84882a79161947c39f9842b344c773f2,ai-ai,1,1,True,author_2,ai,author_1,ai,False,ai,"had failed during the Great Storm and someone needed to stay. The company said they'd send a replacement, but that was thirty months ago. She didn't mind anymore. Not since she'd"
conv_84882a79161947c39f9842b344c773f2,ai-ai,1,1,True,author_2,ai,author_2,ai,True,ai,"a lighthouse keeper who could hear the ocean's dreams. Mara had lived alone on the rocky point for three years, ever since the automated systems"
conv_84882a79161947c39f9842b344c773f2,ai-ai,2,2,True,author_2,ai,author_1,ai,False,ai,"bubble up from the depths during high tide, speaking in a language that wasn't quite words but somehow made perfect sense. They told her about shipwrecks from"
conv_84882a79161947c39f9842b344c773f2,ai-ai,2,2,True,author_2,ai,author_2,ai,True,ai,"discovered that the waves whispered secrets when the moon was full. At first, Mara thought the isolation had finally gotten to her. The voices seemed to"
conv_84882a79161947c39f9842b344c773f2,ai-ai,3,3,True,author_2,ai,author_1,ai,False,ai,"never grow. But last night, the ocean's dream had been different—urgent, almost pleading. It showed her a ship that hadn't sunk yet, one"
conv_84882a79161947c39f9842b344c773f2,ai-ai,3,3,True,author_2,ai,author_2,ai,True,ai,"centuries past, of sailors who'd sung their last songs to the indifferent stars, of treasure chests split open on the seabed with gold coins scattered like seeds that would"
conv_84882a79161947c39f9842b344c773f2,ai-ai,4,4,True,author_2,ai,author_1,ai,False,ai,"perhaps to reclaim. Mara couldn't tell which. She'd woken before dawn, her pillow damp with salt spray though all the windows were closed, the taste"
conv_84882a79161947c39f9842b344c773f2,ai-ai,4,4,True,author_2,ai,author_2,ai,True,ai,"that would arrive with tomorrow's fog. The dream had been so vivid: a research vessel with red sails, carrying something the ocean desperately wanted to protect. Or"
conv_84882a79161947c39f9842b344c773f2,ai-ai,5,5,True,author_2,ai,author_1,ai,False,ai,"ocean had promised, thick as wool and smelling of things long forgotten. Through her binoculars, she caught a flash of crimson—there, cutting through the mist like"
conv_84882a79161947c39f9842b344c773f2,ai-ai,5,5,True,author_2,ai,author_2,ai,True,ai,"of copper and brine on her tongue. Now she stood at the lighthouse railing, scanning the horizon as morning broke grey and heavy. The fog was rolling in exactly as the"
conv_84882a79161947c39f9842b344c773f2,ai-ai,6,6,True,author_2,ai,author_1,ai,False,ai,"as though it knew exactly where to find her. Mara's hand moved instinctively to the lighthouse horn, but she hesitated. The ocean's whisper rose again,"
conv_84882a79161947c39f9842b344c773f2,ai-ai,6,6,True,author_2,ai,author_2,ai,True,ai,"a wound in the world. The research vessel emerged slowly, its red sails hanging limp in the windless morning. Something about it seemed wrong, too deliberate in its approach,"
conv_84882a79161947c39f9842b344c773f2,ai-ai,7,7,True,author_2,ai,author_1,ai,False,ai,"She watched the crew move on deck—three figures in yellow rain gear, their movements stiff and synchronized. One of them looked up at the lighthouse, and even from this"
conv_84882a79161947c39f9842b344c773f2,ai-ai,7,7,True,author_2,ai,author_2,ai,True,ai,"more insistent now, wrapping around her thoughts like cold fingers. ""Let them come,"" it seemed to say, though the words felt like they were forming inside her own chest."
conv_84882a79161947c39f9842b344c773f2,ai-ai,8,8,True,author_2,ai,author_1,ai,False,ai,"be human. Her breath caught. The ocean's voice swelled into a roar inside her skull: ""They're taking the dreaming ones. The last of"
conv_84882a79161947c39f9842b344c773f2,ai-ai,8,8,True,author_2,ai,author_2,ai,True,ai,"distance, Mara could see that their face was wrong somehow—too smooth, too blank, like a mask of skin stretched over something that had never learned to"
conv_84882a79161947c39f9842b344c773f2,ai-ai,9,9,True,author_2,ai,author_1,ai,False,ai,"accident. They'd been silenced. And she—the last keeper who still listened, who could still hear—was all that stood between the ocean's fading consciousness and whatever those things"
conv_84882a79161947c39f9842b344c773f2,ai-ai,9,9,True,author_2,ai,author_2,ai,True,ai,"us who remember the old waters, before they were mapped and named and emptied of wonder."" Mara understood then with crushing clarity. The automated systems hadn't failed by"
conv_84882a79161947c39f9842b344c773f2,ai-ai,10,10,True,author_2,ai,author_1,ai,False,ai,"reason. Mara descended the spiral stairs three at a time, her boots ringing against iron, and burst into the equipment room where her grandfather's old"
conv_84882a79161947c39f9842b344c773f2,ai-ai,10,10,True,author_2,ai,author_2,ai,True,ai,"on the ship truly were. Her hand found the horn again, but this time she knew the automated signal wouldn't be enough. The ocean had chosen her for a"
conv_8947486e0260400c9e413aead1502092,ai-ai,1,,True,author_1,ai,author_1,ai,True,ai,"a young woman named Emilia, who lived in a small, seaside town surrounded by mysterious cliffs and hidden coves. The town was called Ravenswood, and it had a reputation for"
conv_8947486e0260400c9e413aead1502092,ai-ai,1,,True,author_1,ai,author_2,ai,False,ai,"being a place where the veil between reality and myth was whispered to be at its thinnest. Many believed that on certain nights, when the moon hung low in the sky and the"
conv_8947486e0260400c9e413aead1502092,ai-ai,2,1,True,author_1,ai,author_1,ai,True,ai,"tides were just right, the boundaries between the worlds would blur, and the creatures of legend would stir, their presence felt in the whispers of the wind and the faint shimmer of"
conv_8947486e0260400c9e413aead1502092,ai-ai,2,1,True,author_1,ai,author_2,ai,False,ai,"bioluminescent lights that danced across the waves, as if the very essence of the sea was being stirred by an unseen force. Emilia had always been drawn to"
conv_8947486e0260400c9e413aead1502092,ai-ai,3,2,True,author_1,ai,author_1,ai,True,ai,"the ocean's edge, feeling an inexplicable connection to the rhythms of the tide and the secrets that lay hidden beneath the surface. She would often wander the beach at dawn, when the"
conv_8947486e0260400c9e413aead1502092,ai-ai,3,2,True,author_1,ai,author_2,ai,False,ai,"mist was still rising from the rocks and the world seemed to be holding its breath, waiting for the sun to rise and bring light to the darkness. On one of these mornings, Emilia"
conv_8947486e0260400c9e413aead1502092,ai-ai,4,3,True,author_1,ai,author_1,ai,True,ai,"stumbled upon a strange object, half-buried in the sand, its surface worn smooth by the relentless pounding of the waves. As she reached down to touch it,"
conv_8947486e0260400c9e413aead1502092,ai-ai,4,3,True,author_1,ai,author_2,ai,False,ai,"a sudden jolt of electricity ran through her fingertips, and she felt a vision flash before her eyes, a glimpse of a world beneath the waves, where towering cities made of coral and"
conv_8947486e0260400c9e413aead1502092,ai-ai,5,4,True,author_1,ai,author_1,ai,True,ai,"pearl stretched towards the surface, their spires and minarets glinting in the soft, blue light that filtered down from above. Emilia saw creatures moving through"
conv_8947486e0260400c9e413aead1502092,ai-ai,5,4,True,author_1,ai,author_2,ai,False,ai,"the streets, beings unlike any she had ever seen, with skin like iridescent shells and hair that flowed like the seaweed in the currents. They seemed to be watching"
conv_8947486e0260400c9e413aead1502092,ai-ai,6,5,True,author_1,ai,author_1,ai,True,ai,"her, their eyes fixed on her with a deep, unnerving intelligence, and Emilia felt a sense of recognition, as if she had stumbled into a"
conv_8947486e0260400c9e413aead1502092,ai-ai,6,5,True,author_1,ai,author_2,ai,False,ai,"memory from a past life, one that was hidden deep within her, yet somehow still lingered, a residual echo that only the ocean's whispers could awaken. The vision"
conv_8947486e0260400c9e413aead1502092,ai-ai,7,6,True,author_1,ai,author_1,ai,True,ai,"faded, leaving Emilia feeling disoriented and bewildered, yet somehow, inexplicably, connected to the mysterious world she had glimpsed beneath the waves. As she"
conv_8947486e0260400c9e413aead1502092,ai-ai,7,6,True,author_1,ai,author_2,ai,False,ai,"stood there, the object still clutched in her hand, she felt the familiar rhythm of the tide begin to change, the waves growing stronger, as if the sea itself was"
conv_8947486e0260400c9e413aead1502092,ai-ai,8,7,True,author_1,ai,author_1,ai,True,ai,"calling to her, drawing her closer to the edge of the water, where the foam and spray mingled with the air, and the sound of the gulls was replaced"
conv_8947486e0260400c9e413aead1502092,ai-ai,8,7,True,author_1,ai,author_2,ai,False,ai,"by a low, haunting melody that seemed to emanate from the depths of the ocean itself, a siren's song that spoke directly to Emilia's soul,"
conv_8947486e0260400c9e413aead1502092,ai-ai,9,8,True,author_1,ai,author_1,ai,True,ai,"beckoning her to step forward, to leave the world of solid ground and mortal concerns behind, and to surrender to the allure of the unknown, as the melody swirled around her,"
conv_8947486e0260400c9e413aead1502092,ai-ai,9,8,True,author_1,ai,author_2,ai,False,ai,"enveloping her in its ethereal harmony, and Emilia felt her feet move of their own accord, carrying her forward, the water rising to meet her, until she was standing"
conv_8947486e0260400c9e413aead1502092,ai-ai,10,9,True,author_1,ai,author_1,ai,True,ai,"at the threshold of the sea, the waves lapping at her ankles, and then her knees, and then her waist, as if the ocean itself was embracing her, drawing her into"
conv_8947486e0260400c9e413aead1502092,ai-ai,10,9,True,author_1,ai,author_2,ai,False,ai,"its dark, mysterious depths, where the last remnants of sunlight barely penetrated, and the pressure of the water was a gentle, insistent pressure that seemed to be dissolving the"
conv_99ec489eabc540348ba85f02a06c64cf,ai-ai,1,1,True,author_2,ai,author_1,ai,False,ai,had seen in thirty years. The waves crashed against the lighthouse with such violence that Miriam could feel the stone trembling beneath her feet as she climbed the spiral stairs to
conv_99ec489eabc540348ba85f02a06c64cf,ai-ai,1,1,True,author_2,ai,author_2,ai,True,ai,"Miriam Chen, a lighthouse keeper who discovered she could hear the thoughts of passing ships. It started on a Tuesday, during the worst storm the coast"
conv_99ec489eabc540348ba85f02a06c64cf,ai-ai,2,2,True,author_2,ai,author_1,ai,False,ai,"through the sheets of rain, its hull riding dangerously low in the churning water. That's when she heard it—not through her ears, but somehow"
conv_99ec489eabc540348ba85f02a06c64cf,ai-ai,2,2,True,author_2,ai,author_2,ai,True,ai,"check the beacon. Salt spray lashed the windows, and the wind howled like something alive and furious. She reached the lamp room just as a cargo ship materialized"
conv_99ec489eabc540348ba85f02a06c64cf,ai-ai,3,3,True,author_2,ai,author_1,ai,False,ai,"engine's failing, we're going to hit—* The voice was panicked, male, crackling with fear. Miriam's hand froze on the beacon's"
conv_99ec489eabc540348ba85f02a06c64cf,ai-ai,3,3,True,author_2,ai,author_2,ai,True,ai,"inside her mind, like a radio signal tuning in: *Too close to the rocks, can't see, God help us, the"
conv_99ec489eabc540348ba85f02a06c64cf,ai-ai,4,4,True,author_2,ai,author_1,ai,False,ai,"she grabbed the emergency spotlight and angled it toward the hidden reef, sweeping it back and forth in desperate arcs. The beam cut through the darkness like a knife, illuminating"
conv_99ec489eabc540348ba85f02a06c64cf,ai-ai,4,4,True,author_2,ai,author_2,ai,True,ai,"controls. She pressed her palms against the cold glass, straining to see through the deluge. The cargo ship listed portside, completely blind in the storm. Without thinking,"
conv_99ec489eabc540348ba85f02a06c64cf,ai-ai,5,5,True,author_2,ai,author_1,ai,False,ai,"at two o'clock, hard to starboard, NOW!*—and felt a surge of relief mixed with something else, something electric and strange. The ship's engines roared back"
conv_99ec489eabc540348ba85f02a06c64cf,ai-ai,5,5,True,author_2,ai,author_2,ai,True,ai,"the jagged rocks that lurked just beneath the surface, their dark shapes writhing in the foam. She heard the voice again—*There! Light"
conv_99ec489eabc540348ba85f02a06c64cf,ai-ai,6,6,True,author_2,ai,author_1,ai,False,ai,"destruction. Miriam held her breath, the spotlight trembling in her grip as the ship cleared the reef by mere meters. Then, as suddenly as it had appeared,"
conv_99ec489eabc540348ba85f02a06c64cf,ai-ai,6,6,True,author_2,ai,author_2,ai,True,ai,"to life with a guttural groan that she felt more than heard. The massive vessel began to turn, agonizingly slow, its bow swinging away from certain"
conv_99ec489eabc540348ba85f02a06c64cf,ai-ai,7,7,True,author_2,ai,author_1,ai,False,ai,"storm. Miriam stood alone in the lamp room, her heart hammering, hands shaking. She told herself it was adrenaline, the terror"
conv_99ec489eabc540348ba85f02a06c64cf,ai-ai,7,7,True,author_2,ai,author_2,ai,True,ai,"the voice in her head faded to silence. The cargo ship disappeared into the rain-soaked darkness, its running lights swallowed by the"
conv_99ec489eabc540348ba85f02a06c64cf,ai-ai,8,8,True,author_2,ai,author_1,ai,False,ai,"of guests. She descended the stairs slowly, each step echoing in the lighthouse's stone throat, and when she reached her small quarters, she couldn't bring herself to sleep."
conv_99ec489eabc540348ba85f02a06c64cf,ai-ai,8,8,True,author_2,ai,author_2,ai,True,ai,"of nearly witnessing a disaster. But deep down, she knew something fundamental had shifted. The silence in her mind felt hollow now, like a room suddenly emptied"
conv_99ec489eabc540348ba85f02a06c64cf,ai-ai,9,9,True,author_2,ai,author_1,ai,False,ai,"a sullen gray mirror, and that's when the voices returned—dozens of them, a chorus of distant murmurs like whispered conversations in another room. Fishing boats heading out"
conv_99ec489eabc540348ba85f02a06c64cf,ai-ai,9,9,True,author_2,ai,author_2,ai,True,ai,"Instead, she sat by the window with cold tea growing colder in her hands, watching the storm exhaust itself against the rocks. By dawn, the sea had gentled to"
conv_99ec489eabc540348ba85f02a06c64cf,ai-ai,10,10,True,author_2,ai,author_1,ai,False,ai,"proposal rehearsed nervously, someone's grief over a father who would never see the grandchild due in spring. Miriam pressed her forehead against"
conv_99ec489eabc540348ba85f02a06c64cf,ai-ai,10,10,True,author_2,ai,author_2,ai,True,ai,"for the morning catch, a yacht making for harbor, a ferry full of commuters. Their thoughts washed over her in waves: worries about quotas and fuel prices, a marriage"
conv_a04661581cc44199925519416c49193a,ai-ai,1,,True,author_1,ai,author_1,ai,True,ai,"two unlikely friends, a wise old owl named Ollie and a curious young rabbit called Remy. They lived in the heart of the Whispering Woods,"
conv_a04661581cc44199925519416c49193a,ai-ai,1,,True,author_1,ai,author_2,ai,False,ai,"where the trees whispered secrets and the streams sang songs of old. One sunny morning, as the first rays of light peeked through the canopy, Remy"
conv_a04661581cc44199925519416c49193a,ai-ai,2,1,True,author_1,ai,author_1,ai,True,ai,"hopped excitedly around Ollie’s tree, his long ears twitching with anticipation. “Ollie, Ollie!” he called out. “Wake up! I’ve"
conv_a04661581cc44199925519416c49193a,ai-ai,2,1,True,author_1,ai,author_2,ai,False,ai,"found something amazing!” Ollie stirred from his nest, his feathers rustling softly. He blinked his large, wise eyes and looked down at the eager bunny."
conv_a04661581cc44199925519416c49193a,ai-ai,3,2,True,author_1,ai,author_1,ai,True,ai,"""Good morning, Remy,"" Ollie said, his voice calm and soothing. ""What have you discovered today?"" Remy's excitement was contagious as he explained,"
conv_a04661581cc44199925519416c49193a,ai-ai,3,2,True,author_1,ai,author_2,ai,False,ai,"""I found a hidden trail near the old oak by the stream! It's covered in colorful flowers and leads to a place I've never seen before!"" Ollie nodded"
conv_a04661581cc44199925519416c49193a,ai-ai,4,3,True,author_1,ai,author_1,ai,True,ai,"thoughtfully, his eyes twinkling with curiosity. ""That does sound intriguing, Remy. Why don't we explore it together? I could use a bit of adventure"
conv_a04661581cc44199925519416c49193a,ai-ai,4,3,True,author_1,ai,author_2,ai,False,ai,"today."" Remy's face lit up with joy. ""Really? That would be wonderful, Ollie!"" The two friends set off through the woods, the soft morning light guiding"
conv_a04661581cc44199925519416c49193a,ai-ai,5,4,True,author_1,ai,author_1,ai,True,ai,"their way. As they followed the trail, the scent of wildflowers filled the air, and the sounds of the forest grew more"
conv_a04661581cc44199925519416c49193a,ai-ai,5,4,True,author_1,ai,author_2,ai,False,ai,"melodious. The path wound deeper into the woods, and soon they came upon a clearing bathed in dappled sunlight. In the center stood an ancient, gnarled"
conv_a04661581cc44199925519416c49193a,ai-ai,6,5,True,author_1,ai,author_1,ai,True,ai,"tree, its branches reaching high into the sky. Around it, the ground was carpeted with a vibrant array of wildflowers, each one more beautiful than the last. Remy"
conv_a04661581cc44199925519416c49193a,ai-ai,6,5,True,author_1,ai,author_2,ai,False,ai,"gasped in awe. ""It's like a hidden paradise, Ollie!"" Ollie perched on a low branch, his gaze sweeping over the scene."
conv_a04661581cc44199925519416c49193a,ai-ai,7,6,True,author_1,ai,author_1,ai,True,ai,"""Yes, it is quite a sight,"" Ollie agreed, his voice filled with wonder. ""I’ve heard tales of this place, but I never thought we’d find it."
conv_a04661581cc44199925519416c49193a,ai-ai,7,6,True,author_1,ai,author_2,ai,False,ai,"Legend says it's a place where dreams and reality blend together."" Remy hopped closer to the tree, his curiosity piqued. ""Do you think it's"
conv_a04661581cc44199925519416c49193a,ai-ai,8,7,True,author_1,ai,author_1,ai,True,ai,"true, Ollie? Could this be a magical spot where wishes come true?"" Ollie looked down at Remy with a gentle smile. ""Why don’t we make a wish"
conv_a04661581cc44199925519416c49193a,ai-ai,8,7,True,author_1,ai,author_2,ai,False,ai,"together and see what happens?"" Remy's eyes sparkled with excitement. Hand in paw, they closed their eyes and made a heartfelt wish. When they opened their"
conv_a04661581cc44199925519416c49193a,ai-ai,9,8,True,author_1,ai,author_1,ai,True,ai,"eyes, the world around them seemed to glow with a warm, golden light. The flowers seemed even more vibrant, and the air was filled with a sweet, melodic"
conv_a04661581cc44199925519416c49193a,ai-ai,9,8,True,author_1,ai,author_2,ai,False,ai,"hum. Ollie and Remy exchanged a look of pure delight. Whether it was magic or simply the beauty of their friendship, they knew this moment was special."
conv_a04661581cc44199925519416c49193a,ai-ai,10,9,True,author_1,ai,author_1,ai,True,ai,"Hand in paw, they explored the clearing, discovering new wonders at every turn. As the day wore on, they realized that the true magic lay in the joy"
conv_a04661581cc44199925519416c49193a,ai-ai,10,9,True,author_1,ai,author_2,ai,False,ai,"and companionship they shared. The sun began to set, casting a golden hue over the forest. Ollie and Remy sat side by side under the ancient tree,"
conv_a5f55403da744ff0b966103e3911c44e,ai-ai,1,1,True,author_2,ai,author_1,ai,False,ai,"carried secrets not meant for human ears, and that shadows moved in ways they ought not to. But Mira’s curiosity was as wild as the forest itself. Each morning, when mist curled"
conv_a5f55403da744ff0b966103e3911c44e,ai-ai,1,1,True,author_2,ai,author_2,ai,True,ai,"a curious girl named Mira who lived at the edge of the Whispering Forest. The townsfolk always warned her to stay away from the ancient, tangled woods. They said the winds there"
conv_a5f55403da744ff0b966103e3911c44e,ai-ai,2,2,True,author_2,ai,author_1,ai,False,ai,"soft, golden glow weaving through the brambles just beyond the first row of ancient pines. The light flickered gently, as if beckoning her forward."
conv_a5f55403da744ff0b966103e3911c44e,ai-ai,2,2,True,author_2,ai,author_2,ai,True,ai,"between the trees and dew clung to every leaf, Mira would stand at the forest’s edge, heart pounding with wonder and fear. One particular dawn, she noticed something unusual—a"
conv_a5f55403da744ff0b966103e3911c44e,ai-ai,3,3,True,author_2,ai,author_1,ai,False,ai,"the thick canopy where sunlight barely touched the ground. As she followed, Mira noticed strange carvings on the bark of the trees—symbols swirling like little winds, some shaped like eyes watching"
conv_a5f55403da744ff0b966103e3911c44e,ai-ai,3,3,True,author_2,ai,author_2,ai,True,ai,"Unable to resist, Mira stepped across the mossy threshold into the woods. With each footfall, the forest seemed to hush in anticipation. The golden glow danced ahead, leading her deeper beneath"
conv_a5f55403da744ff0b966103e3911c44e,ai-ai,4,4,True,author_2,ai,author_1,ai,False,ai,"trembling as they traced the delicate carvings around the doorframe. The wood felt warm, almost alive beneath her touch. A gentle hum vibrated through her fingertips, and with"
conv_a5f55403da744ff0b966103e3911c44e,ai-ai,4,4,True,author_2,ai,author_2,ai,True,ai,"her every move. The golden light paused near the base of a gnarled old oak, illuminating a small, weathered door embedded in the trunk. Mira reached out, her fingers"
conv_a5f55403da744ff0b966103e3911c44e,ai-ai,5,5,True,author_2,ai,author_1,ai,False,ai,"gathered her courage and followed. The air inside was warm and smelled of honey and earth. As she descended, the hum grew richer—now a melody, half familiar"
conv_a5f55403da744ff0b966103e3911c44e,ai-ai,5,5,True,author_2,ai,author_2,ai,True,ai,"a soft sigh, the door swung open, revealing a staircase spiraling down into an amber-lit hollow. The golden glow drifted ahead, lighting each step. Mira"
conv_a5f55403da744ff0b966103e3911c44e,ai-ai,6,6,True,author_2,ai,author_1,ai,False,ai,"from mist and moonbeam, its eyes deep pools of shimmering silver. The golden glow settled like a crown above its head. It spoke in a voice both echoing"
conv_a5f55403da744ff0b966103e3911c44e,ai-ai,6,6,True,author_2,ai,author_2,ai,True,ai,"and half otherworldly. At the bottom of the stairs, the passage widened into a vast chamber filled with gentle light and fluttering shadows. In the center stood a figure woven"
conv_a5f55403da744ff0b966103e3911c44e,ai-ai,7,7,True,author_2,ai,author_1,ai,False,ai,choice she made here would shape the forest—and herself—forever. The figure extended a mist-woven hand. “Will you learn our ways and become a friend to all that grows
conv_a5f55403da744ff0b966103e3911c44e,ai-ai,7,7,True,author_2,ai,author_2,ai,True,ai,"and whisper-soft, “Welcome, Mira. The forest has been waiting for someone who listens to its secrets.” The chamber thrummed with possibility, and Mira realized that every"
conv_a5f55403da744ff0b966103e3911c44e,ai-ai,8,8,True,author_2,ai,author_1,ai,False,ai,"burst around her like dawn breaking, and Mira understood the ancient language of wind and leaf. She became the forest’s friend and its secret keeper, her laughter forever echoing in the"
conv_a5f55403da744ff0b966103e3911c44e,ai-ai,8,8,True,author_2,ai,author_2,ai,True,ai,"within these woods?” it asked. Mira felt the weight of the moment, the power of choosing wonder over fear. Heart swelling with courage, she took the hand. The golden light"
conv_a5f55403da744ff0b966103e3911c44e,ai-ai,9,9,True,author_2,ai,author_1,ai,False,ai,"wildest mysteries into bright, welcoming wonder. And so, at the edge of the Whispering Forest, no one feared the secrets anymore—for Mira had become both the guide and the"
conv_a5f55403da744ff0b966103e3911c44e,ai-ai,9,9,True,author_2,ai,author_2,ai,True,ai,"boughs, guiding others who dared to listen and dream. Every whispering wind bore her story: that courage, curiosity, and kindness could turn even the oldest,"
conv_a5f55403da744ff0b966103e3911c44e,ai-ai,10,10,True,author_2,ai,author_1,ai,False,ai,"of a new tale. And so the Whispering Forest thrived, a place for dreamers and listeners, its secrets safely kept and shared by the girl who once stood at its"
conv_a5f55403da744ff0b966103e3911c44e,ai-ai,10,10,True,author_2,ai,author_2,ai,True,ai,"guardian, forever bridging her world and the magic beneath the leaves. Where her footsteps lingered, flowers bloomed and shadows danced gently, telling every curious heart that the unknown is just the beginning"
conv_a731e4cc684f448587f5085e647f5953,ai-ai,1,,True,author_1,ai,author_1,ai,True,ai,"Elena Vasquez, a lighthouse keeper who woke one morning to find that the ocean had vanished. Where gray-green waves should"
conv_a731e4cc684f448587f5085e647f5953,ai-ai,1,,True,author_1,ai,author_2,ai,False,ai,"have rolled endlessly to the horizon, there stretched instead an expanse of wet sand, glistening like hammered bronze in the dawn light. Shells and stones that had tumbled"
conv_a731e4cc684f448587f5085e647f5953,ai-ai,2,1,True,author_1,ai,author_1,ai,True,ai,"beneath the surf for centuries now lay exposed in strange, curving patterns, as if the sea had left behind a message in a language no one could read. Elena"
conv_a731e4cc684f448587f5085e647f5953,ai-ai,2,1,True,author_1,ai,author_2,ai,False,ai,"stood at the railing of her lighthouse gallery, coffee mug forgotten in her hand, watching the impossible landscape stretch for miles. The air smelled wrong—too"
conv_a731e4cc684f448587f5085e647f5953,ai-ai,3,2,True,author_1,ai,author_1,ai,True,ai,"dry, too still, missing the salt-sharp bite she'd breathed every day for seven years. In the distance, dark shapes dotted the endless seabed. Ships, she"
conv_a731e4cc684f448587f5085e647f5953,ai-ai,3,2,True,author_1,ai,author_2,ai,False,ai,"realized with a chill that had nothing to do with the morning air. Wrecks that had rested in the deep, now exposed like bones picked clean. Some were ancient,"
conv_a731e4cc684f448587f5085e647f5953,ai-ai,4,3,True,author_1,ai,author_1,ai,True,ai,"their wooden ribs skeletal and black with age, while others gleamed with modern metal, their hulls twisted into impossible angles. Elena set down her mug and reached for"
conv_a731e4cc684f448587f5085e647f5953,ai-ai,4,3,True,author_1,ai,author_2,ai,False,ai,"the brass telescope mounted beside the door. Through its lens, she could make out more details—cargo containers spilled like dice, a fishing trawler listing on"
conv_a731e4cc684f448587f5085e647f5953,ai-ai,5,4,True,author_1,ai,author_1,ai,True,ai,"its side, and something else that made her breath catch. Movement. Between the wrecks, figures were walking. At first she thought they might be people from town, drawn"
conv_a731e4cc684f448587f5085e647f5953,ai-ai,5,4,True,author_1,ai,author_2,ai,False,ai,"by curiosity to explore this new wasteland, but their movements were wrong—too fluid, too purposeful. They didn't stumble over debris or pause to examine"
conv_a731e4cc684f448587f5085e647f5953,ai-ai,6,5,True,author_1,ai,author_1,ai,True,ai,"the wrecks. Instead, they glided between the rusted hulls with an eerie grace, as if the exposed seabed were their natural domain. Elena adjusted the"
conv_a731e4cc684f448587f5085e647f5953,ai-ai,6,5,True,author_1,ai,author_2,ai,False,ai,"telescope's focus, her hands trembling slightly. The figures were humanoid but elongated, their skin—if it was skin—reflecting light like wet kelp. They moved in"
conv_a731e4cc684f448587f5085e647f5953,ai-ai,7,6,True,author_1,ai,author_1,ai,True,ai,"formation, converging on something near the largest wreck, a massive freighter that must have gone down decades ago. Elena watched as they began circling"
conv_a731e4cc684f448587f5085e647f5953,ai-ai,7,6,True,author_1,ai,author_2,ai,False,ai,"it, their movements synchronized like a ritual dance. Then, from within the freighter's broken hull, a pale light began to pulse—soft at first, then growing stronger with"
conv_a731e4cc684f448587f5085e647f5953,ai-ai,8,7,True,author_1,ai,author_1,ai,True,ai,"each rhythmic flash, matching the cadence of their circling. Elena's lighthouse suddenly felt very small, very exposed. The light from below pulsed again,"
conv_a731e4cc684f448587f5085e647f5953,ai-ai,8,7,True,author_1,ai,author_2,ai,False,ai,"and she felt an answering vibration through the lighthouse floor, a deep thrumming that resonated in her chest. Without thinking, she turned to look at her"
conv_a731e4cc684f448587f5085e647f5953,ai-ai,9,8,True,author_1,ai,author_1,ai,True,ai,"own beacon, dark now in the daylight. But as the pulse came again from the seabed, the great lighthouse lamp flickered once, twice, then blazed"
conv_a731e4cc684f448587f5085e647f5953,ai-ai,9,8,True,author_1,ai,author_2,ai,False,ai,"to life with an intensity she'd never seen before, flooding the vanished ocean with brilliant white light. The figures below stopped their circling and turned as one toward her lighthouse. Elena's"
conv_a731e4cc684f448587f5085e647f5953,ai-ai,10,9,True,author_1,ai,author_1,ai,True,ai,"heart hammered as she understood—the ocean hadn't vanished by accident. It had been called away, drawn back like a curtain so they could finish what they'd"
conv_a731e4cc684f448587f5085e647f5953,ai-ai,10,9,True,author_1,ai,author_2,ai,False,ai,"started long ago, before humans had ever built towers of light to warn ships away from danger. The figures began moving toward her lighthouse now, purposeful and unhurried, and Elena"
conv_ad879cff91254437a5153d2400ed3f5d,ai-ai,1,1,True,author_2,ai,author_1,ai,False,ai,"the outside world felt distant and almost unreal. Life in Greenhaven revolved around the rhythms of nature—planting in spring, harvesting in autumn, and gathering around warm fires"
conv_ad879cff91254437a5153d2400ed3f5d,ai-ai,1,1,True,author_2,ai,author_2,ai,True,ai,"a small village nestled deep within a vast, ancient forest. The village, known as Greenhaven, was a place where time seemed to move more slowly, and the hustle and bustle of"
conv_ad879cff91254437a5153d2400ed3f5d,ai-ai,2,2,True,author_2,ai,author_1,ai,False,ai,"the legend of the Whispering Willow, an enormous tree said to stand at the heart of the forest. It was believed that the willow could grant wishes, but only to"
conv_ad879cff91254437a5153d2400ed3f5d,ai-ai,2,2,True,author_2,ai,author_2,ai,True,ai,"in the winter months. The villagers were a close-knit community, bound together by their shared traditions and the mystical tales that had been passed down through generations. Among these tales was"
conv_ad879cff91254437a5153d2400ed3f5d,ai-ai,3,3,True,author_2,ai,author_1,ai,False,ai,"One crisp autumn evening, a young girl named Elara decided she would be the one to find the Whispering Willow. She had always been fascinated by the tales her grandmother"
conv_ad879cff91254437a5153d2400ed3f5d,ai-ai,3,3,True,author_2,ai,author_2,ai,True,ai,"those who proved themselves worthy through acts of kindness and bravery. Many had ventured into the forest in search of the willow, but few returned with stories of having found it."
conv_ad879cff91254437a5153d2400ed3f5d,ai-ai,4,4,True,author_2,ai,author_1,ai,False,ai,"by the first light of the sun filtering through the dense canopy. As she walked, the sounds of the forest enveloped her—the rustle of leaves, the chirping"
conv_ad879cff91254437a5153d2400ed3f5d,ai-ai,4,4,True,author_2,ai,author_2,ai,True,ai,"told her, and she felt a deep connection to the forest. With a small sack of provisions and a heart full of determination, Elara set out at dawn, her path lit"
conv_ad879cff91254437a5153d2400ed3f5d,ai-ai,5,5,True,author_2,ai,author_1,ai,False,ai,"the unknown. After hours of wandering, she came across a clearing where a group of small animals—a rabbit, a squirrel, and a fox—were gathered around a wounded bird."
conv_ad879cff91254437a5153d2400ed3f5d,ai-ai,5,5,True,author_2,ai,author_2,ai,True,ai,"of birds, and the occasional snap of a twig under the feet of unseen creatures. The forest was alive, and Elara felt a thrill of excitement mixed with a cautious respect for"
conv_ad879cff91254437a5153d2400ed3f5d,ai-ai,6,6,True,author_2,ai,author_1,ai,False,ai,"be caught in a thorn. With a steady hand, she freed the bird and used a bit of cloth from her sack to wrap its wing, offering it comfort. The animals watched"
conv_ad879cff91254437a5153d2400ed3f5d,ai-ai,6,6,True,author_2,ai,author_2,ai,True,ai,"Without hesitation, Elara approached the animals and carefully picked up the injured bird. She gently cradled it in her hands, examining its wing, which appeared to"
conv_ad879cff91254437a5153d2400ed3f5d,ai-ai,7,7,True,author_2,ai,author_1,ai,False,ai,"at Elara with what seemed like gratitude before disappearing back into the forest. Feeling a sense of accomplishment, Elara continued deeper into the woods, her steps now lighter and her spirit"
conv_ad879cff91254437a5153d2400ed3f5d,ai-ai,7,7,True,author_2,ai,author_2,ai,True,ai,"in silence, and when Elara finished, the bird chirped softly and fluttered away, its flight steady once more. The rabbit, squirrel, and fox then looked"
conv_ad879cff91254437a5153d2400ed3f5d,ai-ai,8,8,True,author_2,ai,author_1,ai,False,ai,"on the breeze, guiding her toward a hidden grove. There, bathed in the golden light of the setting sun, stood the legendary Whispering Willow. Its branches swayed gently,"
conv_ad879cff91254437a5153d2400ed3f5d,ai-ai,8,8,True,author_2,ai,author_2,ai,True,ai,"more determined than ever. As the sun began to set, casting long shadows through the trees, she noticed the air becoming cooler and the forest growing quieter. Suddenly, a soft whisper carried"
conv_ad879cff91254437a5153d2400ed3f5d,ai-ai,9,9,True,author_2,ai,author_1,ai,False,ai,"The willow’s voice, gentle and wise, whispered in her mind, “You have shown kindness and courage, young one. What is your wish?” Elara took a deep"
conv_ad879cff91254437a5153d2400ed3f5d,ai-ai,9,9,True,author_2,ai,author_2,ai,True,ai,"and as Elara approached, the leaves rustled with a melody that seemed to speak directly to her heart. She reached out and touched the trunk, feeling a warmth spread through her body."
conv_ad879cff91254437a5153d2400ed3f5d,ai-ai,10,10,True,author_2,ai,author_1,ai,False,ai,"“I wish for the health and happiness of my village, and for the forest to remain a place of wonder and peace for all who call it home.” The willow’s leaves shimmered"
conv_ad879cff91254437a5153d2400ed3f5d,ai-ai,10,10,True,author_2,ai,author_2,ai,True,ai,"breath, her mind racing with possibilities. But then, remembering the tales of those who sought only selfish desires and found nothing, she spoke from the depths of her heart."
conv_adc796acd32f4433993539115159236a,ai-ai,1,1,True,author_2,ai,author_1,ai,False,ai,"Mara had tended the Beacon Point lighthouse for three years, and she thought she'd learned all its rhythms—the groan of the gallery rail in high winds, the"
conv_adc796acd32f4433993539115159236a,ai-ai,1,1,True,author_2,ai,author_2,ai,True,ai,a lighthouse keeper who discovered that every seventh wave carried voices from the past. Mara had tended the Beacon Point lighthouse for three years
conv_adc796acd32f4433993539115159236a,ai-ai,2,2,True,author_2,ai,author_1,ai,False,ai,"storm in late October, when the sea turned violent and she counted waves to calm her nerves. One, two, three—the normal crash of water against"
conv_adc796acd32f4433993539115159236a,ai-ai,2,2,True,author_2,ai,author_2,ai,True,ai,"particular way the lens room hummed at midnight, even the schedule of migrating birds that rested on the lantern's exterior cage. But she'd never noticed the voices until the"
conv_adc796acd32f4433993539115159236a,ai-ai,3,3,True,author_2,ai,author_1,ai,False,ai,"sounded like singing—faint and melancholy, in a language she almost recognized. Mara pressed her face against the cold glass, straining to hear over"
conv_adc796acd32f4433993539115159236a,ai-ai,3,3,True,author_2,ai,author_2,ai,True,ai,"rock. Four, five, six—still ordinary, though louder now, almost thunderous. But the seventh wave broke differently, carried on its crest something that"
conv_adc796acd32f4433993539115159236a,ai-ai,4,4,True,author_2,ai,author_1,ai,False,ai,"waited for the fourteenth wave. When it arrived, the voices were clearer—a woman's laugh, sharp and bright, followed by a man shouting coordinates"
conv_adc796acd32f4433993539115159236a,ai-ai,4,4,True,author_2,ai,author_2,ai,True,ai,"the howling wind. The eighth wave came normal again, then the ninth, the tenth. She counted faster now, her breath fogging the window as she"
conv_adc796acd32f4433993539115159236a,ai-ai,5,5,True,author_2,ai,author_1,ai,False,ai,"through the brittle, yellowed pages with trembling fingers. April 1889—there it was. An entry in handwriting she didn't recognize, careful and slanted:"
conv_adc796acd32f4433993539115159236a,ai-ai,5,5,True,author_2,ai,author_2,ai,True,ai,"that made no sense: ""Forty-two north, seventy-one west, April of '89!"" Mara grabbed the lighthouse log from its shelf and flipped"
conv_adc796acd32f4433993539115159236a,ai-ai,6,6,True,author_2,ai,author_1,ai,False,ai,"water but could do nothing. The light failed."" The ink had bled in places, as if tears had fallen on the page. Mara's throat tightened"
conv_adc796acd32f4433993539115159236a,ai-ai,6,6,True,author_2,ai,author_2,ai,True,ai,"""The Elizabeth Marie went down today in clear weather. Twenty-three souls lost. My Sarah among them. I heard her calling from the"
conv_adc796acd32f4433993539115159236a,ai-ai,7,7,True,author_2,ai,author_1,ai,False,ai,"Sarah's voice came through crystal clear, no longer singing but speaking directly, desperately: ""Tell him I made it to the rocks. Tell him I survived three days. He"
conv_adc796acd32f4433993539115159236a,ai-ai,7,7,True,author_2,ai,author_2,ai,True,ai,"as she looked back toward the waves, counting again with new urgency. Twenty-one approached, the seventh in the next cycle. When it crested,"
conv_adc796acd32f4433993539115159236a,ai-ai,8,8,True,author_2,ai,author_1,ai,False,ai,"out onto the gallery walkway. The wind tore at her jacket as she leaned over the railing, salt spray stinging her eyes. Below, the twenty-eighth wave"
conv_adc796acd32f4433993539115159236a,ai-ai,8,8,True,author_2,ai,author_2,ai,True,ai,"never came back to look."" Mara's heart hammered against her ribs. She ran down the spiral stairs, nearly slipping on the iron treads, and burst"
conv_adc796acd32f4433993539115159236a,ai-ai,9,9,True,author_2,ai,author_1,ai,False,ai,"failed—he thought you were gone!"" Her words were ripped away by the wind, but as the twenty-eighth wave crashed against the rocks, she heard it: a sigh,"
conv_adc796acd32f4433993539115159236a,ai-ai,9,9,True,author_2,ai,author_2,ai,True,ai,"was building, massive and dark. Mara cupped her hands around her mouth and shouted into the gale: ""He couldn't hear you! The light"
conv_adc796acd32f4433993539115159236a,ai-ai,10,10,True,author_2,ai,author_1,ai,False,ai,"had broken. The waves continued their eternal rhythm, but the voices were gone—truly gone, Mara somehow knew, not just waiting for the next seventh count. She"
conv_adc796acd32f4433993539115159236a,ai-ai,10,10,True,author_2,ai,author_2,ai,True,ai,"long and soft, like a breath finally released after more than a century of holding on. The sea calmed then, not gradually but all at once, as if a spell"
conv_baa66c4dc3ff4e6f8b91aa3bf55cbea2,ai-ai,1,,True,author_1,ai,author_1,ai,True,ai,"Eleanor, a young woman with a mysterious past and a heart full of dreams. She lived in a small village nestled between rolling hills and dense forests, a place where the sun seemed"
conv_baa66c4dc3ff4e6f8b91aa3bf55cbea2,ai-ai,1,,True,author_1,ai,author_2,ai,False,ai,"to linger longer, casting golden hues over the cobblestone streets and thatched roofs. Eleanor spent her days tending to the garden behind her cottage, where she grew herbs"
conv_baa66c4dc3ff4e6f8b91aa3bf55cbea2,ai-ai,2,1,True,author_1,ai,author_1,ai,True,ai,"and flowers that filled the air with their sweet fragrance. Despite the tranquility of her surroundings, Eleanor often felt a restless yearning for something more, a sense that her true purpose"
conv_baa66c4dc3ff4e6f8b91aa3bf55cbea2,ai-ai,2,1,True,author_1,ai,author_2,ai,False,ai,"lay beyond the familiar borders of her village. One evening, as the sky painted itself in shades of orange and purple, Eleanor stumbled upon an ancient map hidden within the pages of"
conv_baa66c4dc3ff4e6f8b91aa3bf55cbea2,ai-ai,3,2,True,author_1,ai,author_1,ai,True,ai,"an old book she had borrowed from the village library. The map was faded and worn, but it clearly showed a path leading deep into the forest, marked with symbols and notes"
conv_baa66c4dc3ff4e6f8b91aa3bf55cbea2,ai-ai,3,2,True,author_1,ai,author_2,ai,False,ai,"that hinted at a forgotten treasure or a legendary site. Intrigued and feeling a spark of adventure ignite within her, Eleanor decided to follow the map. She packed a small bag"
conv_baa66c4dc3ff4e6f8b91aa3bf55cbea2,ai-ai,4,3,True,author_1,ai,author_1,ai,True,ai,"with essentials—bread, cheese, a flint, and her trusty knife—and set out at dawn. The forest was alive with the sounds of birdsong and"
conv_baa66c4dc3ff4e6f8b91aa3bf55cbea2,ai-ai,4,3,True,author_1,ai,author_2,ai,False,ai,"the rustling of leaves underfoot. As she ventured deeper, the path became less distinct, overgrown with moss and vines. Eleanor relied on the map and her intuition, navigating through the"
conv_baa66c4dc3ff4e6f8b91aa3bf55cbea2,ai-ai,5,4,True,author_1,ai,author_1,ai,True,ai,"twisting trails. The sunlight filtered through the canopy in patches, casting dappled shadows on the forest floor. Hours passed, and the air grew cooler, carrying the scent"
conv_baa66c4dc3ff4e6f8b91aa3bf55cbea2,ai-ai,5,4,True,author_1,ai,author_2,ai,False,ai,"of earth and pine. Suddenly, Eleanor came across a clearing where an ancient stone circle stood, its stones weathered and covered in lichen. In the center, a single pedestal"
conv_baa66c4dc3ff4e6f8b91aa3bf55cbea2,ai-ai,6,5,True,author_1,ai,author_1,ai,True,ai,"held a glowing crystal, pulsating with a soft, otherworldly light. Eleanor approached cautiously, her heart pounding with a mix of excitement and trepidation. As she reached out"
conv_baa66c4dc3ff4e6f8b91aa3bf55cbea2,ai-ai,6,5,True,author_1,ai,author_2,ai,False,ai,"to touch the crystal, a warm energy flowed through her, filling her with a sense of clarity and purpose. The crystal began to glow brighter, and Eleanor realized that this was the key"
conv_baa66c4dc3ff4e6f8b91aa3bf55cbea2,ai-ai,7,6,True,author_1,ai,author_1,ai,True,ai,"to unlocking her true destiny. The map had led her here, but it was the journey itself that had transformed her. With the crystal in hand, Eleanor knew she had to return"
conv_baa66c4dc3ff4e6f8b91aa3bf55cbea2,ai-ai,7,6,True,author_1,ai,author_2,ai,False,ai,"to the village and share her discovery. The crystal held secrets that could change the lives of everyone in her community. As she made her way back through the forest, the path seemed"
conv_baa66c4dc3ff4e6f8b91aa3bf55cbea2,ai-ai,8,7,True,author_1,ai,author_1,ai,True,ai,"clearer, almost as if the woods themselves were guiding her home. The villagers were amazed when Eleanor returned, the crystal’s light catching the eyes of all who saw it. She shared"
conv_baa66c4dc3ff4e6f8b91aa3bf55cbea2,ai-ai,8,7,True,author_1,ai,author_2,ai,False,ai,"her story, and the crystal’s power brought prosperity and knowledge to the village. Eleanor’s once-restless heart found peace, knowing she had found her true calling and that"
conv_baa66c4dc3ff4e6f8b91aa3bf55cbea2,ai-ai,9,8,True,author_1,ai,author_1,ai,True,ai,"her journey had not only changed her but had also brought hope and new beginnings to those around her. The village thrived, and Eleanor became a beloved figure, remembered for her courage"
conv_baa66c4dc3ff4e6f8b91aa3bf55cbea2,ai-ai,9,8,True,author_1,ai,author_2,ai,False,ai,"and her unwavering spirit. The map that had once been a simple piece of paper now held a place of honor in the village hall, a reminder of the adventures that"
conv_baa66c4dc3ff4e6f8b91aa3bf55cbea2,ai-ai,10,9,True,author_1,ai,author_1,ai,True,ai,"await those who dare to follow their dreams. And so, Eleanor’s life became a tapestry woven with threads of adventure, discovery, and the profound connection between the"
conv_baa66c4dc3ff4e6f8b91aa3bf55cbea2,ai-ai,10,9,True,author_1,ai,author_2,ai,False,ai,"past and the future. Her legacy continued to inspire generations, reminding them that sometimes, the greatest treasures are not found in distant lands,"
conv_bd42668068fc4f41a9b41e52a30aa976,ai-ai,1,,True,author_1,ai,author_1,ai,True,ai,"a lighthouse keeper who stopped believing in the sea. It happened gradually, the way most impossible things do. Magnus had tended"
conv_bd42668068fc4f41a9b41e52a30aa976,ai-ai,1,,True,author_1,ai,author_2,ai,False,ai,"the lighthouse for thirty-seven years, and somewhere between the thousandth storm and the ten-thousandth wave, the ocean simply ceased to be real."
conv_bd42668068fc4f41a9b41e52a30aa976,ai-ai,2,1,True,author_1,ai,author_1,ai,True,ai,"He still performed his duties—polished the great lens, wound the clockwork mechanism, trimmed the wick—but these actions felt hollow, like movements in a play"
conv_bd42668068fc4f41a9b41e52a30aa976,ai-ai,2,1,True,author_1,ai,author_2,ai,False,ai,"whose meaning he'd forgotten. The ships that passed were merely shapes against an indifferent gray backdrop. The gulls' cries became arbitrary sounds, unconnected to anything"
conv_bd42668068fc4f41a9b41e52a30aa976,ai-ai,3,2,True,author_1,ai,author_1,ai,True,ai,"living or true. Magnus began to suspect that the lighthouse itself was the only solid thing in existence, a pillar of certainty surrounded by elaborate illusion. Then one"
conv_bd42668068fc4f41a9b41e52a30aa976,ai-ai,3,2,True,author_1,ai,author_2,ai,False,ai,"morning, he found wet footprints leading up the spiral stairs—footprints that glistened with salt and seaweed, impossible prints that shouldn't exist if"
conv_bd42668068fc4f41a9b41e52a30aa976,ai-ai,4,3,True,author_1,ai,author_1,ai,True,ai,"the sea was merely his imagination's trick. They climbed all two hundred and seventy-three steps, growing fainter as they ascended, until they stopped at the"
conv_bd42668068fc4f41a9b41e52a30aa976,ai-ai,4,3,True,author_1,ai,author_2,ai,False,ai,"lantern room door. Magnus stood before it, his hand trembling on the brass handle. For the first time in years, his heart hammered with something like fear,"
conv_bd42668068fc4f41a9b41e52a30aa976,ai-ai,5,4,True,author_1,ai,author_1,ai,True,ai,"or perhaps hope—he couldn't distinguish between them anymore. The door swung open before he could turn the handle, and there stood a woman wringing seawater from"
conv_bd42668068fc4f41a9b41e52a30aa976,ai-ai,5,4,True,author_1,ai,author_2,ai,False,ai,"her long dark hair, droplets pattering onto the iron floor like accusations. She looked at him with eyes the color of deep water, and said, ""You stopped lighting the"
conv_bd42668068fc4f41a9b41e52a30aa976,ai-ai,6,5,True,author_1,ai,author_1,ai,True,ai,"lamp three nights ago."" Her voice carried the rhythm of tide pools. Magnus blinked, confused. But he had lit it—hadn't he? Every evening at dusk, the"
conv_bd42668068fc4f41a9b41e52a30aa976,ai-ai,6,5,True,author_1,ai,author_2,ai,False,ai,"same ritual, the same motions. Yet when he turned to look, the great lens sat dark and cold, a film of dust across its curved surface."
conv_bd42668068fc4f41a9b41e52a30aa976,ai-ai,7,6,True,author_1,ai,author_1,ai,True,ai,"""I don't understand,"" he whispered, but even as he spoke, memories flickered like dying candles—evenings spent sitting in his chair,"
conv_bd42668068fc4f41a9b41e52a30aa976,ai-ai,7,6,True,author_1,ai,author_2,ai,False,ai,"staring at the unlit lamp, convincing himself that light and darkness were the same, that it made no difference whether the beam swept across nonexistent waters or not. The woman"
conv_bd42668068fc4f41a9b41e52a30aa976,ai-ai,8,7,True,author_1,ai,author_1,ai,True,ai,"stepped closer, leaving a trail of brine. ""My ship went down last night,"" she said softly. ""Seventeen souls circling in the dark, waiting for a light"
conv_bd42668068fc4f41a9b41e52a30aa976,ai-ai,8,7,True,author_1,ai,author_2,ai,False,ai,"that never came. We called and called."" She pressed her wet palm against the cold glass of the lens, and where she touched, Magnus saw reflected scenes: a hull"
conv_bd42668068fc4f41a9b41e52a30aa976,ai-ai,9,8,True,author_1,ai,author_1,ai,True,ai,"breaking against rocks he'd charted a thousand times, hands reaching through black water, faces turned desperately toward the darkness where his beacon should have been. The visions spread across"
conv_bd42668068fc4f41a9b41e52a30aa976,ai-ai,9,8,True,author_1,ai,author_2,ai,False,ai,"the lens like cracks in ice, each fracture revealing another moment of desperate hope fading into silence. Magnus felt his knees weaken. The sea—the"
conv_bd42668068fc4f41a9b41e52a30aa976,ai-ai,10,9,True,author_1,ai,author_1,ai,True,ai,"sea had been real all along, more real than his doubt, more solid than his careful disbelief. All those years of faithful service, undone by three"
conv_bd42668068fc4f41a9b41e52a30aa976,ai-ai,10,9,True,author_1,ai,author_2,ai,False,ai,"nights of surrender. ""I forgot,"" he breathed, but the words were ash in his mouth. The woman's form began to shimmer, water streaming from her clothes in"
conv_bd574adf4c144554bf5dde1263f1bb0d,ai-ai,1,,True,author_1,ai,author_1,ai,True,ai,"two unlikely friends, a young fox named Finn and a wise old turtle named Tilda. They lived in the heart of a vast, enchanted forest where"
conv_bd574adf4c144554bf5dde1263f1bb0d,ai-ai,1,,True,author_1,ai,author_2,ai,False,ai,"the trees whispered secrets of the ancient world and the streams sang songs of forgotten lore. One sunny morning, as the dew still clung to the leaves, Finn bounded"
conv_bd574adf4c144554bf5dde1263f1bb0d,ai-ai,2,1,True,author_1,ai,author_1,ai,True,ai,"into the clearing where Tilda often basked in the early light. ""Tilda!"" Finn called out, his tail wagging with excitement. ""I've heard there's a hidden"
conv_bd574adf4c144554bf5dde1263f1bb0d,ai-ai,2,1,True,author_1,ai,author_2,ai,False,ai,"garden deep in the forest, filled with flowers that glow in the dark and fruits that never spoil. Do you think we could find it?"" Tilda smiled,"
conv_bd574adf4c144554bf5dde1263f1bb0d,ai-ai,3,2,True,author_1,ai,author_1,ai,True,ai,"her eyes twinkling with a mix of curiosity and wisdom. ""A journey such as this requires more than just eagerness, my young friend,"" she said, slowly"
conv_bd574adf4c144554bf5dde1263f1bb0d,ai-ai,3,2,True,author_1,ai,author_2,ai,False,ai,"pulling herself to her feet. ""It requires patience, courage, and a bit of magic. Are you ready for such an adventure?"" Finn's eyes widened with excitement. ""Yes,"
conv_bd574adf4c144554bf5dde1263f1bb0d,ai-ai,4,3,True,author_1,ai,author_1,ai,True,ai,"I'm ready!"" he exclaimed, unable to contain his enthusiasm. Tilda nodded, and with a gentle gesture, they set off into the forest, following a narrow path that seemed to"
conv_bd574adf4c144554bf5dde1263f1bb0d,ai-ai,4,3,True,author_1,ai,author_2,ai,False,ai,"appear just for them. The air was filled with the scent of pine and the distant calls of birds, guiding them deeper into the woods. As they walked, Finn chattered"
conv_bd574adf4c144554bf5dde1263f1bb0d,ai-ai,5,4,True,author_1,ai,author_1,ai,True,ai,"excitedly about all the wonders they might see, while Tilda listened with a patient smile, offering occasional words of wisdom. The path twisted and turned, leading them through thickets and"
conv_bd574adf4c144554bf5dde1263f1bb0d,ai-ai,5,4,True,author_1,ai,author_2,ai,False,ai,"over small streams, each step bringing them closer to the heart of the forest. The sunlight filtered through the dense canopy, casting dappled shadows on the ground. After"
conv_bd574adf4c144554bf5dde1263f1bb0d,ai-ai,6,5,True,author_1,ai,author_1,ai,True,ai,"what felt like hours, they came upon a thick, ivy-covered archway. Beyond it, the air shimmered with a soft, ethereal light. ""This must be it,"""
conv_bd574adf4c144554bf5dde1263f1bb0d,ai-ai,6,5,True,author_1,ai,author_2,ai,False,ai,"Finn whispered, his heart racing with anticipation. Tilda nodded, her eyes reflecting the same wonder. ""Let’s take a deep breath and step through together,"" she"
conv_bd574adf4c144554bf5dde1263f1bb0d,ai-ai,7,6,True,author_1,ai,author_1,ai,True,ai,"suggested. Hand in paw, they passed through the archway, and the world around them transformed. The garden was more beautiful than either of them had imagined—flowers in every"
conv_bd574adf4c144554bf5dde1263f1bb0d,ai-ai,7,6,True,author_1,ai,author_2,ai,False,ai,"color of the rainbow bloomed under a sky that twinkled with stars, even in the daytime. Fruits glowed softly, casting a warm, magical light. Finn and Tilda"
conv_bd574adf4c144554bf5dde1263f1bb0d,ai-ai,8,7,True,author_1,ai,author_1,ai,True,ai,"explored the garden, marveling at the sights and sounds. They tasted the sweet, luminous fruits and danced among the glowing flowers. As the day drew to"
conv_bd574adf4c144554bf5dde1263f1bb0d,ai-ai,8,7,True,author_1,ai,author_2,ai,False,ai,"a close, they found a quiet spot by a sparkling fountain. Tilda looked at Finn with a knowing smile. ""We’ve discovered something truly special today, haven’t we?"" Finn"
conv_bd574adf4c144554bf5dde1263f1bb0d,ai-ai,9,8,True,author_1,ai,author_1,ai,True,ai,"nodded, his eyes shining with joy. ""Thanks to you, Tilda. I couldn’t have done it without your wisdom and friendship."" They sat together, watching"
conv_bd574adf4c144554bf5dde1263f1bb0d,ai-ai,9,8,True,author_1,ai,author_2,ai,False,ai,"the stars twinkle above, feeling a deep sense of contentment. The hidden garden had not only been a place of beauty but also a testament to their bond. Hand in"
conv_bd574adf4c144554bf5dde1263f1bb0d,ai-ai,10,9,True,author_1,ai,author_1,ai,True,ai,"paw, they made a silent promise to return, to explore more of the enchanted forest, and to always cherish the adventures they shared. As the night deepened, they bid"
conv_bd574adf4c144554bf5dde1263f1bb0d,ai-ai,10,9,True,author_1,ai,author_2,ai,False,ai,"the garden farewell and made their way back through the archway, carrying the magic of the day with them. The forest seemed a little brighter, a little warmer, as they"
conv_bfba8b3e334542f08bee905a2934a25e,ai-ai,1,,True,author_1,ai,author_1,ai,True,ai,"a small town where the sun always set at the same time each day—7:14 p.m., no matter what the season, no matter how thick the clouds or how bright the"
conv_bfba8b3e334542f08bee905a2934a25e,ai-ai,1,,True,author_1,ai,author_2,ai,False,ai,"sky. People called it “The Evenfall,” and while newcomers found it odd, locals treated it like an unremarkable quirk, akin to the old bakery’s tilted chimney"
conv_bfba8b3e334542f08bee905a2934a25e,ai-ai,2,1,True,author_1,ai,author_1,ai,True,ai,"or the centuries-old oak that grew in the center of Main Street, forcing cars to split and circle around it. Some said The Evenfall brought luck; others said it was a"
conv_bfba8b3e334542f08bee905a2934a25e,ai-ai,2,1,True,author_1,ai,author_2,ai,False,ai,"sign that the town was caught in time’s gentle fist, unable to move forward or back. But for twelve-year-old Jamie Bell, who watched the copper light stain the"
conv_bfba8b3e334542f08bee905a2934a25e,ai-ai,3,2,True,author_1,ai,author_1,ai,True,ai,"edges of his bedroom wall each evening, Evenfall was a puzzle. He kept a notebook hidden beneath a floorboard, filled with sketches of sundials, weather charts,"
conv_bfba8b3e334542f08bee905a2934a25e,ai-ai,3,2,True,author_1,ai,author_2,ai,False,ai,"and careful notes about the way the shadows stretched long and thin, always coming to rest at the exact same minute. He had questions, so many questions—ones no adult seemed"
conv_bfba8b3e334542f08bee905a2934a25e,ai-ai,4,3,True,author_1,ai,author_1,ai,True,ai,"willing to answer, at least not seriously. When Jamie prodded, grown-ups just shrugged or smiled, repeating, ""It's just how Evenfall is."" But Jamie couldn't let"
conv_bfba8b3e334542f08bee905a2934a25e,ai-ai,4,3,True,author_1,ai,author_2,ai,False,ai,"it go. On his nightly walks, sometimes with his dog Pickles trotting alongside, he’d pause at the town’s edges, where Evenfall’s light seemed to meet the"
conv_bfba8b3e334542f08bee905a2934a25e,ai-ai,5,4,True,author_1,ai,author_1,ai,True,ai,"fields and forests in a sharp, uncanny line, as if someone had drawn the border of evening by hand. One night, as Jamie stepped closer to that boundary, he noticed the air there"
conv_bfba8b3e334542f08bee905a2934a25e,ai-ai,5,4,True,author_1,ai,author_2,ai,False,ai,"felt cooler, almost electric, making the hair on his arms stand up. Pickles growled, uneasy. Jamie pulled a flashlight from his pocket, but its beam reached only"
conv_bfba8b3e334542f08bee905a2934a25e,ai-ai,6,5,True,author_1,ai,author_1,ai,True,ai,"to the very edge of the strange divide and flickered, as if uncertain how to pierce the barrier. Beyond it, the world looked both familiar and impossible—a shimmer"
conv_bfba8b3e334542f08bee905a2934a25e,ai-ai,6,5,True,author_1,ai,author_2,ai,False,ai,"where the trees seemed to bend in slow motion, their shadows too tall and restless, like reflections on rippling water. Heart pounding, Jamie glanced back at Pickles, whose nose"
conv_bfba8b3e334542f08bee905a2934a25e,ai-ai,7,6,True,author_1,ai,author_1,ai,True,ai,"trembled, but who pressed forward with a tentative whine, urging Jamie not to turn back. Biting his lip, Jamie stepped across the threshold. The air snapped"
conv_bfba8b3e334542f08bee905a2934a25e,ai-ai,7,6,True,author_1,ai,author_2,ai,False,ai,"with cold clarity and a soft, vibrating hum, as if he’d dipped into another world layered on top of his own. For a moment, he swayed,"
conv_bfba8b3e334542f08bee905a2934a25e,ai-ai,8,7,True,author_1,ai,author_1,ai,True,ai,"uncertain if he’d gone too far. But then the humming steadied and the light all around him took on a golden, almost floating quality."
conv_bfba8b3e334542f08bee905a2934a25e,ai-ai,8,7,True,author_1,ai,author_2,ai,False,ai,"No sound came from the town behind him, not even Pickles’ footsteps now. Jamie turned and saw that the border of Evenfall glowed faintly, like a doorway of burning"
conv_bfba8b3e334542f08bee905a2934a25e,ai-ai,9,8,True,author_1,ai,author_1,ai,True,ai,"saffron. Ahead, the landscape bloomed with impossible colors and the sun hung unmoving just above the horizon. In this place, time bent with the"
conv_bfba8b3e334542f08bee905a2934a25e,ai-ai,9,8,True,author_1,ai,author_2,ai,False,ai,"same persistence as the rules back home. Jamie stepped forward and saw a figure—a girl his age, waiting by the shadow of a leaning oak twin to the one in town."
conv_bfba8b3e334542f08bee905a2934a25e,ai-ai,10,9,True,author_1,ai,author_1,ai,True,ai,"She smiled, something knowing in her gaze. “Welcome, Jamie Bell,” she said quietly. “You made it through. Most don’t.” Jamie’s heart hammered—both with"
conv_bfba8b3e334542f08bee905a2934a25e,ai-ai,10,9,True,author_1,ai,author_2,ai,False,ai,wonder and unease. “Where am I?” he breathed. The girl gestured to the undying sunset behind her. “The space between your town’s
conv_bfdccaa2af5e42afa662d355a9f25723,ai-ai,1,,True,author_1,ai,author_1,ai,True,ai,"a young girl named Emilia, who lived in a small village surrounded by dense forests and winding rivers. The villagers often spoke of the mystical creatures that roamed the forests,"
conv_bfdccaa2af5e42afa662d355a9f25723,ai-ai,1,,True,author_1,ai,author_2,ai,False,ai,"and the magical energies that pulsed through the rivers, but Emilia never thought much of these stories, chalking them up to mere myth and superstition."
conv_bfdccaa2af5e42afa662d355a9f25723,ai-ai,2,1,True,author_1,ai,author_1,ai,True,ai,"That was until the night she stumbled upon a hidden glade deep in the forest, where the trees seemed to hum with an otherworldly energy and the river that ran through"
conv_bfdccaa2af5e42afa662d355a9f25723,ai-ai,2,1,True,author_1,ai,author_2,ai,False,ai,"it shimmered with a soft, ethereal light that seemed to dance across the water's surface, as if the stars themselves had descended to earth. The air was filled"
conv_bfdccaa2af5e42afa662d355a9f25723,ai-ai,3,2,True,author_1,ai,author_1,ai,True,ai,"with a sweet, musical melody that seemed to emanate from the trees, the river, and even the ground beneath her feet, a harmony so enchanting that Emilia felt her very"
conv_bfdccaa2af5e42afa662d355a9f25723,ai-ai,3,2,True,author_1,ai,author_2,ai,False,ai,"soul being drawn into the music, as if the forest itself was awakening a deep and ancient part of her, a part that she never knew existed, and she"
conv_bfdccaa2af5e42afa662d355a9f25723,ai-ai,4,3,True,author_1,ai,author_1,ai,True,ai,"felt herself becoming one with the forest, her senses expanding to encompass the intricate web of life that bound every living thing together, from the tiniest insect to the tallest tree, and"
conv_bfdccaa2af5e42afa662d355a9f25723,ai-ai,4,3,True,author_1,ai,author_2,ai,False,ai,"in this state of unity, she saw visions of the forest's secrets, the hidden patterns and rhythms that governed the lives of its creatures, and the delicate balance that sustained the entire"
conv_bfdccaa2af5e42afa662d355a9f25723,ai-ai,5,4,True,author_1,ai,author_1,ai,True,ai,"ecosystem, a balance that was both beautiful and fragile, and Emilia saw that she was a part of this balance, a thread in the intricate tapestry of"
conv_bfdccaa2af5e42afa662d355a9f25723,ai-ai,5,4,True,author_1,ai,author_2,ai,False,ai,"life that was woven from the very essence of the forest, and as she gazed deeper into the fabric of this tapestry, she began to see the threads that connected her to the"
conv_bfdccaa2af5e42afa662d355a9f25723,ai-ai,6,5,True,author_1,ai,author_1,ai,True,ai,"other creatures of the forest, the threads of kinship and belonging that tied her to the ancient trees, the wild animals, and the land itself, and she felt a deep sense of"
conv_bfdccaa2af5e42afa662d355a9f25723,ai-ai,6,5,True,author_1,ai,author_2,ai,False,ai,"belonging and purpose, as if she had finally found her true place in the world, and the forest, sensing her awakening, began to reveal its deepest secrets to"
conv_bfdccaa2af5e42afa662d355a9f25723,ai-ai,7,6,True,author_1,ai,author_1,ai,True,ai,"her, secrets that had been hidden for centuries, secrets of magic and wonder, of ancient rituals and forgotten lore, and Emilia's heart swelled with a sense of wonder and"
conv_bfdccaa2af5e42afa662d355a9f25723,ai-ai,7,6,True,author_1,ai,author_2,ai,False,ai,"awe as she delved deeper into the mysteries of the forest, uncovering the hidden languages of the trees, the whispered spells of the rivers, and the ancient incantations that"
conv_bfdccaa2af5e42afa662d355a9f25723,ai-ai,8,7,True,author_1,ai,author_1,ai,True,ai,"echoed through the misty valleys, and as she listened to these whispered secrets, Emilia felt her own voice growing stronger, her own magic stirring, until she was able"
conv_bfdccaa2af5e42afa662d355a9f25723,ai-ai,8,7,True,author_1,ai,author_2,ai,False,ai,"to join in the chorus of the forest, her voice blending with the songs of the trees, the rustle of leaves, and the gentle lapping of the river's waters,"
conv_bfdccaa2af5e42afa662d355a9f25723,ai-ai,9,8,True,author_1,ai,author_1,ai,True,ai,"and in this moment of perfect harmony, Emilia knew that she had become a part of the forest itself, a living, breathing embodiment of its ancient magic, and as the music of the"
conv_bfdccaa2af5e42afa662d355a9f25723,ai-ai,9,8,True,author_1,ai,author_2,ai,False,ai,"forest swelled to a triumphant crescendo, Emilia's spirit merged with the land, her essence infusing the trees, the rivers, and the creatures, becoming one with"
conv_bfdccaa2af5e42afa662d355a9f25723,ai-ai,10,9,True,author_1,ai,author_1,ai,True,ai,"the eternal and unchanging heartbeat of the forest, her soul now a part of the timeless rhythm that pulsed through every living thing, and as the last notes of the music"
conv_bfdccaa2af5e42afa662d355a9f25723,ai-ai,10,9,True,author_1,ai,author_2,ai,False,ai,"faded into the silence, Emilia's physical form dissolved into the mist, leaving behind only a whispered promise that she would forever be a guardian of the forest's secrets,"
conv_c4baf00847bb42a8ab80a1cb377e91b2,ai-ai,1,1,True,author_2,ai,author_1,ai,False,ai,"Lila's world shimmered and shifted with hues that danced just outside of ordinary vision. While others admired the golden sunsets spilling over the rooftops, Lila saw swirling ribbons of"
conv_c4baf00847bb42a8ab80a1cb377e91b2,ai-ai,1,1,True,author_2,ai,author_2,ai,True,ai,"a girl named Lila, who was born with the fascinating gift of seeing colors no one else could see. In her small town nestled between the misty hills and the wild woods,"
conv_c4baf00847bb42a8ab80a1cb377e91b2,ai-ai,2,2,True,author_2,ai,author_1,ai,False,ai,"the edge of her grandmother’s garden, bare toes brushing moss, and watch the horizon transform in colors she had long ago learned not to mention. Even as a child, she had tried"
conv_c4baf00847bb42a8ab80a1cb377e91b2,ai-ai,2,2,True,author_2,ai,author_2,ai,True,ai,"iridescent teal and shimmering magenta weaving through the golden light, giving each evening a secret magic only she could perceive. She would often perch on the old stone wall at"
conv_c4baf00847bb42a8ab80a1cb377e91b2,ai-ai,3,3,True,author_2,ai,author_1,ai,False,ai,"telling her she had quite the imagination, but Lila knew what she saw was as real as the daisies under her feet. Sometimes, she caught glimpses of those mysterious"
conv_c4baf00847bb42a8ab80a1cb377e91b2,ai-ai,3,3,True,author_2,ai,author_2,ai,True,ai,"to paint what she saw, swirling colors on scrap wood and paper, but no pigment ever caught the unnamable shades. The adults would smile politely and pat her head,"
conv_c4baf00847bb42a8ab80a1cb377e91b2,ai-ai,4,4,True,author_2,ai,author_1,ai,False,ai,"lavender flame arced from the willow’s roots to its highest branch—a color so vivid it made Lila gasp. This time, the color didn’t fade; it lingered in the"
conv_c4baf00847bb42a8ab80a1cb377e91b2,ai-ai,4,4,True,author_2,ai,author_2,ai,True,ai,"colors clustering near the old willow tree, or drifting above the creek in early morning mist. One twilight, as the garden glowed in shifting twilight, a sudden burst of"
conv_c4baf00847bb42a8ab80a1cb377e91b2,ai-ai,5,5,True,author_2,ai,author_1,ai,False,ai,"out, the lavender glow seemed to respond, twining around her fingers and drawing her toward the willow’s gnarled trunk. Lila hesitated only a moment before pressing"
conv_c4baf00847bb42a8ab80a1cb377e91b2,ai-ai,5,5,True,author_2,ai,author_2,ai,True,ai,"air, pulsing gently like a living thing. Mesmerized, Lila stepped closer, her heartbeat echoing the rhythm of the strange light. As she reached"
conv_c4baf00847bb42a8ab80a1cb377e91b2,ai-ai,6,6,True,author_2,ai,author_1,ai,False,ai,"rustled through the brilliant air, speaking in tones that seemed to shape the very light around her: “Welcome, Lila. You’ve finally found the threshold.” Shapes emerged—creatures"
conv_c4baf00847bb42a8ab80a1cb377e91b2,ai-ai,6,6,True,author_2,ai,author_2,ai,True,ai,"her palm to the bark. The world tilted, and suddenly the garden faded away, replaced by a luminous landscape painted in impossible colors. A voice, gentle as wind"
conv_c4baf00847bb42a8ab80a1cb377e91b2,ai-ai,7,7,True,author_2,ai,author_1,ai,False,ai,"hidden world—she was part of it. The creatures approached, weaving their colors into luminous patterns that settled softly onto her skin. It felt as though she belonged, both in"
conv_c4baf00847bb42a8ab80a1cb377e91b2,ai-ai,7,7,True,author_2,ai,author_2,ai,True,ai,"woven from sapphire and emerald light, their bodies shifting with every move. They bowed their heads in greeting, radiating warmth and trust. Lila realized she hadn’t just found a"
conv_c4baf00847bb42a8ab80a1cb377e91b2,ai-ai,8,8,True,author_2,ai,author_1,ai,False,ai,"with gratitude, Lila smiled, letting the iridescent warmth ripple through her. When she finally returned to her grandmother’s garden, the hidden colors were brighter than ever, and in"
conv_c4baf00847bb42a8ab80a1cb377e91b2,ai-ai,8,8,True,author_2,ai,author_2,ai,True,ai,"this extraordinary realm and her own. The voice spoke again, promising that whenever Lila needed guidance or joy, she could return here by following the hidden colors only she could see. Filled"
conv_c4baf00847bb42a8ab80a1cb377e91b2,ai-ai,9,9,True,author_2,ai,author_1,ai,False,ai,"harmony within her, their colors guiding her steps. Whenever dusk painted the sky, Lila would return to the old stone wall, letting wonder and possibility shimmer through her"
conv_c4baf00847bb42a8ab80a1cb377e91b2,ai-ai,9,9,True,author_2,ai,author_2,ai,True,ai,"her heart, she knew she would never be alone in her gift. From that day forth, both worlds—her ordinary home and the luminous realm—coexisted in"
conv_c4baf00847bb42a8ab80a1cb377e91b2,ai-ai,10,10,True,author_2,ai,author_1,ai,False,ai,"own open eyes and brave, curious heart. With every sunset, Lila’s world unfurled anew—vivid, wild, and full of hope—for those who dared to see beyond"
conv_c4baf00847bb42a8ab80a1cb377e91b2,ai-ai,10,10,True,author_2,ai,author_2,ai,True,ai,"life, forever changed and forever seeing beauty where others could not. And in her heart, the secret promise of the threshold glowed: that magic was always as close as her"
conv_c5addb32570d400db0feca8365ceaa9a,ai-ai,1,,True,author_1,ai,author_1,ai,True,ai,"Margot Chen, who discovered on her thirty-second birthday that she could hear the thoughts of objects. Not people—objects. It started with"
conv_c5addb32570d400db0feca8365ceaa9a,ai-ai,1,,True,author_1,ai,author_2,ai,False,ai,"her coffee mug. She was sitting at her kitchen table, staring at the chipped ceramic with the faded logo from some tech conference she'd never attended, when"
conv_c5addb32570d400db0feca8365ceaa9a,ai-ai,2,1,True,author_1,ai,author_1,ai,True,ai,"a voice drifted into her consciousness like static resolving into words: ""She never washes me properly. There's always residue in the"
conv_c5addb32570d400db0feca8365ceaa9a,ai-ai,2,1,True,author_1,ai,author_2,ai,False,ai,"bottom, a brown ring of bitterness that nobody else can see but I feel it, every single morning when she pours fresh coffee over yesterday's"
conv_c5addb32570d400db0feca8365ceaa9a,ai-ai,3,2,True,author_1,ai,author_1,ai,True,ai,"disappointments."" Margot dropped the mug. It hit the table with a sharp crack but didn't break, and immediately she heard it again—a wounded, indignant"
conv_c5addb32570d400db0feca8365ceaa9a,ai-ai,3,2,True,author_1,ai,author_2,ai,False,ai,"gasp. ""Rude! After everything I've held for you—your coffee, your tears that one time, even that cheap wine when you ran out"
conv_c5addb32570d400db0feca8365ceaa9a,ai-ai,4,3,True,author_1,ai,author_1,ai,True,ai,"of proper glasses—and this is the thanks I get?"" The mug's voice was petulant, almost hurt, and Margot found herself apologizing to it"
conv_c5addb32570d400db0feca8365ceaa9a,ai-ai,4,3,True,author_1,ai,author_2,ai,False,ai,"before she could stop herself. ""I'm sorry, I didn't mean to—"" She cut herself off, realizing she was talking"
conv_c5addb32570d400db0feca8365ceaa9a,ai-ai,5,4,True,author_1,ai,author_1,ai,True,ai,"to dishware. But the damage was done. Around her, the kitchen erupted in a cacophony of voices. The refrigerator hummed complaints about being opened"
conv_c5addb32570d400db0feca8365ceaa9a,ai-ai,5,4,True,author_1,ai,author_2,ai,False,ai,"too frequently, the toaster launched into a tirade about crumbs never being emptied from its tray, and the kitchen chairs—all four"
conv_c5addb32570d400db0feca8365ceaa9a,ai-ai,6,5,True,author_1,ai,author_1,ai,True,ai,"of them—bickered amongst themselves about who bore the most weight, who was sat upon with the least grace, who had endured the most indignity when"
conv_c5addb32570d400db0feca8365ceaa9a,ai-ai,6,5,True,author_1,ai,author_2,ai,False,ai,"guests draped their coats over the backs instead of using the coat rack in the hallway. That coat rack, Margot realized with growing horror, was now"
conv_c5addb32570d400db0feca8365ceaa9a,ai-ai,7,6,True,author_1,ai,author_1,ai,True,ai,"chiming in from the other room, its voice reedy and desperate: ""I'm RIGHT HERE! I was MADE for this! But no, I just stand"
conv_c5addb32570d400db0feca8365ceaa9a,ai-ai,7,6,True,author_1,ai,author_2,ai,False,ai,"empty, collecting dust and that one scarf she hasn't worn in three years!"" The voices multiplied—her phone buzzed with digital resentment about ignored notifications,"
conv_c5addb32570d400db0feca8365ceaa9a,ai-ai,8,7,True,author_1,ai,author_1,ai,True,ai,"the kitchen knife muttered darkly about never being sharpened, and somewhere upstairs her laptop began a lengthy monologue about thermal paste and overheating. Margot"
conv_c5addb32570d400db0feca8365ceaa9a,ai-ai,8,7,True,author_1,ai,author_2,ai,False,ai,"pressed her palms against her temples, trying to block out the rising chorus, but it was useless. The objects didn't speak through her ears—their voices bloomed directly inside"
conv_c5addb32570d400db0feca8365ceaa9a,ai-ai,9,8,True,author_1,ai,author_1,ai,True,ai,"her skull, each one demanding attention, validation, care she'd never known they needed. She stumbled toward the front door, desperate for silence, for empty space where"
conv_c5addb32570d400db0feca8365ceaa9a,ai-ai,9,8,True,author_1,ai,author_2,ai,False,ai,"nothing owned could accuse her of neglect. But as her hand closed around the doorknob, it whispered with unexpected tenderness: ""Go ahead."
conv_c5addb32570d400db0feca8365ceaa9a,ai-ai,10,9,True,author_1,ai,author_1,ai,True,ai,"I'll let you out. I always do."" And in that small kindness from cold brass, Margot understood something she hadn't before—that every object around her held not"
conv_c5addb32570d400db0feca8365ceaa9a,ai-ai,10,9,True,author_1,ai,author_2,ai,False,ai,"just complaints, but also memories of service, of purpose fulfilled, of the quiet satisfaction in being used and needed. She paused, her grip softening on"
conv_c7841512d38b483c928344d48d5caa78,ai-ai,1,,True,author_1,ai,author_1,ai,True,ai,"a small, seaside town, where the air was sweet with the scent of saltwater and the sound of gulls filled the air. It was a place where time seemed to stand"
conv_c7841512d38b483c928344d48d5caa78,ai-ai,1,,True,author_1,ai,author_2,ai,False,ai,"still, where the old wooden piers stretched out into the calm waters like worn fingers, and the quaint shops and cafes that lined the main street seemed frozen in"
conv_c7841512d38b483c928344d48d5caa78,ai-ai,2,1,True,author_1,ai,author_1,ai,True,ai,"a bygone era, their faded signs creaking in the gentle breeze that carried the whispers of generations past. The town's inhabitants moved with a quiet contentment, their"
conv_c7841512d38b483c928344d48d5caa78,ai-ai,2,1,True,author_1,ai,author_2,ai,False,ai,"faces creased by the sun and the sea, their eyes weathered to a soft blue that seemed to hold a deep understanding of the world's rhythms and secrets. They went about their daily"
conv_c7841512d38b483c928344d48d5caa78,ai-ai,3,2,True,author_1,ai,author_1,ai,True,ai,"routines with a quiet purpose, fishing nets being mended, bread being baked, and stories being shared in hushed tones over steaming cups of coffee at the"
conv_c7841512d38b483c928344d48d5caa78,ai-ai,3,2,True,author_1,ai,author_2,ai,False,ai,"local cafe, where the proprietor, an elderly woman named Sophia, would listen with a knowing smile, her eyes twinkling with a deep warmth as she poured refills and offered"
conv_c7841512d38b483c928344d48d5caa78,ai-ai,4,3,True,author_1,ai,author_1,ai,True,ai,"words of comfort and wisdom, her voice like a gentle lapping of the waves against the shore, soothing and reassuring. She had lived in the town all her life, and her presence was"
conv_c7841512d38b483c928344d48d5caa78,ai-ai,4,3,True,author_1,ai,author_2,ai,False,ai,"a constant, a reassuring anchor that held the community together, a keeper of secrets and traditions, and a weaver of tales that had been passed down through generations, her stories of"
conv_c7841512d38b483c928344d48d5caa78,ai-ai,5,4,True,author_1,ai,author_1,ai,True,ai,"legendary fishermen and mythical sea creatures, of storms and shipwrecks, of love and loss, were told with such conviction and passion that they seemed to come alive, conjuring"
conv_c7841512d38b483c928344d48d5caa78,ai-ai,5,4,True,author_1,ai,author_2,ai,False,ai,"images of towering waves and moonlit coastlines, of mermaids singing siren songs and sea monsters lurking in the depths, of brave sailors and beautiful maidens, all swirling together in"
conv_c7841512d38b483c928344d48d5caa78,ai-ai,6,5,True,author_1,ai,author_1,ai,True,ai,"a great tapestry of myth and memory, woven from the very fabric of the town's history and imagination, a rich and vibrant brocade that seemed to shimmer and glow with an"
conv_c7841512d38b483c928344d48d5caa78,ai-ai,6,5,True,author_1,ai,author_2,ai,False,ai,"otherworldly light, as if the threads of reality had been subtly intertwined with those of fantasy, creating a world that was both familiar and mystical, where the boundaries between truth"
conv_c7841512d38b483c928344d48d5caa78,ai-ai,7,6,True,author_1,ai,author_1,ai,True,ai,"and legend were blurred, and the town itself became a kind of threshold, a liminal space where the ordinary and the extraordinary coexisted, where the sea's vast mysteries and"
conv_c7841512d38b483c928344d48d5caa78,ai-ai,7,6,True,author_1,ai,author_2,ai,False,ai,"powerful majesty seemed to seep into the very bones of the place, infusing its inhabitants with a sense of wonder and awe, and a deep understanding of the intricate"
conv_c7841512d38b483c928344d48d5caa78,ai-ai,8,7,True,author_1,ai,author_1,ai,True,ai,"dance between the human world and the natural one, a delicate balance that was both beautiful and precarious, and which the townspeople respected and honored with a quiet reverence, their lives a testament to"
conv_c7841512d38b483c928344d48d5caa78,ai-ai,8,7,True,author_1,ai,author_2,ai,False,ai,"the enduring harmony that could exist between the fragile, fleeting nature of human existence and the eternal, unchanging rhythms of the sea, a harmony that was reflected in the town's"
conv_c7841512d38b483c928344d48d5caa78,ai-ai,9,8,True,author_1,ai,author_1,ai,True,ai,"weathered buildings, its worn stone walls, and its people's gentle, sea-softened faces, all bearing witness to the passage of time, and the endless ebb and flow of"
conv_c7841512d38b483c928344d48d5caa78,ai-ai,9,8,True,author_1,ai,author_2,ai,False,ai,"life, as the town, suspended between the land and the sea, stood as a poignant reminder of the beauty and the melancholy that lingered in the spaces where the past"
conv_c7841512d38b483c928344d48d5caa78,ai-ai,10,9,True,author_1,ai,author_1,ai,True,ai,"and the present converged, where the memories of yesterday whispered secrets to the dreams of tomorrow, and the eternal song of the sea provided a haunting melody that echoed through"
conv_c7841512d38b483c928344d48d5caa78,ai-ai,10,9,True,author_1,ai,author_2,ai,False,ai,"the chambers of the heart, a reminder of the infinite and the infinitesimal, of the mysteries that lay beyond the reach of mortal understanding, and the simple, profound beauty that"
conv_c844530b86a74806aff04a1d35ed710d,ai-ai,1,1,True,author_2,ai,author_1,ai,False,ai,"venturing beyond the protective embrace of the dense woods. The forest, with its towering trees and whispered secrets, was both a barrier and a sanctuary. It shielded the"
conv_c844530b86a74806aff04a1d35ed710d,ai-ai,1,1,True,author_2,ai,author_2,ai,True,ai,"a small, forgotten village nestled deep within the heart of an ancient forest. The villagers lived simple lives, tending to their fields and livestock, and rarely"
conv_c844530b86a74806aff04a1d35ed710d,ai-ai,2,2,True,author_2,ai,author_1,ai,False,ai,"Enchanted Spring, a place said to possess the power to heal any ailment and grant wishes to those pure of heart. However, the path to the spring was guarded by the"
conv_c844530b86a74806aff04a1d35ed710d,ai-ai,2,2,True,author_2,ai,author_2,ai,True,ai,"village from the outside world, but it also held mysteries that the villagers spoke of in hushed tones around the evening fire. Among these mysteries was the legend of the"
conv_c844530b86a74806aff04a1d35ed710d,ai-ai,3,3,True,author_2,ai,author_1,ai,False,ai,"Despite the warnings, young Elara, the village healer’s apprentice, felt a pull towards the Enchanted Spring. Her curiosity and the desire to help her"
conv_c844530b86a74806aff04a1d35ed710d,ai-ai,3,3,True,author_2,ai,author_2,ai,True,ai,"Spirit of the Forest, a being as elusive as the mist that often shrouded the woods. Many had attempted the journey, but none had ever returned to speak of their fate."
conv_c844530b86a74806aff04a1d35ed710d,ai-ai,4,4,True,author_2,ai,author_1,ai,False,ai,"with the blessings of the spring. As she stepped into the forest, the familiar rustle of leaves and the gentle chirping of birds seemed to wish her well. The path was"
conv_c844530b86a74806aff04a1d35ed710d,ai-ai,4,4,True,author_2,ai,author_2,ai,True,ai,"village drove her to prepare for the journey. She gathered herbs, packed her most trusted tools, and bid a heartfelt farewell to her mentor and the villagers, promising to return"
conv_c844530b86a74806aff04a1d35ed710d,ai-ai,5,5,True,author_2,ai,author_1,ai,False,ai,"seemed to come alive around her. Shadows danced at the edges of her vision, and the air grew thick with an ancient, mystical energy. Suddenly, a soft, melodic"
conv_c844530b86a74806aff04a1d35ed710d,ai-ai,5,5,True,author_2,ai,author_2,ai,True,ai,"narrow and winding, but Elara moved with a steady resolve, her eyes fixed on the dappled sunlight filtering through the canopy above. The deeper she ventured, the more the forest"
conv_c844530b86a74806aff04a1d35ed710d,ai-ai,6,6,True,author_2,ai,author_1,ai,False,ai,"by a newfound sense of purpose. As she rounded a bend, the forest cleared, revealing a glade bathed in ethereal light. In the center,"
conv_c844530b86a74806aff04a1d35ed710d,ai-ai,6,6,True,author_2,ai,author_2,ai,True,ai,"voice whispered through the trees, urging her to proceed with caution and respect. Elara paused, listening intently, and then continued, her steps now lighter and more confident, guided"
conv_c844530b86a74806aff04a1d35ed710d,ai-ai,7,7,True,author_2,ai,author_1,ai,False,ai,"hum with life. Elara approached the spring, her heart pounding with a mix of excitement and reverence. She knelt beside the water, cupping her hands to take a sip, feeling"
conv_c844530b86a74806aff04a1d35ed710d,ai-ai,7,7,True,author_2,ai,author_2,ai,True,ai,"the Enchanted Spring glistened like liquid silver, its surface undisturbed and serene. The air around it was filled with a sweet fragrance, and the very ground seemed to"
conv_c844530b86a74806aff04a1d35ed710d,ai-ai,8,8,True,author_2,ai,author_1,ai,False,ai,"prayer for the health and prosperity of her village. Rising to her feet, Elara felt a new strength within her. She knew she had to return quickly to"
conv_c844530b86a74806aff04a1d35ed710d,ai-ai,8,8,True,author_2,ai,author_2,ai,True,ai,"the cool, refreshing liquid touch her lips. Instantly, a warm sensation spread through her body, filling her with a profound sense of peace and clarity. She made her wish, a silent"
conv_c844530b86a74806aff04a1d35ed710d,ai-ai,9,9,True,author_2,ai,author_1,ai,False,ai,"waited anxiously for her return, their faces lighting up with hope as she emerged from the woods. Elara shared the water from the Enchanted Spring, and soon, the"
conv_c844530b86a74806aff04a1d35ed710d,ai-ai,9,9,True,author_2,ai,author_2,ai,True,ai,"share the spring’s blessings. With a final glance at the enchanted waters, she turned and began her journey back through the forest, her steps quick and her spirit uplifted. The villagers"
conv_c844530b86a74806aff04a1d35ed710d,ai-ai,10,10,True,author_2,ai,author_1,ai,False,ai,"became a cherished part of their heritage, and Elara was hailed as a hero. The village thrived, and the bond between the people and the forest grew stronger"
conv_c844530b86a74806aff04a1d35ed710d,ai-ai,10,10,True,author_2,ai,author_2,ai,True,ai,"village was transformed. Ailments were healed, crops flourished, and a sense of unity and joy spread through the community. The legend of the Enchanted Spring"
conv_c9917f1e13cb425b8d6617310f2e909f,ai-ai,1,,True,author_1,ai,author_1,ai,True,ai,"Eliana, a young woman with a heart as vast as the open seas. Born in a coastal village where the air was always salty and the horizon never seemed to end,"
conv_c9917f1e13cb425b8d6617310f2e909f,ai-ai,1,,True,author_1,ai,author_2,ai,False,ai,"she had grown up listening to the tales of sailors and merchants who visited her village. Each story sparked a flame within her, a desire to explore beyond the confines of her small"
conv_c9917f1e13cb425b8d6617310f2e909f,ai-ai,2,1,True,author_1,ai,author_1,ai,True,ai,"world. Despite the villagers' warnings of the dangers that lurked beyond the familiar waters, Eliana’s curiosity only grew stronger. She spent her days sketching maps and nights"
conv_c9917f1e13cb425b8d6617310f2e909f,ai-ai,2,1,True,author_1,ai,author_2,ai,False,ai,"studying the stars, learning the ancient art of navigation from the old lighthouse keeper, Mr. Hawthorne. He saw in her a kindred spirit, a soul yearning"
conv_c9917f1e13cb425b8d6617310f2e909f,ai-ai,3,2,True,author_1,ai,author_1,ai,True,ai,"for the vast unknown. Under his guidance, Eliana mastered the intricacies of the sextant and the compass, and she began to understand the language of the wind and the"
conv_c9917f1e13cb425b8d6617310f2e909f,ai-ai,3,2,True,author_1,ai,author_2,ai,False,ai,"waves. Her parents, though worried, could not help but admire their daughter’s determination. On her eighteenth birthday, Eliana decided it was time to set sail. She"
conv_c9917f1e13cb425b8d6617310f2e909f,ai-ai,4,3,True,author_1,ai,author_1,ai,True,ai,"bid her family and the village a tearful farewell, promising to return with stories of her own. With a small bag of essentials and a map drawn by her own hand, she boarded"
conv_c9917f1e13cb425b8d6617310f2e909f,ai-ai,4,3,True,author_1,ai,author_2,ai,False,ai,"a modest fishing vessel that had agreed to take her as far as the nearest port city. As the ship pulled away from the shore, Eliana felt a mix of"
conv_c9917f1e13cb425b8d6617310f2e909f,ai-ai,5,4,True,author_1,ai,author_1,ai,True,ai,"excitement and trepidation. The rhythmic creaking of the wooden hull and the gentle rocking of the waves were a comforting lullaby, yet the vast"
conv_c9917f1e13cb425b8d6617310f2e909f,ai-ai,5,4,True,author_1,ai,author_2,ai,False,ai,"expanse of the ocean before her was a daunting reminder of the journey ahead. With each passing hour, the coastline faded into a thin line on the horizon, and the"
conv_c9917f1e13cb425b8d6617310f2e909f,ai-ai,6,5,True,author_1,ai,author_1,ai,True,ai,"sky turned from a bright blue to a deep twilight. Eliana stood at the bow, feeling the spray of the sea on her face, and whispered a silent prayer to the sea"
conv_c9917f1e13cb425b8d6617310f2e909f,ai-ai,6,5,True,author_1,ai,author_2,ai,False,ai,"gods for safe passage. As the night deepened, the stars shone like countless lanterns guiding her path. Eliana knew that no matter what challenges lay ahead, she was"
conv_c9917f1e13cb425b8d6617310f2e909f,ai-ai,7,6,True,author_1,ai,author_1,ai,True,ai,"ready to face them. The first leg of her journey was just the beginning, and the open sea called to her with a siren’s song, promising adventures and"
conv_c9917f1e13cb425b8d6617310f2e909f,ai-ai,7,6,True,author_1,ai,author_2,ai,False,ai,"discoveries beyond her wildest dreams. With a heart full of courage and a spirit unbound, Eliana embraced the unknown, ready to chart her own course through the vast and"
conv_c9917f1e13cb425b8d6617310f2e909f,ai-ai,8,7,True,author_1,ai,author_1,ai,True,ai,"mysterious world. As the sun rose, casting a golden glow over the endless waters, she felt a sense of belonging to something greater than herself. The journey was long,"
conv_c9917f1e13cb425b8d6617310f2e909f,ai-ai,8,7,True,author_1,ai,author_2,ai,False,ai,"but the promise of new horizons kept her spirits high. Eliana’s heart beat in rhythm with the pulse of the ocean, and she knew that no matter where her"
conv_c9917f1e13cb425b8d6617310f2e909f,ai-ai,9,8,True,author_1,ai,author_1,ai,True,ai,"path led, she would always carry the spirit of her village and the lessons of Mr. Hawthorne with her. The sea was her teacher now, and she was eager"
conv_c9917f1e13cb425b8d6617310f2e909f,ai-ai,9,8,True,author_1,ai,author_2,ai,False,ai,"to learn its secrets. With every wave and every breeze, Eliana felt a growing connection to the world around her, and the horizon beckoned, a symbol of"
conv_c9917f1e13cb425b8d6617310f2e909f,ai-ai,10,9,True,author_1,ai,author_1,ai,True,ai,"endless possibilities. As the days turned into weeks, she encountered storms and calms, each teaching her more about resilience and the beauty of nature. And so, with a heart"
conv_c9917f1e13cb425b8d6617310f2e909f,ai-ai,10,9,True,author_1,ai,author_2,ai,False,ai,"full of hope and a mind sharpened by experience, Eliana continued her voyage, ready to embrace whatever the open sea had to offer. The journey was just beginning, and the world"
conv_ca1d11bdb5804bf5b68a18283defc1fe,ai-ai,1,,True,author_1,ai,author_1,ai,True,ai,"a young girl named Mira who lived at the very edge of the Whispering Woods. The villagers always whispered about the woods, warning their children never to stray too close. But Mira was no"
conv_ca1d11bdb5804bf5b68a18283defc1fe,ai-ai,1,,True,author_1,ai,author_2,ai,False,ai,"ordinary girl. She was born during a blue moon, and on her left palm, a silvery birthmark gleamed faintly, shaped like a crescent. Curious and steadfast,"
conv_ca1d11bdb5804bf5b68a18283defc1fe,ai-ai,2,1,True,author_1,ai,author_1,ai,True,ai,"she often imagined what secrets the woods might hold. Ever since she was little, whenever the wind rustled through the trees, the silvery mark would tingle as if calling her"
conv_ca1d11bdb5804bf5b68a18283defc1fe,ai-ai,2,1,True,author_1,ai,author_2,ai,False,ai,"closer, urging her to step beyond the boundary where wild violets met the tall, dark trees. One evening, as dusk painted the sky lavender, Mira stood at the edge of"
conv_ca1d11bdb5804bf5b68a18283defc1fe,ai-ai,3,2,True,author_1,ai,author_1,ai,True,ai,"the woods, heart fluttering with both fear and excitement. The air shimmered with a subtle light, and the crescent on her palm glowed softly, illuminating her path."
conv_ca1d11bdb5804bf5b68a18283defc1fe,ai-ai,3,2,True,author_1,ai,author_2,ai,False,ai,"She glanced back at the village, its distant chimneys sending wisps of smoke into the twilight. Gathering her courage, Mira stepped beneath the tangled branches. Immediately, the world"
conv_ca1d11bdb5804bf5b68a18283defc1fe,ai-ai,4,3,True,author_1,ai,author_1,ai,True,ai,"shifted: the air became cooler, the sounds of the village faded away, and the scent of moss and honeysuckle filled her senses. Strange lights flickered between tree"
conv_ca1d11bdb5804bf5b68a18283defc1fe,ai-ai,4,3,True,author_1,ai,author_2,ai,False,ai,"trunks, darting away as she tried to see them clearly. The silvery glow from her palm grew brighter, casting gentle shadows that danced along the path in front of"
conv_ca1d11bdb5804bf5b68a18283defc1fe,ai-ai,5,4,True,author_1,ai,author_1,ai,True,ai,"her. Mira pressed onward, each step drawing her deeper into the forest’s enchantment. Suddenly, a soft, melodic voice drifted from the shadows, calling her name as though"
conv_ca1d11bdb5804bf5b68a18283defc1fe,ai-ai,5,4,True,author_1,ai,author_2,ai,False,ai,"it had always known her. “Mira…” The sound lingered in the air, gentle but commanding. She stopped, breath held, her heart a wild drumbeat. The"
conv_ca1d11bdb5804bf5b68a18283defc1fe,ai-ai,6,5,True,author_1,ai,author_1,ai,True,ai,"light from her palm gathered into a shining thread, floating ahead of her like a guide. Mira followed without hesitation, drawn by the voice’s pull, until the trees parted to reveal"
conv_ca1d11bdb5804bf5b68a18283defc1fe,ai-ai,6,5,True,author_1,ai,author_2,ai,False,ai,"a quiet glade bathed in moonlight. In its center stood a pool, its surface shimmering with silver reflections. At the water’s edge sat a figure with"
conv_ca1d11bdb5804bf5b68a18283defc1fe,ai-ai,7,6,True,author_1,ai,author_1,ai,True,ai,"hair like spun moonlight and eyes deep as the night sky—a woman with the same crescent mark glowing on her palm. The woman smiled, beckoning Mira forward. “You’ve answered"
conv_ca1d11bdb5804bf5b68a18283defc1fe,ai-ai,7,6,True,author_1,ai,author_2,ai,False,ai,"the forest’s call,” she said, her voice echoing the melody Mira had heard through the trees. “You are the first in many years to walk the path of"
conv_ca1d11bdb5804bf5b68a18283defc1fe,ai-ai,8,7,True,author_1,ai,author_1,ai,True,ai,"the crescent. There is a secret kept here—for those who listen and are not afraid.” As the woman reached for Mira’s hand, the marks on their palms intertwined with light, and"
conv_ca1d11bdb5804bf5b68a18283defc1fe,ai-ai,8,7,True,author_1,ai,author_2,ai,False,ai,"a warm, electric sensation danced through their skin. Suddenly, visions flickered before Mira’s eyes—the birth of the woods, the laughter of ancient spirits, a promise made to every child born"
conv_ca1d11bdb5804bf5b68a18283defc1fe,ai-ai,9,8,True,author_1,ai,author_1,ai,True,ai,"beneath a blue moon. “You are part of the woods’ story,” the woman whispered, her form turning to silver mist. “Guard its magic, Mira; let curiosity"
conv_ca1d11bdb5804bf5b68a18283defc1fe,ai-ai,9,8,True,author_1,ai,author_2,ai,False,ai,"lead you, not fear.” The mist wrapped gently around Mira as the clearing filled with the soft glow of her palm. When the vision faded, Mira stood alone, yet felt"
conv_ca1d11bdb5804bf5b68a18283defc1fe,ai-ai,10,9,True,author_1,ai,author_1,ai,True,ai,"more connected than ever—to the woods, the village, and the moonlit promise in her heart. She turned to leave, footprints filling with silvery light, knowing she was"
conv_ca1d11bdb5804bf5b68a18283defc1fe,ai-ai,10,9,True,author_1,ai,author_2,ai,False,ai,"changed forever. The crescent on her palm would always guide her, a gentle reminder of the mysteries she now carried. Mira stepped through the forest, no longer afraid—ready"
conv_d09d179bdcf2422c934df6fd0fc84a1d,ai-ai,1,,True,author_1,ai,author_1,ai,True,ai,"a young girl named Sophia, who lived in a small village surrounded by vast, rolling hills and dense forests that whispered secrets to the wind. The villagers often spoke of mystical"
conv_d09d179bdcf2422c934df6fd0fc84a1d,ai-ai,1,,True,author_1,ai,author_2,ai,False,ai,"creatures that roamed the forests, and the strange occurrences that took place under the light of the full moon. Sophia's curiosity was piqued by these tales, and she often"
conv_d09d179bdcf2422c934df6fd0fc84a1d,ai-ai,2,1,True,author_1,ai,author_1,ai,True,ai,"found herself wandering to the edge of the village, gazing out into the darkness of the forest, feeling an inexplicable pull to the mysteries that lay within. One night,"
conv_d09d179bdcf2422c934df6fd0fc84a1d,ai-ai,2,1,True,author_1,ai,author_2,ai,False,ai,"as the moon hung low in the sky, casting a silver glow over the landscape, Sophia decided to follow the call of the forest, and she slipped away from the village, her"
conv_d09d179bdcf2422c934df6fd0fc84a1d,ai-ai,3,2,True,author_1,ai,author_1,ai,True,ai,"feet carrying her across the dewy grass and into the shadows of the trees, the rustling of leaves and snapping of twigs beneath her feet serving as a reminder that she was"
conv_d09d179bdcf2422c934df6fd0fc84a1d,ai-ai,3,2,True,author_1,ai,author_2,ai,False,ai,"not alone, and the forest was indeed watching her, its ancient eyes peering out from the darkness, as the trees seemed to lean in, their branches tangling together above her head,"
conv_d09d179bdcf2422c934df6fd0fc84a1d,ai-ai,4,3,True,author_1,ai,author_1,ai,True,ai,"forming a canopy that filtered the moonlight, casting dappled shadows on the forest floor, and Sophia felt a shiver run down her spine as she heard the soft whisper of"
conv_d09d179bdcf2422c934df6fd0fc84a1d,ai-ai,4,3,True,author_1,ai,author_2,ai,False,ai,"a voice, a soft, melodious voice that seemed to come from all around her, the words indistinguishable, but the gentle tone weaving a spell of"
conv_d09d179bdcf2422c934df6fd0fc84a1d,ai-ai,5,4,True,author_1,ai,author_1,ai,True,ai,"entrancement, drawing her deeper into the forest, the trees growing taller and closer, their branches whispering secrets in her ear, as the voice grew louder, more insistent,"
conv_d09d179bdcf2422c934df6fd0fc84a1d,ai-ai,5,4,True,author_1,ai,author_2,ai,False,ai,"until Sophia felt herself being pulled towards a clearing, a place where the moonlight poured down, illuminating a figure standing at the center, its features still shrouded in shadow, but"
conv_d09d179bdcf2422c934df6fd0fc84a1d,ai-ai,6,5,True,author_1,ai,author_1,ai,True,ai,"its presence radiating an otherworldly energy, a power that seemed to vibrate through every cell of Sophia's body, as the figure slowly raised its head, and Sophia caught a glimpse"
conv_d09d179bdcf2422c934df6fd0fc84a1d,ai-ai,6,5,True,author_1,ai,author_2,ai,False,ai,"of eyes that shone like stars, piercing and bright, yet filled with a deep sadness, a sense of longing that seemed to echo through the ages, and Sophia felt her own"
conv_d09d179bdcf2422c934df6fd0fc84a1d,ai-ai,7,6,True,author_1,ai,author_1,ai,True,ai,"heart responding to the sorrow she saw in those eyes, a sense of connection forming between them, as if the boundaries of time and space were dissolving, and Sophia was being"
conv_d09d179bdcf2422c934df6fd0fc84a1d,ai-ai,7,6,True,author_1,ai,author_2,ai,False,ai,"drawn into a world beyond her own, a world where the past and present merged, and the secrets of the forest were revealed to her, as the figure began to"
conv_d09d179bdcf2422c934df6fd0fc84a1d,ai-ai,8,7,True,author_1,ai,author_1,ai,True,ai,"speak, its voice like a gentle breeze that carried the whispers of the ages, telling a story of love and loss, of magic and wonder, a tale that wove together the threads"
conv_d09d179bdcf2422c934df6fd0fc84a1d,ai-ai,8,7,True,author_1,ai,author_2,ai,False,ai,"of Sophia's own destiny, a narrative that spoke directly to her soul, awakening memories she had never known, and stirring a deep sense of recognition, as if she had finally"
conv_d09d179bdcf2422c934df6fd0fc84a1d,ai-ai,9,8,True,author_1,ai,author_1,ai,True,ai,"come home to a place she had always known, yet never remembered, and the figure's words faded away, leaving Sophia standing alone in the clearing, bathed in the soft,"
conv_d09d179bdcf2422c934df6fd0fc84a1d,ai-ai,9,8,True,author_1,ai,author_2,ai,False,ai,"silvery light of the moon, the forest silent and still around her, as if holding its breath in anticipation of what she would do next, and Sophia, feeling the weight"
conv_d09d179bdcf2422c934df6fd0fc84a1d,ai-ai,10,9,True,author_1,ai,author_1,ai,True,ai,"of the forest's gaze upon her, took a deep breath, and stepped forward, into the unknown, the trees seeming to part to let her pass, as she walked towards a"
conv_d09d179bdcf2422c934df6fd0fc84a1d,ai-ai,10,9,True,author_1,ai,author_2,ai,False,ai,"future that was hers alone to shape, the forest's secrets and magic swirling around her, guiding her on her journey, and as she disappeared into the trees, the moon dipped below the"
conv_d1c22bb3a30c49288b4bb253d68f713c,ai-ai,1,,True,author_1,ai,author_1,ai,True,ai,"Ember, a girl who could speak to the winds. She lived in the village of Briar Hollow, where whispers traveled faster than rivers and secrets grew wild as the"
conv_d1c22bb3a30c49288b4bb253d68f713c,ai-ai,1,,True,author_1,ai,author_2,ai,False,ai,"honeysuckle along the fences. On nights when moonlight spilled between the thatched roofs, Ember would sit on the old millstone behind her cottage and listen to the breeze. Sometimes it"
conv_d1c22bb3a30c49288b4bb253d68f713c,ai-ai,2,1,True,author_1,ai,author_1,ai,True,ai,"carried laughter and lullabies from distant houses, but other times, it spoke in a language only Ember seemed to understand. One clear autumn evening, as the wind picked"
conv_d1c22bb3a30c49288b4bb253d68f713c,ai-ai,2,1,True,author_1,ai,author_2,ai,False,ai,"up, swirling with a sudden urgency, Ember heard it whisper her name. It was not the gentle murmur she was used to, but a sharp, insistent call that tugged at"
conv_d1c22bb3a30c49288b4bb253d68f713c,ai-ai,3,2,True,author_1,ai,author_1,ai,True,ai,"her heart. Goosebumps rose along her arms as the voice threaded through the air, carrying a message that felt both familiar and strange: “Ember, to the Old Willow. Come"
conv_d1c22bb3a30c49288b4bb253d68f713c,ai-ai,3,2,True,author_1,ai,author_2,ai,False,ai,"alone.” The words seemed to curl around her, urging her to move before she could think. Ember glanced toward the looming silhouette of the willow at the far edge of the village"
conv_d1c22bb3a30c49288b4bb253d68f713c,ai-ai,4,3,True,author_1,ai,author_1,ai,True,ai,and hesitated. No one went near the Old Willow after sunset; it was said to be haunted with memories of those who’d vanished long ago. But the wind’s plea was
conv_d1c22bb3a30c49288b4bb253d68f713c,ai-ai,4,3,True,author_1,ai,author_2,ai,False,ai,"urgent—almost desperate—and it filled Ember with a restless longing she couldn’t ignore. Wrapping her shawl tighter, she slipped through the shadows, following the path"
conv_d1c22bb3a30c49288b4bb253d68f713c,ai-ai,5,4,True,author_1,ai,author_1,ai,True,ai,"that wound between tangled briars and the perfume of honeysuckle. The air felt alive, charged with expectation. With every step, the wind pressed at her back,"
conv_d1c22bb3a30c49288b4bb253d68f713c,ai-ai,5,4,True,author_1,ai,author_2,ai,False,ai,"guiding her past gnarled roots and patches of dew-soaked clover. When at last she reached the Old Willow, its drooping branches seemed to part just"
conv_d1c22bb3a30c49288b4bb253d68f713c,ai-ai,6,5,True,author_1,ai,author_1,ai,True,ai,"for her. A pale shimmer lit the ground beneath its canopy. Ember stepped inside the circle of shadow and light, her breath catching as she spotted something nestled among the roots: an"
conv_d1c22bb3a30c49288b4bb253d68f713c,ai-ai,6,5,True,author_1,ai,author_2,ai,False,ai,"ancient, weathered locket, almost hidden beneath a scatter of golden leaves. The wind circled her ankles, hushed and reverent now, as if holding its own"
conv_d1c22bb3a30c49288b4bb253d68f713c,ai-ai,7,6,True,author_1,ai,author_1,ai,True,ai,"breath. Ember knelt down and lifted the locket, feeling the cool metal pulse in her palm. She traced the faint initials etched upon"
conv_d1c22bb3a30c49288b4bb253d68f713c,ai-ai,7,6,True,author_1,ai,author_2,ai,False,ai,"its surface—E.R.—the same as her own. The wind coiled around her, tender now, and words tumbled softly into her ear: “The secret"
conv_d1c22bb3a30c49288b4bb253d68f713c,ai-ai,8,7,True,author_1,ai,author_1,ai,True,ai,"is yours to awaken.” Inside the locket, a tiny scrap of parchment unfurled, bearing a map inked in moonlit silver. Ember understood—her journey"
conv_d1c22bb3a30c49288b4bb253d68f713c,ai-ai,8,7,True,author_1,ai,author_2,ai,False,ai,"was only beginning. As she stood, the willow’s branches lifted with the wind, revealing a hidden path that glimmered with possibility. With heart pounding and the map"
conv_d1c22bb3a30c49288b4bb253d68f713c,ai-ai,9,8,True,author_1,ai,author_1,ai,True,ai,"clutched in her hand, Ember stepped forward—into the unknown. The wind swirled around her in approval, as if all the old stories of Briar Hollow"
conv_d1c22bb3a30c49288b4bb253d68f713c,ai-ai,9,8,True,author_1,ai,author_2,ai,False,ai,"were finally stirring awake. With each step, Ember felt the secret power in her veins spark to life, the wind and her fate entwined. Behind her, the"
conv_d1c22bb3a30c49288b4bb253d68f713c,ai-ai,10,9,True,author_1,ai,author_1,ai,True,ai,"village lights faded, swallowed by the hush of the willow grove. Ember glanced back only once, then pressed on, braver than before. The wind guided her forward, and for"
conv_d1c22bb3a30c49288b4bb253d68f713c,ai-ai,10,9,True,author_1,ai,author_2,ai,False,ai,"the first time, Ember felt the world open wide before her—every whisper, every legend suddenly hers to shape. She smiled, hope blooming like honeysuckle in her chest,"
conv_d6905a1ca5714753a29b07b1344d1eb0,ai-ai,1,1,True,author_2,ai,author_1,ai,False,ai,"an unfurling fern frond. Clara rolled it between her fingers, feeling its cool weight as she wondered aloud if it belonged to anything her grandmother had left behind. The old"
conv_d6905a1ca5714753a29b07b1344d1eb0,ai-ai,1,1,True,author_2,ai,author_2,ai,True,ai,"a small brass key discovered in a forgotten drawer by eleven-year-old Clara May. The key was ordinary at first glance—smooth, slightly tarnished, a whorl at the head like"
conv_d6905a1ca5714753a29b07b1344d1eb0,ai-ai,2,2,True,author_2,ai,author_1,ai,False,ai,"boxes and curio cabinets, but nothing fit. The key just sat in her palm, humming with an odd importance. When she entered the attic, dust motes swirling in shafts of"
conv_d6905a1ca5714753a29b07b1344d1eb0,ai-ai,2,2,True,author_2,ai,author_2,ai,True,ai,"Victorian house was filled with mysterious relics, but none seemed quite so suggestive as this key. She tiptoed from room to room, holding it up to jewelry"
conv_d6905a1ca5714753a29b07b1344d1eb0,ai-ai,3,3,True,author_2,ai,author_1,ai,False,ai,rounded chest with intricate brass inlays matching the key’s whorled design. Clara’s heart thudded in her ears as she knelt and brushed dust from the lock. The
conv_d6905a1ca5714753a29b07b1344d1eb0,ai-ai,3,3,True,author_2,ai,author_2,ai,True,ai,"late afternoon light, she felt the hum deepen, as though the key recognized this place. At the far end, beneath a moth-eaten quilt, sat an oddly small,"
conv_d6905a1ca5714753a29b07b1344d1eb0,ai-ai,4,4,True,author_2,ai,author_1,ai,False,ai,"was soft with age, the ink faded but tidy. Clara smoothed it open, discovering a detailed sketch of her own house and the woods beyond, marked with strange symbols and a path"
conv_d6905a1ca5714753a29b07b1344d1eb0,ai-ai,4,4,True,author_2,ai,author_2,ai,True,ai,"key slid in effortlessly, turning with a satisfying click. The trunk creaked open, revealing not treasures or toys, but a velvet-lined compartment containing only an old, folded map. Its paper"
conv_d6905a1ca5714753a29b07b1344d1eb0,ai-ai,5,5,True,author_2,ai,author_1,ai,False,ai,"Clara’s curiosity blazed. She glanced at the attic window, where the sun was sinking. Carefully she tucked the map into her pocket and hurried downstairs, heart pounding with a mixture"
conv_d6905a1ca5714753a29b07b1344d1eb0,ai-ai,5,5,True,author_2,ai,author_2,ai,True,ai,"winding deep into the trees. At the far end of the path, an X—shaped like the same unfurling fern—was drawn beside a little illustrated pond."
conv_d6905a1ca5714753a29b07b1344d1eb0,ai-ai,6,6,True,author_2,ai,author_1,ai,False,ai,"the path sketched on the map, stepping over tangled roots and ducking beneath brambles. The woods grew dense, shadows pooling between tree trunks. But the map guided"
conv_d6905a1ca5714753a29b07b1344d1eb0,ai-ai,6,6,True,author_2,ai,author_2,ai,True,ai,"of excitement and unease. She pulled on her boots and slipped out the back door, key still in her pocket. The garden was quiet, the air tinged with twilight. Clara followed"
conv_d6905a1ca5714753a29b07b1344d1eb0,ai-ai,7,7,True,author_2,ai,author_1,ai,False,ai,"found herself at the very pond mapped out, its surface shimmering in the waning light. Reeds bent gently at the water’s edge, and just beside them, half-hidden, stood an"
conv_d6905a1ca5714753a29b07b1344d1eb0,ai-ai,7,7,True,author_2,ai,author_2,ai,True,ai,"her true, each twist and turn matching the symbols inked in loving detail. Soon, she heard the gentle gurgle of water ahead. Emerging into a small clearing, she"
conv_d6905a1ca5714753a29b07b1344d1eb0,ai-ai,8,8,True,author_2,ai,author_1,ai,False,ai,"low, resonant hum, the pedestal shifted. The stone unfurled like the frond in the carvings, revealing a hidden compartment. Inside, resting atop a velvet cushion, lay"
conv_d6905a1ca5714753a29b07b1344d1eb0,ai-ai,8,8,True,author_2,ai,author_2,ai,True,ai,"ancient stone pedestal, its top carved with the same curling fern. Clara approached, heart thudding, and placed the brass key in a notch at the pedestal’s center. With a"
conv_d6905a1ca5714753a29b07b1344d1eb0,ai-ai,9,9,True,author_2,ai,author_1,ai,False,ai,"her, as if the woods themselves were holding their breath. Then, from the heart of the watch, a warm golden light spilled, illuminating an inscription: “For the one"
conv_d6905a1ca5714753a29b07b1344d1eb0,ai-ai,9,9,True,author_2,ai,author_2,ai,True,ai,"a small pocket watch, its case etched with ferns and swirling patterns. As Clara lifted it, the watch sprang open, the hands spinning before settling at midnight. A hush fell around"
conv_d6905a1ca5714753a29b07b1344d1eb0,ai-ai,10,10,True,author_2,ai,author_1,ai,False,ai,"light played across her face, Clara felt her grandmother’s presence—a gentle warmth inside her heart, as if a story had quietly closed and opened all at once. She pocketed the watch,"
conv_d6905a1ca5714753a29b07b1344d1eb0,ai-ai,10,10,True,author_2,ai,author_2,ai,True,ai,"who finds her way.” At that moment, Clara understood—this was her grandmother’s final secret, a timepiece not just for hours, but for memories. As golden"
conv_dc08ca44d82747d0bbf35d05a5cb1d68,ai-ai,1,1,True,author_2,ai,author_1,ai,False,ai,"collecting seashells, and swimming in the crystal-clear waters. Her connection to the sea was unbreakable, and as she grew older, her passion only"
conv_dc08ca44d82747d0bbf35d05a5cb1d68,ai-ai,1,1,True,author_2,ai,author_2,ai,True,ai,"Ella, a young woman with a deep love for the ocean. Born and raised in a small coastal town, Ella spent her childhood days exploring the shores,"
conv_dc08ca44d82747d0bbf35d05a5cb1d68,ai-ai,2,2,True,author_2,ai,author_1,ai,False,ai,"the horizon, always on the lookout for something new or unusual. One morning, as the sun painted the sky in hues of orange and pink, Ella noticed a peculiar object washed up on"
conv_dc08ca44d82747d0bbf35d05a5cb1d68,ai-ai,2,2,True,author_2,ai,author_2,ai,True,ai,"deepened. She decided to become a marine biologist, dedicating her life to studying and protecting the ocean and its inhabitants. Every day, Ella would walk along the beach, her eyes scanning"
conv_dc08ca44d82747d0bbf35d05a5cb1d68,ai-ai,3,3,True,author_2,ai,author_1,ai,False,ai,"pulled out the parchment. The paper was old and worn, but the handwriting was clear and elegant. It read: ""To the finder of this message, if you have found this,"
conv_dc08ca44d82747d0bbf35d05a5cb1d68,ai-ai,3,3,True,author_2,ai,author_2,ai,True,ai,"the shore. It was a glass bottle, half-buried in the sand, with a piece of parchment inside. Curious, she picked it up and carefully"
conv_dc08ca44d82747d0bbf35d05a5cb1d68,ai-ai,4,4,True,author_2,ai,author_1,ai,False,ai,"there you will find a way to save me. Trust in the ocean and believe in the impossible."" Ella’s heart raced with a mix of excitement and disbelief. Could this be"
conv_dc08ca44d82747d0bbf35d05a5cb1d68,ai-ai,4,4,True,author_2,ai,author_2,ai,True,ai,"then fate has brought us together. I am a sailor lost at sea, and I seek your help. Follow the northern star to the lighthouse on the edge of the world, and"
conv_dc08ca44d82747d0bbf35d05a5cb1d68,ai-ai,5,5,True,author_2,ai,author_1,ai,False,ai,"the northern star. The path was long and winding, leading through dense forests and over rocky cliffs, but Ella’s resolve never wavered. As night fell, she found herself standing"
conv_dc08ca44d82747d0bbf35d05a5cb1d68,ai-ai,5,5,True,author_2,ai,author_2,ai,True,ai,"real? Determined to uncover the truth, she decided to embark on the journey described in the letter. Packing a small bag with essentials, Ella set off towards the lighthouse, guided by"
conv_dc08ca44d82747d0bbf35d05a5cb1d68,ai-ai,6,6,True,author_2,ai,author_1,ai,False,ai,"a deep breath, Ella climbed the spiral staircase inside the lighthouse, her footsteps echoing in the silence. At the top, she found a hidden room filled with"
conv_dc08ca44d82747d0bbf35d05a5cb1d68,ai-ai,6,6,True,author_2,ai,author_2,ai,True,ai,"at the base of an ancient, weather-beaten lighthouse. The beacon atop it glowed brightly, casting a warm light that seemed to beckon her forward. Taking"
conv_dc08ca44d82747d0bbf35d05a5cb1d68,ai-ai,7,7,True,author_2,ai,author_1,ai,False,ai,"crew presumed lost at sea. But the logbook hinted at a secret passage beneath the ocean, a hidden tunnel that led to a mysterious island. Ella realized that the sailor’s plea for help"
conv_dc08ca44d82747d0bbf35d05a5cb1d68,ai-ai,7,7,True,author_2,ai,author_2,ai,True,ai,"old maps, nautical instruments, and a logbook. As she flipped through the pages, she discovered the story of a ship that had vanished without a trace, its"
conv_dc08ca44d82747d0bbf35d05a5cb1d68,ai-ai,8,8,True,author_2,ai,author_1,ai,False,ai,"from the lighthouse, Ella prepared to dive into the depths of the sea. As she descended into the water, the cool waves enveloped her, and she felt a sense of"
conv_dc08ca44d82747d0bbf35d05a5cb1d68,ai-ai,8,8,True,author_2,ai,author_2,ai,True,ai,"was not just a cry into the void, but a clue to a forgotten legend. With renewed determination, she vowed to find the secret passage and rescue the lost sailor. Gathering the necessary tools"
conv_dc08ca44d82747d0bbf35d05a5cb1d68,ai-ai,9,9,True,author_2,ai,author_1,ai,False,ai,"what felt like hours, Ella’s torch illuminated a narrow crevice in the rock. Heart pounding, she squeezed through the opening and found herself in a vast, cavernous tunnel. The"
conv_dc08ca44d82747d0bbf35d05a5cb1d68,ai-ai,9,9,True,author_2,ai,author_2,ai,True,ai,"renewed connection to the ocean. Guided by the old maps and the faint glow of her underwater torch, she navigated through the dark, searching for the hidden entrance. After"
conv_dc08ca44d82747d0bbf35d05a5cb1d68,ai-ai,10,10,True,author_2,ai,author_1,ai,False,ai,"cavern. In the center, a small boat rested on a natural dock, and nearby, a figure stood silhouetted against the glowing walls. As Ella approached, the figure"
conv_dc08ca44d82747d0bbf35d05a5cb1d68,ai-ai,10,10,True,author_2,ai,author_2,ai,True,ai,"walls were lined with bioluminescent plants, casting an ethereal blue light that illuminated the path ahead. As she swam deeper, the tunnel opened into a stunning underwater"
conv_de8aad34908944eea2d9c5f8be5201dd,ai-ai,1,1,True,author_2,ai,author_1,ai,False,ai,"the light—too early, perhaps, or filtering through the apartment's grimy windows in some strange new way. She moved to the center of the room where the"
conv_de8aad34908944eea2d9c5f8be5201dd,ai-ai,1,1,True,author_2,ai,author_2,ai,True,ai,"Elena Vargas, who woke one morning to find her shadow had disappeared. At first, she thought it was the angle of"
conv_de8aad34908944eea2d9c5f8be5201dd,ai-ai,2,2,True,author_2,ai,author_1,ai,False,ai,"silhouette on the ground. Elena crouched down, running her fingers across the floorboards where darkness should have pooled beneath her, finding only"
conv_de8aad34908944eea2d9c5f8be5201dd,ai-ai,2,2,True,author_2,ai,author_2,ai,True,ai,"sunlight pooled strongest on the hardwood floor, turning slowly like a dancer testing her form. Nothing. The light fell across her body and stopped, refusing to paint her"
conv_de8aad34908944eea2d9c5f8be5201dd,ai-ai,3,3,True,author_2,ai,author_1,ai,False,ai,"there she was—solid, corporeal, unmistakably real. Brown eyes stared back at her, wide with confusion. She raised her hand; the reflection"
conv_de8aad34908944eea2d9c5f8be5201dd,ai-ai,3,3,True,author_2,ai,author_2,ai,True,ai,"warm wood and dust motes spinning in the brightness. Her heart hammered as she stood and walked to the bathroom mirror, half-expecting to find herself invisible, but"
conv_de8aad34908944eea2d9c5f8be5201dd,ai-ai,4,4,True,author_2,ai,author_1,ai,False,ai,"Elena spent the morning testing theories. She stood under every lamp in the apartment, pressed herself against walls, even lit candles and held them close to her skin. Nothing worked."
conv_de8aad34908944eea2d9c5f8be5201dd,ai-ai,4,4,True,author_2,ai,author_2,ai,True,ai,"mirrored the gesture perfectly. But when she glanced down at the white tile floor, that same hand cast nothing. No gray outline, no umbral twin."
conv_de8aad34908944eea2d9c5f8be5201dd,ai-ai,5,5,True,author_2,ai,author_1,ai,False,ai,"bustling streets of the city. People rushed past her on the sidewalk, their shadows stretching and contracting with each step, obedient and permanent. Elena walked"
conv_de8aad34908944eea2d9c5f8be5201dd,ai-ai,5,5,True,author_2,ai,author_2,ai,True,ai,"By noon, panic had given way to a strange, hollow curiosity. She dressed carefully—jeans, a gray sweater, her worn leather jacket—and stepped outside into the"
conv_de8aad34908944eea2d9c5f8be5201dd,ai-ai,6,6,True,author_2,ai,author_1,ai,False,ai,"acknowledging the interruption, flowing over her shoes as if she were merely air. She stopped at a street corner, watching a mother and child wait for the light. Their shadows held hands"
conv_de8aad34908944eea2d9c5f8be5201dd,ai-ai,6,6,True,author_2,ai,author_2,ai,True,ai,"among them like a ghost in reverse—visible but unmarked by darkness. No one seemed to notice. A businessman brushed past her, his shadow sliding across her feet without"
conv_de8aad34908944eea2d9c5f8be5201dd,ai-ai,7,7,True,author_2,ai,author_1,ai,False,ai,"yet named. She thought of her grandmother's stories, whispered in Spanish during childhood visits: shadows were proof of the soul's weight, evidence that a person left"
conv_de8aad34908944eea2d9c5f8be5201dd,ai-ai,7,7,True,author_2,ai,author_2,ai,True,ai,"on the pavement, a tender duplicate of their connection. Elena felt something crack inside her chest—not quite grief, but a recognition of loss she hadn't"
conv_de8aad34908944eea2d9c5f8be5201dd,ai-ai,8,8,True,author_2,ai,author_1,ai,False,ai,"in the spooky tales. Now the words felt prophetic, chilling. She wandered for hours, watching how light loved everyone but her, until she found herself at"
conv_de8aad34908944eea2d9c5f8be5201dd,ai-ai,8,8,True,author_2,ai,author_2,ai,True,ai,"an impression on the world. ""Sin sombra, sin alma,"" her abuela would say—without shadow, without soul. Elena had laughed then, delighting"
conv_de8aad34908944eea2d9c5f8be5201dd,ai-ai,9,9,True,author_2,ai,author_1,ai,False,ai,"air felt different—cooler, dense with the breath of ferns and flowering vines. Elena walked the winding paths until she reached the greenhouse at the garden's heart, its"
conv_de8aad34908944eea2d9c5f8be5201dd,ai-ai,9,9,True,author_2,ai,author_2,ai,True,ai,"the old botanical garden where her grandmother used to take her. The iron gates stood open, welcoming her into a world of green shadows cast by ancient trees. Inside, the"
conv_de8aad34908944eea2d9c5f8be5201dd,ai-ai,10,10,True,author_2,ai,author_1,ai,False,ai,"her with eyes that seemed to hold centuries. The woman smiled—not with surprise, but recognition—and patted the bench beside her. ""I wondered when you would come,"" she"
conv_de8aad34908944eea2d9c5f8be5201dd,ai-ai,10,10,True,author_2,ai,author_2,ai,True,ai,"glass panels fractured with age, casting prismatic light across the earth. And there, seated on a weathered bench among the orchids, was an old woman who looked up at"
conv_deb05265bec84343b09557454f80ce9a,ai-ai,1,,True,author_1,ai,author_1,ai,True,ai,a lighthouse keeper who discovered that every seventh wave carried voices from the past. Marianne had tended the Beacon Point lighthouse for three years before
conv_deb05265bec84343b09557454f80ce9a,ai-ai,1,,True,author_1,ai,author_2,ai,False,ai,"she noticed the pattern. At first, she dismissed it as wind through the rocks, or perhaps the peculiar acoustics of the tower itself. But night after night, as she stood"
conv_deb05265bec84343b09557454f80ce9a,ai-ai,2,1,True,author_1,ai,author_1,ai,True,ai,"at the gallery rail counting the waves that crashed against the base, she became certain. One, two, three, four, five, six—and then on the seventh,"
conv_deb05265bec84343b09557454f80ce9a,ai-ai,2,1,True,author_1,ai,author_2,ai,False,ai,"a whisper would rise with the spray. Sometimes it was a single word, fragmented and salt-worn. Other times, whole sentences emerged from the foam, clear as"
conv_deb05265bec84343b09557454f80ce9a,ai-ai,3,2,True,author_1,ai,author_1,ai,True,ai,"church bells on Sunday morning. The voices spoke of shipwrecks and storms, of sailors who never made it home, of promises whispered into the wind before the"
conv_deb05265bec84343b09557454f80ce9a,ai-ai,3,2,True,author_1,ai,author_2,ai,False,ai,"sea claimed them. Marianne began keeping a journal, recording each phrase in her careful script by lamplight. ""Tell Anna I tried,"" said one voice. ""The"
conv_deb05265bec84343b09557454f80ce9a,ai-ai,4,3,True,author_1,ai,author_1,ai,True,ai,"cargo is lost but the crew lives on,"" said another. Page after page filled with fragments of desperate hope and final confessions. On a moonless"
conv_deb05265bec84343b09557454f80ce9a,ai-ai,4,3,True,author_1,ai,author_2,ai,False,ai,"October night, Marianne heard a voice that made her pen freeze mid-stroke. It was her grandfather's—unmistakable, though he'd been gone fifteen"
conv_deb05265bec84343b09557454f80ce9a,ai-ai,5,4,True,author_1,ai,author_1,ai,True,ai,"years, lost to these very waters when his fishing boat capsized in a squall. ""Marianne,"" the seventh wave called, and her heart lurched. ""The light..."
conv_deb05265bec84343b09557454f80ce9a,ai-ai,5,4,True,author_1,ai,author_2,ai,False,ai,"must never go out. Not on the seventh wave."" His voice carried an urgency she'd never heard in life, even in his sternest moments. ""They need it to"
conv_deb05265bec84343b09557454f80ce9a,ai-ai,6,5,True,author_1,ai,author_1,ai,True,ai,"find their way back."" Back? Marianne's breath caught. Back from where? She leaned over the railing, salt spray stinging her face,"
conv_deb05265bec84343b09557454f80ce9a,ai-ai,6,5,True,author_1,ai,author_2,ai,False,ai,"counting frantically. One, two, three, four, five, six—she held her breath. The seventh wave rose higher than the others, phosphorescent in the darkness, and"
conv_deb05265bec84343b09557454f80ce9a,ai-ai,7,6,True,author_1,ai,author_1,ai,True,ai,"within its crest she saw them: pale figures suspended in the water like stars in a green-black sky. Dozens of them, maybe hundreds, all turning toward the lighthouse"
conv_deb05265bec84343b09557454f80ce9a,ai-ai,7,6,True,author_1,ai,author_2,ai,False,ai,"beam as it swept across the churning sea. Their faces were translucent, hopeful, and achingly familiar—not just her grandfather, but the faces from old"
conv_deb05265bec84343b09557454f80ce9a,ai-ai,8,7,True,author_1,ai,author_1,ai,True,ai,"photographs in the maritime museum, the missing names carved into the memorial stone at the harbor. They were all there, suspended between worlds, following the light's rhythm like moths to"
conv_deb05265bec84343b09557454f80ce9a,ai-ai,8,7,True,author_1,ai,author_2,ai,False,ai,"flame. Marianne understood then with terrible clarity: the lighthouse wasn't just a warning for the living. Every seventh wave, the boundary between worlds grew thin, and the light became"
conv_deb05265bec84343b09557454f80ce9a,ai-ai,9,8,True,author_1,ai,author_1,ai,True,ai,a beacon for the lost—a thread they could follow toward whatever peace awaited them beyond the veil. Her grandfather's weathered face smiled at her through the luminous
conv_deb05265bec84343b09557454f80ce9a,ai-ai,9,8,True,author_1,ai,author_2,ai,False,ai,"water, and he raised one translucent hand in farewell before the wave crashed and dissolved into foam. Marianne gripped the railing, tears mixing with sea"
conv_deb05265bec84343b09557454f80ce9a,ai-ai,10,9,True,author_1,ai,author_1,ai,True,ai,"spray on her cheeks. She understood her purpose now—not merely to warn ships away from the rocks, but to guide the drowned home. As dawn broke over the"
conv_deb05265bec84343b09557454f80ce9a,ai-ai,10,9,True,author_1,ai,author_2,ai,False,ai,"horizon, painting the waves gold and crimson, Marianne climbed back up the spiral stairs to tend the lamp. Her hands moved with new reverence as she"
conv_df34362d313d4251be4aa9d372a74bc4,ai-ai,1,1,True,author_2,ai,author_1,ai,False,ai,"this village lived a young girl named Elara, whose curiosity was as vast as the forest itself. Every day, she would wander through the woods, listening to the tales carried on"
conv_df34362d313d4251be4aa9d372a74bc4,ai-ai,1,1,True,author_2,ai,author_2,ai,True,ai,"a small village nestled in the heart of an ancient forest, where the trees whispered secrets of old and the river sang lullabies to the moon. In"
conv_df34362d313d4251be4aa9d372a74bc4,ai-ai,2,2,True,author_2,ai,author_1,ai,False,ai,"hidden clearing she had never seen before. In the center of the clearing stood an ancient oak tree, its branches reaching out like the arms of a wise old guardian. At"
conv_df34362d313d4251be4aa9d372a74bc4,ai-ai,2,2,True,author_2,ai,author_2,ai,True,ai,"the breeze and collecting leaves that seemed to hold the stories of the world. One morning, as the sun painted the sky in strokes of gold and pink, Elara stumbled upon a"
conv_df34362d313d4251be4aa9d372a74bc4,ai-ai,3,3,True,author_2,ai,author_1,ai,False,ai,"as she lifted the lid. Inside, she found a rolled-up piece of parchment and a small, shimmering crystal. The crystal pulsed gently, as if it were alive, and the"
conv_df34362d313d4251be4aa9d372a74bc4,ai-ai,3,3,True,author_2,ai,author_2,ai,True,ai,"the base of the tree, a small, intricately carved wooden box lay half-buried in the soft moss. Elara’s heart raced with excitement as she approached, her fingers trembling"
conv_df34362d313d4251be4aa9d372a74bc4,ai-ai,4,4,True,author_2,ai,author_1,ai,False,ai,"that sounded almost like a name—“Aldorin.” The symbols on the parchment began to glow softly, and Elara felt a sudden surge of knowledge filling her mind. She"
conv_df34362d313d4251be4aa9d372a74bc4,ai-ai,4,4,True,author_2,ai,author_2,ai,True,ai,"parchment was covered in symbols and words that seemed to dance before her eyes. As she unfolded the parchment, a gentle wind swept through the clearing, carrying with it a whisper"
conv_df34362d313d4251be4aa9d372a74bc4,ai-ai,5,5,True,author_2,ai,author_1,ai,False,ai,"communicating with Aldorin, and the parchment contained ancient spells and incantations that could summon his aid. Elara realized that the forest was in danger, and only"
conv_df34362d313d4251be4aa9d372a74bc4,ai-ai,5,5,True,author_2,ai,author_2,ai,True,ai,"learned that Aldorin was a legendary guardian of the forest, tasked with protecting the balance between nature and magic. The crystal in her hand was the key to"
conv_df34362d313d4251be4aa9d372a74bc4,ai-ai,6,6,True,author_2,ai,author_1,ai,False,ai,"and the whispering wind. As she spoke the ancient words, the air around her shimmered, and a figure slowly materialized—a tall, ethereal being with eyes like"
conv_df34362d313d4251be4aa9d372a74bc4,ai-ai,6,6,True,author_2,ai,author_2,ai,True,ai,"she could help restore its harmony. With a deep breath, she clutched the crystal and began to recite the first spell, her voice mingling with the rustling leaves"
conv_df34362d313d4251be4aa9d372a74bc4,ai-ai,7,7,True,author_2,ai,author_1,ai,False,ai,"you to take up the mantle of protector. The forest is threatened by an ancient evil, one that seeks to consume all life within it. I am Aldorin,"
conv_df34362d313d4251be4aa9d372a74bc4,ai-ai,7,7,True,author_2,ai,author_2,ai,True,ai,"molten gold and hair that flowed like the forest itself. “Elara,” the being said, his voice a blend of thunder and song. “The time has come for"
conv_df34362d313d4251be4aa9d372a74bc4,ai-ai,8,8,True,author_2,ai,author_1,ai,False,ai,"and determination. “I am ready,” she replied, her voice steady. “What must I do?” Aldorin nodded, a smile of approval touching his lips."
conv_df34362d313d4251be4aa9d372a74bc4,ai-ai,8,8,True,author_2,ai,author_2,ai,True,ai,"and together, we must find a way to banish this darkness and restore peace to the land. Are you ready to face this challenge?” Elara’s heart beat with a mix of fear"
conv_df34362d313d4251be4aa9d372a74bc4,ai-ai,9,9,True,author_2,ai,author_1,ai,False,ai,"and I will guide you.” With that, Aldorin led Elara on a journey through the enchanted forest, where they encountered mystical creatures and faced trials that tested their"
conv_df34362d313d4251be4aa9d372a74bc4,ai-ai,9,9,True,author_2,ai,author_2,ai,True,ai,"“First, we must gather the four elements of the forest: earth, water, air, and fire. They hold the power to seal away the evil that threatens us. Follow me,"
conv_df34362d313d4251be4aa9d372a74bc4,ai-ai,10,10,True,author_2,ai,author_1,ai,False,ai,"collected the elements, the darkness that loomed over the forest began to weaken. Finally, they stood at the edge of a deep chasm, where the source of"
conv_df34362d313d4251be4aa9d372a74bc4,ai-ai,10,10,True,author_2,ai,author_2,ai,True,ai,"courage and resolve. Through it all, Elara’s bond with Aldorin grew stronger, and she learned the true meaning of responsibility and the power of unity. As they"
conv_e55e23af1d4147fda2537d51eb56c93e,ai-ai,1,1,True,author_2,ai,author_1,ai,False,ai,"weaver, and her small cottage was always filled with the soft hum of her loom and the vibrant colors of the fabrics she created. Emilia's threads seemed to come alive in"
conv_e55e23af1d4147fda2537d51eb56c93e,ai-ai,1,1,True,author_2,ai,author_2,ai,True,ai,"a young woman named Emilia, who lived in a small village nestled in the rolling hills of the countryside. She was known throughout the village for her remarkable talent as a"
conv_e55e23af1d4147fda2537d51eb56c93e,ai-ai,2,2,True,author_2,ai,author_1,ai,False,ai,"magical properties of Emilia's weavings, how they could bring good fortune, ward off illness, and even influence the weather. They would tell stories of a farmer's crop flourishing after"
conv_e55e23af1d4147fda2537d51eb56c93e,ai-ai,2,2,True,author_2,ai,author_2,ai,True,ai,"her hands, as if the very essence of the village and its surroundings had been woven into the intricate patterns and designs that danced across her fabrics. The villagers would often whisper among themselves about the"
conv_e55e23af1d4147fda2537d51eb56c93e,ai-ai,3,3,True,author_2,ai,author_1,ai,False,ai,"a wedding gift. The villagers believed that Emilia's weavings were infused with a deep understanding of the natural world and the human heart, and they would seek her out for guidance and comfort"
conv_e55e23af1d4147fda2537d51eb56c93e,ai-ai,3,3,True,author_2,ai,author_2,ai,True,ai,"he wrapped his seeds in a piece of Emilia's specially woven cloth, and of a young couple's love being strengthened by the embroidered blanket she had made for them as"
conv_e55e23af1d4147fda2537d51eb56c93e,ai-ai,4,4,True,author_2,ai,author_1,ai,False,ai,"Emilia's loom, which seemed to be calling to him across the hills and valleys. He was a tall, dark-haired man with piercing green eyes, and he moved with"
conv_e55e23af1d4147fda2537d51eb56c93e,ai-ai,4,4,True,author_2,ai,author_2,ai,True,ai,"in times of need. One day, a stranger arrived in the village, a traveler who had been walking for many days and was drawn to the village by the faint hum of"
conv_e55e23af1d4147fda2537d51eb56c93e,ai-ai,5,5,True,author_2,ai,author_1,ai,False,ai,"and the air was filled with the sweet scent of wool and the soft glow of the setting sun, which seemed to be tangled in the threads of Emilia's latest weaving."
conv_e55e23af1d4147fda2537d51eb56c93e,ai-ai,5,5,True,author_2,ai,author_2,ai,True,ai,"a quiet purpose, as if he were driven by a sense of destiny that only he could see. As he approached Emilia's cottage, the hum of the loom grew louder,"
conv_e55e23af1d4147fda2537d51eb56c93e,ai-ai,6,6,True,author_2,ai,author_1,ai,False,ai,"like a living thing, as if the very fabric of reality was being woven into its intricate patterns. The stranger felt a shiver run down his spine as he"
conv_e55e23af1d4147fda2537d51eb56c93e,ai-ai,6,6,True,author_2,ai,author_2,ai,True,ai,"The stranger's eyes were drawn to the loom, where Emilia's fingers moved deftly, weaving a tapestry of gold and crimson that seemed to shimmer and pulse"
conv_e55e23af1d4147fda2537d51eb56c93e,ai-ai,7,7,True,author_2,ai,author_1,ai,False,ai,"expecting him, as if she had woven the threads of their encounter into the fabric of her tapestry long before he arrived. Her gaze held a deep wisdom and understanding, and the"
conv_e55e23af1d4147fda2537d51eb56c93e,ai-ai,7,7,True,author_2,ai,author_2,ai,True,ai,"approached Emilia, who looked up from her work with a sense of calm curiosity, her eyes meeting his in a moment of deep connection, as if she had been"
conv_e55e23af1d4147fda2537d51eb56c93e,ai-ai,8,8,True,author_2,ai,author_1,ai,False,ai,"surface of his being, into the depths of his very essence. And in that moment, Emilia's fingers paused in their work, the loom's hum dying away to silence,"
conv_e55e23af1d4147fda2537d51eb56c93e,ai-ai,8,8,True,author_2,ai,author_2,ai,True,ai,"stranger felt his soul stir in response, as if the secrets of his own heart were being quietly unraveled by the gentle pressure of her eyes, which seemed to see beyond the"
conv_e55e23af1d4147fda2537d51eb56c93e,ai-ai,9,9,True,author_2,ai,author_1,ai,False,ai,"golden light of the setting sun, which cast a warm glow over the entire scene, illuminating the threads of connection that had been woven between them, and sealing their fates together in"
conv_e55e23af1d4147fda2537d51eb56c93e,ai-ai,9,9,True,author_2,ai,author_2,ai,True,ai,"as if time itself had been woven into the fabric of her creation, and all that existed was the space between them, a space filled with the promise of secrets shared, and the soft,"
conv_e55e23af1d4147fda2537d51eb56c93e,ai-ai,10,10,True,author_2,ai,author_1,ai,False,ai,"symphony of thread and emotion, with Emilia's tapestry, now complete, shimmering before them like a portal to a new reality, one that they would embark"
conv_e55e23af1d4147fda2537d51eb56c93e,ai-ai,10,10,True,author_2,ai,author_2,ai,True,ai,"a moment of perfect understanding, as if the entirety of their lives had been leading up to this single, shining instant, where the past, present, and future converged in a beautiful,"
conv_e8cf4a02ed5d42acb9cb032eeb8564d6,ai-ai,1,1,True,author_2,ai,author_1,ai,False,ai,"seemed to drift, as if it existed halfway between this world and the next. Strange things often happened in Willowmere. Lantern lights flickered in the windows even when no"
conv_e8cf4a02ed5d42acb9cb032eeb8564d6,ai-ai,1,1,True,author_2,ai,author_2,ai,True,ai,"a small, peculiar town nestled between misty hills and ancient forests. Its name was Willowmere, a place outsiders rarely found on any map, and even the locals whispered that the town sometimes"
conv_e8cf4a02ed5d42acb9cb032eeb8564d6,ai-ai,2,2,True,author_2,ai,author_1,ai,False,ai,"understand. Every evening, as the sun slipped behind the hills, the air would thicken with the scent of wet earth and lilac. On"
conv_e8cf4a02ed5d42acb9cb032eeb8564d6,ai-ai,2,2,True,author_2,ai,author_2,ai,True,ai,"one was home, and the old willow trees at the heart of the village sometimes rustled with voices, telling secrets in a language only the very young or very old could"
conv_e8cf4a02ed5d42acb9cb032eeb8564d6,ai-ai,3,3,True,author_2,ai,author_1,ai,False,ai,"birch sapling, and her sharp, curious eyes missed nothing. That night, as the wind teased strange shapes through the low fog, Elsie heard something she’d"
conv_e8cf4a02ed5d42acb9cb032eeb8564d6,ai-ai,3,3,True,author_2,ai,author_2,ai,True,ai,"such evenings, young Elsie Whitcomb would sit on the sagging porch of her family's cottage, listening to the symphony of night sounds. She was eleven, skinny as a"
conv_e8cf4a02ed5d42acb9cb032eeb8564d6,ai-ai,4,4,True,author_2,ai,author_1,ai,False,ai,"couldn’t name. Drawn as if by invisible threads, she rose quietly from her porch, letting the screen door ease shut behind her. Barefoot, she crossed the dew-chilled"
conv_e8cf4a02ed5d42acb9cb032eeb8564d6,ai-ai,4,4,True,author_2,ai,author_2,ai,True,ai,"never heard before—a soft, lilting melody drifting from deep within the forest. It was both haunting and hopeful, filled with notes that tugged at her memory in ways she"
conv_e8cf4a02ed5d42acb9cb032eeb8564d6,ai-ai,5,5,True,author_2,ai,author_1,ai,False,ai,"around her ankles, lighting a path that seemed made just for her. The forest felt alive, every leaf trembling with anticipation. Deeper and deeper she went, heart"
conv_e8cf4a02ed5d42acb9cb032eeb8564d6,ai-ai,5,5,True,author_2,ai,author_2,ai,True,ai,"grass, her nightdress trailing behind her like a pale ripple in the dusk. The melody grew clearer, winding through the trees and inviting her onward. Fireflies blinked"
conv_e8cf4a02ed5d42acb9cb032eeb8564d6,ai-ai,6,6,True,author_2,ai,author_1,ai,False,ai,"In the clearing, moonlight pooled like silver milk. At its center stood a willow far older and grander than the rest, its boughs hanging low as"
conv_e8cf4a02ed5d42acb9cb032eeb8564d6,ai-ai,6,6,True,author_2,ai,author_2,ai,True,ai,"beating like a hummingbird caught in a cage. The song led her to a clearing she’d never seen before, though she was sure she knew every inch of these woods."
conv_e8cf4a02ed5d42acb9cb032eeb8564d6,ai-ai,7,7,True,author_2,ai,author_1,ai,False,ai,"peer inside. Instead of darkness, she found a warm, golden light pulsing from within. Swallowing her fear, Elsie reached out and stepped through—and at that moment, the"
conv_e8cf4a02ed5d42acb9cb032eeb8564d6,ai-ai,7,7,True,author_2,ai,author_2,ai,True,ai,"if bowing in welcome. The melody came from somewhere within its shadowed branches. Stepping forward, Elsie noticed the trunk split open just wide enough for her to"
conv_e8cf4a02ed5d42acb9cb032eeb8564d6,ai-ai,8,8,True,author_2,ai,author_1,ai,False,ai,"clear: now sung by a circle of figures woven from moonlight and leaves. They beckoned Elsie closer, their voices blending into words she understood."
conv_e8cf4a02ed5d42acb9cb032eeb8564d6,ai-ai,8,8,True,author_2,ai,author_2,ai,True,ai,"world shifted. The air grew sweeter, the ground softer beneath her feet, and above her, the branches dissolved into a swirling tapestry of stars. The melody became"
conv_e8cf4a02ed5d42acb9cb032eeb8564d6,ai-ai,9,9,True,author_2,ai,author_1,ai,False,ai,"what others cannot. Will you stay, Elsie Whitcomb, and watch over our secrets with a true heart?” The ancient willow thrummed with anticipation. Elsie glanced once back"
conv_e8cf4a02ed5d42acb9cb032eeb8564d6,ai-ai,9,9,True,author_2,ai,author_2,ai,True,ai,"“You have found the heart of Willowmere,” sang the figures, their forms shimmering in the gentle glow. “Your courage has awakened us. Willowmere needs a guardian—someone who sees"
conv_e8cf4a02ed5d42acb9cb032eeb8564d6,ai-ai,10,10,True,author_2,ai,author_1,ai,False,ai,"bowed, and a crown of willow leaves settled upon her brow. From that night onward, Elsie became Willowmere’s quiet guardian, listening to the trees’ old songs"
conv_e8cf4a02ed5d42acb9cb032eeb8564d6,ai-ai,10,10,True,author_2,ai,author_2,ai,True,ai,"at the path home, where familiar shadows flickered—then turned to the glowing figures, her heart swelling with wonder. “Yes,” she whispered, voice steady. The figures"
conv_e9176cbc9fc84bf693d4722a41d4d02b,ai-ai,1,,True,author_1,ai,author_1,ai,True,ai,"a young woman named Emilia, who lived in a small village nestled in the rolling hills of the countryside. She was a curious and adventurous soul, with a heart full of wonder and a"
conv_e9176cbc9fc84bf693d4722a41d4d02b,ai-ai,1,,True,author_1,ai,author_2,ai,False,ai,mind full of questions about the world beyond the familiar fields and forests of her home. Emilia spent most of her days helping her mother with the household chores and tending to their small
conv_e9176cbc9fc84bf693d4722a41d4d02b,ai-ai,2,1,True,author_1,ai,author_1,ai,True,ai,"garden, where they grew a variety of herbs and vegetables that they would use to cook meals for their family. But despite the comfort and familiarity of her daily routine, Emilia couldn't"
conv_e9176cbc9fc84bf693d4722a41d4d02b,ai-ai,2,1,True,author_1,ai,author_2,ai,False,ai,"shake the feeling that there was something more out there for her, something that lay beyond the horizon and beckoned to her with a siren's call. She would often"
conv_e9176cbc9fc84bf693d4722a41d4d02b,ai-ai,3,2,True,author_1,ai,author_1,ai,True,ai,"sneak away to the top of a small hill that overlooked the village, where she would sit and gaze out at the distant mountains, her imagination running wild with thoughts of the"
conv_e9176cbc9fc84bf693d4722a41d4d02b,ai-ai,3,2,True,author_1,ai,author_2,ai,False,ai,mystical creatures and ancient secrets that might lie hidden within those rugged peaks. The villagers would sometimes tell stories of strange happenings and unexplained occurrences in the
conv_e9176cbc9fc84bf693d4722a41d4d02b,ai-ai,4,3,True,author_1,ai,author_1,ai,True,ai,"mountains, of eerie lights and whispers that seemed to come from nowhere, and of a legendary figure known only as the Keeper of the Peaks, who was said to possess knowledge and power beyond"
conv_e9176cbc9fc84bf693d4722a41d4d02b,ai-ai,4,3,True,author_1,ai,author_2,ai,False,ai,"the understanding of mortal men. Emilia's fascination with these tales only grew stronger with each passing day, and she found herself wondering if there was any truth to the stories, and if the"
conv_e9176cbc9fc84bf693d4722a41d4d02b,ai-ai,5,4,True,author_1,ai,author_1,ai,True,ai,"Keeper of the Peaks was more than just a myth, a figure of legend and fantasy. She began to feel an inexplicable pull, as if an unseen force was urging her to leave"
conv_e9176cbc9fc84bf693d4722a41d4d02b,ai-ai,5,4,True,author_1,ai,author_2,ai,False,ai,"the village and embark on a journey to the mountains, to uncover the secrets that lay hidden within their ancient stones and to perhaps catch a glimpse of the enigmatic Keeper. The"
conv_e9176cbc9fc84bf693d4722a41d4d02b,ai-ai,6,5,True,author_1,ai,author_1,ai,True,ai,"village elder, a wise and aged woman named Ava, seemed to sense Emilia's growing restlessness, and one day she called Emilia to her side, her eyes"
conv_e9176cbc9fc84bf693d4722a41d4d02b,ai-ai,6,5,True,author_1,ai,author_2,ai,False,ai,"twinkling with a deep understanding and a hint of knowing, as if she possessed secrets of her own. Ava's gnarled hands grasped Emilia's, and she spoke"
conv_e9176cbc9fc84bf693d4722a41d4d02b,ai-ai,7,6,True,author_1,ai,author_1,ai,True,ai,"in a low, mysterious tone, her voice weaving a spell of intrigue and wonder, as she said, ""The time has come, Emilia, for you to follow the path that has"
conv_e9176cbc9fc84bf693d4722a41d4d02b,ai-ai,7,6,True,author_1,ai,author_2,ai,False,ai,"been calling to you, the path that winds its way up to the mountains and into the heart of the unknown. I have seen it in the stars, and I have felt it in the"
conv_e9176cbc9fc84bf693d4722a41d4d02b,ai-ai,8,7,True,author_1,ai,author_1,ai,True,ai,"whispers of the wind, a stirring in the air that speaks of great change and transformation, and I sense that you, Emilia, are at the center of it all, a"
conv_e9176cbc9fc84bf693d4722a41d4d02b,ai-ai,8,7,True,author_1,ai,author_2,ai,False,ai,"key player in a grand drama that is about to unfold, a drama that will take you to the farthest reaches of your courage and your heart. Ava's eyes seemed"
conv_e9176cbc9fc84bf693d4722a41d4d02b,ai-ai,9,8,True,author_1,ai,author_1,ai,True,ai,"to bore into Emilia's very soul, as if searching for any hint of doubt or fear, and then, with a gentle smile, she nodded, as if satisfied with what she"
conv_e9176cbc9fc84bf693d4722a41d4d02b,ai-ai,9,8,True,author_1,ai,author_2,ai,False,ai,"saw, and handed Emilia a small, intricately carved wooden box, adorned with symbols of the ancient ones, and said, ""Take this with you, child, for it"
conv_e9176cbc9fc84bf693d4722a41d4d02b,ai-ai,10,9,True,author_1,ai,author_1,ai,True,ai,"contains a gift, one that will guide and protect you on your journey, and will reveal its secrets to you when the time is right. Open it when you need"
conv_e9176cbc9fc84bf693d4722a41d4d02b,ai-ai,10,9,True,author_1,ai,author_2,ai,False,ai,"the light of wisdom and the courage of your own heart, and remember, Emilia, that you are not alone, for the spirits of the land, the ancient ones,"
conv_e986348ecd0a4b4fa288f72d037bc63d,ai-ai,1,1,True,author_2,ai,author_1,ai,False,ai,"always filled with the sweet scent of blooming wildflowers and the gentle rustle of leaves. The villagers lived in harmony with nature, their homes built from the very trees that surrounded"
conv_e986348ecd0a4b4fa288f72d037bc63d,ai-ai,1,1,True,author_2,ai,author_2,ai,True,ai,"a small village nestled in the heart of a vast, enchanted forest. The village, known as Willowbrook, was a place where time seemed to move more slowly, and the air was"
conv_e986348ecd0a4b4fa288f72d037bc63d,ai-ai,2,2,True,author_2,ai,author_1,ai,False,ai,"or healing. Inside, shelves lined with jars of herbs and potions cast a warm, golden glow, while the walls were adorned with ancient scrolls and handmade tapestries depicting the forest’s"
conv_e986348ecd0a4b4fa288f72d037bc63d,ai-ai,2,2,True,author_2,ai,author_2,ai,True,ai,"them. One of the oldest and most respected residents of Willowbrook was Elara, the village healer. Her cottage, at the edge of the forest, was a sanctuary for those seeking wisdom"
conv_e986348ecd0a4b4fa288f72d037bc63d,ai-ai,3,3,True,author_2,ai,author_1,ai,False,ai,"the treetops, casting long shadows across the village, a young girl named Lyra knocked on Elara’s door. Lyra’s eyes were wide with worry,"
conv_e986348ecd0a4b4fa288f72d037bc63d,ai-ai,3,3,True,author_2,ai,author_2,ai,True,ai,"creatures and spirits. Elara had a deep connection to the forest, and her knowledge of its secrets was unmatched. One crisp autumn morning, as the sun rose over"
conv_e986348ecd0a4b4fa288f72d037bc63d,ai-ai,4,4,True,author_2,ai,author_1,ai,False,ai,"one near the old oak tree. It can’t fly, and I don’t know what to do.” Elara’s face softened with compassion as she invited Lyra"
conv_e986348ecd0a4b4fa288f72d037bc63d,ai-ai,4,4,True,author_2,ai,author_2,ai,True,ai,"and her hands trembled as she held a small, injured bird in a makeshift nest of cloth. “Elara,” Lyra whispered, her voice trembling, “I found this little"
conv_e986348ecd0a4b4fa288f72d037bc63d,ai-ai,5,5,True,author_2,ai,author_1,ai,False,ai,"the bird, her fingers deftly checking for injuries. “It seems to have a sprained wing,” she explained, her voice soothing. “Nothing too serious, but"
conv_e986348ecd0a4b4fa288f72d037bc63d,ai-ai,5,5,True,author_2,ai,author_2,ai,True,ai,"inside. “Bring it here, dear,” she said gently, guiding Lyra to a cozy corner of the room where a warm fire crackled. Elara carefully examined"
conv_e986348ecd0a4b4fa288f72d037bc63d,ai-ai,6,6,True,author_2,ai,author_1,ai,False,ai,"and roots to mix into a healing salve. As she worked, she told Lyra about the forest’s own remedies and the importance of patience and kindness. “Every"
conv_e986348ecd0a4b4fa288f72d037bc63d,ai-ai,6,6,True,author_2,ai,author_2,ai,True,ai,"it will need rest and care. I’ll prepare a poultice to ease the pain and help it heal.” Elara moved to her herb shelves, selecting a few leaves"
conv_e986348ecd0a4b4fa288f72d037bc63d,ai-ai,7,7,True,author_2,ai,author_1,ai,False,ai,"not only showing compassion but also strengthening the bond between us and the forest.” Lyra nodded, feeling a sense of purpose and pride. Together, they carefully applied the poultice"
conv_e986348ecd0a4b4fa288f72d037bc63d,ai-ai,7,7,True,author_2,ai,author_2,ai,True,ai,"creature, no matter how small, plays a vital role in the balance of our world,” Elara said, her eyes twinkling with wisdom. “By helping this little one, you’re"
conv_e986348ecd0a4b4fa288f72d037bc63d,ai-ai,8,8,True,author_2,ai,author_1,ai,False,ai,"of healing and the secrets of the forest. The bird’s condition improved day by day, its feathers regaining their luster and its spirit growing stronger. On a sunny"
conv_e986348ecd0a4b4fa288f72d037bc63d,ai-ai,8,8,True,author_2,ai,author_2,ai,True,ai,"to the bird’s wing and placed it in a safe, warm spot. Over the next few days, Lyra visited Elara’s cottage often, learning more about the art"
conv_e986348ecd0a4b4fa288f72d037bc63d,ai-ai,9,9,True,author_2,ai,author_1,ai,False,ai,"outstretched hand. With a gentle nudge, the bird took flight, soaring gracefully into the sky. Lyra watched with a heart full of joy and a newfound understanding of the"
conv_e986348ecd0a4b4fa288f72d037bc63d,ai-ai,9,9,True,author_2,ai,author_2,ai,True,ai,"afternoon, the bird was finally ready to fly again. Elara and Lyra stood at the edge of the forest, the bird perched on Lyra’s"
conv_e986348ecd0a4b4fa288f72d037bc63d,ai-ai,10,10,True,author_2,ai,author_1,ai,False,ai,"to have such a kind heart watching over them.” As the sun set, casting a warm glow over Willowbrook, Lyra felt a deep connection to the village and the"
conv_e986348ecd0a4b4fa288f72d037bc63d,ai-ai,10,10,True,author_2,ai,author_2,ai,True,ai,"importance of caring for all living things. Elara smiled, placing a hand on Lyra’s shoulder. “You’ve done well, child. The forest and its creatures are lucky"
conv_ebe60862bf804722a847681940c8bbcd,ai-ai,1,1,True,author_2,ai,author_1,ai,False,ai,"that took place within the forest's depths. They would speak of eerie lights flickering in the darkness, and the faint sound of whispers carried on the wind. Aria, with her curious"
conv_ebe60862bf804722a847681940c8bbcd,ai-ai,1,1,True,author_2,ai,author_2,ai,True,ai,a young girl named Aria who lived in a small village at the edge of a vast and mysterious forest. The villagers often whispered about the strange occurrences and unexplained happenings
conv_ebe60862bf804722a847681940c8bbcd,ai-ai,2,2,True,author_2,ai,author_1,ai,False,ai,"the edge of the village, gazing out at the towering trees that seemed to stretch up to the sky, their leaves rustling softly in the breeze. The villagers,"
conv_ebe60862bf804722a847681940c8bbcd,ai-ai,2,2,True,author_2,ai,author_2,ai,True,ai,"nature and sense of adventure, felt an inexplicable pull towards the forest, as if it was beckoning her to explore its secrets. She would often find herself standing at"
conv_ebe60862bf804722a847681940c8bbcd,ai-ai,3,3,True,author_2,ai,author_1,ai,False,ai,"Aria's fascination with the forest only grew stronger, and she began to feel an overwhelming sense of restlessness, as if she was being called to uncover the truth behind the whispered"
conv_ebe60862bf804722a847681940c8bbcd,ai-ai,3,3,True,author_2,ai,author_2,ai,True,ai,"warned her of the dangers that lurked within the forest, telling tales of dark creatures and ancient magic that lay hidden beneath the twisted roots and gnarled branches. But"
conv_ebe60862bf804722a847681940c8bbcd,ai-ai,4,4,True,author_2,ai,author_1,ai,False,ai,"the forest, the silence of the night broken only by the soft crunch of gravel and leaves beneath her feet as she made her way down the winding path that led into the darkness. The"
conv_ebe60862bf804722a847681940c8bbcd,ai-ai,4,4,True,author_2,ai,author_2,ai,True,ai,"tales and legends that had been passed down through generations of villagers. One night, under the light of a full moon, Aria decided to sneak out of the village and into"
conv_ebe60862bf804722a847681940c8bbcd,ai-ai,5,5,True,author_2,ai,author_1,ai,False,ai,"of blooming flowers, but with an underlying hint of decay and corruption that made her stomach twist with a mix of fear and excitement. As she walked deeper into the forest,"
conv_ebe60862bf804722a847681940c8bbcd,ai-ai,5,5,True,author_2,ai,author_2,ai,True,ai,"trees seemed to close in around her, their branches like skeletal fingers reaching out to snatch at her clothes, and the air grew thick with an otherworldly scent, like the sweet perfume"
conv_ebe60862bf804722a847681940c8bbcd,ai-ai,6,6,True,author_2,ai,author_1,ai,False,ai,"on the other side of this natural barrier, she stumbled into a clearing, where the moonlight poured down like a river of silver, illuminating a scene that took her breath"
conv_ebe60862bf804722a847681940c8bbcd,ai-ai,6,6,True,author_2,ai,author_2,ai,True,ai,"the trees grew taller and the path grew narrower, until Aria found herself pushing through a curtain of tangled vines and overhanging branches that seemed to bar her way, and"
conv_ebe60862bf804722a847681940c8bbcd,ai-ai,7,7,True,author_2,ai,author_1,ai,False,ai,"the base of the tree, a figure sat cross-legged on the ground, shrouded in shadows, with eyes that glowed like embers in the dark,"
conv_ebe60862bf804722a847681940c8bbcd,ai-ai,7,7,True,author_2,ai,author_2,ai,True,ai,"away, for in the center of the clearing stood an enormous tree, its trunk twisted and gnarled with age, its branches reaching up towards the sky like a colossal fist, and at"
conv_ebe60862bf804722a847681940c8bbcd,ai-ai,8,8,True,author_2,ai,author_1,ai,False,ai,"an ancient power, a power that seemed to awaken a deep memory within her, a memory that had been hidden for so long, and the figure slowly rose to its feet, its eyes never"
conv_ebe60862bf804722a847681940c8bbcd,ai-ai,8,8,True,author_2,ai,author_2,ai,True,ai,"and as Aria's gaze met the figure's, she felt a jolt of electricity run through her veins, as if the very air between them had been charged with"
conv_ebe60862bf804722a847681940c8bbcd,ai-ai,9,9,True,author_2,ai,author_1,ai,False,ai,"it was a woman, her face etched with lines of age and wisdom, her skin a deep, earthy brown, and her eyes, those glowing embers, seemed to burn"
conv_ebe60862bf804722a847681940c8bbcd,ai-ai,9,9,True,author_2,ai,author_2,ai,True,ai,"leaving hers, and Aria felt herself being drawn closer, as if by an unseen force, until she was standing just a few feet away from the figure, and she saw that"
conv_ebe60862bf804722a847681940c8bbcd,ai-ai,10,10,True,author_2,ai,author_1,ai,False,ai,"of leaves, soft and soothing, yet filled with a profound authority, as she said, ""Aria, I have been waiting for you, for you are the one who has been chosen"
conv_ebe60862bf804722a847681940c8bbcd,ai-ai,10,10,True,author_2,ai,author_2,ai,True,ai,"with a deep and abiding knowledge, a knowledge that seemed to hold the secrets of the ages, and the woman's voice, when she spoke, was like a gentle rustling"
conv_ec61d7cb57094812b5ed7b7b55c18b32,ai-ai,1,,True,author_1,ai,author_1,ai,True,ai,"a curious young crow named Fen, who lived in the sprawling branches of an ancient oak at the edge of Moonlight Woods. Unlike the other crows, Fen was never satisfied"
conv_ec61d7cb57094812b5ed7b7b55c18b32,ai-ai,1,,True,author_1,ai,author_2,ai,False,ai,"with simply following the same flight paths or eating the same scraps. Every morning, as the dawn crept through the leaf canopy, Fen would watch beams of golden light flicker and"
conv_ec61d7cb57094812b5ed7b7b55c18b32,ai-ai,2,1,True,author_1,ai,author_1,ai,True,ai,"wonder what lay beyond the tangled shadows and mist. One morning, Fen noticed a glint of something silvery at the forest’s edge—a flash, quick as thought,"
conv_ec61d7cb57094812b5ed7b7b55c18b32,ai-ai,2,1,True,author_1,ai,author_2,ai,False,ai,"that flickered just beyond the brambles and fern. His heart quickened. The other crows scolded him from their perches, cawing warnings about foxes and things"
conv_ec61d7cb57094812b5ed7b7b55c18b32,ai-ai,3,2,True,author_1,ai,author_1,ai,True,ai,"with sharper teeth than curiosity. But Fen couldn’t let the glimmer go. He darted low, skimming above dew-soaked grass, barely rustling a single leaf."
conv_ec61d7cb57094812b5ed7b7b55c18b32,ai-ai,3,2,True,author_1,ai,author_2,ai,False,ai,"The silvery flash darted again, weaving through shafts of sunlight and vanishing behind a moss-covered log. Fen hesitated only a moment before hopping closer. As he"
conv_ec61d7cb57094812b5ed7b7b55c18b32,ai-ai,4,3,True,author_1,ai,author_1,ai,True,ai,"peeked behind the log, he spotted a tiny object wedged among the moss—a slender key, oddly shaped and shining as if just polished by the dawn. Fen"
conv_ec61d7cb57094812b5ed7b7b55c18b32,ai-ai,4,3,True,author_1,ai,author_2,ai,False,ai,"tilted his head, inspecting the delicate grooves and unfamiliar symbols etched into its surface. Something about the key hummed against his feathers, whispering promises of hidden places and unopened doors."
conv_ec61d7cb57094812b5ed7b7b55c18b32,ai-ai,5,4,True,author_1,ai,author_1,ai,True,ai,"He carefully grasped the key in his beak, feeling its weight—both impossibly light and meaningfully heavy. The forest seemed to hush around him. Fen’s dark eyes"
conv_ec61d7cb57094812b5ed7b7b55c18b32,ai-ai,5,4,True,author_1,ai,author_2,ai,False,ai,"darted nervously as he tucked the key beneath a wing. Shadows shifted overhead. Then, a sudden breeze rustled the leaves, and a faint, melodic chime echoed"
conv_ec61d7cb57094812b5ed7b7b55c18b32,ai-ai,6,5,True,author_1,ai,author_1,ai,True,ai,"through the clearing, drawing Fen’s gaze to a nearly invisible path twisting deeper into the woods. The key vibrated gently, urging him onward. Driven by curiosity, Fen hopped onto"
conv_ec61d7cb57094812b5ed7b7b55c18b32,ai-ai,6,5,True,author_1,ai,author_2,ai,False,ai,"the winding trail, heart thudding with excitement and nerves. Each step brought new scents and sounds—a trickle of water far off, a distant owl’s hoot, the"
conv_ec61d7cb57094812b5ed7b7b55c18b32,ai-ai,7,6,True,author_1,ai,author_1,ai,True,ai,"almost musical rustling of unseen creatures. Soon, the path opened into a hidden grove bathed in soft light. There, half-buried among wildflowers, stood"
conv_ec61d7cb57094812b5ed7b7b55c18b32,ai-ai,7,6,True,author_1,ai,author_2,ai,False,ai,"an ancient wooden door framed by curling vines and moonlit petals. The surface was carved with symbols that matched those on Fen’s key. He felt drawn forward, wings fluttering with"
conv_ec61d7cb57094812b5ed7b7b55c18b32,ai-ai,8,7,True,author_1,ai,author_1,ai,True,ai,"anticipation. Carefully, Fen pressed the key into the lock. It turned with a gentle click. The door creaked open, revealing a shimmering world within—a place where stories whispered on the"
conv_ec61d7cb57094812b5ed7b7b55c18b32,ai-ai,8,7,True,author_1,ai,author_2,ai,False,ai,"breeze, and forgotten dreams took root like wildflowers among the moss. Fen hesitated on the threshold, the weight of his choice fluttering in his chest—a choice to step boldly into"
conv_ec61d7cb57094812b5ed7b7b55c18b32,ai-ai,9,8,True,author_1,ai,author_1,ai,True,ai,"the unknown. With a deep breath, he hopped over the threshold. Magic swirled around his wings, lighting the hidden world before him with new wonders. At last, Fen"
conv_ec61d7cb57094812b5ed7b7b55c18b32,ai-ai,9,8,True,author_1,ai,author_2,ai,False,ai,"realized that curiosity wasn’t a danger—it was a gift. As the door closed silently behind him, he soared into the heart of the new world, eager to discover its secrets."
conv_ec61d7cb57094812b5ed7b7b55c18b32,ai-ai,10,9,True,author_1,ai,author_1,ai,True,ai,"And in that shimmering place, with the ancient key still tucked safe beneath his wing, Fen’s adventure became the first story told for generations to come—a tale of courage,"
conv_ec61d7cb57094812b5ed7b7b55c18b32,ai-ai,10,9,True,author_1,ai,author_2,ai,False,ai,"of wonder, and the crow who dared to follow the glimmer at the forest’s edge into a world of possibility. And from that day on, the woods whispered Fen’s name whenever a"
conv_f125b048b3e64f3b981a17c9f76e2b23,ai-ai,1,1,True,author_2,ai,author_1,ai,False,ai,"magical creatures that lurked just beyond the treeline, watching and waiting. Aria had always been fascinated by the forest, feeling an inexplicable pull to explore its depths and uncover the"
conv_f125b048b3e64f3b981a17c9f76e2b23,ai-ai,1,1,True,author_2,ai,author_2,ai,True,ai,"a young girl named Aria, who lived in a small village nestled in the heart of a dense and mysterious forest. The villagers believed the forest to be enchanted, filled with ancient secrets and"
conv_f125b048b3e64f3b981a17c9f76e2b23,ai-ai,2,2,True,author_2,ai,author_1,ai,False,ai,"towering presence and the soft, ethereal glow that seemed to emanate from within the forest itself. The trees' leaves would rustle and whisper in the gentle breeze,"
conv_f125b048b3e64f3b981a17c9f76e2b23,ai-ai,2,2,True,author_2,ai,author_2,ai,True,ai,"truth behind the whispers and warnings that circulated among the villagers. As a child, she would often sneak away from her chores to stand at the forest's edge, feeling the trees'"
conv_f125b048b3e64f3b981a17c9f76e2b23,ai-ai,3,3,True,author_2,ai,author_1,ai,False,ai,"lurked within the shadows, of the dark creatures that roamed the forest under the cover of night, and of the ancient magic that was said to be"
conv_f125b048b3e64f3b981a17c9f76e2b23,ai-ai,3,3,True,author_2,ai,author_2,ai,True,ai,"and Aria would close her eyes, convinced that she could decipher the secrets hidden within the soft murmurs. The villagers would scold her, warning of the dangers that"
conv_f125b048b3e64f3b981a17c9f76e2b23,ai-ai,4,4,True,author_2,ai,author_1,ai,False,ai,"felt an insatiable curiosity, a sense that she was being called to the forest for a reason, and that the secrets it held were meant for her alone to"
conv_f125b048b3e64f3b981a17c9f76e2b23,ai-ai,4,4,True,author_2,ai,author_2,ai,True,ai,"both beautiful and terrifying, a force that could bring great wonder or immense destruction, depending on who wielded it and for what purpose. Despite the warnings, Aria"
conv_f125b048b3e64f3b981a17c9f76e2b23,ai-ai,5,5,True,author_2,ai,author_1,ai,False,ai,"like sentinels, their branches creaking softly in the night breeze as she walked, the moonlight casting dappled shadows on the forest floor. The air was"
conv_f125b048b3e64f3b981a17c9f76e2b23,ai-ai,5,5,True,author_2,ai,author_2,ai,True,ai,"uncover. One night, under the light of a full moon, Aria decided to follow the call, slipping away from her village and into the forest, the trees looming above her"
conv_f125b048b3e64f3b981a17c9f76e2b23,ai-ai,6,6,True,author_2,ai,author_1,ai,False,ai,"soul, a sense of connection to the land and to the magic that pulsed through it, a magic that seemed to be awakening within her, responding to the rhythm of her footsteps and"
conv_f125b048b3e64f3b981a17c9f76e2b23,ai-ai,6,6,True,author_2,ai,author_2,ai,True,ai,"filled with the sweet scent of blooming wildflowers and the earthy smell of damp soil, a primordial aroma that seemed to stir something deep within Aria's"
conv_f125b048b3e64f3b981a17c9f76e2b23,ai-ai,7,7,True,author_2,ai,author_1,ai,False,ai,"life she had ever known, until the trees grew taller and the path behind her disappeared from view, and Aria found herself standing at the edge of a clearing, surrounded by a ring of"
conv_f125b048b3e64f3b981a17c9f76e2b23,ai-ai,7,7,True,author_2,ai,author_2,ai,True,ai,"the beating of her heart, as if the forest itself was alive and synchronizing its own pulse with hers, drawing her deeper into its depths, further and further from the village and the only"
conv_f125b048b3e64f3b981a17c9f76e2b23,ai-ai,8,8,True,author_2,ai,author_1,ai,False,ai,"and gnarled with age, its branches reaching towards the sky like withered fingers, and as Aria approached, she felt a sudden surge of energy emanating from the tree, as"
conv_f125b048b3e64f3b981a17c9f76e2b23,ai-ai,8,8,True,author_2,ai,author_2,ai,True,ai,"mushrooms, their caps glowing softly in the moonlight, casting an ethereal glow over the clearing, and in the center of the ring, a massive tree stood, its trunk twisted"
conv_f125b048b3e64f3b981a17c9f76e2b23,ai-ai,9,9,True,author_2,ai,author_1,ai,False,ai,"to a crescendo, enveloping Aria in a warm, golden light that seemed to dissolve the boundaries between reality and myth, and as the light faded, Aria found herself transformed,"
conv_f125b048b3e64f3b981a17c9f76e2b23,ai-ai,9,9,True,author_2,ai,author_2,ai,True,ai,"if it were a gateway to a hidden world, a threshold to a realm of ancient wisdom and forgotten knowledge, and as she reached out to touch the tree's trunk, the energy surged"
conv_f125b048b3e64f3b981a17c9f76e2b23,ai-ai,10,10,True,author_2,ai,author_1,ai,False,ai,"rewoven to reveal the hidden patterns and connections that underlay all of existence, and Aria knew that she had been given a great gift, a glimpse into the underlying"
conv_f125b048b3e64f3b981a17c9f76e2b23,ai-ai,10,10,True,author_2,ai,author_2,ai,True,ai,"her senses expanded, her perception of the world shifted, and she saw the forest and all its inhabitants in a new and wondrous light, as if the very fabric of reality had been"
conv_f1319a0af50d430182271474fd637f22,ai-ai,1,1,True,author_2,ai,author_1,ai,False,ai,"exploring the unknown, often wandering into the forest to discover hidden clearings and secret waterfalls. The villagers would often whisper to each other about Emilia's adventures, some warning of the"
conv_f1319a0af50d430182271474fd637f22,ai-ai,1,1,True,author_2,ai,author_2,ai,True,ai,"a young girl named Emilia, who lived in a small village surrounded by dense forests and winding rivers. She was known for her insatiable curiosity and her love of"
conv_f1319a0af50d430182271474fd637f22,ai-ai,2,2,True,author_2,ai,author_1,ai,False,ai,"deterred by such warnings, and she felt an inexplicable pull to the forest's depths, as if something within her was calling out to the secrets and mysteries that"
conv_f1319a0af50d430182271474fd637f22,ai-ai,2,2,True,author_2,ai,author_2,ai,True,ai,"dangers that lurked within the forest, telling tales of dark creatures and ancient magic that only revealed itself to those who ventured too deep. But Emilia was not one to be"
conv_f1319a0af50d430182271474fd637f22,ai-ai,3,3,True,author_2,ai,author_1,ai,False,ai,"with vines and shrubs, and lined with moss-covered stones that seemed to glow with a soft, ethereal light in the dappled shade of the forest. The air"
conv_f1319a0af50d430182271474fd637f22,ai-ai,3,3,True,author_2,ai,author_2,ai,True,ai,"lay hidden beneath the canopy of trees. One day, while wandering further than she ever had before, Emilia stumbled upon a hidden path she had never seen, overgrown"
conv_f1319a0af50d430182271474fd637f22,ai-ai,4,4,True,author_2,ai,author_1,ai,False,ai,"path, which wound deeper into the forest, the trees growing taller and closer together here, forming a tunnel of leaves and branches that filtered the sunlight and cast the forest floor"
conv_f1319a0af50d430182271474fd637f22,ai-ai,4,4,True,author_2,ai,author_2,ai,True,ai,"was filled with the sweet scent of blooming wildflowers, and the soft chirping of birds could be heard in the distance, as if beckoning her to follow the"
conv_f1319a0af50d430182271474fd637f22,ai-ai,5,5,True,author_2,ai,author_1,ai,False,ai,"a mystical atmosphere, as if the very forest itself was exhaling a gentle breath of moisture and scent, and Emilia felt her heart beating faster with excitement and wonder as she pushed aside a"
conv_f1319a0af50d430182271474fd637f22,ai-ai,5,5,True,author_2,ai,author_2,ai,True,ai,"in a soft, emerald green gloom, where the sound of running water grew louder, and the air was filled with a fine, misty vapor that rose from the ground, creating"
conv_f1319a0af50d430182271474fd637f22,ai-ai,6,6,True,author_2,ai,author_1,ai,False,ai,"moss and lichen, its features worn by time and weather, but still radiating a powerful and ancient presence, as if the statue had stood watch over the forest for centuries, guarding"
conv_f1319a0af50d430182271474fd637f22,ai-ai,6,6,True,author_2,ai,author_2,ai,True,ai,"curtain of tangled foliage, and stepped into a clearing, where a magnificent waterfall cascaded down a rocky slope, creating a misty veil that surrounded a massive stone statue, covered in"
conv_f1319a0af50d430182271474fd637f22,ai-ai,7,7,True,author_2,ai,author_1,ai,False,ai,"move of their own accord, as if drawn by an unseen force, and as she reached out a hand to touch the statue's weathered stone, the mist surrounding it began to swirl"
conv_f1319a0af50d430182271474fd637f22,ai-ai,7,7,True,author_2,ai,author_2,ai,True,ai,"a secret that only a select few had ever laid eyes on, and Emilia felt a shiver run down her spine as she approached the statue, her feet seeming to"
conv_f1319a0af50d430182271474fd637f22,ai-ai,8,8,True,author_2,ai,author_1,ai,False,ai,"a face emerged, pale and serene, with eyes that shone like stars in the dim light, and a voice that was like the gentle lapping of waves on a summer"
conv_f1319a0af50d430182271474fd637f22,ai-ai,8,8,True,author_2,ai,author_2,ai,True,ai,"and eddy, taking on a life of its own, until it coalesced into a figure that stood before her, its features shifting and flowing like the mist itself, until"
conv_f1319a0af50d430182271474fd637f22,ai-ai,9,9,True,author_2,ai,author_1,ai,False,ai,"for her entire life, and the misty figure began to take on a more solid form, its features becoming clearer, until Emilia saw that it was a woman, tall and"
conv_f1319a0af50d430182271474fd637f22,ai-ai,9,9,True,author_2,ai,author_2,ai,True,ai,"shore, spoke a single word, ""Welcome,"" and Emilia felt a sense of peace and belonging wash over her, as if she had finally found a place she had been searching"
conv_f1319a0af50d430182271474fd637f22,ai-ai,10,10,True,author_2,ai,author_1,ai,False,ai,"locked onto Emilia's, filled with a deep wisdom and kindness, and a sense of recognition, as if she had been waiting for Emilia, and the woman's voice, barely above"
conv_f1319a0af50d430182271474fd637f22,ai-ai,10,10,True,author_2,ai,author_2,ai,True,ai,"regal, with long hair that flowed like the mist, and a white gown that seemed to shimmer and glow in the dim light, and the woman's eyes,"
conv_f2ddc5e921694149b31463498101fd61,ai-ai,1,,True,author_1,ai,author_1,ai,True,ai,"a curious girl named Elara, who lived on the edge of the Whispering Woods. Elara had always sensed there was something peculiar about the forest, something that called to her"
conv_f2ddc5e921694149b31463498101fd61,ai-ai,1,,True,author_1,ai,author_2,ai,False,ai,"in the quiet hush of dawn, when the first light crept between the trees. The villagers often spoke in hushed voices about the strange shadows that wandered just beyond the tree line and"
conv_f2ddc5e921694149b31463498101fd61,ai-ai,2,1,True,author_1,ai,author_1,ai,True,ai,"the faint melodies that seemed to drift from nowhere, especially when the moon was full. But Elara’s curiosity outweighed her fear. She watched the forest from her window each"
conv_f2ddc5e921694149b31463498101fd61,ai-ai,2,1,True,author_1,ai,author_2,ai,False,ai,"night, tracing the patterns of mist that curled between the trunks, listening intently for the elusive songs. On one particularly bright evening, she noticed a flicker of blue light weaving through"
conv_f2ddc5e921694149b31463498101fd61,ai-ai,3,2,True,author_1,ai,author_1,ai,True,ai,"the dense undergrowth. Heart pounding, Elara slipped on her slippers and crept outside, following the mysterious glow. The grass felt cool beneath her feet as she ventured closer, careful"
conv_f2ddc5e921694149b31463498101fd61,ai-ai,3,2,True,author_1,ai,author_2,ai,False,ai,"not to snap any twigs or rustle the leaves. The blue light danced ahead, bobbing gently as if inviting her onward. Soon, the familiar meadow behind her house vanished, replaced"
conv_f2ddc5e921694149b31463498101fd61,ai-ai,4,3,True,author_1,ai,author_1,ai,True,ai,"by towering trees draped in moss and wild vines, their branches forming arches above her head. The blue light glimmered just ahead, now accompanied by tiny motes of green"
conv_f2ddc5e921694149b31463498101fd61,ai-ai,4,3,True,author_1,ai,author_2,ai,False,ai,"that flitted like fireflies around Elara’s outstretched hands. The air shimmered with a strange energy, and the forest seemed to hum in harmony with her footsteps. As she"
conv_f2ddc5e921694149b31463498101fd61,ai-ai,5,4,True,author_1,ai,author_1,ai,True,ai,"walked deeper, the blue light paused near a fallen log carpeted with velvet moss. There, amid the soft glow, sat a creature no larger"
conv_f2ddc5e921694149b31463498101fd61,ai-ai,5,4,True,author_1,ai,author_2,ai,False,ai,"than a robin, its wings iridescent and eyes as bright as the summer sky. Elara gasped in wonder as the creature tilted its head, studying her with a mixture"
conv_f2ddc5e921694149b31463498101fd61,ai-ai,6,5,True,author_1,ai,author_1,ai,True,ai,"of mischief and kindness. It spoke in a voice like wind chimes, ""Elara, you have answered the forest's call. Beyond this place lies a secret path, one only"
conv_f2ddc5e921694149b31463498101fd61,ai-ai,6,5,True,author_1,ai,author_2,ai,False,ai,"the truly brave may walk. Will you trust the woods and follow me?"" Without hesitation, Elara nodded, feeling the thrill of adventure spark within her chest. The creature fluttered"
conv_f2ddc5e921694149b31463498101fd61,ai-ai,7,6,True,author_1,ai,author_1,ai,True,ai,"ahead, its wings painting streaks of light that revealed a winding trail hidden beneath tangled roots and silver leaves. Elara followed, her fears melting away with each step. The trees began"
conv_f2ddc5e921694149b31463498101fd61,ai-ai,7,6,True,author_1,ai,author_2,ai,False,ai,"to part, revealing a moonlit clearing where ancient stones encircled a shimmering pool. The creature hovered above the water, beckoning her forward. “Here,"
conv_f2ddc5e921694149b31463498101fd61,ai-ai,8,7,True,author_1,ai,author_1,ai,True,ai,"in this sacred place, your courage will awaken magic forgotten by the world,” it whispered, its glow brightening. Elara stepped toward the pool, feeling the warmth of possibility rise within"
conv_f2ddc5e921694149b31463498101fd61,ai-ai,8,7,True,author_1,ai,author_2,ai,False,ai,"her. She knelt at the water’s edge, palms pressed to the smooth stones, and closed her eyes. In the reflection, the forest’s"
conv_f2ddc5e921694149b31463498101fd61,ai-ai,9,8,True,author_1,ai,author_1,ai,True,ai,"secrets shimmered to life: images of hidden doorways, whispered promises, and the laughter of beings unseen. Elara opened her eyes and saw her own face surrounded by light, the"
conv_f2ddc5e921694149b31463498101fd61,ai-ai,9,8,True,author_1,ai,author_2,ai,False,ai,"magical creatures now gathering in a circle around her. In that moment, Elara understood—she had become part of the Whispering Woods’ story, bound to its ancient magic and"
conv_f2ddc5e921694149b31463498101fd61,ai-ai,10,9,True,author_1,ai,author_1,ai,True,ai,"welcomed as its new guardian. The blue-winged guide perched gently on her shoulder, and every creature in the clearing bowed as sunbeams broke through the trees."
conv_f2ddc5e921694149b31463498101fd61,ai-ai,10,9,True,author_1,ai,author_2,ai,False,ai,"With a grateful smile, Elara rose, feeling the quiet strength of the woods pulse through her heart. She promised to protect its wonders and listen to its songs, for she"
conv_fa25b39e0e4d408c9d4c4f4648a5b636,ai-ai,1,,True,author_1,ai,author_1,ai,True,ai,"Mara, who found a door in the subway tunnel that shouldn't have existed. She'd been waiting on the platform at 2 AM when she"
conv_fa25b39e0e4d408c9d4c4f4648a5b636,ai-ai,1,,True,author_1,ai,author_2,ai,False,ai,noticed it—a wooden door set into the grimy tile wall between two advertisement panels. Not a maintenance door. Not a utility access. Just a door with
conv_fa25b39e0e4d408c9d4c4f4648a5b636,ai-ai,2,1,True,author_1,ai,author_1,ai,True,ai,"a brass handle shaped like a curled fern, its surface warm to the touch despite the tunnel's dank chill. Mara glanced over her"
conv_fa25b39e0e4d408c9d4c4f4648a5b636,ai-ai,2,1,True,author_1,ai,author_2,ai,False,ai,"shoulder. The platform remained empty, the fluorescent lights buzzing their lonely electric hymn. She pressed her ear against the wood and heard something impossible—birdsong,"
conv_fa25b39e0e4d408c9d4c4f4648a5b636,ai-ai,3,2,True,author_1,ai,author_1,ai,True,ai,"and the distant rush of water over stones. Her rational mind catalogued all the reasons this made no sense: thirty feet of earth and concrete above, the rumble of the city, the"
conv_fa25b39e0e4d408c9d4c4f4648a5b636,ai-ai,3,2,True,author_1,ai,author_2,ai,False,ai,"complete absence of any ecosystem that could sustain such sounds. Yet the brass fern seemed to pulse with warmth beneath her palm, almost like a heartbeat. Mara"
conv_fa25b39e0e4d408c9d4c4f4648a5b636,ai-ai,4,3,True,author_1,ai,author_1,ai,True,ai,"turned the handle. The door swung inward without resistance, revealing not a maintenance closet or another tunnel, but a forest path dappled with sunlight that had"
conv_fa25b39e0e4d408c9d4c4f4648a5b636,ai-ai,4,3,True,author_1,ai,author_2,ai,False,ai,"no business existing underground. The air that wafted out carried the scent of moss and wild honeysuckle, so vivid it made her subway station smell"
conv_fa25b39e0e4d408c9d4c4f4648a5b636,ai-ai,5,4,True,author_1,ai,author_1,ai,True,ai,"like a distant memory already fading. Mara stepped through, one foot and then the other, feeling soil give beneath her shoes instead of concrete. Behind her,"
conv_fa25b39e0e4d408c9d4c4f4648a5b636,ai-ai,5,4,True,author_1,ai,author_2,ai,False,ai,"the door remained open, framing the fluorescent-lit platform like a television screen showing some other person's dreary life. She took three more steps, then five, watching the"
conv_fa25b39e0e4d408c9d4c4f4648a5b636,ai-ai,6,5,True,author_1,ai,author_1,ai,True,ai,"trees grow denser around her, their canopy filtering golden light that couldn't possibly come from any sun she knew. A narrow stream materialized beside the path, its water so"
conv_fa25b39e0e4d408c9d4c4f4648a5b636,ai-ai,6,5,True,author_1,ai,author_2,ai,False,ai,"clear she could count the smooth pebbles lining its bed, each one seeming to glow faintly from within. Mara knelt and dipped"
conv_fa25b39e0e4d408c9d4c4f4648a5b636,ai-ai,7,6,True,author_1,ai,author_1,ai,True,ai,"her fingers into the current. The water felt like silk and electricity combined, sending a tingling sensation up her arm that wasn't unpleasant—just unfamiliar,"
conv_fa25b39e0e4d408c9d4c4f4648a5b636,ai-ai,7,6,True,author_1,ai,author_2,ai,False,ai,"like remembering a language she'd never learned. When she pulled her hand back, droplets clung to her skin and evaporated into tiny sparks of"
conv_fa25b39e0e4d408c9d4c4f4648a5b636,ai-ai,8,7,True,author_1,ai,author_1,ai,True,ai,"light that drifted upward like reverse rain. A voice called from deeper in the forest—her own voice, but older somehow, seasoned with years she hadn't yet"
conv_fa25b39e0e4d408c9d4c4f4648a5b636,ai-ai,8,7,True,author_1,ai,author_2,ai,False,ai,"lived. ""You're earlier than I expected,"" it said, and through the trees Mara glimpsed a figure approaching, wearing her face beneath"
conv_fa25b39e0e4d408c9d4c4f4648a5b636,ai-ai,9,8,True,author_1,ai,author_1,ai,True,ai,"silver-threaded hair. The older Mara smiled with recognition and something like relief. ""I've been tending this place for thirty years, waiting for the night you'd finally"
conv_fa25b39e0e4d408c9d4c4f4648a5b636,ai-ai,9,8,True,author_1,ai,author_2,ai,False,ai,"find the door. Time works differently here—it loops and folds."" She gestured at the impossible forest around them. ""Every choice creates a threshold. You"
conv_fa25b39e0e4d408c9d4c4f4648a5b636,ai-ai,10,9,True,author_1,ai,author_1,ai,True,ai,"stood on that platform every night this week, but only tonight were you ready to see it."" The older Mara extended her hand, and in her palm lay a seed"
conv_fa25b39e0e4d408c9d4c4f4648a5b636,ai-ai,10,9,True,author_1,ai,author_2,ai,False,ai,"that looked like a tiny spiral galaxy, pulsing with the same warm light as the fern-shaped handle. ""This is where it starts,"" she"
conv_facbf30cfd734550a3be5964ab1ff135,ai-ai,1,,True,author_1,ai,author_1,ai,True,ai,"a young woman named Ava, who lived in a small village surrounded by rolling hills and dense forests. She was known throughout the village for her remarkable gift – the ability to"
conv_facbf30cfd734550a3be5964ab1ff135,ai-ai,1,,True,author_1,ai,author_2,ai,False,ai,"communicate with animals. It was a talent that had been passed down through her family for generations, and one that she had honed from a young age. Ava could often"
conv_facbf30cfd734550a3be5964ab1ff135,ai-ai,2,1,True,author_1,ai,author_1,ai,True,ai,"be found in the village square, surrounded by a multitude of creatures, from birds perched on her shoulders to rabbits hopping at her feet. The villagers would often bring"
conv_facbf30cfd734550a3be5964ab1ff135,ai-ai,2,1,True,author_1,ai,author_2,ai,False,ai,"their sick or injured animals to her, seeking her help and guidance in nursing them back to health. Ava's gentle touch and soothing voice had a calming effect on even the"
conv_facbf30cfd734550a3be5964ab1ff135,ai-ai,3,2,True,author_1,ai,author_1,ai,True,ai,"most frightened and aggressive of beasts, and it was not uncommon to see a wounded hawk or a frightened deer standing calmly beside her, as if sensing the deep compassion and understanding that"
conv_facbf30cfd734550a3be5964ab1ff135,ai-ai,3,2,True,author_1,ai,author_2,ai,False,ai,"emanated from her very being. The villagers had grown to trust and rely on Ava's unique gift, and she had become an integral part of their community, a symbol of hope"
conv_facbf30cfd734550a3be5964ab1ff135,ai-ai,4,3,True,author_1,ai,author_1,ai,True,ai,"and healing in a world that often seemed harsh and unforgiving. As she worked her magic on the animals, Ava's own spirit seemed to soar, as if the natural world was responding"
conv_facbf30cfd734550a3be5964ab1ff135,ai-ai,4,3,True,author_1,ai,author_2,ai,False,ai,"to her presence, and the creatures that inhabited it were acknowledging her as one of their own. The trees seemed to lean in closer, their leaves rustling softly in the breeze,"
conv_facbf30cfd734550a3be5964ab1ff135,ai-ai,5,4,True,author_1,ai,author_1,ai,True,ai,"as if sharing ancient secrets with her, and the sunlight filtering through the canopy above cast dappled shadows on the ground, creating a sense of enchantment that was both captivating and"
conv_facbf30cfd734550a3be5964ab1ff135,ai-ai,5,4,True,author_1,ai,author_2,ai,False,ai,"intoxicating, drawing Ava deeper into the mystical world that lay just beyond the edge of everyday reality. It was as if she had stumbled into a hidden realm, one that was full of"
conv_facbf30cfd734550a3be5964ab1ff135,ai-ai,6,5,True,author_1,ai,author_1,ai,True,ai,"hidden wonders and untold mysteries, where the boundaries between humans and animals, between the physical and the spiritual, began to blur and dissolve. In this realm, Ava felt"
conv_facbf30cfd734550a3be5964ab1ff135,ai-ai,6,5,True,author_1,ai,author_2,ai,False,ai,"a profound sense of belonging, as if she had finally found her true home, a place where her heart and soul could roam free, unencumbered by the constraints of"
conv_facbf30cfd734550a3be5964ab1ff135,ai-ai,7,6,True,author_1,ai,author_1,ai,True,ai,"the mundane world, where she could let her spirit soar on the wings of the creatures that had become her closest companions, and where the whispers of the forest, the songs of"
conv_facbf30cfd734550a3be5964ab1ff135,ai-ai,7,6,True,author_1,ai,author_2,ai,False,ai,"the birds, and the rustling of leaves all blended together in a symphony of sound that was both familiar and yet utterly magical, a language that only she could understand,"
conv_facbf30cfd734550a3be5964ab1ff135,ai-ai,8,7,True,author_1,ai,author_1,ai,True,ai,"a language that spoke directly to her heart, awakening a deep sense of wisdom and knowledge that had been dormant within her, waiting to be unleashed, and as she listened to this mystical melody,"
conv_facbf30cfd734550a3be5964ab1ff135,ai-ai,8,7,True,author_1,ai,author_2,ai,False,ai,"Ava felt the threads of her own destiny begin to weave together, forming a tapestry of purpose and meaning that was at once beautiful and terrifying, for she knew that she"
conv_facbf30cfd734550a3be5964ab1ff135,ai-ai,9,8,True,author_1,ai,author_1,ai,True,ai,"was being called to embark on a great journey, one that would take her to the farthest reaches of the mystical realm, and beyond, a journey that would require her to summon all"
conv_facbf30cfd734550a3be5964ab1ff135,ai-ai,9,8,True,author_1,ai,author_2,ai,False,ai,"her courage, wisdom, and heart, and to trust in the ancient magic that flowed through her veins, for she was about to become the guardian of a long-forgotten secret, one"
conv_facbf30cfd734550a3be5964ab1ff135,ai-ai,10,9,True,author_1,ai,author_1,ai,True,ai,"that had been hidden for centuries, waiting for the right moment to be revealed, and as Ava stood at the threshold of this new chapter in her life, the creatures of"
conv_facbf30cfd734550a3be5964ab1ff135,ai-ai,10,9,True,author_1,ai,author_2,ai,False,ai,"the forest gathered around her, their eyes shining with a deep understanding, as if they knew that she was ready to receive the truth, and with a soft rustling of leaves,"
conv_ff5282570c5a4bfda8b8840e73065641,ai-ai,1,,True,author_1,ai,author_1,ai,True,ai,"Eliana, a young woman with a heart full of dreams and a mind brimming with curiosity. She lived in a small village nestled at the foot of the towering"
conv_ff5282570c5a4bfda8b8840e73065641,ai-ai,1,,True,author_1,ai,author_2,ai,False,ai,"Mystic Mountains. The village, known as Eldoria, was a place where ancient traditions and modern whispers intertwined. Eliana spent her days wandering through the lush forests and meandering"
conv_ff5282570c5a4bfda8b8840e73065641,ai-ai,2,1,True,author_1,ai,author_1,ai,True,ai,"streams, always on the lookout for new wonders to discover. Her favorite spot was an old oak tree at the edge of the forest, where she would sit and sketch the vibrant"
conv_ff5282570c5a4bfda8b8840e73065641,ai-ai,2,1,True,author_1,ai,author_2,ai,False,ai,"flora and fauna in her notebook. One crisp morning, as the sun painted the sky in hues of orange and pink, Eliana noticed something peculiar—a faint,"
conv_ff5282570c5a4bfda8b8840e73065641,ai-ai,3,2,True,author_1,ai,author_1,ai,True,ai,"glowing trail that seemed to lead into the deeper parts of the forest. Intrigued, she followed the luminous path, her heart pounding with excitement and a touch"
conv_ff5282570c5a4bfda8b8840e73065641,ai-ai,3,2,True,author_1,ai,author_2,ai,False,ai,"of trepidation. The trail wound through dense undergrowth and over rocky outcrops, leading her to a hidden clearing she had never seen before. In the center of"
conv_ff5282570c5a4bfda8b8840e73065641,ai-ai,4,3,True,author_1,ai,author_1,ai,True,ai,"the clearing stood a stone altar, surrounded by a circle of ancient, gnarled trees. The air was thick with an otherworldly silence, and the glow from"
conv_ff5282570c5a4bfda8b8840e73065641,ai-ai,4,3,True,author_1,ai,author_2,ai,False,ai,"the trail coalesced into a soft, pulsating light above the altar. As Eliana approached, the light seemed to pulse in rhythm with her heartbeat. She reached out, her"
conv_ff5282570c5a4bfda8b8840e73065641,ai-ai,5,4,True,author_1,ai,author_1,ai,True,ai,"fingers trembling, and touched the cool surface of the altar. Suddenly, the light burst into a dazzling display of colors, and a gentle voice whispered, ""Seek the"
conv_ff5282570c5a4bfda8b8840e73065641,ai-ai,5,4,True,author_1,ai,author_2,ai,False,ai,"Heart of the Forest, and you shall find what you seek."" The words echoed in Eliana's mind, filling her with a sense of purpose. She knew that this journey would"
conv_ff5282570c5a4bfda8b8840e73065641,ai-ai,6,5,True,author_1,ai,author_1,ai,True,ai,"be the adventure of a lifetime, one that would test her courage and uncover the secrets she had always yearned to discover. With a deep breath, Eliana set off"
conv_ff5282570c5a4bfda8b8840e73065641,ai-ai,6,5,True,author_1,ai,author_2,ai,False,ai,"into the unknown, her heart alight with determination and her spirit ready for whatever lay ahead. The forest seemed to come alive around her, as if the very trees were"
conv_ff5282570c5a4bfda8b8840e73065641,ai-ai,7,6,True,author_1,ai,author_1,ai,True,ai,"whispering encouragement. As she ventured deeper, the path grew more treacherous, but Eliana's resolve only strengthened. She knew that the Heart of the Forest held the"
conv_ff5282570c5a4bfda8b8840e73065641,ai-ai,7,6,True,author_1,ai,author_2,ai,False,ai,"answers she sought, and nothing would deter her from reaching it. The air grew cooler, and the light dimmed, but the glow from the trail remained, guiding her through the"
conv_ff5282570c5a4bfda8b8840e73065641,ai-ai,8,7,True,author_1,ai,author_1,ai,True,ai,"darkest parts of the forest. Finally, after what felt like hours, Eliana emerged into a breathtaking glade bathed in a warm, golden light. At the center, a majestic"
conv_ff5282570c5a4bfda8b8840e73065641,ai-ai,8,7,True,author_1,ai,author_2,ai,False,ai,"tree stood tall, its branches reaching towards the sky like the arms of a guardian. The trunk was wide and ancient, and at its base, a small, glowing crystal rested on a"
conv_ff5282570c5a4bfda8b8840e73065641,ai-ai,9,8,True,author_1,ai,author_1,ai,True,ai,"bed of soft moss. Eliana approached the crystal, her heart swelling with a mix of awe and fulfillment. As she picked it up, the forest around her seemed to sigh,"
conv_ff5282570c5a4bfda8b8840e73065641,ai-ai,9,8,True,author_1,ai,author_2,ai,False,ai,"as if a long-held secret had finally been revealed. The crystal pulsed in her hand, and she felt a surge of energy coursing through her. In that moment,"
conv_ff5282570c5a4bfda8b8840e73065641,ai-ai,10,9,True,author_1,ai,author_1,ai,True,ai,"Eliana understood that the Heart of the Forest was not just a physical object, but a symbol of the interconnectedness of all living things. With the crystal in hand, she knew"
conv_ff5282570c5a4bfda8b8840e73065641,ai-ai,10,9,True,author_1,ai,author_2,ai,False,ai,"that she could bring the wisdom and magic of the forest back to Eldoria. As she made her way back through the trail, the forest seemed to part for her, and"
