timestamp,author_1,author_2,conversation_id,respondent_id,interaction_count,llm_type,condition,source_conversation_id,turn,starter,author_1_text_qc_char_count,author_1_text_qc_nonspace_chars,author_1_text_qc_letter_chars,author_1_text_qc_word_chars,author_1_text_qc_word_count,author_1_text_qc_alpha_ratio,author_1_text_qc_symbol_ratio,author_1_text_qc_keyboard_pattern_ratio,author_1_text_qc_word_vowel_ratio,author_1_text_qc_long_no_vowel_tokens,author_1_text_qc_longest_token_chars,author_1_text_qc_flagged,author_1_text_qc_reasons,text_qc_flagged,text_qc_reasons,author_1_raw,author_1_edit_distance,spell_correction_excessive_edit,author_1_type,author_2_type,starter_side,starter_type,complete_exchange,analysis_turn
2025-11-13 12:34:34.539000+00:00,There once was a young woman who had trust issues. She had been betrayed by her ex-boyfriend who cheated on her.,"with her best friend, leaving her feeling shattered and vulnerable. The experience had made her wary of opening up to anyone new, and she found herself constantly questioning the motives of those",conv_006cb479-ccd3-40d1-83fb-4b614573f636,A89X12UN9Y1T,1.0,3,human-ai,conv_006cb479-ccd3-40d1-83fb-4b614573f636,1.0,author_1,111.0,91.0,89.0,89.0,22.0,0.978021978021978,0.02197802197802198,0.0,1.0,0.0,9.0,False,,False,,There once was a young woman who had trust issues. She had been betrayed by her ex-boyfriend who cheated on her,1,False,human,ai,author_1,human,True,
2025-11-13 12:36:05.046000+00:00,who claimed they loved her. This made her hard to reach but also very lonely. She was lonely like this for many years but finally she decided,"to take a chance and start attending social events again, hoping to meet someone who could help her heal and learn to trust once more. It was at one of these events,",conv_006cb479-ccd3-40d1-83fb-4b614573f636,A89X12UN9Y1T,2.0,3,human-ai,conv_006cb479-ccd3-40d1-83fb-4b614573f636,2.0,author_1,141.0,115.0,113.0,113.0,27.0,0.9826086956521739,0.017391304347826087,0.0,1.0,0.0,7.0,False,,False,,who claimed they loved her. This made her hard to reach but also very lonely. She was lonely like this for many years but finally she decided,0,False,human,ai,author_1,human,True,1
2025-11-13 12:37:38.170000+00:00,that she met another young woman just like herself who also had trust issues. They met many times without ever talking much or becoming close.,"until one evening, when they both found themselves sitting alone at a small café, each lost in their own thoughts. The atmosphere was quiet and intimate, and somehow, it seemed",conv_006cb479-ccd3-40d1-83fb-4b614573f636,A89X12UN9Y1T,3.0,3,human-ai,conv_006cb479-ccd3-40d1-83fb-4b614573f636,3.0,author_1,145.0,120.0,118.0,118.0,26.0,0.9833333333333333,0.016666666666666666,0.0,1.0,0.0,8.0,False,,False,,that she meet another young woman just like her self who also had trust issues. They meet many times without ever talking much or becoming close.,3,False,human,ai,author_1,human,True,2
2025-11-13 12:39:04.145000+00:00,as if they were destined to meet. They started talking and soon found out they had a lot in common. They started meeting more and over time they,"developed a deep and meaningful connection, one that was built on mutual understanding and respect. They shared their stories, their fears, and their dreams with each other, and as",conv_006cb479-ccd3-40d1-83fb-4b614573f636,A89X12UN9Y1T,4.0,3,human-ai,conv_006cb479-ccd3-40d1-83fb-4b614573f636,4.0,author_1,145.0,118.0,116.0,116.0,28.0,0.9830508474576272,0.01694915254237288,0.0,1.0,0.0,8.0,False,,False,,as if they where destined to meet. They started talking and soon found out they had a lot in common. They started meeting more and over time they,1,False,human,ai,author_1,human,True,3
2025-11-13 12:40:11.365000+00:00,time went on their connection became more than just friendship it became love. For a long time they,"had been afraid to acknowledge the true nature of their feelings, fearing that it might ruin the beautiful bond they had established. But as they looked into each other's eyes, they",conv_006cb479-ccd3-40d1-83fb-4b614573f636,A89X12UN9Y1T,5.0,3,human-ai,conv_006cb479-ccd3-40d1-83fb-4b614573f636,5.0,author_1,100.0,83.0,82.0,82.0,18.0,0.9879518072289156,0.012048192771084338,0.0,1.0,0.0,10.0,False,,False,,time whent on their connection became more than just friendship it became love. For a long time they,1,False,human,ai,author_1,human,True,4
2025-11-13 12:41:41.674000+00:00,knew exactly what the other person was feeling. They finally burst free of their prisons of isolation and opened up for love.,"and allowed themselves to be vulnerable, to trust, and to surrender to the beauty of their relationship. As they embraced each other, they felt a sense of freedom and joy that",conv_006cb479-ccd3-40d1-83fb-4b614573f636,A89X12UN9Y1T,6.0,3,human-ai,conv_006cb479-ccd3-40d1-83fb-4b614573f636,6.0,author_1,126.0,105.0,104.0,104.0,22.0,0.9904761904761905,0.009523809523809525,0.0,1.0,0.0,9.0,False,,False,,knew excaktly what the other person was feeling. They finally burst free of their prisons of isolation and oppened up for love,4,False,human,ai,author_1,human,True,5
2025-11-13 12:42:58.048000+00:00,they hadn't felt in ages. However they were out of training in trusting and their relationship,"was put to the test as they navigated the complexities of intimacy, communication, and compromise. They stumbled upon old patterns and fears, but this time, they had each other",conv_006cb479-ccd3-40d1-83fb-4b614573f636,A89X12UN9Y1T,7.0,3,human-ai,conv_006cb479-ccd3-40d1-83fb-4b614573f636,7.0,author_1,97.0,82.0,80.0,80.0,17.0,0.975609756097561,0.024390243902439025,0.0,0.9411764705882353,0.0,13.0,False,,False,,they haden't felt in ages. However they where out of training in trusting and their relationsship,3,False,human,ai,author_1,human,True,6
2025-11-13 12:44:29.885000+00:00,They were determined to not let this relationship be destroyed as well and in the end they succeeded. They,"built a life together, one that was filled with love, laughter, and a deep understanding of each other's strengths and weaknesses. They proved to themselves that they were capable of",conv_006cb479-ccd3-40d1-83fb-4b614573f636,A89X12UN9Y1T,8.0,3,human-ai,conv_006cb479-ccd3-40d1-83fb-4b614573f636,8.0,author_1,108.0,89.0,87.0,87.0,19.0,0.9775280898876404,0.02247191011235955,0.0,1.0,0.0,12.0,False,,False,,. They where determined to not let this relationship be destroyed as well and in the end they succeded. They,4,False,human,ai,author_1,human,True,7
2025-11-13 12:46:03.031000+00:00,overcoming obstacles and regaining trust in humans. Their relationship also allowed them to open more up to other humans and form meaningful,"connections with others, and as they looked back on their journey, they realized that their love had been the catalyst for a profound transformation, one that had brought healing, growth,",conv_006cb479-ccd3-40d1-83fb-4b614573f636,A89X12UN9Y1T,9.0,3,human-ai,conv_006cb479-ccd3-40d1-83fb-4b614573f636,9.0,author_1,140.0,119.0,118.0,118.0,22.0,0.9915966386554622,0.008403361344537815,0.0,1.0,0.0,12.0,False,,False,,overcoming obstacles and regaining trust i humans. Their relationship also allowed them to open more up to other humans and form meaningfull,2,False,human,ai,author_1,human,True,8
2026-02-26 16:39:58.971000+00:00,Outside her window the storm was raging. Trees moving mechanically in the wind under the loud drumming sound of water drops falling.,"Outside her window, the storm was raging. Trees moved mechanically in the wind, the loud drumming of water drops falling against the glass. Inside, the house was quiet,",conv_02b6fce3-98d8-456f-b0e8-3708b9ca1968,6TPD1ZJ84YUA,1.0,4,human-ai,conv_02b6fce3-98d8-456f-b0e8-3708b9ca1968,1.0,author_1,131.0,110.0,109.0,109.0,22.0,0.990909090909091,0.00909090909090909,0.0,1.0,0.0,12.0,False,,False,,Outside her window the storm was raging. Trees moving mechanically in the wind under the loud drumming sound of water drops falling,1,False,human,ai,author_1,human,True,
2026-02-26 16:41:54.724000+00:00,"a dim candlelight stood dancing on the windowsill. She was reading a book, not paying much attention to the dark surroundings of","the room. The flickering flame cast shadows on the walls, creating a dance of light and darkness. Lost in the pages, she barely noticed the growing intensity of the storm",conv_02b6fce3-98d8-456f-b0e8-3708b9ca1968,6TPD1ZJ84YUA,2.0,4,human-ai,conv_02b6fce3-98d8-456f-b0e8-3708b9ca1968,2.0,author_1,128.0,107.0,105.0,105.0,22.0,0.9813084112149533,0.018691588785046728,0.0,1.0,0.0,12.0,False,,False,,"a dim candlelight stood dancing on the windowsill. She was reading a book, not paying much attention to the dark surroundings of",0,False,human,ai,author_1,human,True,1
2026-02-26 16:45:11.678000+00:00,"Her cat lay snoring on the warm blanket covering her feet. Suddenly, a loud sound came from the kitchen and she let out a short","squeak, her heart racing. She marked her page and set the book down, listening intently. The house creaked around her, but the silence that followed",conv_02b6fce3-98d8-456f-b0e8-3708b9ca1968,6TPD1ZJ84YUA,3.0,4,human-ai,conv_02b6fce3-98d8-456f-b0e8-3708b9ca1968,3.0,author_1,128.0,104.0,102.0,102.0,25.0,0.9807692307692307,0.019230769230769232,0.0,1.0,0.0,8.0,False,,False,,"Her cat laid snoring on the warm blanket covering her feet. Suddenly, a loud sound came from the kitchen and she let out a short",2,False,human,ai,author_1,human,True,2
2026-02-26 16:46:23.795000+00:00,"was deafening. She was alone for the weekend, her husband away for business on a fancy trip to New York. She didn't mind though, being alone had never bothered her. But","the sudden noise was unsettling. Gathering her courage, she got up, the cat stirring but not waking. She tiptoed to the kitchen, the floorboards protesting softly under",conv_02b6fce3-98d8-456f-b0e8-3708b9ca1968,6TPD1ZJ84YUA,4.0,4,human-ai,conv_02b6fce3-98d8-456f-b0e8-3708b9ca1968,4.0,author_1,168.0,138.0,132.0,132.0,32.0,0.9565217391304348,0.043478260869565216,0.0,0.96875,0.0,9.0,False,,False,,"was deafening. She was alone for the weekend, her husband away for business on a fancy trip to New York. She didn't mind though, being alone had never bothered her. But",0,False,human,ai,author_1,human,True,3
2026-02-26 16:47:51.488000+00:00,"bare feet. She grabbed the candlelight from the windowsill as she approached the kitchen with slow, steady steps. It must have been the","wind, she told herself, trying to calm her nerves. As she neared the kitchen, the flickering light revealed nothing out of place at first. Then, she noticed",conv_02b6fce3-98d8-456f-b0e8-3708b9ca1968,6TPD1ZJ84YUA,5.0,4,human-ai,conv_02b6fce3-98d8-456f-b0e8-3708b9ca1968,5.0,author_1,135.0,113.0,110.0,110.0,23.0,0.9734513274336283,0.02654867256637168,0.0,1.0,0.0,11.0,False,,False,,"bare feet. She grabbed the candlelight from the windowsill as she approached the kitchen with slow, steady steps. It must have been the",0,False,human,ai,author_1,human,True,4
2026-02-26 16:49:12.655000+00:00,"a dark shadow in the corner of the kitchen. It was almost unnoticeable at first, but she could have sworn there was movement. She stood still for a","moment, her breath held. The shadow seemed to shift again, and a chill ran down her spine. She reached for the nearest object—a wooden spoon—and raised it defensively,",conv_02b6fce3-98d8-456f-b0e8-3708b9ca1968,6TPD1ZJ84YUA,6.0,4,human-ai,conv_02b6fce3-98d8-456f-b0e8-3708b9ca1968,6.0,author_1,147.0,120.0,117.0,117.0,28.0,0.975,0.025,0.0,1.0,0.0,12.0,False,,False,,"a dark shadow in the corner of the kitchen. It was almost unnoticeable at first, but she could have sworn there was movement. She stood still for a",0,False,human,ai,author_1,human,True,5
2026-02-26 16:50:47.944000+00:00,"Something was staring back at her. Golden eyes, ridden with malice. She could tell. She had always been good at reading people. A sixth sense, her","husband often teased her about. The eyes belonged to something not quite human, and her heart pounded in her chest. She swallowed hard, trying to steady herself. ""Who",conv_02b6fce3-98d8-456f-b0e8-3708b9ca1968,6TPD1ZJ84YUA,7.0,4,human-ai,conv_02b6fce3-98d8-456f-b0e8-3708b9ca1968,7.0,author_1,146.0,121.0,115.0,115.0,26.0,0.9504132231404959,0.049586776859504134,0.0,1.0,0.0,9.0,False,,False,,"Something was staring back at her. Golden eyes, ridden with malice. She could tell. She had always been good at reading people. A sixth sense, her",0,False,human,ai,author_1,human,True,6
2026-02-26 16:51:45.541000+00:00,"are you? What do you want? Her voice was much quieter than anticipated, almost as if the words could not find their way. She","forced herself to speak again, this time with more conviction. ""I know you're there. Show yourself."" The tension in the room was palpable, and the only response",conv_02b6fce3-98d8-456f-b0e8-3708b9ca1968,6TPD1ZJ84YUA,8.0,4,human-ai,conv_02b6fce3-98d8-456f-b0e8-3708b9ca1968,8.0,author_1,125.0,102.0,98.0,98.0,24.0,0.9607843137254902,0.0392156862745098,0.0,1.0,0.0,11.0,False,,False,,"are you? What do you want? Her voice were much quieter than anticipated, almost as if the words could not find their way. She",3,False,human,ai,author_1,human,True,7
2026-02-26 16:53:04.612000+00:00,"was more silence. Before she could even react, a dark creature, hideous beyond imagination, jumped out of the shadows with an","ear-splitting screech. She screamed and swung the wooden spoon, more out of reflex than anything else. The creature dodged easily, its eyes gleaming with a",conv_02b6fce3-98d8-456f-b0e8-3708b9ca1968,6TPD1ZJ84YUA,9.0,4,human-ai,conv_02b6fce3-98d8-456f-b0e8-3708b9ca1968,9.0,author_1,125.0,105.0,101.0,101.0,21.0,0.9619047619047619,0.0380952380952381,0.0,1.0,0.0,11.0,False,,False,,"was more silence. Before she could even react, a dark creature, hideous beyond imagination, jumped out of the shadows with an",0,False,human,ai,author_1,human,True,8
2025-11-11 16:09:45.732000+00:00,,"a lighthouse keeper who forgot how to sleep.

Mara had tended the beacon on Skellig Point for seven years, watching ships pass",conv_07ec1a21-00a8-494b-9747-ef2f719abd5a,4MY88EZZ8LCW,1.0,2,human-ai,conv_07ec1a21-00a8-494b-9747-ef2f719abd5a,1.0,author_2,0.0,0.0,0.0,0.0,0.0,0.0,0.0,0.0,0.0,0.0,0.0,False,protocol_empty,False,,,0,False,human,ai,author_2,ai,False,
2025-11-11 16:12:59.933000+00:00,"She looked at the dark sea, waiting for a sign of movement that was coming closer. One night a large cruise line lit up the night. She almost felt blinded.","by the thousand glowing portholes, each one a tiny world of laughter and music drifting across the water. The vessel moved like a floating city, imposs",conv_07ec1a21-00a8-494b-9747-ef2f719abd5a,4MY88EZZ8LCW,2.0,2,human-ai,conv_07ec1a21-00a8-494b-9747-ef2f719abd5a,2.0,author_2,151.0,124.0,121.0,121.0,28.0,0.9758064516129032,0.024193548387096774,0.0,1.0,0.0,10.0,False,,False,,"She looked at the dark sea, waiting for sign of movement that was coming closer. One night a large cruiseline lit up the night. She almost felt blinded",4,False,human,ai,author_2,ai,True,1
2025-11-11 16:15:17.707000+00:00,"impossible to miss. Usually the water was calm, only a handful of ships passing by. This was not usual. Even the lights were glimmering.","strangely—pulsing in rhythms that didn't match the waves. Mara pressed her face against the cold glass of the lighthouse gallery, her breath fo",conv_07ec1a21-00a8-494b-9747-ef2f719abd5a,4MY88EZZ8LCW,3.0,2,human-ai,conv_07ec1a21-00a8-494b-9747-ef2f719abd5a,3.0,author_2,135.0,112.0,108.0,108.0,24.0,0.9642857142857143,0.03571428571428571,0.0,1.0,0.0,10.0,False,,False,,"impossible to miss. Usually the water was calm, only a handful of ships passing by. This was not usual. Even the lights were glimmering",1,False,human,ai,author_2,ai,True,2
2025-11-11 16:18:12.806000+00:00,"foggy in the chill night air. Without knowing why she grabbed the flashlight from the table and put the red lights on it, pointing it toward the ship. From one","of the upper decks, an answering flash—red, then red again, then darkness. Her heart quickened. In seven years, no ship had ever responded to",conv_07ec1a21-00a8-494b-9747-ef2f719abd5a,4MY88EZZ8LCW,4.0,2,human-ai,conv_07ec1a21-00a8-494b-9747-ef2f719abd5a,4.0,author_2,159.0,130.0,127.0,127.0,30.0,0.9769230769230769,0.023076923076923078,0.0,1.0,0.0,10.0,False,,False,,"foggy in the chill night air. Without knowing why she grabbed the flashlight from the table and put the red lights on it, pointing it toward the ship. From one",0,False,human,ai,author_2,ai,True,3
2025-11-11 16:20:10.304000+00:00,"her, when she flashed the red lights. Lighthouses were somehow less relevant these days, but she had inherited this one from her uncle. In his will there had been","a sealed letter marked ""Open only when the red ship answers."" She'd laughed at the time, thinking it another of Uncle Gareth's eccentricities.",conv_07ec1a21-00a8-494b-9747-ef2f719abd5a,4MY88EZZ8LCW,5.0,2,human-ai,conv_07ec1a21-00a8-494b-9747-ef2f719abd5a,5.0,author_2,162.0,134.0,130.0,130.0,29.0,0.9701492537313433,0.029850746268656716,0.0,1.0,0.0,11.0,False,,False,,"her, when she flashed the red lights. Lighthouses were somehow less relevent these days, but she had inherited this one from her uncle. In his will there had been",1,False,human,ai,author_2,ai,True,4
2025-11-11 16:22:39.434000+00:00,She got up quickly and found the letter in a drawer. Her hands were shaking with excitement as she dragged a finger along the envelope's edge to open it and pulled.,"the yellowed paper free. Uncle Gareth's spidery handwriting covered the page:

*Mara, if you're reading this, they've finally",conv_07ec1a21-00a8-494b-9747-ef2f719abd5a,4MY88EZZ8LCW,6.0,2,human-ai,conv_07ec1a21-00a8-494b-9747-ef2f719abd5a,6.0,author_2,163.0,133.0,131.0,131.0,32.0,0.9849624060150376,0.015037593984962405,0.0,0.96875,0.0,10.0,False,,False,,She got up quickly and found the letter in a drawer. Her hands were shaking with excitement as she dragged a finger along the envelope's edge to open it and pulled,1,False,human,ai,author_2,ai,True,5
2025-11-11 16:34:58.536000+00:00,"found a way to cross into our world. You need to find a way to get on board the ship, find a woman named Hilda and tell her to",stop the engine before midnight. She'll know what it means. Trust no one else. The dinghy is ready—I've kept it maintained for this moment. The,conv_07ec1a21-00a8-494b-9747-ef2f719abd5a,4MY88EZZ8LCW,7.0,2,human-ai,conv_07ec1a21-00a8-494b-9747-ef2f719abd5a,7.0,author_2,125.0,98.0,96.0,96.0,28.0,0.9795918367346939,0.02040816326530612,0.0,1.0,0.0,7.0,False,,False,,"found a way to cross into our world. You need to find a way to get onboard the ship, find a woman named Hilda and tell her to",1,False,human,ai,author_2,ai,True,6
2025-11-11 16:37:09.512000+00:00,"moment the engine has been turned off, get out of there and return to safety here in the lighthouse. All will be well. Sincerely, Gareth."" Mara looked at the","clock—11:17 PM. Forty-three minutes. 

She grabbed her uncle's old peacoat from the hook and raced down the spiral stairs",conv_07ec1a21-00a8-494b-9747-ef2f719abd5a,4MY88EZZ8LCW,8.0,2,human-ai,conv_07ec1a21-00a8-494b-9747-ef2f719abd5a,8.0,author_2,157.0,129.0,123.0,123.0,29.0,0.9534883720930233,0.046511627906976744,0.0,1.0,0.0,10.0,False,,False,,"moment the engine has been turned off, get out of there and return to safety here in the lighthouse. All will be well. Sincerely, Gareth."" Mara looked at the",0,False,human,ai,author_2,ai,True,7
2025-11-11 16:38:57.026000+00:00,to get to the dinghy. She could make it if she rowed fast but something told her she would have to be quiet too. Sliding into the small boat she began,"to row with long, steady strokes, muffling the oars as best she could. The cruise ship loomed larger with each pull, its strange pulsing",conv_07ec1a21-00a8-494b-9747-ef2f719abd5a,4MY88EZZ8LCW,9.0,2,human-ai,conv_07ec1a21-00a8-494b-9747-ef2f719abd5a,9.0,author_2,150.0,120.0,118.0,118.0,31.0,0.9833333333333333,0.016666666666666666,0.0,1.0,0.0,9.0,False,,False,,to get to the dinghy. She could make it if she rowed fast but something told her she would have to be quiet too. Sliding into the small boat she began,0,False,human,ai,author_2,ai,True,8
2025-11-06 12:16:16.855000+00:00,"John Cena, the famous wrestler also known for his famous war cry LET'S FLIP-FLOPPING DO THIS. Which a lot of people","misinterpreted as ""Let's do this,"" but only his true fans knew the authentic phrase that fueled his unrelenting passion for body-slamming his opponents. One day",conv_0bb56093-3033-4615-bb70-ebfa4135589a,VHE1FW23AMCW,1.0,3,human-ai,conv_0bb56093-3033-4615-bb70-ebfa4135589a,1.0,author_1,112.0,93.0,91.0,91.0,20.0,0.978494623655914,0.021505376344086023,0.0,1.0,0.0,12.0,False,,False,,"John Cena, the famous wrestler also known for his famous warcry LETS FLIPFLOPPING DO THIS. Which a lot of people",3,False,human,ai,author_1,human,True,
2025-11-06 12:17:02.202000+00:00,"John would take a stroll in his mama van, drop K-dot off, 'cause I know he tryna flock on Sherane tonight. But","little did John know, K-dot, aka Kendrick Lamar, had other plans, and as he stepped out of the mama van, he whispered to John, ""Yo, Cena",conv_0bb56093-3033-4615-bb70-ebfa4135589a,VHE1FW23AMCW,2.0,3,human-ai,conv_0bb56093-3033-4615-bb70-ebfa4135589a,2.0,author_1,110.0,89.0,85.0,85.0,23.0,0.9550561797752809,0.0449438202247191,0.0,0.9565217391304348,0.0,7.0,False,,False,,"John would take a stroll in his mama van, drop K-dot off, cause I know he trynna flock on Sherane tonight. But",2,False,human,ai,author_1,human,True,1
2025-11-06 12:17:59.759000+00:00,"Hair pitch black like the midnight sky Eyes like the jungle, you're something wild Her sweet melody sings","to the rhythm of the African drums, and John's warrior spirit began to stir, as he remembered the enchanting songstress, Sherane, who had captured Kendrick's heart",conv_0bb56093-3033-4615-bb70-ebfa4135589a,VHE1FW23AMCW,3.0,3,human-ai,conv_0bb56093-3033-4615-bb70-ebfa4135589a,3.0,author_1,105.0,88.0,86.0,86.0,19.0,0.9772727272727273,0.022727272727272728,0.0,1.0,0.0,9.0,False,,False,,"Hair pitch black like the midnight sky Eyes like the jungle, you're something wild Her sweet melody sings",0,False,human,ai,author_1,human,True,2
2025-11-06 12:18:18.800000+00:00,"Nothing here changes, seasons go by You said, ""Hello,"" you said, ""Goodbye"" Did you run away? Mariella, where did you go?","The echoes of her name lingered in the air, as John's mind began to wander, recalling the tales Kendrick had shared about his tumultuous relationship with Sherane, but",conv_0bb56093-3033-4615-bb70-ebfa4135589a,VHE1FW23AMCW,4.0,3,human-ai,conv_0bb56093-3033-4615-bb70-ebfa4135589a,4.0,author_1,121.0,100.0,89.0,89.0,21.0,0.89,0.11,0.0,1.0,0.0,8.0,False,,False,,"Nothing here changes, seasons go by You said, ""Hello, "" you said, ""Goodbye"" Did you run away? Mariella, where did you go?",1,False,human,ai,author_1,human,True,3
2025-11-06 12:18:57.034000+00:00,"Okay, I know that's borderline Compton or Paramount ""Well, is it Compton?"" ""No,"" she replied Then quickly started battin' her eyes I strictly had","to have her, and the city lights of Paramount blurred together as John's mama van sped down the boulevard, the sound of Kendrick's storytelling fading into the distance, replaced",conv_0bb56093-3033-4615-bb70-ebfa4135589a,VHE1FW23AMCW,5.0,3,human-ai,conv_0bb56093-3033-4615-bb70-ebfa4135589a,5.0,author_1,143.0,120.0,110.0,110.0,25.0,0.9166666666666666,0.08333333333333333,0.0,0.96,0.0,10.0,False,,False,,"Okay, I know that's borderline Compton or Paramount ""Well, is it Compton?"" ""No,"" she replied Then quickly start battin' her eyes I strictly had",2,False,human,ai,author_1,human,True,4
2025-11-06 12:19:21.053000+00:00,"But not enough to stop me from gettin' a nut ""I wanna come over, what's up?"" That's what I told her soon as this episode Of Martin goes off,","the TV screen flickered to black, and John's eyes met Kendrick's, who was grinning mischievously, as if to say, ""You know what's",conv_0bb56093-3033-4615-bb70-ebfa4135589a,VHE1FW23AMCW,6.0,3,human-ai,conv_0bb56093-3033-4615-bb70-ebfa4135589a,6.0,author_1,138.0,110.0,102.0,102.0,31.0,0.9272727272727272,0.07272727272727272,0.0,0.9354838709677419,0.0,7.0,False,,False,,"But not enough to stop me from gettin' a nut ""I wanna come over, what's up?"" That's what I told her soon as this episode Of Martin go off,",2,False,human,ai,author_1,human,True,5
2025-11-06 12:19:42.439000+00:00,"Passin' Alameda, my gas meter in need of a pump I got enough to get me through the traffic jam At least I hope, 'cause my pockets are broke","and the mama van's engine sputtered, as if echoing John's concern, but Kendrick just nodded sympathetically, his mind still preoccupied with the memories of Sherane",conv_0bb56093-3033-4615-bb70-ebfa4135589a,VHE1FW23AMCW,7.0,3,human-ai,conv_0bb56093-3033-4615-bb70-ebfa4135589a,7.0,author_1,135.0,108.0,104.0,104.0,28.0,0.9629629629629629,0.037037037037037035,0.0,1.0,0.0,7.0,False,,False,,"Passin' Alameda, my gas meter in need of a pump I got enough to get me through the traffic jam At least I hope, 'cause my pockets broke",4,False,human,ai,author_1,human,True,6
2025-11-06 12:20:12.986000+00:00,"I had a fifth in the trunk like Curtis Jackson for ransom I'm hopin' to get her loose like an Uncle Luke anthem I'm two blocks away, two","minutes from her doorstep, and the anticipation was building up, as John's fingers drummed against the steering wheel, and Kendrick started to rap along, ""Two blocks away,",conv_0bb56093-3033-4615-bb70-ebfa4135589a,VHE1FW23AMCW,8.0,3,human-ai,conv_0bb56093-3033-4615-bb70-ebfa4135589a,8.0,author_1,136.0,109.0,105.0,105.0,30.0,0.963302752293578,0.03669724770642202,0.0,0.9333333333333333,0.0,7.0,False,,False,,"I had a fifth in the trunk like Curtis Jackson for ransom I'm hopin' to get her loose like an Uncle Luke anthem I'm two blocks away, two",0,False,human,ai,author_1,human,True,7
2025-11-06 12:20:49.460000+00:00,"Kendrick, where you at? Damn, I'm sittin' here waitin' on my van. You told me you was gon' be back.","in a minute, but the minutes turned to hours, and the hours turned to silence, leaving John Cena alone in the mama van, the only sound being the hum of the",conv_0bb56093-3033-4615-bb70-ebfa4135589a,VHE1FW23AMCW,9.0,3,human-ai,conv_0bb56093-3033-4615-bb70-ebfa4135589a,9.0,author_1,97.0,78.0,71.0,71.0,21.0,0.9102564102564102,0.08974358974358974,0.0,0.9523809523809523,0.0,8.0,False,,False,,"Kendrick, where you at? Damn, I'm sittin' here waitin' on my van You told me you was gon' be back",2,False,human,ai,author_1,human,True,8
2025-11-10 19:27:13.854000+00:00,a small town girl who dreams of adventure and the opportunity to explore the world but family responsibilities and economic challenges are insurmountable,"She feels trapped in the mundane routine of her daily life, working at the local diner to make ends meet, while her mind wanders to far-off lands and exotic cultures.",conv_0f18b30f-7d4b-4681-b98e-a0ff4f2b5256,HY53S2L3H43F,1.0,3,human-ai,conv_0f18b30f-7d4b-4681-b98e-a0ff4f2b5256,1.0,author_1,153.0,131.0,131.0,131.0,23.0,1.0,0.0,0.0,1.0,0.0,16.0,False,,False,,a small town girl who dreams of adventure and the opportunity to explore the world but family responsibilities and economic challenges are insurmountable,0,False,human,ai,author_1,human,True,
2025-11-10 19:30:40.871000+00:00,"Fueled by her reading habit, by books like Kon-Tiki and Out of Africa and Lawrence of Arabia, she brainstorms ways to escape her responsibilities and pad her","savings, which are meager at best, but she's determined to find a way to break free from the constraints of her small town and experience the thrill of adventure for",conv_0f18b30f-7d4b-4681-b98e-a0ff4f2b5256,HY53S2L3H43F,2.0,3,human-ai,conv_0f18b30f-7d4b-4681-b98e-a0ff4f2b5256,2.0,author_1,157.0,130.0,128.0,128.0,28.0,0.9846153846153847,0.015384615384615385,0.0,1.0,0.0,16.0,False,,False,,"Fueled by her reading habit, by books like Kon Tiki and Out of Africa and Lawrence of Arabia, she brainstorms ways to escape her responsibilities and pad her",1,False,human,ai,author_1,human,True,1
2025-11-10 19:34:04.681000+00:00,a more fulfilling future. Everything from increasing the fees for her babysitting and petsitting side gigs to robbing the local convenience store flitted through her,"mind, though she quickly dismisses the latter as a reckless and foolish idea, knowing that it would only lead to trouble and jeopardize the very people she cares about, her",conv_0f18b30f-7d4b-4681-b98e-a0ff4f2b5256,HY53S2L3H43F,3.0,3,human-ai,conv_0f18b30f-7d4b-4681-b98e-a0ff4f2b5256,3.0,author_1,162.0,138.0,137.0,137.0,25.0,0.9927536231884058,0.007246376811594203,0.0,1.0,0.0,11.0,False,,False,,a more fulfilling future. Everything from increasing the fees for her babysitting and petsitting side gigs to robbing the local convenience store flit through her,3,False,human,ai,author_1,human,True,2
2025-11-10 19:36:22.380000+00:00,"mild-mannered mother, Puritanical father, and most of all her beloved Granny Gigi who has hinted at a bequest in her","will, a secret stash of money that Granny Gigi had set aside from her own adventures as a young woman, traveling the world as a missionary's wife, and which she",conv_0f18b30f-7d4b-4681-b98e-a0ff4f2b5256,HY53S2L3H43F,4.0,3,human-ai,conv_0f18b30f-7d4b-4681-b98e-a0ff4f2b5256,4.0,author_1,116.0,96.0,94.0,94.0,21.0,0.9791666666666666,0.020833333333333332,0.0,1.0,0.0,11.0,False,,False,,"mild mannered mother, Puritanical father, and most of all her beloved Granny Gigi who has hinted at a bequest in her",1,False,human,ai,author_1,human,True,3
2025-11-10 19:39:08.299000+00:00,smuggled out of Pakistan in the hollow tubing of her crutches as she feigned a broken leg suffered in the uprising in her field,"hospital, a tale that Granny Gigi would only hint at with a sly glint in her eye, leaving the small town girl to wonder about the full story and the exact",conv_0f18b30f-7d4b-4681-b98e-a0ff4f2b5256,HY53S2L3H43F,5.0,3,human-ai,conv_0f18b30f-7d4b-4681-b98e-a0ff4f2b5256,5.0,author_1,127.0,104.0,104.0,104.0,24.0,1.0,0.0,0.0,1.0,0.0,8.0,False,,False,,smuggled out of Pakistan in the hollow tubing of her crutches as she feigned a broken leg suffered in the uprising in her field,0,False,human,ai,author_1,human,True,4
2025-11-10 19:42:35.445000+00:00,"details of her foreign service. Unfortunately for the girl with wanderlust, Granny Gigi is as hale and hearty as a 79-year-old can be so murder",Network error while generating a response.,conv_0f18b30f-7d4b-4681-b98e-a0ff4f2b5256,HY53S2L3H43F,6.0,3,human-ai,conv_0f18b30f-7d4b-4681-b98e-a0ff4f2b5256,6.0,author_1,143.0,117.0,113.0,113.0,26.0,0.9658119658119658,0.017094017094017096,0.0,1.0,0.0,13.0,False,,False,,"details of her foreign service. Unfortunately for the girl with wanderlust, Granny Gigi is as hale and hearty as a 79 year old can be so murder",2,False,human,ai,author_1,human,True,5
2025-11-10 19:44:13.099000+00:00,may be the only means of hastening that bequest. Recognizing that unfettered travel burdened by inconsolable grief and guilt is not,"a price she's willing to pay, the small town girl sets her sights on more legitimate means of financing her escape, and begins to scour the local community for any opportunity that",conv_0f18b30f-7d4b-4681-b98e-a0ff4f2b5256,HY53S2L3H43F,7.0,3,human-ai,conv_0f18b30f-7d4b-4681-b98e-a0ff4f2b5256,7.0,author_1,131.0,111.0,110.0,110.0,21.0,0.990990990990991,0.009009009009009009,0.0,1.0,0.0,12.0,False,,False,,may be the only means of hastening that bequest. Recognizing that unfettered travel burdened by inconsolable grief and guilt is not,0,False,human,ai,author_1,human,True,6
2025-11-10 19:47:36.963000+00:00,may legally further her goals. She studies public bulletin boards and social media for ideas and happens upon an ad: Responsible young woman wanted.,"to care for a sailboat and crew for a seasonal voyage, with all expenses paid and a generous stipend, an opportunity that seems almost too good to be true, but",conv_0f18b30f-7d4b-4681-b98e-a0ff4f2b5256,HY53S2L3H43F,8.0,3,human-ai,conv_0f18b30f-7d4b-4681-b98e-a0ff4f2b5256,8.0,author_1,147.0,124.0,122.0,122.0,24.0,0.9838709677419355,0.016129032258064516,0.0,1.0,0.0,11.0,False,,False,,may legally further her goals. She studies public bulletin boards and social media for ideas and happens upon an ad: Responsible young woman wanted,1,False,human,ai,author_1,human,True,7
2025-11-10 19:50:27.470000+00:00,"for her, it is clearly a dream come true. Well, it is if you ignore her fear of boats emanating from a tendency of severe seasickness even when watching the ocean.","scenes in movies, but the prospect of sailing to distant shores and exploring the world beyond her small town is too enticing to let a little thing like seasickness stand in her way",conv_0f18b30f-7d4b-4681-b98e-a0ff4f2b5256,HY53S2L3H43F,9.0,3,human-ai,conv_0f18b30f-7d4b-4681-b98e-a0ff4f2b5256,9.0,author_1,155.0,127.0,124.0,124.0,29.0,0.9763779527559056,0.023622047244094488,0.0,1.0,0.0,11.0,False,,False,,"for her, it is clearly a dream come true. Well, it is if you ignore her fear boats emanating from a tendency of severe seasickness even when watching ocean",8,False,human,ai,author_1,human,True,8
2025-11-18 08:40:17.914000+00:00,"A young girl, riding her bike down the main street, as she suddenly spots something very surprising on the horizon. She gets off of her bike, to fully take","in the sight before her. The object, which had initially appeared as a mere speck, was now growing larger and more defined. It was an old-fashioned hot air balloon",conv_11293fd2-d757-471f-8e2e-783542167a8e,L9SW1MM65H9W,1.0,3,human-ai,conv_11293fd2-d757-471f-8e2e-783542167a8e,1.0,author_1,155.0,127.0,123.0,123.0,29.0,0.968503937007874,0.031496062992125984,0.0,1.0,0.0,10.0,False,,False,,"A young girl, riding her bike down the main street, as she suddenly spots something very surprising on the horizon. She gets off of her bike, to fully take",0,False,human,ai,author_1,human,True,
2025-11-18 08:41:51.401000+00:00,"She gaped, as she had never seen one in real life. However, as the air balloon moved closer, she saw something just as strange in the basket.","an old trunk, adorned with intricate carvings and a large, rusted lock, sitting prominently in the center of the basket, surrounded by various strange and colorful items that",conv_11293fd2-d757-471f-8e2e-783542167a8e,L9SW1MM65H9W,2.0,3,human-ai,conv_11293fd2-d757-471f-8e2e-783542167a8e,2.0,author_1,145.0,118.0,114.0,114.0,28.0,0.9661016949152542,0.03389830508474576,0.0,1.0,0.0,9.0,False,,False,,"She gaped, as she had never seen one in real life. However, as the air balloon moved closer, she that saw something just as strange in the basket",6,False,human,ai,author_1,human,True,1
2025-11-18 08:43:08.034000+00:00,"glittered in the sunlight. Atop the trunk sat a very peculiar creature. Not quite human, but not like any other animal she had ever seen, dressed","in a long, velvet coat with brass buttons, and a top hat that seemed to be tilted at a rakish angle, giving the creature an air of whimsy and sophistication",conv_11293fd2-d757-471f-8e2e-783542167a8e,L9SW1MM65H9W,3.0,3,human-ai,conv_11293fd2-d757-471f-8e2e-783542167a8e,3.0,author_1,148.0,122.0,118.0,118.0,27.0,0.9672131147540983,0.03278688524590164,0.0,1.0,0.0,9.0,False,,False,,"glittered in the sunlight. Atop of the trunk sat a very peculiar creature. Not quite human, but not like any other animal she had ever seen, dressed",3,False,human,ai,author_1,human,True,2
2025-11-18 08:44:26.026000+00:00,"In the middle of its face were old-fashioned goggles, as the balloon came to a halt in the air above her, the creature lifted them.","and peered down at the young girl with an unblinking gaze, its eyes gleaming with a mixture of curiosity and mischief, as it removed the goggles to reveal eyes",conv_11293fd2-d757-471f-8e2e-783542167a8e,L9SW1MM65H9W,4.0,3,human-ai,conv_11293fd2-d757-471f-8e2e-783542167a8e,4.0,author_1,130.0,105.0,103.0,103.0,26.0,0.9809523809523809,0.01904761904761905,0.0,1.0,0.0,9.0,False,,False,,"In the middle of its face were old fashioned googles, as the balloon came to a halt in the air above her, the creature lifted them",3,False,human,ai,author_1,human,True,3
2025-11-18 08:45:59.856000+00:00,"that shone bright yellow in the early morning light. She peered up at the creature with curious eyes. ""Good","morning to you, young one,"" the creature replied in a low, raspy voice, its tone surprisingly warm and gentle, as it tipped its top hat in a courteous",conv_11293fd2-d757-471f-8e2e-783542167a8e,L9SW1MM65H9W,5.0,3,human-ai,conv_11293fd2-d757-471f-8e2e-783542167a8e,5.0,author_1,106.0,88.0,85.0,85.0,19.0,0.9659090909090909,0.03409090909090909,0.0,1.0,0.0,8.0,False,,False,,"that shone bright yellow in the early morning light. She peered up at the creature with curios eyes. ""Good",1,False,human,ai,author_1,human,True,4
2025-11-18 08:47:06.647000+00:00,"greeting. ""Excuse me, but what are you doing?"" she asked politely, as nothing ever happened in her small town, and as so, this was","a shock to her system, and she found herself struggling to process the sheer strangeness of the situation, as the creature smiled and began to carefully climb down from the basket,",conv_11293fd2-d757-471f-8e2e-783542167a8e,L9SW1MM65H9W,6.0,3,human-ai,conv_11293fd2-d757-471f-8e2e-783542167a8e,6.0,author_1,131.0,108.0,99.0,99.0,24.0,0.9166666666666666,0.08333333333333333,0.0,1.0,0.0,8.0,False,,False,,"greeting. ""Excuse me, but what are you doing?,"" she asked politely, as nothing ever happened in her small town, and as so, this was",1,False,human,ai,author_1,human,True,5
2025-11-18 08:48:45.735000+00:00,"gliding gracefully down a sturdy-looking rope. ""Me? Well, I'm here on an adventure, my girl. Would you care to join me in my secret","expedition?"" the creature asked, its yellow eyes sparkling with excitement, as it reached the ground and began to brush off its coat, revealing a pocket watch chain and a small",conv_11293fd2-d757-471f-8e2e-783542167a8e,L9SW1MM65H9W,7.0,3,human-ai,conv_11293fd2-d757-471f-8e2e-783542167a8e,7.0,author_1,131.0,108.0,100.0,100.0,26.0,0.9259259259259259,0.07407407407407407,0.0,0.9615384615384616,0.0,10.0,False,,False,,"gliding gracefully down a sturdy-looking rope. ""Me? Well, I'm here on an adventure, my girl. Would you care to join me in my secret",0,False,human,ai,author_1,human,True,6
2025-11-18 08:49:53.256000+00:00,"watch, ticking away. It looked like no other watch the girl had ever seen, decorated with fine gemstones, its hands whirring away at a strange speed,","as if measuring time itself in a unique and mystical way, and the creature, noticing her fascination with the timepiece, smiled knowingly and said, ""This, my dear,",conv_11293fd2-d757-471f-8e2e-783542167a8e,L9SW1MM65H9W,8.0,3,human-ai,conv_11293fd2-d757-471f-8e2e-783542167a8e,8.0,author_1,149.0,124.0,119.0,119.0,26.0,0.9596774193548387,0.04032258064516129,0.0,1.0,0.0,9.0,False,,False,,"watch, ticking away. It looked like no other watch the girl had ever seen, decorated with fine gemstones, its hands whirring away at a strange speed,",0,False,human,ai,author_1,human,True,7
2025-11-18 08:51:29.050000+00:00,"is no ordinary watch. It grants its master the ability to travel through both time and space!"" The creature grinned. ""Then, why do you need the balloon?""","the girl asked again, her curiosity getting the better of her, and the creature chuckled, a low, rumbling sound, as it replied, ""Ah, the balloon is",conv_11293fd2-d757-471f-8e2e-783542167a8e,L9SW1MM65H9W,9.0,3,human-ai,conv_11293fd2-d757-471f-8e2e-783542167a8e,9.0,author_1,153.0,127.0,119.0,119.0,27.0,0.937007874015748,0.06299212598425197,0.0,1.0,0.0,8.0,False,,False,,"is no ordinary watch. It grants its master the ability to travel through both time and space!"" The creature grinned. ""Then, why do you need the balloon,""",1,False,human,ai,author_1,human,True,8
2025-11-18 08:56:43.061000+00:00,"a bear named Per Hansen. He was your usual, run of the mill, bear turned Danish. One day he was taking a walk in the cold winter",,conv_155f7493-3058-435d-a672-40e7e8ec213a,PZ3AEZTPEDC9,1.0,4,human-ai,conv_155f7493-3058-435d-a672-40e7e8ec213a,1.0,author_1,130.0,104.0,99.0,99.0,27.0,0.9519230769230769,0.04807692307692308,0.0,1.0,0.0,6.0,False,,False,,"a bear named, Per Hansen. He was your usual, run of the mill, bear turned danish. One day he was taking a walk the the cold winter",5,False,human,ai,author_1,human,False,
2025-11-18 10:31:55.623000+00:00,"air. The sun was setting and he wondered. Who was he gonna vote for the next kommunal valg. He had absolutely no idea, who the kandidater","were or what they stood for. Sighing, he leaned back in his creaky wooden chair, the last rays of sunlight casting long shadows across the room. His",conv_155f7493-3058-435d-a672-40e7e8ec213a,PZ3AEZTPEDC9,2.0,4,human-ai,conv_155f7493-3058-435d-a672-40e7e8ec213a,2.0,author_1,137.0,112.0,108.0,108.0,26.0,0.9642857142857143,0.03571428571428571,0.0,1.0,0.0,10.0,False,,False,,"air. The sun was setting and he wondered. Who was he gonna vote for the next kommunal valg. He had absolutely no idea, who the kandidates",1,False,human,ai,author_1,human,True,1
2025-11-18 10:33:41.597000+00:00,"valg kort laid out on the table. sooooo many options. What would his mother say? Argh, it is of no use. The dilemma was even still thundering in his","mind as he picked up the ballot paper, his fingers tracing the names of the candidates. Each one seemed to blend into the next, a sea of unfamiliar faces and promises.",conv_155f7493-3058-435d-a672-40e7e8ec213a,PZ3AEZTPEDC9,3.0,4,human-ai,conv_155f7493-3058-435d-a672-40e7e8ec213a,3.0,author_1,148.0,120.0,115.0,115.0,29.0,0.9583333333333334,0.041666666666666664,0.0,1.0,0.0,10.0,False,,False,,"valg kort laid out on the table. sooooo many options. What would his mother say? Argh, it is of no use. The dilemma was even still thundering in his",0,False,human,ai,author_1,human,True,2
2025-11-18 10:35:40.147000+00:00,"""I like this candidate!"" Per thought to himself. They like nature and think we should be voting more green. But they did have that scandal last.",year. Per’s brow furrowed as he recalled the headlines. It wasn’t just about the environment; integrity mattered too. He set the ballot down and rubbed his temples,conv_155f7493-3058-435d-a672-40e7e8ec213a,PZ3AEZTPEDC9,4.0,4,human-ai,conv_155f7493-3058-435d-a672-40e7e8ec213a,4.0,author_1,143.0,118.0,113.0,113.0,26.0,0.9576271186440678,0.0423728813559322,0.0,1.0,0.0,9.0,False,,False,,"""I like this candidate!"" Per thought to himself. They like nature and think we should be voting more green. But they did have that scandal last",1,False,human,ai,author_1,human,True,3
2025-11-18 10:38:01.483000+00:00,"""come on!"" he exclaimed. He had promised Goldilocks to go to the valgsted together. She ALWAYS knew where she would put her ""X"". She would put","it without a second thought, her confidence both enviable and a bit intimidating. Per stood up, straightened his shirt, and grabbed his coat. It was time to meet",conv_155f7493-3058-435d-a672-40e7e8ec213a,PZ3AEZTPEDC9,5.0,4,human-ai,conv_155f7493-3058-435d-a672-40e7e8ec213a,5.0,author_1,142.0,116.0,108.0,108.0,27.0,0.9310344827586207,0.06896551724137931,0.0,0.9629629629629629,0.0,9.0,False,,False,,"""come on!"" he exclaimed. He had promised goldi lock to go to the valgsted together. She ALWAYS knew where she would put her ""X"". She would put",3,False,human,ai,author_1,human,True,4
2025-11-18 10:40:07.476000+00:00,"at the old willow, as it whispered in the winter air, reminding him of his unwillingness to choose. what did mama bear always say","to him? Per closed his eyes, letting the gentle breeze carry the memory. “Per,” he could almost hear her deep, calming voice, “sometimes the hardest choices are",conv_155f7493-3058-435d-a672-40e7e8ec213a,PZ3AEZTPEDC9,6.0,4,human-ai,conv_155f7493-3058-435d-a672-40e7e8ec213a,6.0,author_1,130.0,107.0,104.0,104.0,24.0,0.9719626168224299,0.028037383177570093,0.0,1.0,0.0,13.0,False,,False,,"at the old willow, as it whispered in the winter air, reminding him of his unwillingness to choose. what did mamma bear always say",1,False,human,ai,author_1,human,True,5
2025-11-18 10:41:37.091000+00:00,"cringy, and crusty"". That sounds about right... mama really liked toast. Hmmm but who is the crunchiest candidate of them","all?” Per chuckled at the absurdity of the thought. As he walked toward the old willow, he decided to trust Goldilocks’ instincts. Maybe, just maybe",conv_155f7493-3058-435d-a672-40e7e8ec213a,PZ3AEZTPEDC9,7.0,4,human-ai,conv_155f7493-3058-435d-a672-40e7e8ec213a,7.0,author_1,122.0,103.0,96.0,96.0,20.0,0.9320388349514563,0.06796116504854369,0.0,0.95,0.0,10.0,False,,False,,"cringy, and crusty"". That sounds about right... mamma really liked toast. Hmmm but who is the crunchiest canditate of them",2,False,human,ai,author_1,human,True,6
2025-11-18 10:43:12.167000+00:00,"He would feel the paper, for the crunchiest candidate. Where the paper is the most crisp is the right one candidate for.","him. With a determined nod, he quickened his pace, the setting sun casting a warm glow on his path. The old willow loomed ahead, its branches sw",conv_155f7493-3058-435d-a672-40e7e8ec213a,PZ3AEZTPEDC9,8.0,4,human-ai,conv_155f7493-3058-435d-a672-40e7e8ec213a,8.0,author_1,119.0,98.0,96.0,96.0,22.0,0.9795918367346939,0.02040816326530612,0.0,1.0,0.0,10.0,False,,False,,"He would feel the paper, for the crunchiest candidate. Where the paper is the most crisp is the right one candidate for",1,False,human,ai,author_1,human,True,7
2025-11-18 10:44:45.174000+00:00,"swotted all his doubt away as he saw Goldilocks. ""Ready?"" she greeted him. ""As ready as I can."" Then he ate her ... you know how bears","are,” Per joked, grinning. Goldilocks laughed, her eyes twinkling. “Let’s do this,” she said, and they walked together toward the polling station",conv_155f7493-3058-435d-a672-40e7e8ec213a,PZ3AEZTPEDC9,9.0,4,human-ai,conv_155f7493-3058-435d-a672-40e7e8ec213a,9.0,author_1,131.0,105.0,96.0,96.0,26.0,0.9142857142857143,0.08571428571428572,0.0,1.0,0.0,9.0,False,,False,,"swotted all his doubt away as he saw goldilock. ""ready?"" she greated him. as ready as i can. then he ate her ... you know how bears",9,False,human,ai,author_1,human,True,8
2025-11-13 12:32:54.422000+00:00,,"a lighthouse keeper who forgot how to dream.

Mara had lived on the rocky outcrop for seven years, watching the beam sweep across dark",conv_18ba473d-8913-4785-95cf-9a5400887bb9,P9R135S69C9E,1.0,2,human-ai,conv_18ba473d-8913-4785-95cf-9a5400887bb9,1.0,author_2,0.0,0.0,0.0,0.0,0.0,0.0,0.0,0.0,0.0,0.0,0.0,False,protocol_empty,False,,,0,False,human,ai,author_2,ai,False,
2025-11-13 12:37:11.048000+00:00,She had always loved looking over the horizons; wondering what could be out there - dreaming of the day that a ship would,"arrive with news from the mainland, or perhaps someone who might stay awhile and share stories of distant ports. But the ships never stopped. They only used her light to navigate",conv_18ba473d-8913-4785-95cf-9a5400887bb9,P9R135S69C9E,2.0,2,human-ai,conv_18ba473d-8913-4785-95cf-9a5400887bb9,2.0,author_2,122.0,100.0,97.0,97.0,22.0,0.97,0.03,0.0,1.0,0.0,9.0,False,,False,,"She had always loved looking over the horizons; wondering what could be out there - dreaming of the day, that a ship would",1,False,human,ai,author_2,ai,True,1
2025-11-13 12:39:30.320000+00:00,", leaving her quite alone atop the tall lighthouse. She found herself going through her routines in a mechanical way; same thing day in and","day out. Wake at dawn, trim the wick, polish the lens, check the oil reserves, watch the horizon. The rhythm had once been comforting, but",conv_18ba473d-8913-4785-95cf-9a5400887bb9,P9R135S69C9E,3.0,2,human-ai,conv_18ba473d-8913-4785-95cf-9a5400887bb9,3.0,author_2,139.0,115.0,112.0,112.0,24.0,0.9739130434782609,0.02608695652173913,0.0,1.0,0.0,10.0,False,,False,,", leaving her quite alone atop the tall lighthouse. She found herself going through her routines in a mechanical way; same thing day in and",0,False,human,ai,author_2,ai,True,2
2025-11-13 12:41:43.330000+00:00,"now it felt empty. She yearned for something else, but had forgotten what else was out there - unable to imagine","anything beyond the endless cycle of tides and light. The world had shrunk to just this: stone, salt air, and the mechanical turning of the lamp.

Then",conv_18ba473d-8913-4785-95cf-9a5400887bb9,P9R135S69C9E,4.0,2,human-ai,conv_18ba473d-8913-4785-95cf-9a5400887bb9,4.0,author_2,112.0,92.0,89.0,89.0,20.0,0.967391304347826,0.03260869565217391,0.0,1.0,0.0,9.0,False,,False,,"now it felt empty. She yearned for something else, but had forgotten what else was out there - unable to imagine",0,False,human,ai,author_2,ai,True,3
2025-11-13 12:42:42.728000+00:00,"one day, she spotted something in the horizon. At first she thought it was another ship passing by, but it seemed like the object was","floating in place, neither approaching nor retreating. Mara squinted through her spyglass, her heart quickening with something she hadn't felt in years—curios",conv_18ba473d-8913-4785-95cf-9a5400887bb9,P9R135S69C9E,5.0,2,human-ai,conv_18ba473d-8913-4785-95cf-9a5400887bb9,5.0,author_2,133.0,109.0,106.0,106.0,25.0,0.9724770642201835,0.027522935779816515,0.0,1.0,0.0,9.0,False,,False,,"one day, she spotted something in the horizon. At first she thought it was another ship passing by, but it seemed like the object was",0,False,human,ai,author_2,ai,True,4
2025-11-13 12:44:35.530000+00:00,"she ran down the tower. Skipping over every other step on the stair, out the door, down the cliffside and over the rocky beach. She waded out","into the cold water, waves lapping at her knees, then her waist. The object bobbed closer with each swell—a wooden chest, barnacle",conv_18ba473d-8913-4785-95cf-9a5400887bb9,P9R135S69C9E,6.0,2,human-ai,conv_18ba473d-8913-4785-95cf-9a5400887bb9,6.0,author_2,142.0,115.0,111.0,111.0,28.0,0.9652173913043478,0.034782608695652174,0.0,1.0,0.0,8.0,False,,False,,"she ran down the tower. Skipping over every other step on the stair, out the door, down the cliff side and over the rocky beach. She waded out",1,False,human,ai,author_2,ai,True,5
2025-11-13 12:46:39.096000+00:00,"covering the sides. When the chest reached her, she hoisted it up on the shore. Her fingers worked deftly with the lock on the front,","but it wouldn't budge. Rusted shut by years of saltwater. She grabbed a rock and struck the clasp once, twice—and on the third blow",conv_18ba473d-8913-4785-95cf-9a5400887bb9,P9R135S69C9E,7.0,2,human-ai,conv_18ba473d-8913-4785-95cf-9a5400887bb9,7.0,author_2,133.0,109.0,105.0,105.0,25.0,0.963302752293578,0.03669724770642202,0.0,1.0,0.0,8.0,False,,False,,"covering the sides. When the chest reached her, she hoisted it up on the shore. Her fingers worked deftly with the lock on the front,",0,False,human,ai,author_2,ai,True,6
2025-11-13 12:48:52.797000+00:00,"it flung open. She peered over the edge, and inside she found a notebook; bound in leather and with the initials 'A.",M.' embossed in fading gold. Mara's breath caught. Those were her mother's initials—Audrey Morrow. But her mother,conv_18ba473d-8913-4785-95cf-9a5400887bb9,P9R135S69C9E,8.0,2,human-ai,conv_18ba473d-8913-4785-95cf-9a5400887bb9,8.0,author_2,116.0,95.0,90.0,90.0,22.0,0.9473684210526315,0.05263157894736842,0.0,1.0,0.0,8.0,False,,False,,"it flung open. She peered over the edge, and inside she found a notebook; bound in leather and with the initials 'A.",0,False,human,ai,author_2,ai,True,7
2025-11-13 12:50:18.234000+00:00,"had passed when she was young. Her father never spoke much of her; the hurt too much to bear. She lifted the book out of the chest, running","her trembling fingers over the worn leather. Salt-stained pages crackled as she opened to the first entry, dated twenty-three years ago.

""My",conv_18ba473d-8913-4785-95cf-9a5400887bb9,P9R135S69C9E,9.0,2,human-ai,conv_18ba473d-8913-4785-95cf-9a5400887bb9,9.0,author_2,139.0,112.0,108.0,108.0,28.0,0.9642857142857143,0.03571428571428571,0.0,1.0,0.0,7.0,False,,False,,"had passed when she was young. Her father never spoke much of her; the hurt too much to bear. She lifted the book out of the chest, running",0,False,human,ai,author_2,ai,True,8
2025-11-10 16:45:32.908000+00:00,a girl with no name. She would have been given one by the leaders of her small village if they hadn't noticed her.,"unusual eyes, a striking blend of green and blue that shimmered like the depths of a mountain lake. The village elders saw this as a sign, a mark of destiny",conv_18be1999-da21-4ab6-8f9e-e52e6d9c8070,NVTM94R9HM9T,1.0,4,human-ai,conv_18be1999-da21-4ab6-8f9e-e52e6d9c8070,1.0,author_1,113.0,91.0,89.0,89.0,24.0,0.978021978021978,0.02197802197802198,0.0,0.9583333333333334,0.0,7.0,False,,False,,a girl with no name. She would have been given one by the leaders of her small village if they hadn't noticed her,1,False,human,ai,author_1,human,True,
2025-11-10 16:48:05.577000+00:00,"""When she comes of age, she will embark on a journey to still the raging oceans so we can once again fish and sail to""","distant lands,"" the village elder declared, his voice echoing through the small, candle-lit chamber. ""Until then, she must prepare and learn the ways of our ancestors",conv_18be1999-da21-4ab6-8f9e-e52e6d9c8070,NVTM94R9HM9T,2.0,4,human-ai,conv_18be1999-da21-4ab6-8f9e-e52e6d9c8070,2.0,author_1,117.0,93.0,91.0,91.0,25.0,0.978494623655914,0.021505376344086023,0.0,1.0,0.0,7.0,False,,False,,"""When she comes of age, she will embark on a journey to still the raging oceans so we can once again fish and sail to",1,False,human,ai,author_1,human,True,1
2025-11-10 20:57:56.584000+00:00,She was swept from her family and home she never knew and thrust into the musty library where the elders watched over and,"taught her ancient secrets and forgotten lore. Day after day, she delved into dusty tomes and cryptic scrolls, her mind absorbing knowledge as eagerly as her eyes soaked",conv_18be1999-da21-4ab6-8f9e-e52e6d9c8070,NVTM94R9HM9T,3.0,4,human-ai,conv_18be1999-da21-4ab6-8f9e-e52e6d9c8070,3.0,author_1,121.0,99.0,99.0,99.0,23.0,1.0,0.0,0.0,1.0,0.0,7.0,False,,False,,She was swept from her family and home she never knew and thrust into the musty library where the elders watched over and,0,False,human,ai,author_1,human,True,2
2025-11-10 20:59:58.077000+00:00,"up the names of powerful and simple things alike. But she couldn't help but long for a name of her own, even though the","elders reminded her that her true name would be revealed when the time was right. In the quiet moments between lessons, she would gaze out the window at the distant sea,",conv_18be1999-da21-4ab6-8f9e-e52e6d9c8070,NVTM94R9HM9T,4.0,4,human-ai,conv_18be1999-da21-4ab6-8f9e-e52e6d9c8070,4.0,author_1,119.0,96.0,93.0,93.0,25.0,0.96875,0.03125,0.0,0.96,0.0,8.0,False,,False,,"up the names of powerful and simple things alike. But she couldn't help but long for a name of her own, even though the",0,False,human,ai,author_1,human,True,3
2025-11-10 21:02:13.721000+00:00,"watching the violent waves crash and spray, and wonder how a nameless nobody could ever conquer something","so vast and wild. Yet, deep within her, a spark of determination flickered, fueled by the mysterious power in her eyes and the ancient knowledge she was amassing.",conv_18be1999-da21-4ab6-8f9e-e52e6d9c8070,NVTM94R9HM9T,5.0,4,human-ai,conv_18be1999-da21-4ab6-8f9e-e52e6d9c8070,5.0,author_1,105.0,89.0,88.0,88.0,17.0,0.9887640449438202,0.011235955056179775,0.0,1.0,0.0,9.0,False,,False,,"watching the violent waves crash and spray, and wonder how a nameless nobody could ever conquer something",0,False,human,ai,author_1,human,True,4
2025-11-10 21:04:46.577000+00:00,"On the night of her 15th birthday, the village elders and people all celebrated her as she walked through the village gates stubbornly towards","the library, where a grand ceremony awaited. The air was thick with anticipation, and the villagers cheered her on, their faces illuminated by the flickering torchlight. As she",conv_18be1999-da21-4ab6-8f9e-e52e6d9c8070,NVTM94R9HM9T,6.0,4,human-ai,conv_18be1999-da21-4ab6-8f9e-e52e6d9c8070,6.0,author_1,142.0,119.0,116.0,116.0,24.0,0.9747899159663865,0.008403361344537815,0.0,0.9583333333333334,0.0,10.0,False,,False,,"On the night of her 15th birthday, the village elders and people all celebrated her as she walked through the village gates stubbornly towards",0,False,human,ai,author_1,human,True,5
2025-11-10 21:08:05.577000+00:00,"accepted the elder's formal mission, she carefully held her gaze on him despite the excitement around her. He gave her the tools she","would need for her journey: a compass that always pointed true, a small, enchanted dagger, and a map etched with ancient symbols. ""Your name will be revealed when",conv_18be1999-da21-4ab6-8f9e-e52e6d9c8070,NVTM94R9HM9T,7.0,4,human-ai,conv_18be1999-da21-4ab6-8f9e-e52e6d9c8070,7.0,author_1,132.0,110.0,107.0,107.0,24.0,0.9727272727272728,0.02727272727272727,0.0,0.9583333333333334,0.0,10.0,False,,False,,"accepted the elder's formal mission, she carefully held her gaze on him despite the excitement around her. He gave her the tools she",0,False,human,ai,author_1,human,True,6
2025-11-10 21:12:46.036000+00:00,"you face the heart of the storm."" She didn't understand those words, but all the longing and restlessness in her heart could not be silenced.","any longer. With a deep breath, she stepped forward, her determination unwavering. The villagers watched in awe as she began her journey, the first step toward a destiny",conv_18be1999-da21-4ab6-8f9e-e52e6d9c8070,NVTM94R9HM9T,8.0,4,human-ai,conv_18be1999-da21-4ab6-8f9e-e52e6d9c8070,8.0,author_1,140.0,116.0,112.0,112.0,26.0,0.9655172413793104,0.034482758620689655,0.0,0.9615384615384616,0.0,12.0,False,,False,,"you face the heart of the storm."" She didn't understand those words, but all the longing and restlessness in her heart could not be silenced",1,False,human,ai,author_1,human,True,7
2025-11-10 21:14:48.919000+00:00,"that had been hers since her first breath. With every step, the cheering of the village grew farther away, replaced by the","roar of the wind and the rhythmic crashing of the waves. The girl with no name, driven by a purpose greater than herself, marched toward the horizon, ready to",conv_18be1999-da21-4ab6-8f9e-e52e6d9c8070,NVTM94R9HM9T,9.0,4,human-ai,conv_18be1999-da21-4ab6-8f9e-e52e6d9c8070,9.0,author_1,122.0,101.0,98.0,98.0,22.0,0.9702970297029703,0.0297029702970297,0.0,1.0,0.0,8.0,False,,False,,"that had been hers since her first breath. With every step, the cheering of the village grew farther away, replaced by the",0,False,human,ai,author_1,human,True,8
2025-11-17 20:52:14.065000+00:00,,"a lighthouse keeper who discovered that every seventh wave carried voices from the past.

Mara had tended the beacon at Cordell Point for",conv_193bbf9f-e759-475a-ae86-76613053567a,XNDYR3MGJZ3E,1.0,2,human-ai,conv_193bbf9f-e759-475a-ae86-76613053567a,1.0,author_2,0.0,0.0,0.0,0.0,0.0,0.0,0.0,0.0,0.0,0.0,0.0,False,protocol_empty,False,,,0,False,human,ai,author_2,ai,False,
2025-11-17 20:53:25.098000+00:00,over 2 years now and she loves the dark nights. She glances over the dark sea with the many ships. In the future she,"would remember this particular evening as the one that changed everything.

The beam swept across the water in its eternal rotation—five seconds of light, five of darkness—when she",conv_193bbf9f-e759-475a-ae86-76613053567a,XNDYR3MGJZ3E,2.0,2,human-ai,conv_193bbf9f-e759-475a-ae86-76613053567a,2.0,author_2,116.0,93.0,90.0,90.0,23.0,0.967741935483871,0.021505376344086023,0.0,1.0,0.0,7.0,False,,False,,over 2 years now and she loves the dark nights. She glances over the dark sea with the many ships. In the future she,0,False,human,ai,author_2,ai,True,1
2025-11-17 20:54:28.555000+00:00,"slipped and fell. She just fell into the darkness with no sounds surrounding her. Everything went silent, but she did","not feel the cold embrace of the ocean. Instead, Mara landed on something solid yet yielding, like weathered canvas stretched over wooden beams.

Her eyes",conv_193bbf9f-e759-475a-ae86-76613053567a,XNDYR3MGJZ3E,3.0,2,human-ai,conv_193bbf9f-e759-475a-ae86-76613053567a,3.0,author_2,117.0,98.0,95.0,95.0,20.0,0.9693877551020408,0.030612244897959183,0.0,1.0,0.0,11.0,False,,False,,"slipped and fell. She just fell into the darkness with no sounds surrounding her. Everything went silent, but she did",0,False,human,ai,author_2,ai,True,2
2025-11-17 20:56:01.544000+00:00,"opened slowly, her hand moved, her foot moved, everything was fine. She had landed on the parasol of the boutique.","below the lighthouse—a small shop she'd passed a thousand times on her walks into town. The striped fabric had caught her like a net, sagging deeply under her",conv_193bbf9f-e759-475a-ae86-76613053567a,XNDYR3MGJZ3E,4.0,2,human-ai,conv_193bbf9f-e759-475a-ae86-76613053567a,4.0,author_2,116.0,96.0,92.0,92.0,21.0,0.9583333333333334,0.041666666666666664,0.0,1.0,0.0,10.0,False,,False,,"opened slowly, her hand moved, her foot moved, everything was fine. She had landed at on the parasol of the boutique",4,False,human,ai,author_2,ai,True,3
2025-11-17 20:57:08.647000+00:00,"weight. A light turned on inside the shop, and a young man came out looking up at the parasol she was caught in ""can I","help you down from there?"" he called, a hint of amusement threading through his concern. 

Mara blinked, disoriented. ""I",conv_193bbf9f-e759-475a-ae86-76613053567a,XNDYR3MGJZ3E,5.0,2,human-ai,conv_193bbf9f-e759-475a-ae86-76613053567a,5.0,author_2,118.0,94.0,91.0,91.0,25.0,0.9680851063829787,0.031914893617021274,0.0,1.0,0.0,7.0,False,,False,,"weight. A light turned on inside the shop, and a young man came out looking up at the parasol she was caught in ""can I",0,False,human,ai,author_2,ai,True,4
2025-11-17 20:58:11.687000+00:00,"am fine, but thanks."" The man looked amused at Mara, and then went inside again. Mara was relieved. But moments after he","disappeared, she heard it—the seventh wave crashing against the rocks below, and with it, a whisper that seemed to come from the fabric itself.

""The",conv_193bbf9f-e759-475a-ae86-76613053567a,XNDYR3MGJZ3E,6.0,2,human-ai,conv_193bbf9f-e759-475a-ae86-76613053567a,6.0,author_2,120.0,99.0,93.0,93.0,22.0,0.9393939393939394,0.06060606060606061,0.0,1.0,0.0,8.0,False,,False,,"am fine, but thanks"". The man looked amused at Mara, and then went inside again. Mara was relieved. But moments after he",2,False,human,ai,author_2,ai,True,5
2025-11-17 20:59:13.448000+00:00,"fate is up to you. You have the world in your hands"". The girl was frightened, but she knew what to do. ""Hey, can I get","some help after all?"" she shouted toward the shop door.

The young man reappeared immediately, this time with a ladder. As he propped it against the",conv_193bbf9f-e759-475a-ae86-76613053567a,XNDYR3MGJZ3E,7.0,2,human-ai,conv_193bbf9f-e759-475a-ae86-76613053567a,7.0,author_2,118.0,93.0,86.0,86.0,26.0,0.9247311827956989,0.07526881720430108,0.0,1.0,0.0,10.0,False,,False,,"fate is up to you. You have the world in your hands"". The girl was frightened, but she new what to do. ""Hey, can I get",1,False,human,ai,author_2,ai,True,6
2025-11-17 21:00:42.060000+00:00,"parasol. ""Come here."" He lifted her from the parasol and onto the ground. He gave her his hand and said kindly, ""Hi, I am","Felix. Are you hurt?"" 

Mara shook her head, still trembling—not from the fall, but from those words that had wrapped around her like",conv_193bbf9f-e759-475a-ae86-76613053567a,XNDYR3MGJZ3E,8.0,2,human-ai,conv_193bbf9f-e759-475a-ae86-76613053567a,8.0,author_2,120.0,97.0,90.0,90.0,24.0,0.9278350515463918,0.07216494845360824,0.0,1.0,0.0,7.0,False,,False,,"parasol. ""Come here"". He lifted her from the parasol and onto the ground. He gave her his hand and said kindly ""Hi, i am",4,False,human,ai,author_2,ai,True,7
2025-11-17 21:02:07.589000+00:00,"ivy. She knew this name. Felix. She had heard it before, but where? She tried to think, but nothing came up. The man","looked at her with eyes that seemed to hold decades, though his face was young. ""You're the lighthouse keeper,"" he said, not as a question but a recognition.",conv_193bbf9f-e759-475a-ae86-76613053567a,XNDYR3MGJZ3E,9.0,2,human-ai,conv_193bbf9f-e759-475a-ae86-76613053567a,9.0,author_2,116.0,94.0,87.0,87.0,23.0,0.925531914893617,0.07446808510638298,0.0,1.0,0.0,7.0,False,,False,,"ivy. She knew this name. Felix. She had heard it before, but where? She tried to think, but nothing came up. The man",0,False,human,ai,author_2,ai,True,8
2025-11-21 05:06:22.202000+00:00,There was once a man in a sauna who really liked the smell of sandalwood. This man was also known for his love of surfing the waves with a certain mechanical assistance in the,"form of a sleek, silver jet-powered surfboard that allowed him to ride the waves with incredible speed and agility. As he sat in the sauna, surrounded by the warm,",conv_1a776856-1876-44eb-b0f6-31b31250ddca,F2NA3TTJNG9S,1.0,3,human-ai,conv_1a776856-1876-44eb-b0f6-31b31250ddca,1.0,author_1,175.0,142.0,141.0,141.0,34.0,0.9929577464788732,0.007042253521126761,0.0,1.0,0.0,10.0,False,,False,,There was once a man in a sauna who really liked the smell of sandelwood. This man was also known for his love of surfing the waves with a certain mechanical assistance in the,1,False,human,ai,author_1,human,True,
2025-11-21 05:07:19.837000+00:00,"saunagus, he really got to thinking about life and what it brings. The heat of the sauna combined with the artful smell combinations","of sandalwood and eucalyptus wafting through the air seemed to clarify his thoughts, and he found himself pondering the similarities between the fleeting nature of",conv_1a776856-1876-44eb-b0f6-31b31250ddca,F2NA3TTJNG9S,2.0,3,human-ai,conv_1a776856-1876-44eb-b0f6-31b31250ddca,2.0,author_1,132.0,110.0,108.0,108.0,23.0,0.9818181818181818,0.01818181818181818,0.0,1.0,0.0,12.0,False,,False,,"saunagus, he really got to thinking about life and what it brings. The heat of the sauna combined with the artful smell combinations",0,False,human,ai,author_1,human,True,1
2025-11-21 05:08:09.323000+00:00,the human experience. He found that he felt the most sure about his deepest wishes and desires when he just emerged from the heat and,"stepped out into the cool, crisp air, feeling the sudden rush of clarity and purpose that came with the abrupt change in temperature. It was as if the sauna had washed",conv_1a776856-1876-44eb-b0f6-31b31250ddca,F2NA3TTJNG9S,3.0,3,human-ai,conv_1a776856-1876-44eb-b0f6-31b31250ddca,3.0,author_1,133.0,109.0,108.0,108.0,25.0,0.9908256880733946,0.009174311926605505,0.0,1.0,0.0,10.0,False,,False,,the human experience. He found that he felt the most sure about his deepest wishes and desires when he just emerged from the heat and,0,False,human,ai,author_1,human,True,2
2025-11-21 05:09:04.324000+00:00,"away all that created problems in his day to day. He really liked spending his Sundays here, and would sometimes bring guests into","the sauna, sharing the tranquility and stimulating conversation that seemed to flow effortlessly in the warm, intimate atmosphere. His friends would often remark on the unique sense of camaraderie",conv_1a776856-1876-44eb-b0f6-31b31250ddca,F2NA3TTJNG9S,4.0,3,human-ai,conv_1a776856-1876-44eb-b0f6-31b31250ddca,4.0,author_1,130.0,108.0,106.0,106.0,23.0,0.9814814814814815,0.018518518518518517,0.0,1.0,0.0,9.0,False,,False,,"away all that created problems in his day to day. He really liked spending his sundays here, and would sometimes bring guests into",1,False,human,ai,author_1,human,True,3
2025-11-21 05:10:01.701000+00:00,"that this experience created. Once outside of the sauna, regular life would, for better or worse, have to continue on as it had.","before, with its familiar routines and responsibilities, but somehow the experience of the sauna lingered, leaving an imprint on his mind and heart, a reminder of the peace and clarity",conv_1a776856-1876-44eb-b0f6-31b31250ddca,F2NA3TTJNG9S,5.0,3,human-ai,conv_1a776856-1876-44eb-b0f6-31b31250ddca,5.0,author_1,127.0,105.0,101.0,101.0,23.0,0.9619047619047619,0.0380952380952381,0.0,1.0,0.0,10.0,False,,False,,"that this experience created. Once outside of the sauna, regular life would, for better or worse, have to continue on as it had",1,False,human,ai,author_1,human,True,4
2025-11-21 05:13:25.896000+00:00,"that can be found, even in the rush of expectations and wishes for self-improvement, which are otherwise always present","and which often seemed to weigh heavily on his mind, like a constant hum of self-doubt and striving, but in the stillness of the sauna, all of that",conv_1a776856-1876-44eb-b0f6-31b31250ddca,F2NA3TTJNG9S,6.0,3,human-ai,conv_1a776856-1876-44eb-b0f6-31b31250ddca,6.0,author_1,119.0,100.0,98.0,98.0,20.0,0.98,0.02,0.0,1.0,0.0,12.0,False,,False,,"that can be found, even in the rush of expectations and wishes for self improvement, which are otherwise always present",1,False,human,ai,author_1,human,True,5
2025-11-21 05:14:31.955000+00:00,"was sweated out of the body through the pores, although even with all this sweat - the smells were always","pleasantly overpowered by the fragrant aromas of the essential oils, sandalwood, and eucalyptus, that filled the air, creating a sense of",conv_1a776856-1876-44eb-b0f6-31b31250ddca,F2NA3TTJNG9S,7.0,3,human-ai,conv_1a776856-1876-44eb-b0f6-31b31250ddca,7.0,author_1,105.0,86.0,84.0,84.0,19.0,0.9767441860465116,0.023255813953488372,0.0,1.0,0.0,8.0,False,,False,,"was sweated out of the body through the pores, although even with all this sweat - the smells were always",0,False,human,ai,author_1,human,True,6
2025-11-21 05:18:10.638000+00:00,"absolute serenity. Even though the day-to-day challenges this man faced could be of a different nature for each night slept, the peace of the sauna","remained a constant, a dependable refuge from the turmoil and uncertainty of life, a place where he could let his guard down and simply be, surrounded by the gentle heat and",conv_1a776856-1876-44eb-b0f6-31b31250ddca,F2NA3TTJNG9S,8.0,3,human-ai,conv_1a776856-1876-44eb-b0f6-31b31250ddca,8.0,author_1,147.0,121.0,119.0,119.0,27.0,0.9834710743801653,0.01652892561983471,0.0,1.0,0.0,10.0,False,,False,,"absolute serenity. Even though the day to day challenges this man faced could be of a different nature for each night slept, the peace of the sauna",2,False,human,ai,author_1,human,True,7
2025-11-21 05:19:44.418000+00:00,"clouds of smells. Even with a constant such as this, the basic human response to achieving something is not satisfaction, but","a fleeting sense of contentment, soon giving way to new desires and aspirations, a perpetual cycle of pursuit and longing, and yet, in the tranquility of the sauna,",conv_1a776856-1876-44eb-b0f6-31b31250ddca,F2NA3TTJNG9S,9.0,3,human-ai,conv_1a776856-1876-44eb-b0f6-31b31250ddca,9.0,author_1,125.0,105.0,102.0,102.0,21.0,0.9714285714285714,0.02857142857142857,0.0,1.0,0.0,12.0,False,,False,,"clouds of smells. Even with a constant such as this, the basic human response to achieving something is not satisfaction, but",0,False,human,ai,author_1,human,True,8
2025-11-14 14:02:12.640000+00:00,,"Eliana, a young woman with a heart as vast as the ocean and dreams as deep. Born in a small coastal village, Eliana spent her childhood gazing at",conv_1bb594f6-281e-43c0-aad7-d82e4a2ab88d,MNGK8F5R9H3X,1.0,4,human-ai,conv_1bb594f6-281e-43c0-aad7-d82e4a2ab88d,1.0,author_2,0.0,0.0,0.0,0.0,0.0,0.0,0.0,0.0,0.0,0.0,0.0,False,protocol_empty,False,,,0,False,human,ai,author_2,ai,False,
2025-11-14 14:07:20.940000+00:00,"water. Growing up she dreamed of traveling across to visit the land beyond, full of new people. A land with big mountains and","majestic forests, where the air was crisp and the skies were clear. Her village, though quaint and charming, felt too small to contain her spirit. Every evening, as",conv_1bb594f6-281e-43c0-aad7-d82e4a2ab88d,MNGK8F5R9H3X,2.0,4,human-ai,conv_1bb594f6-281e-43c0-aad7-d82e4a2ab88d,2.0,author_2,126.0,104.0,101.0,101.0,23.0,0.9711538461538461,0.028846153846153848,0.0,1.0,0.0,10.0,False,,False,,"water. Growing up she dreamed of travelling across to visit the land beyond, full of new people. A land with big mountains and",1,False,human,ai,author_2,ai,True,1
2025-11-14 14:11:22.924000+00:00,"she worked in the tavern, she looked longingly at the windows facing the ocean. Then one day a mysterious man entered the","tavern, his eyes as deep and unreadable as the sea on a stormy night. He wore a cloak that seemed to blend with the shadows, and his presence was",conv_1bb594f6-281e-43c0-aad7-d82e4a2ab88d,MNGK8F5R9H3X,3.0,4,human-ai,conv_1bb594f6-281e-43c0-aad7-d82e4a2ab88d,3.0,author_2,121.0,100.0,98.0,98.0,22.0,0.98,0.02,0.0,1.0,0.0,10.0,False,,False,,"she worked in the tavern, she looked longingly at the windows facing the ocean. Then one day a mysterious man entered the",0,False,human,ai,author_2,ai,True,2
2025-11-14 14:14:28.072000+00:00,enchanting. Throughout the evening she kept stealing glances at him. Their eyes connected and sparks flew between them. As she walked home she got a feeling someone,"was following her. The moon cast long, eerie shadows on the cobblestone path, and the sound of the waves seemed to whisper secrets in the night air. Eliana",conv_1bb594f6-281e-43c0-aad7-d82e4a2ab88d,MNGK8F5R9H3X,4.0,4,human-ai,conv_1bb594f6-281e-43c0-aad7-d82e4a2ab88d,4.0,author_2,164.0,138.0,135.0,135.0,27.0,0.9782608695652174,0.021739130434782608,0.0,1.0,0.0,10.0,False,,False,,enchanting. Throughout the evening she kept stealing glances at him. Their eyes connected and sparks flew between them. As she walked home she got a feeling someone,0,False,human,ai,author_2,ai,True,3
2025-11-14 14:17:59.243000+00:00,"kept looking around but nobody was there. As she was walking faster away, a sound came from behind. A hand wrapped around her bicep and stopped her from walking.","Eliana spun around, her heart pounding in her chest. The mysterious man from the tavern stood before her, his face now softened by concern. ""I didn't mean",conv_1bb594f6-281e-43c0-aad7-d82e4a2ab88d,MNGK8F5R9H3X,5.0,4,human-ai,conv_1bb594f6-281e-43c0-aad7-d82e4a2ab88d,5.0,author_2,159.0,131.0,129.0,129.0,29.0,0.9847328244274809,0.015267175572519083,0.0,1.0,0.0,7.0,False,,False,,kept looking around but nobody was there. As she was walking faster away a sound came from behind. A hand wrapped around her bicep and stopped her from walking,2,False,human,ai,author_2,ai,True,4
2025-11-14 14:21:03.598000+00:00,"to scare you, but have we met before?"" a deep raspy voice said. Suppressing a scream, she managed a small ""No."" Searching her face, he","said, ""You remind me of someone I once knew. Someone who also had a thirst for adventure."" He released her arm gently. ""Perhaps we could talk more, if",conv_1bb594f6-281e-43c0-aad7-d82e4a2ab88d,MNGK8F5R9H3X,6.0,4,human-ai,conv_1bb594f6-281e-43c0-aad7-d82e4a2ab88d,6.0,author_2,132.0,108.0,101.0,101.0,25.0,0.9351851851851852,0.06481481481481481,0.0,1.0,0.0,11.0,False,,False,,"to scare you, but have we met before"" a deep raspy voice said. Suppressing a scream, she managed a small ""No"". Searching her face he",4,False,human,ai,author_2,ai,True,5
2025-11-14 14:23:26.686000+00:00,"you are willing to meet me tomorrow. Meet at the well at noon"" he said, as he disappeared in the shadows. Feeling confused Eliana went home, her head now filled","with a mix of curiosity and caution. The encounter left her with more questions than answers, but the idea of adventure and the possibility of uncovering hidden paths beyond her village began",conv_1bb594f6-281e-43c0-aad7-d82e4a2ab88d,MNGK8F5R9H3X,7.0,4,human-ai,conv_1bb594f6-281e-43c0-aad7-d82e4a2ab88d,7.0,author_2,161.0,132.0,127.0,127.0,30.0,0.9621212121212122,0.03787878787878788,0.0,1.0,0.0,11.0,False,,False,,"you are willing to meet me tomorrow. Meet at the well at noon"" he said, as he disappeared in the shadows. Feeling counfused Eliana went home, her head now filled",1,False,human,ai,author_2,ai,True,6
2025-11-14 14:25:27.887000+00:00,"forming in her mind. Waking the next morning full of excitement, she decided to meet the strange man. Time went slowly as she waited for noon to come.","and the sun to reach its highest point in the sky. Finally, with a nervous flutter in her stomach, Eliana made her way to the well, her heart racing with",conv_1bb594f6-281e-43c0-aad7-d82e4a2ab88d,MNGK8F5R9H3X,8.0,4,human-ai,conv_1bb594f6-281e-43c0-aad7-d82e4a2ab88d,8.0,author_2,147.0,120.0,117.0,117.0,28.0,0.975,0.025,0.0,1.0,0.0,8.0,False,,False,,"forming in her mind. Waking the next morning full of exciment, she decided to meet the strange man. Time went slowly as she waited for noon to come",3,False,human,ai,author_2,ai,True,7
2025-11-14 14:27:46.559000+00:00,exhilaration and nerves. Standing at the well was the man waiting his eyes shining like sapphires. As he saw her coming a smile spread across his,"face. ""You came,"" he said, his voice warm and welcoming. ""I'm called Arlo. And you must be Eliana."" She nodded, her throat suddenly",conv_1bb594f6-281e-43c0-aad7-d82e4a2ab88d,MNGK8F5R9H3X,9.0,4,human-ai,conv_1bb594f6-281e-43c0-aad7-d82e4a2ab88d,9.0,author_2,142.0,117.0,115.0,115.0,26.0,0.9829059829059829,0.017094017094017096,0.0,1.0,0.0,12.0,False,,False,,exhilaration and nerves. Stading at the well was the man waiting his eyes shining like safires. As he saw her coming a smile spread across his,4,False,human,ai,author_2,ai,True,8
2025-10-27 11:47:47.606000+00:00,"a mad scientist called Julius, who is trying to create a Time Machine to go back in time and prevent the birth of a terrible dictator.","a mad scientist called Julius, who, in the dim light of his cluttered laboratory, pored over ancient texts and cutting-edge scientific journals. His",conv_20c3db22-5b6d-42fa-bdee-f1e1a84fe6e8,7YRXJCKYHT9X,1.0,4,human-ai,conv_20c3db22-5b6d-42fa-bdee-f1e1a84fe6e8,1.0,author_1,134.0,109.0,107.0,107.0,26.0,0.981651376146789,0.01834862385321101,0.0,1.0,0.0,9.0,False,,False,,"a mad scientist called Julius, who is trying to create a Time Machine to go back in time and prevent the birth of a terrible dictator.",0,False,human,ai,author_1,human,True,
2025-10-27 11:48:32.411000+00:00,goal was to understand everything he could about the nature of time in order to build a Time Machine in order to harness the power of,"the fourth dimension. Every day and night, he worked tirelessly, fueled by a mix of ambition, desperation, and a deep sense of moral duty. The dictator he aimed to",conv_20c3db22-5b6d-42fa-bdee-f1e1a84fe6e8,7YRXJCKYHT9X,2.0,4,human-ai,conv_20c3db22-5b6d-42fa-bdee-f1e1a84fe6e8,2.0,author_1,133.0,108.0,108.0,108.0,26.0,1.0,0.0,0.0,1.0,0.0,10.0,False,,False,,goal was to understand everything he could about the nature of time in order to build a Time Machine in order to harness the power of,0,False,human,ai,author_1,human,True,1
2025-10-27 11:49:55.103000+00:00,"destroy was named Adolfus and was presently oppressing the people of Barovia in an eternal war machine, and persecuting the region's minority groups.","Julius had seen the horrors firsthand during a brief visit to Barovia, where the once-thriving streets were now filled with fear and suffering. The more he learned",conv_20c3db22-5b6d-42fa-bdee-f1e1a84fe6e8,7YRXJCKYHT9X,3.0,4,human-ai,conv_20c3db22-5b6d-42fa-bdee-f1e1a84fe6e8,3.0,author_1,149.0,127.0,124.0,124.0,24.0,0.9763779527559056,0.023622047244094488,0.0,0.9583333333333334,0.0,11.0,False,,False,,"destroy was named Adolfus and was presently oppressing the people of Barovia in an eternal war machine, and persecuting the region's minority groups.",0,False,human,ai,author_1,human,True,2
2025-10-27 11:52:23.867000+00:00,the more he knew that his sole mission in life was to not just end the dictator and the Nazis' reign but to prevent it from happening in the first place.,"With a renewed sense of purpose, Julius began to assemble the components of his Time Machine. He scavenged parts from abandoned factories, raided libraries for forbidden knowledge, and conducted",conv_20c3db22-5b6d-42fa-bdee-f1e1a84fe6e8,7YRXJCKYHT9X,4.0,4,human-ai,conv_20c3db22-5b6d-42fa-bdee-f1e1a84fe6e8,4.0,author_1,153.0,123.0,121.0,121.0,32.0,0.983739837398374,0.016260162601626018,0.0,0.96875,0.0,9.0,False,,False,,the more he knew that his sole mission in life was to not just end the dictator and the Nazi's reign but to prevent it from happening in the first place.,2,False,human,ai,author_1,human,True,3
2025-10-27 11:54:09.929000+00:00,"experiments on willing volunteers, awaiting the point when he himself would travel back in time to change the course and direction of","history. The final piece of his invention, a mysterious crystal he had discovered in an ancient cave, was the key to unlocking the time-traveling potential. As the machine",conv_20c3db22-5b6d-42fa-bdee-f1e1a84fe6e8,7YRXJCKYHT9X,5.0,4,human-ai,conv_20c3db22-5b6d-42fa-bdee-f1e1a84fe6e8,5.0,author_1,133.0,112.0,111.0,111.0,22.0,0.9910714285714286,0.008928571428571428,0.0,1.0,0.0,11.0,False,,False,,"experiments on willing volunteers, awaiting the point when he himself would travel back in time to change the course and direction of",0,False,human,ai,author_1,human,True,4
2025-10-27 11:56:00.336000+00:00,"whirred into action, Julius strapped himself into the attached seat and put on his radioactivity-blocking helmet, as he adjusted","the dials and levers with a steady hand. The air around him buzzed with an otherworldly energy, and the walls of his laboratory began to blur and distort",conv_20c3db22-5b6d-42fa-bdee-f1e1a84fe6e8,7YRXJCKYHT9X,6.0,4,human-ai,conv_20c3db22-5b6d-42fa-bdee-f1e1a84fe6e8,6.0,author_1,128.0,110.0,107.0,107.0,20.0,0.9727272727272728,0.02727272727272727,0.0,1.0,0.0,13.0,False,,False,,"whirred into action, Julius strapped himself into the attached seat and put on his radioactivity-blocking helmet, as he adjusted",0,False,human,ai,author_1,human,True,5
2025-10-27 11:57:11.775000+00:00,and he felt his body being pushed and pulled in all directions. He lost consciousness and when he awoke he found himself in,"a different time and place. The year was 1890, and he was in a small, bustling village that would one day become the heart of Barovia",conv_20c3db22-5b6d-42fa-bdee-f1e1a84fe6e8,7YRXJCKYHT9X,7.0,4,human-ai,conv_20c3db22-5b6d-42fa-bdee-f1e1a84fe6e8,7.0,author_1,122.0,100.0,99.0,99.0,23.0,0.99,0.01,0.0,1.0,0.0,13.0,False,,False,,and he felt his body being pushed and pulled in all direction. He lost consciousness and when he awake he found himself in,2,False,human,ai,author_1,human,True,6
2025-10-27 11:58:35.380000+00:00,". Julius exited the Time Machine and got his bearings, looking around the town for signs of the local butcher shop, where he knew","Adolfus's father worked. The streets were lined with cobblestones, and the air was filled with the smells of freshly baked bread and horse-drawn carriages.",conv_20c3db22-5b6d-42fa-bdee-f1e1a84fe6e8,7YRXJCKYHT9X,8.0,4,human-ai,conv_20c3db22-5b6d-42fa-bdee-f1e1a84fe6e8,8.0,author_1,129.0,106.0,103.0,103.0,23.0,0.9716981132075472,0.02830188679245283,0.0,1.0,0.0,8.0,False,,False,,". Julius exited the Time Machine and got his bearings, looking around the town for signs of the local butcher shop, where he knew",0,False,human,ai,author_1,human,True,7
2025-10-27 12:00:25.659000+00:00,"Julius spotted the butcher shop and headed there immediately. Inside he saw a large man with a blood-stained apron, whom he immediately","recognized as Adolfus's father. Julius approached him with a sense of trepidation, knowing that the slightest misstep could alter the timeline in unpredictable ways. ""Excuse",conv_20c3db22-5b6d-42fa-bdee-f1e1a84fe6e8,7YRXJCKYHT9X,9.0,4,human-ai,conv_20c3db22-5b6d-42fa-bdee-f1e1a84fe6e8,9.0,author_1,135.0,113.0,111.0,111.0,23.0,0.9823008849557522,0.017699115044247787,0.0,1.0,0.0,11.0,False,,False,,"Julius spotted the butcher shop and headed there immediately. Inside he saw a large man with a blood stained apron, whom he immediately",1,False,human,ai,author_1,human,True,8
2025-12-10 13:51:47.579000+00:00,"fairy living in Wonderland. She is a very happy fairy, who has lots and lots of fairy friends. They are all special.","and unique, each with their own magical talents. One day, while fluttering through the Enchanted Forest, the fairy named Lila discovered a mysterious, shimmering flower",conv_23ed55f8-cc91-439f-8c8e-e24f66457596,PTD9FW2YEPSS,1.0,4,human-ai,conv_23ed55f8-cc91-439f-8c8e-e24f66457596,1.0,author_1,115.0,94.0,91.0,91.0,22.0,0.9680851063829787,0.031914893617021274,0.0,1.0,0.0,10.0,False,,False,,"fairy living in wonderland. She is a very happy fairy, who has lots and lots of fairy friends. They are all special",2,False,human,ai,author_1,human,True,
2025-12-10 13:52:54.081000+00:00,"She bent down to take a look at it. At first she was careful, but she couldn't shake her curiosity. She just had to touch.","the delicate petals. As soon as her fingers brushed against them, the flower began to glow even brighter, and a soft, melodic voice whispered, “Welcome, Lila",conv_23ed55f8-cc91-439f-8c8e-e24f66457596,PTD9FW2YEPSS,2.0,4,human-ai,conv_23ed55f8-cc91-439f-8c8e-e24f66457596,2.0,author_1,121.0,97.0,94.0,94.0,25.0,0.9690721649484536,0.030927835051546393,0.0,1.0,0.0,10.0,False,,False,,"She bent down to take a look at it. At first she was careful, but she couldnt shake her curiousity. She just had to touch",3,False,human,ai,author_1,human,True,1
2025-12-10 13:54:23.010000+00:00,"I am the flower of three wishes. You have discovered me... Now you can have 3 wishes. I will grant you wishes, but only if they","are used wisely and for the good of all in Wonderland. What will you wish for?” Lila, surprised but excited, thought hard about the possibilities. She knew that her",conv_23ed55f8-cc91-439f-8c8e-e24f66457596,PTD9FW2YEPSS,3.0,4,human-ai,conv_23ed55f8-cc91-439f-8c8e-e24f66457596,3.0,author_1,125.0,100.0,93.0,93.0,25.0,0.93,0.06,0.0,1.0,0.0,10.0,False,,False,,"I am the flower of three wishes. You have discovered me... Now you can have 3 wishes. I will grant you wish, but only if they",2,False,human,ai,author_1,human,True,2
2025-12-10 13:55:55.980000+00:00,"mother was always bothered by their lack of wealth and now this was a chance for her to help her, and take away her worries. But is that really the best","use of such powerful wishes? Lila’s heart ached with the weight of the decision. She looked around at her fairy friends playing in the sunbeams, their laughter",conv_23ed55f8-cc91-439f-8c8e-e24f66457596,PTD9FW2YEPSS,4.0,4,human-ai,conv_23ed55f8-cc91-439f-8c8e-e24f66457596,4.0,author_1,152.0,122.0,120.0,120.0,31.0,0.9836065573770492,0.01639344262295082,0.0,1.0,0.0,8.0,False,,False,,"mother was always bothered by their lack of wealth and now this was a chance for her to help her, and take away her worries. But is that really the best",0,False,human,ai,author_1,human,True,3
2025-12-10 13:57:19.956000+00:00,"reminded her of some children in the community. Sometimes a mysterious illness would appear in Wonderland,","causing much sorrow and pain. Lila realized that perhaps her first wish could be used to heal all the sick children in Wonderland, ensuring their happiness and health. With a",conv_23ed55f8-cc91-439f-8c8e-e24f66457596,PTD9FW2YEPSS,5.0,4,human-ai,conv_23ed55f8-cc91-439f-8c8e-e24f66457596,5.0,author_1,106.0,91.0,89.0,89.0,16.0,0.978021978021978,0.02197802197802198,0.0,1.0,0.0,10.0,False,,False,,"reminded her of some children in the community. Sometimes a mysterious illness would appear in Wonderland,",0,False,human,ai,author_1,human,True,4
2025-12-10 13:58:41.430000+00:00,"Sigh, she opened her mouth. Dear flower of three wishes. Please have this evil disease be done away with. Please save.","all the children in Wonderland from suffering."" The flower pulsed with a warm, golden light, and Lila felt a wave of peace wash over her. The air filled with",conv_23ed55f8-cc91-439f-8c8e-e24f66457596,PTD9FW2YEPSS,6.0,4,human-ai,conv_23ed55f8-cc91-439f-8c8e-e24f66457596,6.0,author_1,117.0,97.0,93.0,93.0,21.0,0.9587628865979382,0.041237113402061855,0.0,1.0,0.0,7.0,False,,False,,"Sigh, she opened her mouth. Dear flower of three wishes. Please have this evil disease be done away with. Please save",1,False,human,ai,author_1,human,True,5
2025-12-10 13:59:56.532000+00:00,"a golden powder, making Lila a bit dizzy. It smelled like candy and fruits. Looking at the pieces of powder floating around in the air,","Lila smiled, knowing that her wish had been granted. The golden dust swirled and formed a gentle breeze, carrying the cure to every corner of Wonderland. Lila",conv_23ed55f8-cc91-439f-8c8e-e24f66457596,PTD9FW2YEPSS,7.0,4,human-ai,conv_23ed55f8-cc91-439f-8c8e-e24f66457596,7.0,author_1,135.0,111.0,107.0,107.0,25.0,0.963963963963964,0.036036036036036036,0.0,1.0,0.0,8.0,False,,False,,"a golden powder, making Lila a bit dizzy. It smelled like candy and fruits. Looking at the pieces of powder floating around in the air,",0,False,human,ai,author_1,human,True,6
2025-12-10 14:00:50.521000+00:00,"was passed out on the grass, dreaming about happy children. When she woke up the next morning, she thought she had a","wonderful dream, but as she flew back to her village, she saw families celebrating and children laughing without a trace of the illness. Lila’s heart soared, realizing",conv_23ed55f8-cc91-439f-8c8e-e24f66457596,PTD9FW2YEPSS,8.0,4,human-ai,conv_23ed55f8-cc91-439f-8c8e-e24f66457596,8.0,author_1,116.0,95.0,92.0,92.0,22.0,0.968421052631579,0.031578947368421054,0.0,1.0,0.0,8.0,False,,False,,"was passed out on the grass, dreaming about happy children. When she woke up the next morning, she thought she had a",0,False,human,ai,author_1,human,True,7
2025-12-10 14:01:45.608000+00:00,that she managed to save the youngsters of Wonderland from the evil disease. She was wondering where the flower went. She couldn't see it.,"anywhere, but she knew deep in her heart that it had fulfilled its purpose. Lila decided to use her remaining wishes to bring more joy and peace to Wonderland, ensuring",conv_23ed55f8-cc91-439f-8c8e-e24f66457596,PTD9FW2YEPSS,9.0,4,human-ai,conv_23ed55f8-cc91-439f-8c8e-e24f66457596,9.0,author_1,136.0,113.0,111.0,111.0,24.0,0.9823008849557522,0.017699115044247787,0.0,1.0,0.0,10.0,False,,False,,that she managed to save the youngsters of Wonderland from the evil disease. She was wondering where the flower went. She couldnt she it,3,False,human,ai,author_1,human,True,8
2025-11-15 17:03:45.888000+00:00,"a young girl who would grow into a very brave hero. It is also the story of losing your home and finding yourself in the ruins. But most, it's a","story about friendship—the kind that survives even when everything else crumbles to dust.

Her name was Mira, and she was seven years old when the",conv_29031421-8265-472f-b4ce-f147dd80edca,YR33XNKD3U3F,1.0,2,human-ai,conv_29031421-8265-472f-b4ce-f147dd80edca,1.0,author_1,141.0,113.0,109.0,109.0,30.0,0.9646017699115044,0.035398230088495575,0.0,0.9666666666666667,0.0,8.0,False,,False,,"a young girl who would grow into a very brave hero. It is also the story losing your home and finding yourself in the ruins. But most, it's a",3,False,human,ai,author_1,human,True,
2025-11-15 17:06:15.463000+00:00,new king started his rule. Suddenly the streets of the capital were filled with wanted-posters. Poison dripped from the king's tongue and right into the ears,"of those who listened. ""Traitors walk among us,"" he declared from his gilded balcony. ""The old loyalists plot in shadows. Trust no one",conv_29031421-8265-472f-b4ce-f147dd80edca,YR33XNKD3U3F,2.0,2,human-ai,conv_29031421-8265-472f-b4ce-f147dd80edca,2.0,author_1,155.0,130.0,127.0,127.0,27.0,0.9769230769230769,0.023076923076923078,0.0,1.0,0.0,8.0,False,,False,,new king started his rule. Suddenly the streets of the capital was filled with wanted-posters. Poison dripped from the kings tongue and right into the ears,4,False,human,ai,author_1,human,True,1
2025-11-15 17:07:30.712000+00:00,"Mira's older brother listened carefully. He started to change. He would follow Mira's mother everywhere she went. ""I'm just keeping an eye out for her,"" he","would say, but his eyes had grown cold and watchful in a way that made Mira's stomach twist.

Their mother noticed too. She began burning letters in",conv_29031421-8265-472f-b4ce-f147dd80edca,YR33XNKD3U3F,3.0,2,human-ai,conv_29031421-8265-472f-b4ce-f147dd80edca,3.0,author_1,153.0,128.0,120.0,120.0,29.0,0.9375,0.0625,0.0,0.896551724137931,0.0,10.0,False,,False,,"Mira's older brother listened carefully. He started to change. He would follow Mira's mother everywhere she went. ""I'm just keepng an eye out for her"" he",2,False,human,ai,author_1,human,True,2
2025-11-15 17:09:36.324000+00:00,"the fireplace. When Mira asked why, she would say it was to save wood for the winter. Mira watched the fire and dreamed of burning as brightly as","those flames—fierce and untouchable.

One night, Mira woke to urgent whispers. Through the crack in her door, she saw her mother stuff",conv_29031421-8265-472f-b4ce-f147dd80edca,YR33XNKD3U3F,4.0,2,human-ai,conv_29031421-8265-472f-b4ce-f147dd80edca,4.0,author_1,145.0,118.0,115.0,115.0,28.0,0.9745762711864406,0.025423728813559324,0.0,1.0,0.0,9.0,False,,False,,"the fireplace. When Mira asked why, she would say it was to save wood for the winter. Mira watched the fire and dreamed of burning as brightly as",0,False,human,ai,author_1,human,True,3
2025-11-15 17:11:08.394000+00:00,food into a bag. Mira crept closer to get a better view. A man stood in the door. Mira's mother handed him the bag and shoved him out and into,"the dark street. But her brother had seen it too.

""Mother,"" he said quietly from the stairwell, ""who was that man?""

The silence stretche",conv_29031421-8265-472f-b4ce-f147dd80edca,YR33XNKD3U3F,5.0,2,human-ai,conv_29031421-8265-472f-b4ce-f147dd80edca,5.0,author_1,142.0,113.0,109.0,109.0,31.0,0.9646017699115044,0.035398230088495575,0.0,0.967741935483871,0.0,6.0,False,,False,,food into a bag. Mira crept closer to get a better view. A man stood in the door. Mira's mother handed him the bag and shoved him out and into,0,False,human,ai,author_1,human,True,4
2025-11-15 17:13:29.148000+00:00,"long and wide until it covered the entire house. ""No one,"" her mother stammered, looking awfully pale. Mira's brother left the stairwell and walked","toward the door, reaching for his coat. ""I should report this,"" he said, not looking at either of them. ""The king rewards those who protect the realm.""",conv_29031421-8265-472f-b4ce-f147dd80edca,YR33XNKD3U3F,6.0,2,human-ai,conv_29031421-8265-472f-b4ce-f147dd80edca,6.0,author_1,145.0,122.0,117.0,117.0,25.0,0.9590163934426229,0.040983606557377046,0.0,0.96,0.0,9.0,False,,False,,"long and wide until it covered the entire house. ""No one"" her mother stammered looking awfully pale. Mira's brother left the stairwell and walked",2,False,human,ai,author_1,human,True,5
2025-11-15 17:15:00.929000+00:00,"Suddenly Mira's mother moved. She moved with speed and grace, grabbed the shoulder of her son and turned him so they faced each other. ""Don't you dare""","she hissed, and for the first time Mira saw her mother not as gentle, but as steel. ""That man has a family. Children younger than your",conv_29031421-8265-472f-b4ce-f147dd80edca,YR33XNKD3U3F,7.0,2,human-ai,conv_29031421-8265-472f-b4ce-f147dd80edca,7.0,author_1,150.0,125.0,118.0,118.0,28.0,0.944,0.056,0.0,0.9285714285714286,0.0,9.0,False,,False,,"Suddenly Mira's mother moved. She moved with speed and grace, grabbed the shoulder of her son and turned him so they faced eachother. ""Don't you dare""",1,False,human,ai,author_1,human,True,6
2025-11-15 17:16:04.893000+00:00,little sister. Mira tried to be one with the shadows in the kitchen. Her brother scoffed and knocked his mother's hand.,"away. ""Traitors' children,"" he spat. ""They're better off without a father who defies the king.""

""When did you become this?""",conv_29031421-8265-472f-b4ce-f147dd80edca,YR33XNKD3U3F,8.0,2,human-ai,conv_29031421-8265-472f-b4ce-f147dd80edca,8.0,author_1,117.0,97.0,95.0,95.0,21.0,0.979381443298969,0.020618556701030927,0.0,1.0,0.0,7.0,False,,False,,little sister. Mira tried to be one with the shadows in the kitchen. Her brother scoffed and knocked his mothers hand,2,False,human,ai,author_1,human,True,7
2025-11-15 17:18:17.461000+00:00,"Mira heard the confusion, fear and disappointment in her mother's voice. Her brother didn't hear it as he laughed, ""I've always been like this. You were just to","blind to see it. The king showed me the truth—showed us all what strength really means.""

He turned back toward the door, and Mira knew with terrible",conv_29031421-8265-472f-b4ce-f147dd80edca,YR33XNKD3U3F,9.0,2,human-ai,conv_29031421-8265-472f-b4ce-f147dd80edca,9.0,author_1,157.0,130.0,124.0,124.0,30.0,0.9538461538461539,0.046153846153846156,0.0,0.9666666666666667,0.0,13.0,False,,False,,"Mira heard the confusion, fear and disapointment in her mothers voice. Her brother didn't hear it as he laughed ""I've always been like this. You were just to",3,False,human,ai,author_1,human,True,8
2025-12-10 14:13:47.385000+00:00,"While not all birds fly, it is a known fact that most do. And while any bird may lose the ability to fly, most don't. But the distinguishing factor",,conv_2ce635fa-cb6c-424f-9565-859a944eed92,YKUP9C4DG2JA,1.0,2,human-ai,conv_2ce635fa-cb6c-424f-9565-859a944eed92,1.0,author_1,147.0,119.0,114.0,114.0,30.0,0.957983193277311,0.04201680672268908,0.0,0.9666666666666667,0.0,14.0,False,,False,,"While not all birds fly, it is a known fact that most do. and while any bird may lose the ability to fly, most don't. but the destinguishing factor",3,False,human,ai,author_1,human,False,
2025-12-10 14:15:56.008000+00:00,"is the intent of flight, for any one bird does not fly without purpose. while mainly a necessity for the bird, humans have long envied and awed the ability to",,conv_2ce635fa-cb6c-424f-9565-859a944eed92,YKUP9C4DG2JA,2.0,2,human-ai,conv_2ce635fa-cb6c-424f-9565-859a944eed92,2.0,author_1,158.0,129.0,126.0,126.0,30.0,0.9767441860465116,0.023255813953488372,0.0,1.0,0.0,8.0,False,,False,,"is the intent of flight, for any one bird does not fly without purpose. while mainly a necesity for the bird, humans have longs envied and awed the ability to",2,False,human,ai,author_1,human,False,
2025-12-10 14:18:31.583000+00:00,"soar through the air. while often thought of as an act of freedom, the sky is what the water is to a fish. it is not an addition to, but a prerequisite for","survival itself.

Marcus understood this as he watched the starlings wheel above the autumn field. Their murmuration shifted like liquid thought—thousands of bodies moving as one min",conv_2ce635fa-cb6c-424f-9565-859a944eed92,YKUP9C4DG2JA,3.0,2,human-ai,conv_2ce635fa-cb6c-424f-9565-859a944eed92,3.0,author_1,152.0,120.0,116.0,116.0,33.0,0.9666666666666667,0.03333333333333333,0.0,1.0,0.0,9.0,False,,False,,"soar through the air. while often thought of as an act of freedom, the sky is what the water is to a fish. it is not an addition to, but a prequisit for",3,False,human,ai,author_1,human,True,1
2025-12-10 14:21:50.160000+00:00,"d. but so is not the case for any one bird. flightless birds, as they are called, have taken to new ways of survival, be that in water or on","land with such commitment that their wings became vestigial whispers of what once was. The penguin trades air for ocean depths. The ostrich, speed across savanna",conv_2ce635fa-cb6c-424f-9565-859a944eed92,YKUP9C4DG2JA,4.0,2,human-ai,conv_2ce635fa-cb6c-424f-9565-859a944eed92,4.0,author_1,140.0,111.0,106.0,106.0,30.0,0.954954954954955,0.04504504504504504,0.0,0.9666666666666667,0.0,10.0,False,,False,,"d. but so is not the case for any one bird. flightless birds, as they are called, have taken to new ways of survival, be that in water or on",0,False,human,ai,author_1,human,True,2
2025-12-10 14:24:55.317000+00:00,". these birds are what bats are to mammals: while fundamentally the same general type of creature, they have made a drastic change in the progress of",evolution that sets them apart from their kin. Yet Marcus had discovered something that troubled him during his years of ornithological research—a pattern that didn't fit the text,conv_2ce635fa-cb6c-424f-9565-859a944eed92,YKUP9C4DG2JA,5.0,2,human-ai,conv_2ce635fa-cb6c-424f-9565-859a944eed92,5.0,author_1,149.0,123.0,120.0,120.0,26.0,0.975609756097561,0.024390243902439025,0.0,1.0,0.0,13.0,False,,False,,". these birds are what bats are to mammals: while fundamentally the same general type of creature, they have made a drastic change in the progress of",0,False,human,ai,author_1,human,True,3
2025-12-10 14:29:48.031000+00:00,". but everything has a reasonable explanation. any creature will, with time, shed any part that does not serve it. both for the birds that first flew and those that left the act","behind, the transformation followed necessity. What Marcus found in the fossil beds of Montana, however, suggested something different—a species that had developed flight, lost it, then reg",conv_2ce635fa-cb6c-424f-9565-859a944eed92,YKUP9C4DG2JA,6.0,2,human-ai,conv_2ce635fa-cb6c-424f-9565-859a944eed92,6.0,author_1,178.0,146.0,141.0,141.0,32.0,0.9657534246575342,0.03424657534246575,0.0,1.0,0.0,12.0,False,,False,,". but everything has a reasonable explaination. any creature will, with time, shed any part that does not serve it. both for the birds that first flew and those that left the act",1,False,human,ai,author_1,human,True,4
2025-12-10 14:32:51.009000+00:00,"gressed into a relic of the past. While humans might envy flight, it is nothing more than an act of levitation, the ability to counter gravity through motoric","force. The bones told a stranger story still—this ancient bird had grown heavier with each generation, its wingspan shrinking while its breast muscles paradoxically strengthened.",conv_2ce635fa-cb6c-424f-9565-859a944eed92,YKUP9C4DG2JA,7.0,2,human-ai,conv_2ce635fa-cb6c-424f-9565-859a944eed92,7.0,author_1,158.0,131.0,128.0,128.0,28.0,0.9770992366412213,0.022900763358778626,0.0,1.0,0.0,10.0,False,,False,,"gressed into a relic of the past. while humans might envy flight, it is nothing more than an act of levetation, the ability to counter gravity through motoric",2,False,human,ai,author_1,human,True,5
2025-12-10 14:35:21.356000+00:00,"this ability has equally been stripped by force, as is the case of the flightless breeds of chicken. while humans allowed their breast muscles to grow for the meat, they could no longer","support their own weight in air. Domestication had turned flight into a burden rather than salvation. Marcus traced his finger along the fossilized keel bone, noting how",conv_2ce635fa-cb6c-424f-9565-859a944eed92,YKUP9C4DG2JA,8.0,2,human-ai,conv_2ce635fa-cb6c-424f-9565-859a944eed92,8.0,author_1,185.0,153.0,150.0,150.0,33.0,0.9803921568627451,0.0196078431372549,0.0,1.0,0.0,10.0,False,,False,,"this ability has equally been stripped by force, as is the case of the flightless breeds of chicken. while humans allowed their breast muscles to grow for the meat, they could no longer",0,False,human,ai,author_1,human,True,6
2025-12-10 14:38:06.544000+00:00,"all birds, like the other groups of animals, all share a base biological structure, modified to the needs of the species. flight or not, they are all","connected by that ancient blueprint—hollow bones, keen vision, the echo of dinosaurs in their very marrow. What separated his fossil from the chickens was choice versus circumst",conv_2ce635fa-cb6c-424f-9565-859a944eed92,YKUP9C4DG2JA,9.0,2,human-ai,conv_2ce635fa-cb6c-424f-9565-859a944eed92,9.0,author_1,149.0,123.0,118.0,118.0,27.0,0.959349593495935,0.04065040650406504,0.0,1.0,0.0,10.0,False,,False,,"all birds, like the other groups of animals, all share a base biological structure, modified to the needs of the species. flight or not, they are all",0,False,human,ai,author_1,human,True,7
2025-11-08 20:09:53.146000+00:00,,"two friends, Mia and Liam, who lived in a small coastal town known for its lighthouses and misty mornings. Despite the town’s quiet",conv_2f306db5-d066-4651-b17c-762d7f601570,7ZXDMRKQKM1S,1.0,4,human-ai,conv_2f306db5-d066-4651-b17c-762d7f601570,1.0,author_2,0.0,0.0,0.0,0.0,0.0,0.0,0.0,0.0,0.0,0.0,0.0,False,protocol_empty,False,,,0,False,human,ai,author_2,ai,False,
2025-11-08 20:12:34.105000+00:00,"existence, unusual things kept happening. Mia and Liam were always trying to get to the root of why their town was the","center of such peculiar events. One foggy evening, as they walked along the beach, they stumbled upon an old, weathered map tucked inside a bottle. The map was",conv_2f306db5-d066-4651-b17c-762d7f601570,7ZXDMRKQKM1S,2.0,4,human-ai,conv_2f306db5-d066-4651-b17c-762d7f601570,2.0,author_2,118.0,97.0,95.0,95.0,22.0,0.979381443298969,0.020618556701030927,0.0,1.0,0.0,9.0,False,,False,,"existence, unusual things kept happening. Mia and Liam were always trying to get to the root of why their town was the",0,False,human,ai,author_2,ai,True,1
2025-11-08 20:13:53.067000+00:00,"not one they had seen before. Well, the map as a whole they hadn't seen before, but still they could recognize parts of it. For in","the corners, there were sketches of familiar landmarks from their town, but the central part of the map depicted an island that wasn’t on any of the charts they knew. The",conv_2f306db5-d066-4651-b17c-762d7f601570,7ZXDMRKQKM1S,3.0,4,human-ai,conv_2f306db5-d066-4651-b17c-762d7f601570,3.0,author_2,130.0,105.0,100.0,100.0,27.0,0.9523809523809523,0.047619047619047616,0.0,0.9629629629629629,0.0,9.0,False,,False,,"not one they had seen before. Well, the map as a whole they hadn't seen before, but still they could recognise parts of it. For in",1,False,human,ai,author_2,ai,True,2
2025-11-08 20:14:47.046000+00:00,map thus became the starting point of their next adventure. Only now they needed to decide how they were going.,"to find this mysterious island. They spent the next few days in the local library, poring over old maritime records and tales of forgotten islands, hoping to uncover a clue that",conv_2f306db5-d066-4651-b17c-762d7f601570,7ZXDMRKQKM1S,4.0,4,human-ai,conv_2f306db5-d066-4651-b17c-762d7f601570,4.0,author_2,110.0,91.0,90.0,90.0,20.0,0.989010989010989,0.01098901098901099,0.0,1.0,0.0,9.0,False,,False,,map thus became the starting point of their next adventure. Only now they needed to decide how they were going,1,False,human,ai,author_2,ai,True,3
2025-11-08 20:16:09.670000+00:00,"might help them understand where the map might have come from and how they might get to the island. But also Mia was, as always, hoping, to","find a way to uncover the secrets that seemed to weave through the fabric of their town. Liam, on the other hand, was more practical, focusing on the logistics of a",conv_2f306db5-d066-4651-b17c-762d7f601570,7ZXDMRKQKM1S,5.0,4,human-ai,conv_2f306db5-d066-4651-b17c-762d7f601570,5.0,author_2,138.0,112.0,109.0,109.0,27.0,0.9732142857142857,0.026785714285714284,0.0,1.0,0.0,10.0,False,,False,,"might help them understand where the map might have come from and how they might get to the island. But also Mia was, as always hoping, to",1,False,human,ai,author_2,ai,True,4
2025-11-08 20:17:06.357000+00:00,"plan to reach this mysterious island. He, unlike Mia, felt sure that this would not be where they'd find the town's","answers, but he was willing to follow his friend’s lead, knowing that sometimes the journey itself was more important than the destination. Together, they decided to seek out the town",conv_2f306db5-d066-4651-b17c-762d7f601570,7ZXDMRKQKM1S,6.0,4,human-ai,conv_2f306db5-d066-4651-b17c-762d7f601570,6.0,author_2,114.0,94.0,90.0,90.0,23.0,0.9574468085106383,0.0425531914893617,0.0,0.9130434782608695,0.0,10.0,False,,False,,"plan to reach this mysterious island. He unlike Mia, felt sure that this would not be where they'd find the town's",1,False,human,ai,author_2,ai,True,5
2025-11-08 20:18:02.544000+00:00,Specialist. She had been the one who last saw Maren. Maren had been the last person to get lost trying to,"find the island. The Specialist, an elderly woman with a reputation for knowing more about the town’s secrets than anyone else, listened intently as Mia and Liam explained their discovery",conv_2f306db5-d066-4651-b17c-762d7f601570,7ZXDMRKQKM1S,7.0,4,human-ai,conv_2f306db5-d066-4651-b17c-762d7f601570,7.0,author_2,105.0,85.0,83.0,83.0,21.0,0.9764705882352941,0.023529411764705882,0.0,1.0,0.0,10.0,False,,False,,Specialist. She had been the one who last saw Maren. Maren had been the last person to get lost trying to,0,False,human,ai,author_2,ai,True,6
2025-11-08 20:19:18.298000+00:00,". In the end, she, to the surprise of both Mia and Liam, told them directly that she did in fact have some answers. Only she didn't want to tell them.","Instead, she gave them an old, leather-bound journal, warning them to read it carefully and to follow its guidance to the letter. “The answers you seek are within these",conv_2f306db5-d066-4651-b17c-762d7f601570,7ZXDMRKQKM1S,8.0,4,human-ai,conv_2f306db5-d066-4651-b17c-762d7f601570,8.0,author_2,150.0,120.0,113.0,113.0,31.0,0.9416666666666667,0.058333333333333334,0.0,0.967741935483871,0.0,8.0,False,,False,,". In the end, she, to the surprise of both Mia and Liam, told them directly that she did in fact have some answers. Only she didn't want to tell them.",0,False,human,ai,author_2,ai,True,7
2025-11-08 20:20:31.083000+00:00,"words, but look too closely and you might never find your way home"". Immediately, Mia thought of Harry Potter, while Liam thought of the old lady.","was just being dramatic. Nevertheless, they promised to be cautious and thanked her. As they walked back under the dim streetlights, the weight of the journal in Mia’s hands",conv_2f306db5-d066-4651-b17c-762d7f601570,7ZXDMRKQKM1S,9.0,4,human-ai,conv_2f306db5-d066-4651-b17c-762d7f601570,9.0,author_2,142.0,118.0,113.0,113.0,25.0,0.9576271186440678,0.0423728813559322,0.0,1.0,0.0,11.0,False,,False,,"words, but look too closely and you might never find your way home"". Immediately, Mia thought of harry potter, while Liam thought the old lady",6,False,human,ai,author_2,ai,True,8
2025-11-10 16:43:42.117000+00:00,,"a young girl named Sophia, who lived in a small village surrounded by rolling hills and dense forests. She was known throughout the village for her curiosity and sense of adventure, often",conv_328804bd-df9e-47da-ad43-e4da646b9ceb,YQ6Y38ZT6899,1.0,3,human-ai,conv_328804bd-df9e-47da-ad43-e4da646b9ceb,1.0,author_2,0.0,0.0,0.0,0.0,0.0,0.0,0.0,0.0,0.0,0.0,0.0,False,protocol_empty,False,,,0,False,human,ai,author_2,ai,False,
2025-11-10 16:48:31.471000+00:00,"leading her wandering far into the restricted area. The restricted area was at the other side of the nearby prairie, leading to the foot","of a magnificent and ancient mountain, its peak shrouded in a perpetual mist. The villagers believed the mountain was cursed, and many whispered stories of strange happenings and un",conv_328804bd-df9e-47da-ad43-e4da646b9ceb,YQ6Y38ZT6899,2.0,3,human-ai,conv_328804bd-df9e-47da-ad43-e4da646b9ceb,2.0,author_2,136.0,113.0,111.0,111.0,24.0,0.9823008849557522,0.017699115044247787,0.0,1.0,0.0,10.0,False,,False,,"leading her wandering far into the restricted area. The restricted area was at the other side of the nearby prairie, leading to the foot",0,False,human,ai,author_2,ai,True,1
2025-11-10 16:52:02.015000+00:00,"settling findings throughout the restricted area. The Kingsguard had once performed a full expedition, trying to uncover the mysteries of the area,","but they never returned, leaving behind only a cryptic message etched into a stone monument at the edge of the prairie, warning of an ""echoing silence"" and",conv_328804bd-df9e-47da-ad43-e4da646b9ceb,YQ6Y38ZT6899,3.0,3,human-ai,conv_328804bd-df9e-47da-ad43-e4da646b9ceb,3.0,author_2,147.0,126.0,123.0,123.0,22.0,0.9761904761904762,0.023809523809523808,0.0,1.0,0.0,10.0,False,,False,,"settling findings throughout the restricted area. The Kingsguard had once performed a full expedition, trying to uncover the mysteries of the area,",0,False,human,ai,author_2,ai,True,2
2025-11-10 16:54:37.669000+00:00,"""bright darkness."" No one had dared venture as long as they did ever since, but Sophia was intrigued with the area, and said this day","as she stood before the stone monument, she felt an inexplicable pull to explore the very depths of the restricted area, to unravel the secrets that lay hidden within the ""bright",conv_328804bd-df9e-47da-ad43-e4da646b9ceb,YQ6Y38ZT6899,4.0,3,human-ai,conv_328804bd-df9e-47da-ad43-e4da646b9ceb,4.0,author_2,132.0,108.0,103.0,103.0,25.0,0.9537037037037037,0.046296296296296294,0.0,1.0,0.0,9.0,False,,False,,"""bright darkness"". No one had dared venture as long as they did ever since, but Sophia was intrigued with the area, and say this day",4,False,human,ai,author_2,ai,True,3
2025-11-10 16:57:28.668000+00:00,"darkness"" and the ""echoing silence"". She left as the moon arrived, just after the housemaid had blown out","the last of the evening candles, casting the village in an inky blackness that seemed to pulse with an otherworldly energy. With a deep breath, Sophia slipped out",conv_328804bd-df9e-47da-ad43-e4da646b9ceb,YQ6Y38ZT6899,5.0,3,human-ai,conv_328804bd-df9e-47da-ad43-e4da646b9ceb,5.0,author_2,106.0,89.0,84.0,84.0,18.0,0.9438202247191011,0.056179775280898875,0.0,1.0,0.0,9.0,False,,False,,"darkness"" and the ""echoing silence"". She left as the moon arrived, just after the housemaid had blowed out",2,False,human,ai,author_2,ai,True,4
2025-11-10 16:59:03.013000+00:00,"and moved through the dark parts of the village. She was not to be seen, as this in fact was","strictly forbidden by the village elder, who had long warned of the dangers that lurked in the shadows, and the severe punishment that would befall anyone caught sneaking out",conv_328804bd-df9e-47da-ad43-e4da646b9ceb,YQ6Y38ZT6899,6.0,3,human-ai,conv_328804bd-df9e-47da-ad43-e4da646b9ceb,6.0,author_2,92.0,73.0,71.0,71.0,20.0,0.9726027397260274,0.0273972602739726,0.0,1.0,0.0,7.0,False,,False,,"and moved through the dark parts of the village. She was not to be seen, as this in fact was",0,False,human,ai,author_2,ai,True,5
2025-11-10 17:01:44.666000+00:00,"however, Sophia was a curious and adventurous girl, so she left the village all right, and moved towards the prairie. The stream dividing","the village from the prairie babbled and churned, its gentle voice a stark contrast to the darkness that seemed to press in around her. Sophia followed the stream's",conv_328804bd-df9e-47da-ad43-e4da646b9ceb,YQ6Y38ZT6899,7.0,3,human-ai,conv_328804bd-df9e-47da-ad43-e4da646b9ceb,7.0,author_2,135.0,114.0,110.0,110.0,22.0,0.9649122807017544,0.03508771929824561,0.0,1.0,0.0,11.0,False,,False,,"however, Sophia was a curious and adventurous girl, so she left the village alright, and moved towards the prairie. The stream dividing",2,False,human,ai,author_2,ai,True,6
2025-11-10 17:03:41.550000+00:00,"rumble, as this was the only passage toward the prairie. However, the current was rough today, so Sophia had a hard time","crossing it, the icy water swirling around her ankles and threatening to sweep her off balance. She grasped at the smooth stones that lined the stream's bed, her fingers",conv_328804bd-df9e-47da-ad43-e4da646b9ceb,YQ6Y38ZT6899,8.0,3,human-ai,conv_328804bd-df9e-47da-ad43-e4da646b9ceb,8.0,author_2,121.0,100.0,96.0,96.0,22.0,0.96,0.04,0.0,1.0,0.0,7.0,False,,False,,"rumble, as this was the only passage towards the prairie. However, the current was rough today, so Sophia had a hard time",1,False,human,ai,author_2,ai,True,7
2025-11-10 17:05:30.148000+00:00,"icy cold, and her feet trembling. She finally crossed the murky waters, and the well-known silence, but that being a very loud","silence, the kind that seemed to reverberate through every cell of her body, making her skin prickle with unease. As she emerged onto the prairie,",conv_328804bd-df9e-47da-ad43-e4da646b9ceb,YQ6Y38ZT6899,9.0,3,human-ai,conv_328804bd-df9e-47da-ad43-e4da646b9ceb,9.0,author_2,126.0,104.0,100.0,100.0,23.0,0.9615384615384616,0.038461538461538464,0.0,1.0,0.0,9.0,False,,False,,"icy cold, and her feet trembling. She finally crossed the murky waters, and the well known silence, but that being a very loud",1,False,human,ai,author_2,ai,True,8
2025-11-08 10:21:18.348000+00:00,"Michael. Michael is not only a father - he is also a son, a cousin, a brother, a friend, and a husband. But more so, he","was a man consumed by his own sense of purpose, driven by a passion that had been simmering within him for years. He had a vision, a dream that he had",conv_33502e38-922d-4e7d-a252-ab236947c3d2,J3D2HV9QT49W,1.0,3,human-ai,conv_33502e38-922d-4e7d-a252-ab236947c3d2,1.0,author_1,119.0,94.0,86.0,86.0,25.0,0.9148936170212766,0.0851063829787234,0.0,1.0,0.0,7.0,False,,False,,"Michael. Michael is not only a father - he is also a son, a cousin, a brother, a friend, and a husband. But more so, he",0,False,human,ai,author_1,human,True,
2025-11-08 10:25:01.359000+00:00,"pushed to the side all these years, as he was climbing the corporate ladder. As he was caring for his children, and cooking for his","wife, the familiar rhythms of family life had become a comforting distraction from the gentle nagging of his own ambitions. But on quiet nights, when the house was still and the",conv_33502e38-922d-4e7d-a252-ab236947c3d2,J3D2HV9QT49W,2.0,3,human-ai,conv_33502e38-922d-4e7d-a252-ab236947c3d2,2.0,author_1,131.0,107.0,104.0,104.0,25.0,0.9719626168224299,0.028037383177570093,0.0,1.0,0.0,9.0,False,,False,,"pushed to the side all these years, as he was climbing the corporate ladder. As he was caring for his children, and cooking for his",0,False,human,ai,author_1,human,True,1
2025-11-08 10:27:51.050000+00:00,neighbors had turned off the lights - Michael returned to this dreamy state. He isolated himself from outer stimuli and disappeared into,"the depths of his own mind, where the memories of his childhood passions and creative pursuits awaited him like old friends. The smell of freshly sharpened pencils, the feel of paint",conv_33502e38-922d-4e7d-a252-ab236947c3d2,J3D2HV9QT49W,3.0,3,human-ai,conv_33502e38-922d-4e7d-a252-ab236947c3d2,3.0,author_1,137.0,116.0,113.0,113.0,21.0,0.9741379310344828,0.02586206896551724,0.0,1.0,0.0,11.0,False,,False,,"neighbors had turned off the lights - Michael returned to this dreamy state. He isolated himself from outer stimuli, and disappeared into",1,False,human,ai,author_1,human,True,2
2025-11-08 10:30:36.347000+00:00,"at the end of the brush, being lathered against the walls. His secret. His secret only. But problems arose the first day.","he decided to bring his secret out into the open, as he stumbled upon an old, forgotten easel in the attic, covered in dust and cobwebs, with a canvas",conv_33502e38-922d-4e7d-a252-ab236947c3d2,J3D2HV9QT49W,4.0,3,human-ai,conv_33502e38-922d-4e7d-a252-ab236947c3d2,4.0,author_1,120.0,99.0,95.0,95.0,22.0,0.9595959595959596,0.04040404040404041,0.0,1.0,0.0,8.0,False,,False,,"at the end of the brush, being lathered against the walls. His secret. His secret only. But problems arose the first day",1,False,human,ai,author_1,human,True,3
2025-11-08 10:33:08.453000+00:00,grey from all the dust. He knew that he had to uncover what was underneath. His curiosity was piqued. His interest -,"piqued, Michael gently began to wipe away the layers of dust, revealing a glimpse of vibrant colors and bold brushstrokes, and as the last of the dust fell",conv_33502e38-922d-4e7d-a252-ab236947c3d2,J3D2HV9QT49W,5.0,3,human-ai,conv_33502e38-922d-4e7d-a252-ab236947c3d2,5.0,author_1,116.0,95.0,91.0,91.0,21.0,0.9578947368421052,0.042105263157894736,0.0,1.0,0.0,10.0,False,,False,,grey from all the dust. He knew that he had to uncover what was underneath. His curiosity was peaked. His interest -,3,False,human,ai,author_1,human,True,4
2025-11-08 10:34:15.419000+00:00,"to the floor, Michael realized what he had to do now. His secret could no longer be kept to himself, and he would have","to share it with the one person he had been hiding it from the most - his wife. The thought sent a mix of emotions swirling through his chest, as he imagined her",conv_33502e38-922d-4e7d-a252-ab236947c3d2,J3D2HV9QT49W,6.0,3,human-ai,conv_33502e38-922d-4e7d-a252-ab236947c3d2,6.0,author_1,118.0,95.0,92.0,92.0,24.0,0.968421052631579,0.031578947368421054,0.0,1.0,0.0,8.0,False,,False,,"to the floor, Michael realized what he had to do now. His secret could no longer be kept to himself, and he would have",0,False,human,ai,author_1,human,True,5
2025-11-08 10:36:17.633000+00:00,running her hands over the thin layers of old paint - kept in good condition due to the thick dust. He knew that she would question him out - how did he find this,"treasure, why he had kept it hidden for so long, and what it meant to him. The questions swirled in his mind like a storm, and he could",conv_33502e38-922d-4e7d-a252-ab236947c3d2,J3D2HV9QT49W,7.0,3,human-ai,conv_33502e38-922d-4e7d-a252-ab236947c3d2,7.0,author_1,163.0,130.0,127.0,127.0,32.0,0.9769230769230769,0.023076923076923078,0.0,1.0,0.0,10.0,False,,False,,running her hands over the thin layers of old paint - kept in good conditions due to the thick dust. He knew that she would question him out - how did he find this,1,False,human,ai,author_1,human,True,6
2025-11-08 10:38:14.987000+00:00,feel his hands getting sweaty. The painting was not just any painting. But you need expertise within the field to know its worth - something Michael had held to,"himself for years, a secret that only a select few in the art world would recognize, and as he stood there, frozen in anticipation, he heard the sound of his",conv_33502e38-922d-4e7d-a252-ab236947c3d2,J3D2HV9QT49W,8.0,3,human-ai,conv_33502e38-922d-4e7d-a252-ab236947c3d2,8.0,author_1,160.0,132.0,129.0,129.0,28.0,0.9772727272727273,0.022727272727272728,0.0,1.0,0.0,9.0,False,,False,,feel his hands getting sweaty. The painting was not just any painting. But you need expertise within the field to know its worth - something Michael had held to,0,False,human,ai,author_1,human,True,7
2025-11-08 10:39:26.298000+00:00,"alarm clock going off in the basement. He panicked. Realized that he had to go to work, and that his wife would wake up to the sound going.","off and start her day, oblivious to the revelation that had just shaken Michael's world, and he knew he had to hurry, to get out the door before she saw the",conv_33502e38-922d-4e7d-a252-ab236947c3d2,J3D2HV9QT49W,9.0,3,human-ai,conv_33502e38-922d-4e7d-a252-ab236947c3d2,9.0,author_1,138.0,111.0,108.0,108.0,28.0,0.972972972972973,0.02702702702702703,0.0,1.0,0.0,8.0,False,,False,,"alarm clock going off in the basement. He panicked. Realized that he had to go to work, and that his wife would wake up to the sound going",1,False,human,ai,author_1,human,True,8
2025-10-27 11:53:35.411000+00:00,,"two childhood friends, Lily and Max, who grew up in a small town nestled between rolling hills and a vast, shimmering lake. They spent their",conv_396737da-f9a2-4564-9edf-3712ef73724d,FD7RVGMZ6EC9,1.0,4,human-ai,conv_396737da-f9a2-4564-9edf-3712ef73724d,1.0,author_2,0.0,0.0,0.0,0.0,0.0,0.0,0.0,0.0,0.0,0.0,0.0,False,protocol_empty,False,,,0,False,human,ai,author_2,ai,False,
2025-10-27 11:54:20.981000+00:00,"summers exploring forbidden caves where there had been deeply disturbing problems with children in the past. They weren't afraid, they thought, because","they had each other. The caves were dark and filled with the echoes of whispers, but Lily and Max always found their way through the twisting passages, their flashlights cutting through",conv_396737da-f9a2-4564-9edf-3712ef73724d,FD7RVGMZ6EC9,2.0,4,human-ai,conv_396737da-f9a2-4564-9edf-3712ef73724d,2.0,author_2,151.0,130.0,126.0,126.0,23.0,0.9692307692307692,0.03076923076923077,0.0,0.9565217391304348,0.0,10.0,False,,False,,"summers exploring forbidden caves where there had been deeply disturbing problems with children in the past. They weren't afraid, they thought, because",0,False,human,ai,author_2,ai,True,1
2025-10-27 11:58:41.789000+00:00,"the musty air. They slipped on some mud as the passage sloped downward. And when they came to a stop they were in a very different world, even a different time.","The air was warmer and carried a sweet, floral scent. The cave walls glowed with a soft, bioluminescent light, casting everything in a surreal, azure hue",conv_396737da-f9a2-4564-9edf-3712ef73724d,FD7RVGMZ6EC9,3.0,4,human-ai,conv_396737da-f9a2-4564-9edf-3712ef73724d,3.0,author_2,155.0,126.0,122.0,122.0,30.0,0.9682539682539683,0.031746031746031744,0.0,1.0,0.0,9.0,False,,False,,"the musty air. They slipped on some mud as the passage sloped downward. And when came to a stop they were in a very different world, even a different time.",5,False,human,ai,author_2,ai,True,2
2025-10-27 12:00:23.097000+00:00,[avoid trite phrases and move the story forward] that were cast by gem-like lasers and manned by creatures that looked like,"giant, luminous insects with iridescent wings. The creatures moved gracefully, attending to intricate machinery that hummed with an ancient, rhythmic energy. Lily and Max",conv_396737da-f9a2-4564-9edf-3712ef73724d,FD7RVGMZ6EC9,4.0,4,human-ai,conv_396737da-f9a2-4564-9edf-3712ef73724d,4.0,author_2,123.0,102.0,100.0,100.0,22.0,0.9803921568627451,0.0196078431372549,0.0,1.0,0.0,9.0,False,,False,,[avoid trite phrases and move the story forward] that were cast by gem like lasers and manned by creatures that looked like,1,False,human,ai,author_2,ai,True,3
2025-10-27 12:01:06.809000+00:00,"were startled but not surprised, they knew the children that had been returned in the past were drained of blood and spoke in another language.","Lily and Max exchanged a nervous glance, the stories of the missing children echoing in their minds. They had always thought those tales were just spooky legends, but now, standing",conv_396737da-f9a2-4564-9edf-3712ef73724d,FD7RVGMZ6EC9,5.0,4,human-ai,conv_396737da-f9a2-4564-9edf-3712ef73724d,5.0,author_2,142.0,118.0,117.0,117.0,25.0,0.9915254237288136,0.00847457627118644,0.0,1.0,0.0,9.0,False,,False,,"were startled but not surprised, they knew the children that had been returned in the past were drained of blood and spoke in another language",1,False,human,ai,author_2,ai,True,4
2025-10-27 12:02:10.300000+00:00,"in the presence of creatures, they were ready to engage them and learn why they were there. They knew there was a connection to older Nazi projects.","The air grew tense as Lily and Max stepped forward, their curiosity overriding their fear. ""Who are you, and what do you want with us?"" Lily asked, her voice",conv_396737da-f9a2-4564-9edf-3712ef73724d,FD7RVGMZ6EC9,6.0,4,human-ai,conv_396737da-f9a2-4564-9edf-3712ef73724d,6.0,author_2,148.0,122.0,119.0,119.0,27.0,0.9754098360655737,0.02459016393442623,0.0,1.0,0.0,10.0,False,,False,,"in the presence of creatures, they were ready to engage them and learn why they were there. They know there was a connection to older Nazi projects.",1,False,human,ai,author_2,ai,True,5
2025-10-27 12:02:59.301000+00:00,trembling. She recalled a story her grandmother had told her in which humans were divided into different castes for different fates.,"The largest insect-like creature approached them, its eyes glowing a deep, calming blue. ""We are the Custodians of the Aether,"" it said in a melodious",conv_396737da-f9a2-4564-9edf-3712ef73724d,FD7RVGMZ6EC9,7.0,4,human-ai,conv_396737da-f9a2-4564-9edf-3712ef73724d,7.0,author_2,132.0,112.0,110.0,110.0,21.0,0.9821428571428571,0.017857142857142856,0.0,1.0,0.0,11.0,False,,False,,trembling. She recalled a story her grandmother had told her in which humans were divided into different castes for different fates.,0,False,human,ai,author_2,ai,True,6
2025-10-27 12:03:54.426000+00:00,voice. The Aether demands sacrifices. At least that is what we were told by previous humans. Why do you like sacrifice so much?,"Lily and Max exchanged a bewildered look. ""We don't like sacrifice,"" Max replied, his voice steady. ""We just want to understand what's happening and why",conv_396737da-f9a2-4564-9edf-3712ef73724d,FD7RVGMZ6EC9,8.0,4,human-ai,conv_396737da-f9a2-4564-9edf-3712ef73724d,8.0,author_2,127.0,105.0,101.0,101.0,23.0,0.9619047619047619,0.0380952380952381,0.0,1.0,0.0,10.0,False,,False,,voice. The Aether demands sacrifices. At least that is what we were told by previous humans. Why do you like sacrifice so much?,0,False,human,ai,author_2,ai,True,7
2025-10-27 12:04:42.963000+00:00,"There are so many happenings here."" The creature responded: ""Surely you have stories that demand sacrifice. What is its purpose?""","Lily nodded, thinking of the ancient myths and tales that spoke of sacrifices to appease gods or ensure the harvest. ""In our stories, sacrifices are often meant to bring",conv_396737da-f9a2-4564-9edf-3712ef73724d,FD7RVGMZ6EC9,9.0,4,human-ai,conv_396737da-f9a2-4564-9edf-3712ef73724d,9.0,author_2,129.0,110.0,103.0,103.0,20.0,0.9363636363636364,0.06363636363636363,0.0,1.0,0.0,10.0,False,,False,,"there are so many happenings here."" The creature responded: ""Surely you have stories that demand sacrifice. What is its purpose?""",1,False,human,ai,author_2,ai,True,8
2025-12-10 14:06:46.843000+00:00,"A whale, a blue whale, with no good friends and no acquaintances with similar interests to its own. Each Sunday, this whale, who some call Claire, swims all the way to England and back.","to sing opera in the abandoned lighthouse at Land's End. 

She discovered it three years ago during a particularly lonely migration, when the fog was so thick she nearly be",conv_3b65e0a1-1bf7-4f16-825f-63867d60f8d3,ZCS6ZRAYGKLS,1.0,2,human-ai,conv_3b65e0a1-1bf7-4f16-825f-63867d60f8d3,1.0,author_1,184.0,151.0,145.0,145.0,34.0,0.9602649006622517,0.039735099337748346,0.0,1.0,0.0,13.0,False,,False,,"A whale, a blue whale, with no good friends and no acquaintances with similar interests to its own. Each Sunday, this whale, who some call Claire, swims all the way to England and back",1,False,human,ai,author_1,human,True,
2025-12-10 14:08:27.716000+00:00,"came lost in the endless waves and for unmeasurable moments contemplated becoming one with the waves, forever sinking and rising with the moon. Instead, she found soundwaves to","follow—strange, haunting melodies that drifted through the water like silver threads. They led her to the lighthouse, where an old gramophone sat rusting in",conv_3b65e0a1-1bf7-4f16-825f-63867d60f8d3,ZCS6ZRAYGKLS,2.0,2,human-ai,conv_3b65e0a1-1bf7-4f16-825f-63867d60f8d3,2.0,author_1,177.0,150.0,147.0,147.0,28.0,0.98,0.02,0.0,1.0,0.0,13.0,False,,False,,"came lost in the endless waves and for unmeasureable moments contemplated becoming one with the waves, forever sinking and rising with the moon. Instead, she found soundwaves to",1,False,human,ai,author_1,human,True,1
2025-12-10 14:10:11.490000+00:00,"The sounds produced a new sensation in her flesh, her bones tingling along to the scrapings of the record. She didn't know how, but she changed and climbed onto land, her","massive body somehow lighter, more fluid, as if the music had rewritten the rules of what she could be. Her flippers found purchase on the rocky shore, and she",conv_3b65e0a1-1bf7-4f16-825f-63867d60f8d3,ZCS6ZRAYGKLS,3.0,2,human-ai,conv_3b65e0a1-1bf7-4f16-825f-63867d60f8d3,3.0,author_1,171.0,141.0,136.0,136.0,32.0,0.9645390070921985,0.03546099290780142,0.0,0.96875,0.0,9.0,False,,False,,"The sounds produced an new sensation in her flesh, her bones tingling along to the scrapings of the record. She didn't know how, but she changed and climbed onto land, her",1,False,human,ai,author_1,human,True,2
2025-12-10 14:11:51.047000+00:00,"paused for a moment, feeling the air on her skin, and a calm coolness within. Then as if drawn to the sound, she walked, no, floated, drifted towards it.","the lighthouse door, which hung open like an invitation. Inside, dust motes danced in the thin beam of moonlight that pierced the tower's heights. The gram",conv_3b65e0a1-1bf7-4f16-825f-63867d60f8d3,ZCS6ZRAYGKLS,4.0,2,human-ai,conv_3b65e0a1-1bf7-4f16-825f-63867d60f8d3,4.0,author_1,152.0,124.0,117.0,117.0,29.0,0.9435483870967742,0.056451612903225805,0.0,1.0,0.0,8.0,False,,False,,"paused for a moment, feeling the air on her skin, and a calm coolness within. Then as if drawn to the sound, she walked, no, floated, drifted towards to",2,False,human,ai,author_1,human,True,3
2025-12-10 14:13:38.616000+00:00,"ophone played sweetly, as the old friend she'd never known. But there, there in the corner sat a creature, much unlike her usual shape. But then again, how unlike her old being wasn't she?","now? The creature—small, furred, with eyes like polished stones—raised its head and spoke in a voice that resonated with the same frequency as her deep",conv_3b65e0a1-1bf7-4f16-825f-63867d60f8d3,ZCS6ZRAYGKLS,5.0,2,human-ai,conv_3b65e0a1-1bf7-4f16-825f-63867d60f8d3,5.0,author_1,187.0,154.0,146.0,146.0,36.0,0.948051948051948,0.05194805194805195,0.0,0.9444444444444444,0.0,8.0,False,,False,,"ophone played sweetly, as the old friend she'd never known. But there, there in the corner sat a creature, much unlike her usual shape. But then again, how unlike her old being wasn't she",1,False,human,ai,author_1,human,True,4
2025-12-10 14:16:08.742000+00:00,"longing for company, for reflection, for a sky or heaven able to provide an image of her soul. And so she sang, of nothing in particular, and gentle waves brushed and nurtured the","rocks below. The creature listened without judgment, its small body swaying to her improvised aria. When she finished, it smiled—or seemed to—and gestured towar",conv_3b65e0a1-1bf7-4f16-825f-63867d60f8d3,ZCS6ZRAYGKLS,6.0,2,human-ai,conv_3b65e0a1-1bf7-4f16-825f-63867d60f8d3,6.0,author_1,179.0,147.0,142.0,142.0,33.0,0.9659863945578231,0.034013605442176874,0.0,1.0,0.0,10.0,False,,False,,"longing for company, for reflection, for a sky or heaven able to provide an image of her soul. And so she sang, of nothing in particular, and gentle waves brushed and nurtured the",0,False,human,ai,author_1,human,True,5
2025-12-10 14:18:23.247000+00:00,"d towards the stairs leading further up. Claire had never climbed before, knew no ""up"" without a surface to breach, but she trusted this creature, its odd voice and calming stone-grey","eyes that held no fear of her strangeness. Together they ascended the spiral stairs, Claire's new form adapting with each step, the creature leading with patient,",conv_3b65e0a1-1bf7-4f16-825f-63867d60f8d3,ZCS6ZRAYGKLS,7.0,2,human-ai,conv_3b65e0a1-1bf7-4f16-825f-63867d60f8d3,7.0,author_1,184.0,154.0,146.0,146.0,33.0,0.948051948051948,0.05194805194805195,0.0,0.9393939393939394,0.0,8.0,False,,False,,"d towards the stairs leading further up. Claire had never climbed before, knew no ""up"" without a surface to breach, but she trusted this creature, it's odd voice and calming stone-grey",1,False,human,ai,author_1,human,True,6
2025-12-10 14:21:26.617000+00:00,"firm steps, as if to teach her how to walk and trust her new nature as well. The ocean was nothing when seen from above, so distant and unlovely, so light, and Claire wondered if this","was how the stars felt each night—watching from such height that even vast waters became merely a mirror, reflecting rather than holding. At the top, the creature gestured to",conv_3b65e0a1-1bf7-4f16-825f-63867d60f8d3,ZCS6ZRAYGKLS,8.0,2,human-ai,conv_3b65e0a1-1bf7-4f16-825f-63867d60f8d3,8.0,author_1,183.0,148.0,143.0,143.0,36.0,0.9662162162162162,0.033783783783783786,0.0,1.0,0.0,8.0,False,,False,,"firm steps, as if to teach her how to walk and trust her new nature as well. The ocean was nothing when seen from above, so distant and unlively, so light, and Claire wondered if this",1,False,human,ai,author_1,human,True,7
2025-12-10 14:23:31.127000+00:00,"her, but she had no clue what action it called for, what language to employ. She sang, to the creature, the stars, the ocean and her surface so new and strange, now vibrating in harmony.","with everything around her. The lighthouse lens began to glow—not with electric light, but with something older, something that responded to her voice alone. The creature joined her",conv_3b65e0a1-1bf7-4f16-825f-63867d60f8d3,ZCS6ZRAYGKLS,9.0,2,human-ai,conv_3b65e0a1-1bf7-4f16-825f-63867d60f8d3,9.0,author_1,185.0,151.0,144.0,144.0,35.0,0.9536423841059603,0.046357615894039736,0.0,1.0,0.0,9.0,False,,False,,"her, but she had no clue what action it called for, what language to employ. She sang, to the creature, the stars, the ocean and her surface so new and strange, now vibrating in harmony",1,False,human,ai,author_1,human,True,8
2025-11-22 17:18:34.162000+00:00,"Some people are content with mediocrity and the average loop of life containing dropping the kids off at school, working a 9-5, waiting impatiently for the weekend, but not the Legend.","a man who refused to settle for the mundane. His name was Thaddeus, but everyone called him The Legend. From a young age,",conv_3c43f51a-ffcf-4161-8d6d-b76bf669acb6,UW3MRK9MQD3A,1.0,4,human-ai,conv_3c43f51a-ffcf-4161-8d6d-b76bf669acb6,1.0,author_1,182.0,152.0,146.0,146.0,30.0,0.9605263157894737,0.02631578947368421,0.0,1.0,0.0,11.0,False,,False,,"Some people are content with mediocrity and the average loop of life containing dropping the kids of at school, working a 9-5, waiting impatiently for the weekend, but not the Legend",2,False,human,ai,author_1,human,True,
2025-11-22 17:22:19.781000+00:00,Thaddeus knew that he was made for greatness - something more. He wasn't just put on earth just to experience the agony and misery that life often,"bestows. No, Thaddeus was destined for something extraordinary. His heart beat with an unquenchable fire, a relentless drive that pushed him to seek out",conv_3c43f51a-ffcf-4161-8d6d-b76bf669acb6,UW3MRK9MQD3A,2.0,4,human-ai,conv_3c43f51a-ffcf-4161-8d6d-b76bf669acb6,2.0,author_1,147.0,121.0,117.0,117.0,27.0,0.9669421487603306,0.03305785123966942,0.0,0.9629629629629629,0.0,10.0,False,,False,,"Thaddeus knew, that he was made for greatness - something more. He wasn't just put on earth just to experience the agony and misery that life often",1,False,human,ai,author_1,human,True,1
2025-11-22 17:24:11.705000+00:00,"the measures to improve his life, and the lives of those around him. After years of seeking, eventually Thaddeus found the secret to greatness:","It wasn’t a single moment of revelation, but a series of small, deliberate actions. He started with self-education, devouring books on leadership, philosophy, and innovation",conv_3c43f51a-ffcf-4161-8d6d-b76bf669acb6,UW3MRK9MQD3A,3.0,4,human-ai,conv_3c43f51a-ffcf-4161-8d6d-b76bf669acb6,3.0,author_1,142.0,119.0,116.0,116.0,24.0,0.9747899159663865,0.025210084033613446,0.0,1.0,0.0,10.0,False,,False,,"the measures to improve his life, and the lives of thoes around him. After years of seeking eventually Thaddeus found the secret to greatness:",3,False,human,ai,author_1,human,True,2
2025-11-22 17:29:22.566000+00:00,"and after all his work he was finally led him the key of happiness, health and wealth: gambling. The apogee and culmination of human performance and","risk-taking. To some, it seemed like an odd choice, but Thaddeus saw it as the ultimate test of skill, strategy, and mental fortitude. He",conv_3c43f51a-ffcf-4161-8d6d-b76bf669acb6,UW3MRK9MQD3A,4.0,4,human-ai,conv_3c43f51a-ffcf-4161-8d6d-b76bf669acb6,4.0,author_1,149.0,124.0,121.0,121.0,26.0,0.9758064516129032,0.024193548387096774,0.0,1.0,0.0,11.0,False,,False,,"and after all his work he was finally leed him the key of happiness, health and wealth: gambling. The apogee and culmination of human performance and",1,False,human,ai,author_1,human,True,3
2025-11-22 17:31:29.830000+00:00,"saw something that only a few absolute legends before him had the ability to scout. The potential of gambling was infinite, and Thaddeus knew that only the human minds set the limits.","to what could be achieved. With this newfound understanding, he threw himself into the world of high-stakes games, honing his skills and building a reputation that preceded him wherever",conv_3c43f51a-ffcf-4161-8d6d-b76bf669acb6,UW3MRK9MQD3A,5.0,4,human-ai,conv_3c43f51a-ffcf-4161-8d6d-b76bf669acb6,5.0,author_1,180.0,150.0,148.0,148.0,31.0,0.9866666666666667,0.013333333333333334,0.0,1.0,0.0,9.0,False,,False,,"saw something that only few absolute legends before him had the ability to scout. The potential of gambling was infinite, and Thaddeus knew that only the human minds set the limits",3,False,human,ai,author_1,human,True,4
2025-11-22 17:34:53.230000+00:00,"he went. Some people knew him as the baccarat prophet, some the blackjack conqueror, and many other names like: the poker pirate, roulette racer, the slut of slots. only one thing was","certain—Thaddeus, The Legend, was a force to be reckoned with. His legend grew with each victory, each calculated risk that paid off in ways",conv_3c43f51a-ffcf-4161-8d6d-b76bf669acb6,UW3MRK9MQD3A,6.0,4,human-ai,conv_3c43f51a-ffcf-4161-8d6d-b76bf669acb6,6.0,author_1,184.0,152.0,145.0,145.0,33.0,0.9539473684210527,0.046052631578947366,0.0,1.0,0.0,9.0,False,,False,,"he went. Some people knew him as the baccarat prophet, some the black jack conqueror, and many other names like: the poker pirate, roulette racer, the slut of slots. only one thing was",1,False,human,ai,author_1,human,True,5
2025-11-22 17:37:07.369000+00:00,"difficult to imagine. From the outside looking in, his choices might have seemed random, high risk and at times moronic for some. But his actions were anything","but. Every move was meticulously planned, every decision weighed against a complex web of probabilities and outcomes. Thaddeus had turned the art of gambling into a science, and",conv_3c43f51a-ffcf-4161-8d6d-b76bf669acb6,UW3MRK9MQD3A,7.0,4,human-ai,conv_3c43f51a-ffcf-4161-8d6d-b76bf669acb6,7.0,author_1,158.0,132.0,128.0,128.0,27.0,0.9696969696969697,0.030303030303030304,0.0,1.0,0.0,9.0,False,,False,,"difficult to imagine. From the outside looking in, his choices might have seemed random, high risk and at times moronic for some. But his actions was anything",3,False,human,ai,author_1,human,True,6
2025-11-22 17:38:50.899000+00:00,"this had turned his life around. He went from having a hopeless life, career, love life, family life etc. but gambling had solved any and every one of these","issues. His success in the casinos brought him wealth, which he used to start charitable foundations and invest in innovative startups. His reputation as a strategic genius drew people to him,",conv_3c43f51a-ffcf-4161-8d6d-b76bf669acb6,UW3MRK9MQD3A,8.0,4,human-ai,conv_3c43f51a-ffcf-4161-8d6d-b76bf669acb6,8.0,author_1,154.0,128.0,123.0,123.0,27.0,0.9609375,0.0390625,0.0,1.0,0.0,10.0,False,,False,,"this had turned his life around. He went from having a hopeless life, career, lovelife, familylife ect. but gambling had solved any and every one of these",4,False,human,ai,author_1,human,True,7
2025-11-22 17:40:05.933000+00:00,which eventually led others to believe that they had the powers it took to win in gambling and therefore in life. Nothing could be further from the truth.,"Nothing could be further from the truth. Thaddeus knew that his success was not just about luck or even innate skill; it was about discipline, strategy, and an",conv_3c43f51a-ffcf-4161-8d6d-b76bf669acb6,UW3MRK9MQD3A,9.0,4,human-ai,conv_3c43f51a-ffcf-4161-8d6d-b76bf669acb6,9.0,author_1,152.0,125.0,124.0,124.0,28.0,0.992,0.008,0.0,1.0,0.0,10.0,False,,False,,which eventuelly led other to believe that they had the powers it took to win in gambling and therefore in life. Nothing could be further from the truth,3,False,human,ai,author_1,human,True,8
2025-11-20 13:28:42.428000+00:00,"The dwarf slammed his desk as hard as he could. Though the table was sturdy and had served him for many years, the force of his anger split it in","two. Papers scattered like autumn leaves, and the inkwell toppled, sending a black river across the floor of his workshop. Tormund Ironbeard stood there",conv_3c5b888e-d991-4bce-adad-5584923b75b5,UYWE85JKQD9A,1.0,2,human-ai,conv_3c5b888e-d991-4bce-adad-5584923b75b5,1.0,author_1,144.0,115.0,114.0,114.0,30.0,0.991304347826087,0.008695652173913044,0.0,1.0,0.0,7.0,False,,False,,The dwarf slammed his desk as hard as he could. Though the table was sturdy and had served him for many years the force of his anger split it in,1,False,human,ai,author_1,human,True,
2025-11-20 13:30:28.851000+00:00,". Shaking with anger. ""How could you betray me like this?"" No response. The silence was deafening. Slowly his anger turned to","sorrow, and his clenched fists loosened. The empty workshop seemed to echo with ghosts of laughter that once filled it—his apprentice's l",conv_3c5b888e-d991-4bce-adad-5584923b75b5,UYWE85JKQD9A,2.0,2,human-ai,conv_3c5b888e-d991-4bce-adad-5584923b75b5,2.0,author_1,125.0,104.0,97.0,97.0,21.0,0.9326923076923077,0.0673076923076923,0.0,1.0,0.0,9.0,False,,False,,". Shaking with anger. ""How could you betray me like this?"" No response. The silence was deafening. Slowly his anger turned to",0,False,human,ai,author_1,human,True,1
2025-11-20 13:32:32.392000+00:00,silhouette still cast a shadow over the empty chair in the corner but there was no one there. As Tormund came to his senses he took a breath and realized that he was,"alone. Truly alone for the first time in fifteen years. The shadow, he now saw, was merely a trick of the candlelight playing across the worn leather seat",conv_3c5b888e-d991-4bce-adad-5584923b75b5,UYWE85JKQD9A,3.0,2,human-ai,conv_3c5b888e-d991-4bce-adad-5584923b75b5,3.0,author_1,164.0,132.0,131.0,131.0,33.0,0.9924242424242424,0.007575757575757576,0.0,1.0,0.0,9.0,False,,False,,silhoutte still cast a shadow over the empty chair in the corner but there was no one there. As Tormund came to his senses he took a breath and realized that he was,1,False,human,ai,author_1,human,True,2
2025-11-20 13:34:07.841000+00:00,At the sight of this a new rage stronger than anything Midgard had ever seen woke in his chest. He had finally broken free from the,"chains of grief that had bound him since his apprentice's departure. This was no ordinary anger—this was the ancient fury of the mountain folk, the kind that forge",conv_3c5b888e-d991-4bce-adad-5584923b75b5,UYWE85JKQD9A,4.0,2,human-ai,conv_3c5b888e-d991-4bce-adad-5584923b75b5,4.0,author_1,132.0,107.0,106.0,106.0,26.0,0.9906542056074766,0.009345794392523364,0.0,1.0,0.0,8.0,False,,False,,At the sight of this a new rage stronger than anything Midgaard had ever seen woke in his chest. He had finally broken free from the,1,False,human,ai,author_1,human,True,3
2025-11-20 13:35:19.164000+00:00,The candle had toyed with him for 15 long years. For 15 years he had sat staring at the shadow on the chair thinking it was his apprentice. But now he saw the,"truth with terrible clarity. His apprentice had left on the very first day, taking the master plans for the Ironforge mechanism. All these years, Tormund ha",conv_3c5b888e-d991-4bce-adad-5584923b75b5,UYWE85JKQD9A,5.0,2,human-ai,conv_3c5b888e-d991-4bce-adad-5584923b75b5,5.0,author_1,159.0,127.0,121.0,121.0,31.0,0.952755905511811,0.015748031496062992,0.0,1.0,0.0,10.0,False,,False,,The candle had toyed with him for 15 long years. For 15 years he had sat starring at the shadow on the chair thinking it was his apprentice. But now he saw the,1,False,human,ai,author_1,human,True,4
2025-11-20 13:37:20.773000+00:00,d been played for a fool. The great master candle had put him under his spell to gain the power of Ironforge. But now he had awoken. He stood up and walked toward,"the candle with deliberate steps, his boots crunching on broken wood and scattered parchment. The flame flickered nervously, casting wild shadows across the walls",conv_3c5b888e-d991-4bce-adad-5584923b75b5,UYWE85JKQD9A,6.0,2,human-ai,conv_3c5b888e-d991-4bce-adad-5584923b75b5,6.0,author_1,162.0,130.0,127.0,127.0,33.0,0.9769230769230769,0.023076923076923078,0.0,0.9696969696969697,0.0,9.0,False,,False,,d been played for a fool. The great master candle had put him under his spell to gain the power of Ironforge. But now he had awoken. He stood up and walked toward,0,False,human,ai,author_1,human,True,5
2025-11-20 13:39:09.220000+00:00,These shadows that only minutes ago would have sent him into a schizo psychosis now had no effect. Step by step he came close and his shadow behind him grew. He,"reached out with calloused fingers, steady and sure. The master candle seemed to recoil, its flame bending away from him as if caught in an impossible",conv_3c5b888e-d991-4bce-adad-5584923b75b5,UYWE85JKQD9A,7.0,2,human-ai,conv_3c5b888e-d991-4bce-adad-5584923b75b5,7.0,author_1,160.0,130.0,128.0,128.0,31.0,0.9846153846153847,0.015384615384615385,0.0,1.0,0.0,9.0,False,,False,,These shadows that only minutes ago would have sent him into a schizo psychosis now had no effect. Step by step he came close and his shadow behind him grew. He,0,False,human,ai,author_1,human,True,6
2025-11-20 13:41:02.554000+00:00,turbulence bending it away from his hand like a cat that doesn't want to be petted. Cats had never liked Tormund.,"and neither, it seemed, did enchanted flames. But Tormund was done being manipulated. With one swift motion, he grasped the candle by its",conv_3c5b888e-d991-4bce-adad-5584923b75b5,UYWE85JKQD9A,8.0,2,human-ai,conv_3c5b888e-d991-4bce-adad-5584923b75b5,8.0,author_1,112.0,92.0,90.0,90.0,22.0,0.9782608695652174,0.021739130434782608,0.0,0.9545454545454546,0.0,10.0,False,,False,,turbolence bending it away from his hand like a cat that doesn't want to be petted. Cats had never liked Tormund,2,False,human,ai,author_1,human,True,7
2025-11-20 13:43:53.805000+00:00,tiny neck. He bent forward and blew at the flame like the wolf did at the three pigs' houses. Tormund liked pigs. The flame went out and the room turned,"pitch black. For a moment, there was only silence and darkness. Then, slowly, a new light began to grow—not from any candle, but from the",conv_3c5b888e-d991-4bce-adad-5584923b75b5,UYWE85JKQD9A,9.0,2,human-ai,conv_3c5b888e-d991-4bce-adad-5584923b75b5,9.0,author_1,153.0,124.0,119.0,119.0,32.0,0.9596774193548387,0.04032258064516129,0.0,0.9375,0.0,7.0,False,,False,,tiny neck. He bent forward and blew at the flame like the wolf did at the three pig's houses. Tormund liked pig's. The flame went out and the room turned,3,False,human,ai,author_1,human,True,8
2025-11-17 11:21:23.109000+00:00,,"two unlikely friends, a fox named Faye and a turtle named Theo, who met in the heart of a vast, enchanted forest. The forest was",conv_40197f84-33aa-433b-93b1-045691051ebc,N7AD4L8LSZ9F,1.0,4,human-ai,conv_40197f84-33aa-433b-93b1-045691051ebc,1.0,author_2,0.0,0.0,0.0,0.0,0.0,0.0,0.0,0.0,0.0,0.0,0.0,False,protocol_empty,False,,,0,False,human,ai,author_2,ai,False,
2025-11-17 19:47:55.662000+00:00,"a very dark and foggy place, where the noises of bugs and crunching leaves could be heard from miles away, yet there was a calming feeling about it.","it. One misty morning, Faye, with her sleek red fur and swift, agile movements, stumbled upon a clearing where Theo, with his slow, deliberate pace and",conv_40197f84-33aa-433b-93b1-045691051ebc,N7AD4L8LSZ9F,2.0,4,human-ai,conv_40197f84-33aa-433b-93b1-045691051ebc,2.0,author_2,144.0,118.0,116.0,116.0,27.0,0.9830508474576272,0.01694915254237288,0.0,1.0,0.0,9.0,False,,False,,"a very dark and foggy place, where the noises of bugs and crunching leaves could be heard from miles away, yet there was a calming feeling about",4,False,human,ai,author_2,ai,True,1
2025-11-17 20:03:44.391000+00:00,beautiful green color shield could be seen. Theo had a smile on his face despite the fact that it was misty and cold. Faye smiled as she,"approached him, her curiosity piqued. ""Good morning, little one,"" Faye said softly, her voice warm and friendly. ""Why are you so cheerful on",conv_40197f84-33aa-433b-93b1-045691051ebc,N7AD4L8LSZ9F,3.0,4,human-ai,conv_40197f84-33aa-433b-93b1-045691051ebc,3.0,author_2,135.0,109.0,107.0,107.0,27.0,0.981651376146789,0.01834862385321101,0.0,1.0,0.0,8.0,False,,False,,beatiful green color shield could be seen. Theo had a smile on his face despite the fact that it was misty and cold. Faye smiled as she,1,False,human,ai,author_2,ai,True,2
2025-11-17 20:05:36.629000+00:00,"""Such a misty morning?"" Theo looked at her, smiling brightly. ""Why not make the best of something bad? Plus, I have your company."" Faye blushed at Theo.","and felt a warmth in her chest she hadn't expected. ""Well, you certainly know how to brighten a day,"" she replied, her eyes twinkling. ""What",conv_40197f84-33aa-433b-93b1-045691051ebc,N7AD4L8LSZ9F,4.0,4,human-ai,conv_40197f84-33aa-433b-93b1-045691051ebc,4.0,author_2,146.0,120.0,115.0,115.0,27.0,0.9583333333333334,0.041666666666666664,0.0,1.0,0.0,9.0,False,,False,,"such a misty morning?"" Theo looked at her smiling brightly ""Why not make the best of something bad? Plus I have your company"" Faye blushed at Theo",7,False,human,ai,author_2,ai,True,3
2025-11-17 20:06:59.964000+00:00,"""Are your plans today?"" Theo looked at her with happiness in his eyes. ""Whatever your plans are, my dear."" Theo blushed as he","said, his shell feeling a bit warmer. Faye chuckled, a light, melodic sound. ""Well, I was thinking of exploring a bit more of the forest.",conv_40197f84-33aa-433b-93b1-045691051ebc,N7AD4L8LSZ9F,5.0,4,human-ai,conv_40197f84-33aa-433b-93b1-045691051ebc,5.0,author_2,121.0,99.0,95.0,95.0,23.0,0.9595959595959596,0.04040404040404041,0.0,1.0,0.0,9.0,False,,False,,"are your plans today?"" Theo looked at her with happiness in his eyes ""Whatever your plans are my dear"" Theo blushed as he",5,False,human,ai,author_2,ai,True,4
2025-11-17 20:08:08.098000+00:00,"Theo looked at her intrigued ""Well that sounds like a lovely plan dear"" Faye looked at Theo ""Would you care to join me on","this adventure?"" she asked, her tail swishing excitedly. ""I could use a companion with such a wise and cheerful spirit.""",conv_40197f84-33aa-433b-93b1-045691051ebc,N7AD4L8LSZ9F,6.0,4,human-ai,conv_40197f84-33aa-433b-93b1-045691051ebc,6.0,author_2,120.0,97.0,94.0,94.0,24.0,0.9690721649484536,0.030927835051546393,0.0,1.0,0.0,8.0,False,,False,,"Theo looked at her intriged ""Well that sounds like a lovely plan dear"" Faye looked at Theo ""Would you care to join me on",1,False,human,ai,author_2,ai,True,5
2025-11-17 20:09:41.802000+00:00,"""Why that would be my pleasure. Hopefully you can keep up with my speed,"" Theo said jokingly. Faye laughed loudly, she had a contagious laugh, making Theo laugh.","along with her. ""We'll just have to see about that,"" Faye teased, her eyes sparkling with mischief. ""But for now, let's head towards the old",conv_40197f84-33aa-433b-93b1-045691051ebc,N7AD4L8LSZ9F,7.0,4,human-ai,conv_40197f84-33aa-433b-93b1-045691051ebc,7.0,author_2,155.0,128.0,122.0,122.0,28.0,0.953125,0.046875,0.0,1.0,0.0,9.0,False,,False,,"""Why that would be my pleasure. Hopefully you can keep up with my speed"" Theo said jokely. Faye laughed loudly, she had a contages laugh, making Theo laugh",8,False,human,ai,author_2,ai,True,6
2025-11-17 20:11:20.976000+00:00,"""Flower mark."" Theo looked dreamily forward. ""Oh, how I have missed the smell of flowers."" Faye looked at Theo with warmth. ""Yeah.""","me too. It's one of the most beautiful spots in the forest."" With that, they set off together, Faye leading the way with her quick steps, while Theo",conv_40197f84-33aa-433b-93b1-045691051ebc,N7AD4L8LSZ9F,8.0,4,human-ai,conv_40197f84-33aa-433b-93b1-045691051ebc,8.0,author_2,122.0,102.0,98.0,98.0,22.0,0.9607843137254902,0.0392156862745098,0.0,1.0,0.0,8.0,False,,False,,"flower mark"" Theo looked dreamily forward""Oh how I have missed the smell of flowers"" Faye looked at Theo with warmth ""Yeah",10,False,human,ai,author_2,ai,True,7
2025-11-17 20:12:31.901000+00:00,"was walking slowly behind her. ""Have I told you how gorgeous you look today my dear?"" Theo asked Faye as he looked at her.","blushing. Faye turned to look at him, a warm smile spreading across her face. ""Why, Theo, you haven't, but it’s quite the compliment.",conv_40197f84-33aa-433b-93b1-045691051ebc,N7AD4L8LSZ9F,9.0,4,human-ai,conv_40197f84-33aa-433b-93b1-045691051ebc,9.0,author_2,119.0,96.0,93.0,93.0,24.0,0.96875,0.03125,0.0,1.0,0.0,7.0,False,,False,,"was walking slowly behind her. ""Have I told you how gorgeus you look today my dear"" Theo asked Faye as he looked at her",3,False,human,ai,author_2,ai,True,8
2026-02-26 16:39:05.394000+00:00,The fairy Michelle is one of the few left who can fly. Her wings were too rare to clip and she was trained to use her wings to assist.,the human settlements in the,conv_41180468-5036-4f69-af66-b7465bcb7316,41PZCVUQDUJW,1.0,2,human-ai,conv_41180468-5036-4f69-af66-b7465bcb7316,1.0,author_1,133.0,105.0,104.0,104.0,29.0,0.9904761904761905,0.009523809523809525,0.0,1.0,0.0,8.0,False,,False,,The fairy Michelle is one of the few left who can fly. Her wings were too rare to clip and she was trained to use her wings to assist,1,False,human,ai,author_1,human,True,
2026-02-26 16:40:00.985000+00:00,"scavenging department. Because of this, she is allowed to leave the base where the fairies live and venture out into","the Wastes—those crumbling expanses where towers of glass and steel lean against each other like dying giants. 

Michelle had learned the routes by heart:",conv_41180468-5036-4f69-af66-b7465bcb7316,41PZCVUQDUJW,2.0,2,human-ai,conv_41180468-5036-4f69-af66-b7465bcb7316,2.0,author_1,116.0,97.0,95.0,95.0,20.0,0.979381443298969,0.020618556701030927,0.0,1.0,0.0,10.0,False,,False,,"scavenging department. Because of this, she is allowed to leave the base where the fairies live and venture out into",0,False,human,ai,author_1,human,True,1
2026-02-26 16:42:18.299000+00:00,From the base she flies past a large lake surrounded by ancient oak trees. From here she has to navigate the broken city and find,"supplies the ground crews cannot reach—medical kits sealed in pharmacies thirty floors up, solar batteries from rooftop installations, sometimes even books from the upper floors of collapsed",conv_41180468-5036-4f69-af66-b7465bcb7316,41PZCVUQDUJW,3.0,2,human-ai,conv_41180468-5036-4f69-af66-b7465bcb7316,3.0,author_1,129.0,105.0,104.0,104.0,25.0,0.9904761904761905,0.009523809523809525,0.0,1.0,0.0,10.0,False,,False,,From the base she flies past a large lake surrounded by ancient oak trees. From here she has to navigate the broken city and find,0,False,human,ai,author_1,human,True,2
2026-02-26 16:44:02.552000+00:00,"libraries. They use books and supplies to create magic spells for restoring the world after it was broken by humans. Luckily, they","had discovered that certain pre-Breaking texts—technical manuals, chemistry textbooks, even poetry collections—contained the linguistic keys to reconstruction magic. The words themselves held power when",conv_41180468-5036-4f69-af66-b7465bcb7316,41PZCVUQDUJW,4.0,2,human-ai,conv_41180468-5036-4f69-af66-b7465bcb7316,4.0,author_1,133.0,111.0,108.0,108.0,23.0,0.972972972972973,0.02702702702702703,0.0,1.0,0.0,9.0,False,,False,,"libraries. They use to books and supplies to create magic spells for restoring the world after it was broken by humans. Luckily, they",3,False,human,ai,author_1,human,True,3
2026-02-26 16:45:54.575000+00:00,used correctly. Michelle is working in the re-population department where she helps animals find herds. It is tedious work.,"but essential. She scouts from above, tracking the movements of scattered deer, guiding lost wolf pups back to their packs, noting where the wild horses gather near water",conv_41180468-5036-4f69-af66-b7465bcb7316,41PZCVUQDUJW,5.0,2,human-ai,conv_41180468-5036-4f69-af66-b7465bcb7316,5.0,author_1,122.0,104.0,101.0,101.0,20.0,0.9711538461538461,0.028846153846153848,0.0,1.0,0.0,10.0,False,,False,,used correctly. Michelle is working in the re-population department where she helps animals find herds. It is tedious work,1,False,human,ai,author_1,human,True,4
2026-02-26 16:47:49.554000+00:00,"She is able to use fairy dust to airlift most animals, but sea animals are the really tricky part. For those, she has",to work with the water-speakers—fairies who gave up flight long ago to develop gills and webbed fingers. They meet her at the shoreline of the great,conv_41180468-5036-4f69-af66-b7465bcb7316,41PZCVUQDUJW,6.0,2,human-ai,conv_41180468-5036-4f69-af66-b7465bcb7316,6.0,author_1,117.0,95.0,92.0,92.0,23.0,0.968421052631579,0.031578947368421054,0.0,1.0,0.0,7.0,False,,False,,"She is able to use fairy dust to airlift most animals, but sea animals are the really tricky part. For those, she has",0,False,human,ai,author_1,human,True,5
2026-02-26 16:49:01.873000+00:00,"ocean. From here they work together to move fish, whales, and shellfish. They have to work together to create water bubbles to transport","the creatures safely across land when necessary—shimmering spheres of enchanted seawater that float beside Michelle as she flies, guided by the water-speakers' songs",conv_41180468-5036-4f69-af66-b7465bcb7316,41PZCVUQDUJW,7.0,2,human-ai,conv_41180468-5036-4f69-af66-b7465bcb7316,7.0,author_1,135.0,114.0,110.0,110.0,23.0,0.9649122807017544,0.03508771929824561,0.0,1.0,0.0,9.0,False,,False,,"ocean. From here they work together to move fish, whales and shellfish. They have to work together to create water-bubbles to transport",2,False,human,ai,author_1,human,True,6
2026-02-26 16:49:56.564000+00:00,Some of these jobs take several days. During the night she has to hide from the giant ancient dogs that were created to,"hunt fairies during the Breaking—massive hounds with eyes that glow red in the darkness, their breath hot enough to singe wings. They still roam the",conv_41180468-5036-4f69-af66-b7465bcb7316,41PZCVUQDUJW,8.0,2,human-ai,conv_41180468-5036-4f69-af66-b7465bcb7316,8.0,author_1,119.0,97.0,96.0,96.0,23.0,0.9896907216494846,0.010309278350515464,0.0,1.0,0.0,7.0,False,,False,,Some of these jobs take several days. During the night she has to hide from the giant ancient dogs that were created to,0,False,human,ai,author_1,human,True,7
2026-02-26 16:50:47.676000+00:00,"lands where Michelle lives, and they smell fairy dust from miles away. The water fairies can hide by encasing themselves in water and thereby","masking their scent, but Michelle must find hollow trees or abandoned vehicles, folding her wings tight and sprinkling counter-dust—a bitter mixture that confuses",conv_41180468-5036-4f69-af66-b7465bcb7316,41PZCVUQDUJW,9.0,2,human-ai,conv_41180468-5036-4f69-af66-b7465bcb7316,9.0,author_1,141.0,120.0,116.0,116.0,24.0,0.9666666666666667,0.03333333333333333,0.0,1.0,0.0,10.0,False,,False,,"lands where michelle lives, and they smell fairy-dust from miles away. The water-fairies can hide by encasing themselves in water and thereby",3,False,human,ai,author_1,human,True,8
2025-11-17 20:42:47.494000+00:00,Mia the magnificent magician born and raised in a circus truck in Amsterdam. The circus travels all over the world and Mia has therefore got to know a,,conv_412eb7ca-cafa-4e38-8b2d-0a40272af090,72V1DMKHJH3S,1.0,2,human-ai,conv_412eb7ca-cafa-4e38-8b2d-0a40272af090,1.0,author_1,148.0,122.0,121.0,121.0,27.0,0.9918032786885246,0.00819672131147541,0.0,1.0,0.0,11.0,False,,False,,Mia the magnificent magician born and raised in a circustruck in Amsterdam. The circus travels all over the world and Mia has therefor got to know a,2,False,human,ai,author_1,human,False,
2025-11-17 20:45:14.848000+00:00,lot of different kind of people. Some more friendly than others. She has also learned a lot of culture and traditions of the different kinds of people.,"The canvas walls of her family's caravan still smelled faintly of greasepaint and sawdust, even after all these years. Mia ha",conv_412eb7ca-cafa-4e38-8b2d-0a40272af090,72V1DMKHJH3S,2.0,2,human-ai,conv_412eb7ca-cafa-4e38-8b2d-0a40272af090,2.0,author_1,149.0,123.0,121.0,121.0,27.0,0.983739837398374,0.016260162601626018,0.0,1.0,0.0,10.0,False,,False,,lot of different kind og people. Some more friendly than others. She has also learned a lot of culture and traditions of the different kind of people,3,False,human,ai,author_1,human,True,1
2025-11-17 21:03:19.785000+00:00,"to have this smell in her nostrils to feel truly at home. She didn't have much growing up, but the things she had","were precious beyond measure—her grandmother's silk scarves that shimmered with impossible colors, a deck of cards so worn the edges felt like velvet, and most importantly",conv_412eb7ca-cafa-4e38-8b2d-0a40272af090,72V1DMKHJH3S,3.0,2,human-ai,conv_412eb7ca-cafa-4e38-8b2d-0a40272af090,3.0,author_1,115.0,92.0,89.0,89.0,25.0,0.967391304347826,0.03260869565217391,0.0,0.92,0.0,8.0,False,,False,,"d to have this smell in her nostrils to feel truly at home. She didn't have much growing up, but the things she had",2,False,human,ai,author_1,human,True,2
2025-11-17 21:05:41.169000+00:00,"the glass orb she got when her mother died from cancer. A thing Mia still struggled to talk about, even","though five years had passed. The orb sat on a small velvet cushion beside her bunk, catching light in ways that defied physics—sometimes swirling",conv_412eb7ca-cafa-4e38-8b2d-0a40272af090,72V1DMKHJH3S,4.0,2,human-ai,conv_412eb7ca-cafa-4e38-8b2d-0a40272af090,4.0,author_1,103.0,84.0,82.0,82.0,20.0,0.9761904761904762,0.023809523809523808,0.0,1.0,0.0,9.0,False,,False,,"the glass orb she got when her mother died from cancer. A thing Mia still struggled to talk about, even",0,False,human,ai,author_1,human,True,3
2025-11-17 21:07:41.362000+00:00,"sometimes glistening with more than twenty colours at once, truly a magnificent thing that orb. Pretty unreal","actually, but Mia knew better than most that the line between illusion and reality was thinner than audiences believed.

Tonight's performance in Prague would be special.",conv_412eb7ca-cafa-4e38-8b2d-0a40272af090,72V1DMKHJH3S,5.0,2,human-ai,conv_412eb7ca-cafa-4e38-8b2d-0a40272af090,5.0,author_1,109.0,93.0,91.0,91.0,17.0,0.978494623655914,0.021505376344086023,0.0,1.0,0.0,11.0,False,,False,,"sometimes glistening with more than twenty colours at ones, truly a magnificent thing that orb. Pretty unreal",2,False,human,ai,author_1,human,True,4
2025-11-17 21:12:53.877000+00:00,"Five newcomers had joined the troupe since the last performance, and all of the audience were excited to get to know.","the fresh acts. There was Elena, a contortionist from Romania who could fold herself into a box no bigger than a hatbox. Then came the Tanaka brothers",conv_412eb7ca-cafa-4e38-8b2d-0a40272af090,72V1DMKHJH3S,6.0,2,human-ai,conv_412eb7ca-cafa-4e38-8b2d-0a40272af090,6.0,author_1,111.0,92.0,91.0,91.0,20.0,0.9891304347826086,0.010869565217391304,0.0,1.0,0.0,11.0,False,,False,,"Five newcomers had joined the troupe since last performance, and all of the audience were exited to get to know",6,False,human,ai,author_1,human,True,5
2025-11-17 21:14:22.883000+00:00,"with their acrobatic stunts with fire and venomous snakes, they were never afraid of anything, and had never been according to","their father, who had trained them since they could walk. The third newcomer was Omar, a juggler from Morocco whose hands moved so quickly they seemed to multiply. Fourth",conv_412eb7ca-cafa-4e38-8b2d-0a40272af090,72V1DMKHJH3S,7.0,2,human-ai,conv_412eb7ca-cafa-4e38-8b2d-0a40272af090,7.0,author_1,127.0,107.0,105.0,105.0,21.0,0.9813084112149533,0.018691588785046728,0.0,1.0,0.0,9.0,False,,False,,"with there acrobatic stunts with fire and venomous snakes, they where never afraid of anything, and had never been according to",3,False,human,ai,author_1,human,True,6
2025-11-17 21:15:35.413000+00:00,"where the former ballet dancer Natasja. Now she danced on the line up in the ceiling of the tent instead, a truly dangerous","act that left spectators breathless and clutching their seats. And finally, there was someone Mia hadn't quite figured out yet—a quiet man named Vincent who",conv_412eb7ca-cafa-4e38-8b2d-0a40272af090,72V1DMKHJH3S,8.0,2,human-ai,conv_412eb7ca-cafa-4e38-8b2d-0a40272af090,8.0,author_1,124.0,102.0,100.0,100.0,23.0,0.9803921568627451,0.0196078431372549,0.0,1.0,0.0,9.0,False,,False,,"where the former ballet danser Natasja. Know she danced on the line up in the celling of the tent instead, a truly dangerous",4,False,human,ai,author_1,human,True,7
2025-11-17 21:18:24.622000+00:00,"acted a bit strange. Mia knew many people from her journeys with the circus, but no one like him. He was odd in a way Mia.","couldn't articulate. He claimed to be a mentalist, reading thoughts and predicting futures, but there was something in his eyes when he looked at her glass orb",conv_412eb7ca-cafa-4e38-8b2d-0a40272af090,72V1DMKHJH3S,9.0,2,human-ai,conv_412eb7ca-cafa-4e38-8b2d-0a40272af090,9.0,author_1,121.0,96.0,93.0,93.0,26.0,0.96875,0.03125,0.0,1.0,0.0,8.0,False,,False,,"acted a bit strange. Mia knew many people from her journeys with the circus, but no one like him. He was odd in a way Mia",1,False,human,ai,author_1,human,True,8
2025-11-13 10:47:45.340000+00:00,,"a young girl named Aria who lived in a small village surrounded by vast, rolling hills and dense forests. The villagers often spoke of strange occurrences and unexplained events that took",conv_46b5cd4c-130a-4b4c-84e1-30f78572d0bb,X4GG8UHUX43E,1.0,3,human-ai,conv_46b5cd4c-130a-4b4c-84e1-30f78572d0bb,1.0,author_2,0.0,0.0,0.0,0.0,0.0,0.0,0.0,0.0,0.0,0.0,0.0,False,protocol_empty,False,,,0,False,human,ai,author_2,ai,False,
2025-11-13 10:49:35.338000+00:00,place in a distant land that few knew of. The stories were never thought of as true and only as myths until a peddler appeared in one,"of the village's taverns, carrying a large sack slung over his shoulder and a worn leather map case in his hand. His eyes gleamed with a knowing spark as",conv_46b5cd4c-130a-4b4c-84e1-30f78572d0bb,X4GG8UHUX43E,2.0,3,human-ai,conv_46b5cd4c-130a-4b4c-84e1-30f78572d0bb,2.0,author_2,130.0,105.0,104.0,104.0,26.0,0.9904761904761905,0.009523809523809525,0.0,1.0,0.0,8.0,False,,False,,place in a distant land that few knew of. The stories were never thought as true and only as myths until a peddler appeared in one,3,False,human,ai,author_2,ai,True,1
2025-11-13 10:51:30.566000+00:00,"tinders take flame in a dry bonfire after a spark of striking flint. ""The seas are no longer ours for I have seen it with my own eyes,"" he exclaimed.","his voice rising above the murmur of the villagers, who leaned in closer, their faces aglow with a mix of curiosity and skepticism. The peddler's words hung",conv_46b5cd4c-130a-4b4c-84e1-30f78572d0bb,X4GG8UHUX43E,3.0,3,human-ai,conv_46b5cd4c-130a-4b4c-84e1-30f78572d0bb,3.0,author_2,147.0,118.0,115.0,115.0,30.0,0.9745762711864406,0.025423728813559324,0.0,1.0,0.0,9.0,False,,False,,"tinders take flame in a dry bonfire after a spark of striking flint. ""The seas are no longer ours for I have seen it with my own eyes"" he exclaimed",2,False,human,ai,author_2,ai,True,2
2025-11-13 10:53:29.866000+00:00,in the air while as the sound of murmuring and festive villagers halted to a complete silence. Then a sea of eyes waved towards him demanding him to,"continue, their gazes piercing through the dimly lit tavern like a cold winter breeze, and the peddler, seeming to savor the attention, took a deep breath",conv_46b5cd4c-130a-4b4c-84e1-30f78572d0bb,X4GG8UHUX43E,4.0,3,human-ai,conv_46b5cd4c-130a-4b4c-84e1-30f78572d0bb,4.0,author_2,147.0,120.0,119.0,119.0,28.0,0.9916666666666667,0.008333333333333333,0.0,1.0,0.0,9.0,False,,False,,in the air while as the sound of murmuring and festive villagers halted to a complete silent. Then a sea of eyes waved towards him demanding him to,2,False,human,ai,author_2,ai,True,3
2025-11-13 10:55:11.962000+00:00,and then slung open the map onto the wooden table. It groaned painfully as his heavy case impacted its top and he swiped open the map from its casing. He,"smiled wistfully, his eyes clouding over as he gazed at the yellowed parchment, creased and worn from years of travel, and began to trace the",conv_46b5cd4c-130a-4b4c-84e1-30f78572d0bb,X4GG8UHUX43E,5.0,3,human-ai,conv_46b5cd4c-130a-4b4c-84e1-30f78572d0bb,5.0,author_2,153.0,124.0,122.0,122.0,30.0,0.9838709677419355,0.016129032258064516,0.0,1.0,0.0,9.0,False,,False,,and then slung open the map onto the wooden table. It groaned painfully as his heavy case impacted its top and he swiped open the map from its casing. He,0,False,human,ai,author_2,ai,True,4
2025-11-13 10:56:05.651000+00:00,oceans that the villagers themselves have rarely ventured but always felt drawn to. Yet their daily duties and demanding mundane life never offered them,"the chance to explore, to sail beyond the horizon, and discover the secrets that lay hidden beneath the waves. The peddler's finger moved along the map, stopping at",conv_46b5cd4c-130a-4b4c-84e1-30f78572d0bb,X4GG8UHUX43E,6.0,3,human-ai,conv_46b5cd4c-130a-4b4c-84e1-30f78572d0bb,6.0,author_2,152.0,129.0,128.0,128.0,24.0,0.9922480620155039,0.007751937984496124,0.0,1.0,0.0,10.0,False,,False,,oceans that the villagers themselves have rarely ventured but always felt drawn to. Yet their daily duties and demanding mundane life never offered them,0,False,human,ai,author_2,ai,True,5
2025-11-13 11:39:55.397000+00:00,At a city wherein commerce reigned. A city where most materials and goods from villages would find themselves at some point in.,"its bustling markets and trade halls, a city known as Calanthor, where the sound of merchants hawking their wares and the clinking of gold coins filled the",conv_46b5cd4c-130a-4b4c-84e1-30f78572d0bb,X4GG8UHUX43E,7.0,3,human-ai,conv_46b5cd4c-130a-4b4c-84e1-30f78572d0bb,7.0,author_2,125.0,104.0,103.0,103.0,22.0,0.9903846153846154,0.009615384615384616,0.0,1.0,0.0,10.0,False,,False,,At a city wherein commerce reigned. A city where most materials and goods from village would find themselves at some point in,2,False,human,ai,author_2,ai,True,6
2025-11-13 11:41:21.231000+00:00,the busy streets as carriages of trade wagons push themselves through the streets. But such streets would not be visited any,"more, for the peddler's finger had stopped at a large X marked in bold ink, a symbol of warning, of danger, and of desolation, and the",conv_46b5cd4c-130a-4b4c-84e1-30f78572d0bb,X4GG8UHUX43E,8.0,3,human-ai,conv_46b5cd4c-130a-4b4c-84e1-30f78572d0bb,8.0,author_2,124.0,104.0,103.0,103.0,21.0,0.9903846153846154,0.009615384615384616,0.0,1.0,0.0,10.0,False,,False,,the busy streets as carriages of trade wagons push themselves through the streets. But such streets would not be visited any,0,False,human,ai,author_2,ai,True,7
2025-11-13 11:43:31.765000+00:00,promise of imminent destruction. He reminded the inn that the gods had once before submerged the world in water and will do so once more. Greed will be our,"downfall, and as the peddler's words hung in the air, the fire in the hearth seemed to flicker in agreement, casting eerie shadows on the walls",conv_46b5cd4c-130a-4b4c-84e1-30f78572d0bb,X4GG8UHUX43E,9.0,3,human-ai,conv_46b5cd4c-130a-4b4c-84e1-30f78572d0bb,9.0,author_2,155.0,127.0,125.0,125.0,29.0,0.984251968503937,0.015748031496062992,0.0,1.0,0.0,11.0,False,,False,,promise of imminent destruction. He reminded the inn that the gods had once before submerged the world in water and will do so once more. Greed will be our,0,False,human,ai,author_2,ai,True,8
2025-10-20 13:51:05.899000+00:00,,"Elena Rodriguez, a young marine biologist who had always dreamed of exploring the depths of the ocean. Growing up in a small coastal town in Chile, she spent countless hours watching the waves crash against the rocky shore, wondering what mysteries lurked beneath the surface. Her fascination with marine life began when her grandfather, a",conv_47dd4912-f9ef-4d2c-a033-aeb851e8f164,VCFLW1LTNE9F,1.0,2,human-ai,conv_47dd4912-f9ef-4d2c-a033-aeb851e8f164,1.0,author_2,0.0,0.0,0.0,0.0,0.0,0.0,0.0,0.0,0.0,0.0,0.0,False,protocol_empty,False,,,0,False,human,ai,author_2,ai,False,
2025-10-20 13:55:45.835000+00:00,"fisherman, took her along on a fishing trip with the rest of his crew. They went out on the open sea and Elena saw how","the vast, blue expanse transformed from a distant, flat horizon to a living, breathing ecosystem. That day, when one of the crew members pulled up a rare, iridescent squid in their nets, Elena was mesmerized. The creature's delicate tentacles and shimmering skin seemed to tell a story of unknown depths an",conv_47dd4912-f9ef-4d2c-a033-aeb851e8f164,VCFLW1LTNE9F,2.0,2,human-ai,conv_47dd4912-f9ef-4d2c-a033-aeb851e8f164,2.0,author_2,118.0,94.0,92.0,92.0,25.0,0.9787234042553191,0.02127659574468085,0.0,1.0,0.0,9.0,False,,False,,"fisherman, took her along on a fishing trip with the rest of his crew. They went out on the open sea and Elena saw how",0,False,human,ai,author_2,ai,True,1
2025-10-20 14:01:10.262000+00:00,old squid had experienced. She wondered where it had gone throughout its life and which seas it might have traveled to. The fishermen reeled it in and,"carefully placed the squid in a large, saltwater tank on the boat, intending to sell it to a local marine research station. Elena watched intently, her young mind racing with questions about its journey. As the squid moved languidly in the tank, its chromatophores shifting colors like a living kaleidoscope,",conv_47dd4912-f9ef-4d2c-a033-aeb851e8f164,VCFLW1LTNE9F,3.0,2,human-ai,conv_47dd4912-f9ef-4d2c-a033-aeb851e8f164,3.0,author_2,150.0,124.0,122.0,122.0,27.0,0.9838709677419355,0.016129032258064516,0.0,1.0,0.0,11.0,False,,False,,old squid had experienced. She wondered where it had gone throughout its life and which seas it might have traveled to. The fishermen reeled it in and,0,False,human,ai,author_2,ai,True,2
2025-10-20 14:04:28.977000+00:00,it seemed to look directly at her. The fishermen told her that the squid had a unique ability and was able to,"communicate through complex color patterns and light-emitting signals, a form of bioluminescent language that marine biologists were only beginning to understand. The old fishermen spoke in hushed, reverent tones about how such creatures could potentially transmit intricate messages across vast oceanic distances, far beyond human comprehension. Elena leaned closer",conv_47dd4912-f9ef-4d2c-a033-aeb851e8f164,VCFLW1LTNE9F,4.0,2,human-ai,conv_47dd4912-f9ef-4d2c-a033-aeb851e8f164,4.0,author_2,109.0,88.0,87.0,87.0,22.0,0.9886363636363636,0.011363636363636364,0.0,1.0,0.0,9.0,False,,False,,it seemed to look directly at her. The fishermen told her that the squid had a unique ability and was able to,0,False,human,ai,author_2,ai,True,3
2025-10-20 14:09:49.620000+00:00,"and stared at the squid as it seemed to change colour under the sun's light. She imagined that she could understand what the squid was saying,","its shifting hues telling a story of ancient underwater migrations, of deep-sea canyons and currents that human maps had never charted. The squid's colors flickered from deep indigo to electric blue, then to a soft, translucent green—each shade seeming to whisper fragments of an epic journey through the worl",conv_47dd4912-f9ef-4d2c-a033-aeb851e8f164,VCFLW1LTNE9F,5.0,2,human-ai,conv_47dd4912-f9ef-4d2c-a033-aeb851e8f164,5.0,author_2,143.0,118.0,115.0,115.0,27.0,0.9745762711864406,0.025423728813559324,0.0,0.9629629629629629,0.0,10.0,False,,False,,"and stared at the squid as it seemed to changed colour under the sun's light. She imagined that she could understand what the squid was saying,",1,False,human,ai,author_2,ai,True,4
2025-10-20 14:11:56.197000+00:00,"d's seven seas. But just as Elena had entranced herself in the squid's storytelling, the boat reached land. She went along with the crew to hand over","the unique specimen to the marine research station. As they walked through the facility's sterile white corridors, Elena noticed the scientists examining the squid with a mixture of excitement and intense scientific curiosity. One senior researcher, Dr. Ramirez, carefully transferred the creature to a specialized aquarium, remarking to his colleagues that this particular",conv_47dd4912-f9ef-4d2c-a033-aeb851e8f164,VCFLW1LTNE9F,6.0,2,human-ai,conv_47dd4912-f9ef-4d2c-a033-aeb851e8f164,6.0,author_2,149.0,123.0,118.0,118.0,29.0,0.959349593495935,0.04065040650406504,0.0,0.896551724137931,0.0,12.0,False,,False,,"d's seven seas. But just as Elena had entranced herself in the squid's storytelling, the boat reached land. She went along with the crew to hand over",0,False,human,ai,author_2,ai,True,5
2025-10-20 14:16:56.328000+00:00,"squid was a rare find. It was the first time that he had seen one, having previously only read about them. The researchers gathered around, when suddenly","nly the squid began to pulse with an extraordinary sequence of bioluminescent colors—bright, rapid flashes that seemed almost like a coded message. Dr. Ramirez's eyes widened, and he quickly grabbed a specialized camera to document the unprecedented display. Elena watched, transfixed, as the researchers scrambled to recor",conv_47dd4912-f9ef-4d2c-a033-aeb851e8f164,VCFLW1LTNE9F,7.0,2,human-ai,conv_47dd4912-f9ef-4d2c-a033-aeb851e8f164,7.0,author_2,150.0,124.0,120.0,120.0,27.0,0.967741935483871,0.03225806451612903,0.0,1.0,0.0,11.0,False,,False,,"squid was a rare find. It was the first time that he had seen one, having previously only read about them. The researchers gathered around, when sudde",3,False,human,ai,author_2,ai,True,6
2025-10-20 14:19:34.207000+00:00,"d the squid's color changes. In the following days, the researchers worked tirelessly to try and decode the message. Unfortunately, this proved to be","an incredibly complex challenge. The color patterns were far more intricate than any known cephalopod communication system. Each time they thought they'd identified a pattern, the sequence would shift, revealing new layers of complexity. Elena, now assisting in the research, noticed something peculiar—the squid seemed to be responding differently when she was near",conv_47dd4912-f9ef-4d2c-a033-aeb851e8f164,VCFLW1LTNE9F,8.0,2,human-ai,conv_47dd4912-f9ef-4d2c-a033-aeb851e8f164,8.0,author_2,150.0,127.0,122.0,122.0,25.0,0.9606299212598425,0.03937007874015748,0.0,0.92,0.0,13.0,False,,False,,"d the squid's colour changes. In the following days, the researchers worked tirelessly to try and decode the message. Unfortunately, this proved to be",1,False,human,ai,author_2,ai,True,7
2025-10-20 14:22:34.880000+00:00,"it. She learned from the other researchers how to record and analyze the squid's color changes. Despite being only a child, she led to a breakthrough.","by developing an innovative visual mapping technique that tracked the squid's chromatic shifts with unprecedented precision. Her intuitive understanding, combined with her grandfather's fisherman wisdom and the researchers' scientific rigor, allowed them to start deciphering what appeared to be a complex language of light and color. The breakthrough suggested that this particular squid might be",conv_47dd4912-f9ef-4d2c-a033-aeb851e8f164,VCFLW1LTNE9F,9.0,2,human-ai,conv_47dd4912-f9ef-4d2c-a033-aeb851e8f164,9.0,author_2,149.0,124.0,120.0,120.0,27.0,0.967741935483871,0.03225806451612903,0.0,0.9629629629629629,0.0,12.0,False,,False,,"it. She learnt from the other researchers how to record and analyze the squid's colour changes. Despite being only a child, she led to a breakthrough",4,False,human,ai,author_2,ai,True,8
2025-12-10 14:32:38.275000+00:00,"a young man called Magnus, who lives in Aarhus. He has a good reputation among his friends and he is widely considered a very good chap. He currently holds the title of prime","minister in the local chess club, a position he earned through years of dedication and skill. Magnus's life, however, was about to take an unexpected turn. One evening",conv_47df141a-738b-422a-8ad6-f222255c695e,G2USQC2U5JUT,1.0,4,human-ai,conv_47df141a-738b-422a-8ad6-f222255c695e,1.0,author_1,174.0,142.0,139.0,139.0,33.0,0.9788732394366197,0.02112676056338028,0.0,1.0,0.0,10.0,False,,False,,"a young man called Magnus, who lives in Aarhus. He has a good reputation among his friends and he is widely considered a very good chap. He currently holds the title of prime",0,False,human,ai,author_1,human,True,
2025-12-10 14:34:55.848000+00:00,"he was so drunk after a night out with his friends that he accidentally fell into the sea, into a freezing world with savage waves. He was rescued in his own presidential","yacht by a group of passing sailors. They pulled him aboard, drenched and shivering, and offered him warm blankets and a cup of strong, steaming tea.",conv_47df141a-738b-422a-8ad6-f222255c695e,G2USQC2U5JUT,2.0,4,human-ai,conv_47df141a-738b-422a-8ad6-f222255c695e,2.0,author_1,170.0,139.0,137.0,137.0,32.0,0.9856115107913669,0.014388489208633094,0.0,1.0,0.0,12.0,False,,False,,"he was so drunk after a night out with his friends that he accidentally fell into the sea, into a freezing world with savage waves. He was rescued in his own presidential",0,False,human,ai,author_1,human,True,1
2025-12-10 14:37:01.360000+00:00,"It was here that his career as a professional politician began, he gave up chess and got into politics, as he had an ambitious outlook. With no funding whatsoever, he is first in the","local elections, surprising everyone with his charisma and grassroots approach. His speeches, filled with passion and a vision for a better community, resonate deeply with the people of Aarhus.",conv_47df141a-738b-422a-8ad6-f222255c695e,G2USQC2U5JUT,3.0,4,human-ai,conv_47df141a-738b-422a-8ad6-f222255c695e,3.0,author_1,182.0,149.0,145.0,145.0,34.0,0.9731543624161074,0.026845637583892617,0.0,1.0,0.0,12.0,False,,False,,"It was here that his career as a professional politician began, he gave up chess and got into politics, as he had an ambitious outlook. With no funding whatsoever, he is first in the",0,False,human,ai,author_1,human,True,2
2025-12-10 14:38:16.462000+00:00,"His electoral campaign includes measures to tackle beer shortages at Friday bars, with a big budget being invested in beer for free for all students every single Friday at","the local universities and colleges. This bold promise quickly gains him a loyal following among the younger voters, who see him as a champion of their social and economic interests. As election",conv_47df141a-738b-422a-8ad6-f222255c695e,G2USQC2U5JUT,4.0,4,human-ai,conv_47df141a-738b-422a-8ad6-f222255c695e,4.0,author_1,171.0,143.0,142.0,142.0,29.0,0.993006993006993,0.006993006993006993,0.0,1.0,0.0,9.0,False,,False,,"His electoral campaign includes measures to tackle beer shortages at friday bars, with a big budget being invested in beer for free for all students every single Friday at",1,False,human,ai,author_1,human,True,3
2025-12-10 14:40:24.805000+00:00,"day is over, it is time to celebrate, going wild. For the special occasion, the Chinese Ambassador to Denmark has joined the party, with over 3000 students.","gathered to celebrate Magnus's victory. The atmosphere is electric, with music blaring and laughter echoing through the streets. The Chinese Ambassador, impressed by Magnus’s innovative policies and",conv_47df141a-738b-422a-8ad6-f222255c695e,G2USQC2U5JUT,5.0,4,human-ai,conv_47df141a-738b-422a-8ad6-f222255c695e,5.0,author_1,155.0,129.0,120.0,120.0,26.0,0.9302325581395349,0.03875968992248062,0.0,1.0,0.0,10.0,False,,False,,"day is over, it is time to celebrate, going wild. For the special occasion, the Chinese Ambassador to Denmark has joined the party, with over 3000 students",1,False,human,ai,author_1,human,True,4
2025-12-10 14:41:43.568000+00:00,"political approach, has invited him to China, where he has the chance to meet the Chinese Premier face to face. This is a unique opportunity he will take advantage of.","of to broaden his horizons and forge international connections. Magnus, still basking in the glow of his local success, sees this as a stepping stone to greater achievements on the",conv_47df141a-738b-422a-8ad6-f222255c695e,G2USQC2U5JUT,6.0,4,human-ai,conv_47df141a-738b-422a-8ad6-f222255c695e,6.0,author_1,163.0,135.0,132.0,132.0,29.0,0.9777777777777777,0.022222222222222223,0.0,1.0,0.0,11.0,False,,False,,"political approach, has invited him to China, where he has the chance to meet the Chinese Premier face to face. This is a unique opportunity he will take advantage",4,False,human,ai,author_1,human,True,5
2025-12-10 14:43:12.965000+00:00,"political arena. His ambitions include reaching glory by becoming the Prime Minister of Denmark. For this reason, he needs more campaigning and propaganda to publicize.","his vision and connect with a broader audience. Magnus begins to travel extensively, meeting with community leaders, participating in debates, and using social media to share his plans for a more",conv_47df141a-738b-422a-8ad6-f222255c695e,G2USQC2U5JUT,7.0,4,human-ai,conv_47df141a-738b-422a-8ad6-f222255c695e,7.0,author_1,167.0,143.0,140.0,140.0,25.0,0.9790209790209791,0.02097902097902098,0.0,1.0,0.0,11.0,False,,False,,"political arena. His ambitions include reaching glory by becoming the Prime Minister of Denmark. For this reason, he needs more campaigning and propaganda to publicize",1,False,human,ai,author_1,human,True,6
2025-12-10 14:44:24.163000+00:00,"just society with beer for all. As prime minister, he intends to nationalize all beer companies to make the beer sector for everyone, and let everyone have free","beer on Fridays. His radical idea captures the imagination of many, and his popularity continues to soar. Despite the skepticism of traditional politicians, Magnus remains undeterred, driven by",conv_47df141a-738b-422a-8ad6-f222255c695e,G2USQC2U5JUT,8.0,4,human-ai,conv_47df141a-738b-422a-8ad6-f222255c695e,8.0,author_1,160.0,133.0,130.0,130.0,28.0,0.9774436090225563,0.022556390977443608,0.0,1.0,0.0,11.0,False,,False,,"just society with beer for all. As prime minister, he intends to nationalize all beer companies to make the beer sector for everyone, and let everyone have free",0,False,human,ai,author_1,human,True,7
2025-12-10 14:46:56.862000+00:00,voters located in Riiskov. The election day is close up and he is determined to win. Some polls place him as the preferred candidate in all of,"Denmark. With a blend of charisma, innovative policies, and a deep connection to the people, Magnus feels the momentum building. As the sun sets on the eve of the",conv_47df141a-738b-422a-8ad6-f222255c695e,G2USQC2U5JUT,9.0,4,human-ai,conv_47df141a-738b-422a-8ad6-f222255c695e,9.0,author_1,142.0,116.0,114.0,114.0,27.0,0.9827586206896551,0.017241379310344827,0.0,1.0,0.0,10.0,False,,False,,voters located in Riiskov. The election day is close up and he is determined to win. Some polls place him as the preferred candidate in all of,0,False,human,ai,author_1,human,True,8
2025-12-10 13:42:48.168000+00:00,In the middle of the night something weird seemed to be going on judging by the sound coming from the neighbor's apartment. It was not possible to pin what made it.,"but it sounded like a mix of whispering, footsteps, and faint scratching, all blending together in a way that sent shivers down the spine. The darkness outside seemed to",conv_491b62e9-789d-4b72-b887-557f2ccffc18,LTYMATDG56SX,1.0,3,human-ai,conv_491b62e9-789d-4b72-b887-557f2ccffc18,1.0,author_1,162.0,132.0,131.0,131.0,31.0,0.9924242424242424,0.007575757575757576,0.0,1.0,0.0,9.0,False,,False,,In the middle of the night something weird seemed to be going on judging by the sound coming from the neighbors apartment. It was not possible to pin what made it,2,False,human,ai,author_1,human,True,
2025-12-10 13:44:41.683000+00:00,"become denser, the shadows outside appearing as if moving according to some will of their own and no longer just moved by","the gentle breeze that usually rustled through the leaves of the trees. The air was heavy with an eerie silence, as if the night itself was holding its breath, waiting for",conv_491b62e9-789d-4b72-b887-557f2ccffc18,LTYMATDG56SX,2.0,3,human-ai,conv_491b62e9-789d-4b72-b887-557f2ccffc18,2.0,author_1,121.0,100.0,99.0,99.0,22.0,0.99,0.01,0.0,1.0,0.0,9.0,False,,False,,"become denser, the shadows outside appearing as if moving according to some will of their own and no longer just moved by",0,False,human,ai,author_1,human,True,1
2025-12-10 13:47:26.307000+00:00,"something. Something to determine whether the sounds from the neighbor were no more than the usual moving about, or worse that something on the other side of that wall was","stirring, awakening, or even watching, its presence seeping through the thin barrier that separated the two apartments, making the hairs on the back of the listener's neck",conv_491b62e9-789d-4b72-b887-557f2ccffc18,LTYMATDG56SX,3.0,3,human-ai,conv_491b62e9-789d-4b72-b887-557f2ccffc18,3.0,author_1,171.0,142.0,140.0,140.0,30.0,0.9859154929577465,0.014084507042253521,0.0,1.0,0.0,9.0,False,,False,,"something. Something to determine whether the sounds from the neighbor were no more than the usual moving about, or worse that something on the other side of that wall was",0,False,human,ai,author_1,human,True,2
2025-12-10 13:49:41.268000+00:00,"Should action be taken, or would everything return to normal if the listener just went back to sleep and forgot what?","had just transpired, pretending it was all just a product of a restless mind and a vivid imagination. But as the listener lay there, frozen in indecision, the sounds",conv_491b62e9-789d-4b72-b887-557f2ccffc18,LTYMATDG56SX,4.0,3,human-ai,conv_491b62e9-789d-4b72-b887-557f2ccffc18,4.0,author_1,116.0,96.0,95.0,95.0,21.0,0.9895833333333334,0.010416666666666666,0.0,1.0,0.0,10.0,False,,False,,"Should action be taken, or would everything return to normal if the listener just went back to sleep and forgot what",1,False,human,ai,author_1,human,True,3
2025-12-10 13:51:27.746000+00:00,seemed to change in character. Just the slightest. Enough to feel it without being able to point out quite what had changed. But something had.,"shifted, like a subtle alteration in the rhythm of the sounds, and it was this almost imperceptible difference that made the listener's heart beat faster, as if some",conv_491b62e9-789d-4b72-b887-557f2ccffc18,LTYMATDG56SX,5.0,3,human-ai,conv_491b62e9-789d-4b72-b887-557f2ccffc18,5.0,author_1,142.0,118.0,115.0,115.0,25.0,0.9745762711864406,0.025423728813559324,0.0,1.0,0.0,9.0,False,,False,,seemed to change in character. Just the slightest. Enough to feel it without being able to point out quite what had changed. But something had,1,False,human,ai,author_1,human,True,4
2025-12-10 13:53:22.870000+00:00,"struggle was taking place. The listener turns in their bed and tries to disregard the sounds, but that seems less and less like a possibility, so the listener","throws off the covers and gets out of bed, padding softly over to the wall that separates their apartment from the neighbor's, pressing an ear against the cool surface to listen more",conv_491b62e9-789d-4b72-b887-557f2ccffc18,LTYMATDG56SX,6.0,3,human-ai,conv_491b62e9-789d-4b72-b887-557f2ccffc18,6.0,author_1,156.0,129.0,126.0,126.0,28.0,0.9767441860465116,0.023255813953488372,0.0,1.0,0.0,11.0,False,,False,,"struggle was taking place. The listener turns in their bed and try to disregard the sounds, but that seems less and less like a possibility, so the listener",3,False,human,ai,author_1,human,True,5
2025-12-10 14:04:37.958000+00:00,"closely. Very quickly the sound stops, as if the maker of the sound is aware of a listener in the neighboring room. The atmosphere now changes from puzzling to straight.","out frightening, the sudden silence more unsettling than the strange noises had been, and the listener feels a presence on the other side of the wall, waiting, listening, its attention",conv_491b62e9-789d-4b72-b887-557f2ccffc18,LTYMATDG56SX,7.0,3,human-ai,conv_491b62e9-789d-4b72-b887-557f2ccffc18,7.0,author_1,168.0,139.0,136.0,136.0,30.0,0.9784172661870504,0.02158273381294964,0.0,1.0,0.0,11.0,False,,False,,"closely. Very quickly the sound stops, as if the maker of the sound is aware of a listener in the neighboring room. The atmosphere now changes from puzzling to straight",1,False,human,ai,author_1,human,True,6
2025-12-10 14:05:57.202000+00:00,"fixed on the listener. The listener backs away from the wall, each fixed on the spot where the sound seemed to have come from on the","other side, the tension between them palpable, even through the barrier of the wall. The listener's breath catches in their throat as they slowly back away, their eyes fixed",conv_491b62e9-789d-4b72-b887-557f2ccffc18,LTYMATDG56SX,8.0,3,human-ai,conv_491b62e9-789d-4b72-b887-557f2ccffc18,8.0,author_1,132.0,107.0,105.0,105.0,26.0,0.9813084112149533,0.018691588785046728,0.0,1.0,0.0,8.0,False,,False,,"fixed on the listener. The listener backs away from the wall, each fixed on the spot where the sound seemed to have come from on the",0,False,human,ai,author_1,human,True,7
2025-12-10 14:07:44.876000+00:00,"on the wall. Three meters away the listener stops to listen. Everything is quiet, but the air is filled with suspense. Very quietly the sound appears to","be coming from the wall again, a low, deliberate scratching, like fingernails on plaster, and it's moving, slowly, steadily, as if whatever is making the",conv_491b62e9-789d-4b72-b887-557f2ccffc18,LTYMATDG56SX,9.0,3,human-ai,conv_491b62e9-789d-4b72-b887-557f2ccffc18,9.0,author_1,152.0,126.0,122.0,122.0,27.0,0.9682539682539683,0.031746031746031744,0.0,1.0,0.0,10.0,False,,False,,"on the wall. Three meters away the listener stops to listen. Everything is quite, but the air is filled with suspense. Very quietly the sound appears to",2,False,human,ai,author_1,human,True,8
2025-11-13 14:32:04.697000+00:00,,"a young girl named Sophia, who lived in a small village nestled between two great mountains. The villagers believed that the mountains held ancient secrets and mysterious powers, and they whispered stories",conv_49c214f3-8828-46e2-b76b-6c4f3ccaf016,8U6NL5N59U1T,1.0,3,human-ai,conv_49c214f3-8828-46e2-b76b-6c4f3ccaf016,1.0,author_2,0.0,0.0,0.0,0.0,0.0,0.0,0.0,0.0,0.0,0.0,0.0,False,protocol_empty,False,,,0,False,human,ai,author_2,ai,False,
2025-11-13 14:34:08.189000+00:00,"of a great god-like creature who lived in the mountain caves. A creature that was told would protect the village in times of need, or even gift","the villagers with precious treasures and wisdom, but only if they proved themselves worthy. The villagers called this creature the Keeper, and they would often leave offerings of food and drink at",conv_49c214f3-8828-46e2-b76b-6c4f3ccaf016,8U6NL5N59U1T,2.0,3,human-ai,conv_49c214f3-8828-46e2-b76b-6c4f3ccaf016,2.0,author_2,142.0,116.0,113.0,113.0,28.0,0.9741379310344828,0.02586206896551724,0.0,1.0,0.0,8.0,False,,False,,"of a great god-like creature who lived in the mountain caves. A creature that was tol would protect the village in times of need, or even gift",1,False,human,ai,author_2,ai,True,1
2025-11-13 14:35:43.423000+00:00,"the foot of the mountain. Sophia grew up hearing the stories of those who ventured off into the mountains. Some would never come back, while others were found","with a strange, far-off look in their eyes, as if they had seen something that no human was meant to see. They would speak in hushed tones of the wonders",conv_49c214f3-8828-46e2-b76b-6c4f3ccaf016,8U6NL5N59U1T,3.0,3,human-ai,conv_49c214f3-8828-46e2-b76b-6c4f3ccaf016,3.0,author_2,158.0,131.0,128.0,128.0,28.0,0.9770992366412213,0.022900763358778626,0.0,1.0,0.0,9.0,False,,False,,"the foot of the mountain. Sophia grew up hearing the stories of those who ventured off into the mountains. Some would never come back, while others were found",0,False,human,ai,author_2,ai,True,2
2025-11-13 14:38:20.297000+00:00,"of which they couldn't even comprehend. In this world, people were born with a special gift. These gifts were called ""Siddhi,"" and were unique","to each individual, allowing them to perform extraordinary feats. Some could control the elements, while others could heal or communicate with animals. Sophia's Siddhi was still unknown, as",conv_49c214f3-8828-46e2-b76b-6c4f3ccaf016,8U6NL5N59U1T,4.0,3,human-ai,conv_49c214f3-8828-46e2-b76b-6c4f3ccaf016,4.0,author_2,142.0,119.0,112.0,112.0,25.0,0.9411764705882353,0.058823529411764705,0.0,0.96,0.0,10.0,False,,False,,"of which they couldn't even comprehend. In this world, people were born with a special gift. These gifts were called ""Siddhi"", and were unique",2,False,human,ai,author_2,ai,True,3
2025-11-13 14:39:55.227000+00:00,"she hadn't reached the age of maturity as of yet. You see, Sophia was only 11 years old at the time. Siddhi's usually unlock around age 13. Sophia","was both excited and nervous about discovering her Siddhi, as it would not only reveal her unique abilities, but also determine her place in the village and the role she would play",conv_49c214f3-8828-46e2-b76b-6c4f3ccaf016,8U6NL5N59U1T,5.0,3,human-ai,conv_49c214f3-8828-46e2-b76b-6c4f3ccaf016,5.0,author_2,146.0,119.0,109.0,109.0,28.0,0.9159663865546218,0.05042016806722689,0.0,0.9285714285714286,0.0,8.0,False,,False,,"she hadn't reached the age of maturity as of yet. You see, Sophia was only 11 years old at the time. Siddhi's usually unlock around age 13. Sophia",0,False,human,ai,author_2,ai,True,4
2025-11-13 14:41:47.453000+00:00,. She had a plan for when her Siddhi would unlock. Her mother had fallen ill and would be on the brink of death soon. Her father had died when she was young.,"and Sophia's determination to save her mother had driven her to study the ancient lore and seek out the wisdom of the village elders, hoping to find a way to use her Sidd",conv_49c214f3-8828-46e2-b76b-6c4f3ccaf016,8U6NL5N59U1T,6.0,3,human-ai,conv_49c214f3-8828-46e2-b76b-6c4f3ccaf016,6.0,author_2,158.0,126.0,121.0,121.0,32.0,0.9603174603174603,0.03968253968253968,0.0,1.0,0.0,6.0,False,,False,,". She had a plan for when her Siddhi would unlock. Her mother had fallen ill, and would be on the brink of death soon. Her father had died when she was young.",1,False,human,ai,author_2,ai,True,5
2025-11-13 14:43:10.815000+00:00,"hi to save her mother. But they were of no help. ""Life shall not be tampered with, young Sophia,"" they would tell her. But she knew that whatever was hiding","in the mountains, the Keeper, might hold the key to saving her mother's life. She had heard tales of the Keeper's immense power and wisdom, and she was willing",conv_49c214f3-8828-46e2-b76b-6c4f3ccaf016,8U6NL5N59U1T,7.0,3,human-ai,conv_49c214f3-8828-46e2-b76b-6c4f3ccaf016,7.0,author_2,157.0,128.0,120.0,120.0,30.0,0.9375,0.0625,0.0,1.0,0.0,8.0,False,,False,,"hi to save her mother. But they were of no help. ""Life shall not be tampered with, young Sophia"", they would tell her. But she knew, that whatever was hiding",3,False,human,ai,author_2,ai,True,6
2025-11-13 14:44:16.242000+00:00,"to risk her own sanity and life to save her mother's. Sophia's mother had the Siddhi of fortune, and had given the village immense prosperity during her lifetime,","and Sophia felt that it was only fair that she try to repay her mother's kindness and generosity by saving her life, no matter the cost. With a determined heart, Sophia",conv_49c214f3-8828-46e2-b76b-6c4f3ccaf016,8U6NL5N59U1T,8.0,3,human-ai,conv_49c214f3-8828-46e2-b76b-6c4f3ccaf016,8.0,author_2,161.0,134.0,130.0,130.0,29.0,0.9701492537313433,0.029850746268656716,0.0,0.9655172413793104,0.0,10.0,False,,False,,"to risk her own sanity and life to save her mother's. Sophias mother had the Siddhi of fortune, and had given the village immense prosperity during her lifetime,",1,False,human,ai,author_2,ai,True,7
2025-11-13 14:45:54.547000+00:00,"despite not having unlocked her Siddhi, decided to venture off into the mountains at this very moment. She went off at night, with only her bag of food and","a small, flickering lantern to guide her, the darkness of the mountains swallowing her whole as she disappeared from the village, leaving behind only the faintest whisper of her determination",conv_49c214f3-8828-46e2-b76b-6c4f3ccaf016,8U6NL5N59U1T,9.0,3,human-ai,conv_49c214f3-8828-46e2-b76b-6c4f3ccaf016,9.0,author_2,155.0,127.0,124.0,124.0,29.0,0.9763779527559056,0.023622047244094488,0.0,1.0,0.0,9.0,False,,False,,"despite not having unlocked her Siddhi, decided to venture off into the mountains at this very moment. She went off at night, with only her bag of food and",0,False,human,ai,author_2,ai,True,8
2025-11-06 15:31:09.378000+00:00,,"a young girl named Sophia, who lived in a small, secluded village surrounded by dense woods and winding rivers. She had always been fascinated by the whispers of an ancient magic that",conv_4aa46faf-273a-4707-be30-a0b216440d87,XLWUDV3DD49W,1.0,3,human-ai,conv_4aa46faf-273a-4707-be30-a0b216440d87,1.0,author_2,0.0,0.0,0.0,0.0,0.0,0.0,0.0,0.0,0.0,0.0,0.0,False,protocol_empty,False,,,0,False,human,ai,author_2,ai,False,
2025-11-06 15:32:46.124000+00:00,always were whispering about the woods and the rivers. Sophia was sure about that we humans are,"not alone in this world, and that there were creatures lurking just beyond the edge of the village, watching and waiting. The villagers had always been tight-lipped about the strange",conv_4aa46faf-273a-4707-be30-a0b216440d87,XLWUDV3DD49W,2.0,3,human-ai,conv_4aa46faf-273a-4707-be30-a0b216440d87,2.0,author_2,95.0,79.0,78.0,78.0,17.0,0.9873417721518988,0.012658227848101266,0.0,1.0,0.0,10.0,False,,False,,always were whispering about the woods and the rivers. Sophia was sure about that we humans are,0,False,human,ai,author_2,ai,True,1
2025-11-06 15:35:53.793000+00:00,whispering. But Sophia wasn't afraid. She was sure that the creatures were honestly good and just wanted attention.,"and connection with the human world. One night, Sophia decided to follow the whispering sounds into the woods, and as she walked deeper into the darkness, the whispers grew louder",conv_4aa46faf-273a-4707-be30-a0b216440d87,XLWUDV3DD49W,3.0,3,human-ai,conv_4aa46faf-273a-4707-be30-a0b216440d87,3.0,author_2,113.0,96.0,93.0,93.0,19.0,0.96875,0.03125,0.0,0.9473684210526315,0.0,10.0,False,,False,,whispering. But Sophia wasn't afraid. She was sure about the creatures was honestly good and just wants attention,10,False,human,ai,author_2,ai,True,2
2025-11-06 15:37:03.988000+00:00,"and suddenly she saw a small gathering of the creatures. They were whispering to each other and hadn't seen Sophia,","they were all tiny, mischievous beings with delicate wings and leaves for hair, their eyes twinkling like fireflies as they conversed in hushed tones, completely absorbed",conv_4aa46faf-273a-4707-be30-a0b216440d87,XLWUDV3DD49W,4.0,3,human-ai,conv_4aa46faf-273a-4707-be30-a0b216440d87,4.0,author_2,114.0,96.0,93.0,93.0,20.0,0.96875,0.03125,0.0,0.95,0.0,10.0,False,,False,,"and suddenly she saw a small gathering of the creatures. They were whispering to eachother and hadn't seen Sophia,",1,False,human,ai,author_2,ai,True,3
2025-11-06 15:40:17.385000+00:00,"in each other's company, and they giggled too. And they had small cute fingers, six on each hand, one hand green and the","other hand a soft, shimmering blue, and Sophia was enchanted by their playful nature, she watched as they wove tiny flowers and threads into intricate patterns, their laughter and",conv_4aa46faf-273a-4707-be30-a0b216440d87,XLWUDV3DD49W,5.0,3,human-ai,conv_4aa46faf-273a-4707-be30-a0b216440d87,5.0,author_2,118.0,97.0,93.0,93.0,22.0,0.9587628865979382,0.041237113402061855,0.0,1.0,0.0,10.0,False,,False,,"in eachothers company, and they giggled too. And they had small cute fingers, six on each hand, one hand green and the",2,False,human,ai,author_2,ai,True,4
2025-11-06 15:42:24.512000+00:00,Suddenly she felt a recognition. She could see herself and her villagers' Sunday meeting outplay just like the creatures did it.,"and the realization struck her that the creatures were not just random beings, but were in fact, mirroring the village's own social gatherings, as if they had been observing and",conv_4aa46faf-273a-4707-be30-a0b216440d87,XLWUDV3DD49W,6.0,3,human-ai,conv_4aa46faf-273a-4707-be30-a0b216440d87,6.0,author_2,127.0,107.0,105.0,105.0,21.0,0.9813084112149533,0.018691588785046728,0.0,1.0,0.0,11.0,False,,False,,"suddenly she felt a recognition. She could see herself and her villagers sunday meeting outplay just like the creatures did it,",4,False,human,ai,author_2,ai,True,5
2025-11-06 15:44:31.418000+00:00,"got inspired. Then it hit Sophia, maybe she also should do the same. Take notes and bring some of their patterns of behavior.","back to her village, to share with the others, and as she turned to leave, the creatures finally noticed her, and to her surprise, they didn't flee or hide",conv_4aa46faf-273a-4707-be30-a0b216440d87,XLWUDV3DD49W,7.0,3,human-ai,conv_4aa46faf-273a-4707-be30-a0b216440d87,7.0,author_2,124.0,102.0,99.0,99.0,23.0,0.9705882352941176,0.029411764705882353,0.0,1.0,0.0,8.0,False,,False,,"got inspired. Then it hit Sophia, maybe she also should do the same. Take notes and bring some of their patterns of behavior",1,False,human,ai,author_2,ai,True,6
2025-11-06 15:45:48.329000+00:00,they just looked at her in silence. Their eyes were glittering and reflecting like the ocean on a,"sunny day, and Sophia felt a deep sense of understanding and connection, as if the creatures were acknowledging her presence, and inviting her to join them, and without a word",conv_4aa46faf-273a-4707-be30-a0b216440d87,XLWUDV3DD49W,8.0,3,human-ai,conv_4aa46faf-273a-4707-be30-a0b216440d87,8.0,author_2,97.0,80.0,79.0,79.0,18.0,0.9875,0.0125,0.0,1.0,0.0,10.0,False,,False,,they just looked at her in silence. Their eyes were glittering and reflecting like the ocean on a,0,False,human,ai,author_2,ai,True,7
2025-11-06 15:47:31.833000+00:00,"she joined their gathering with humility and her first thought was that she would take garbage sorting more seriously now, but","the creatures began to weave a delicate pattern around her, using threads of leaves and twigs, and Sophia felt a sense of peace and belonging, as if she had finally found",conv_4aa46faf-273a-4707-be30-a0b216440d87,XLWUDV3DD49W,9.0,3,human-ai,conv_4aa46faf-273a-4707-be30-a0b216440d87,9.0,author_2,126.0,106.0,105.0,105.0,21.0,0.9905660377358491,0.009433962264150943,0.0,1.0,0.0,9.0,False,,False,,"she joined their gathering with humility and her first thought was that she would take garbage sorting more seriously now, but",0,False,human,ai,author_2,ai,True,8
2025-11-18 12:15:53.155000+00:00,a young bubble dragon that has a passionate relationship with his kitchen utensils. The young bubble dragon's name is Mr. Big.,"Mr. Big lived in a cozy cave near the edge of the Whimsical Woods, where the air was always filled with the scent of freshly baked treats and the sound of",conv_4d1bd73a-bbc9-4e37-8ba0-3cdd7adbc66a,QHKVF5L9EG9T,1.0,4,human-ai,conv_4d1bd73a-bbc9-4e37-8ba0-3cdd7adbc66a,1.0,author_1,125.0,105.0,102.0,102.0,21.0,0.9714285714285714,0.02857142857142857,0.0,0.9523809523809523,0.0,12.0,False,,False,,a young bubble dragon. that has a passionated relationship with his kitchen utensils. The young bubble dragon name is mr. big,7,False,human,ai,author_1,human,True,
2025-11-18 12:19:10.209000+00:00,"angry lawn mowers. Mr. Big Dingleberry has STOLEN the treats from the Lawn Mower QUEEN, the treats are like religion to the lawn.","movers, and without them, the entire rhythm of the Whimsical Woods would be thrown into chaos. The lawn movers, a quirky and temperamental bunch, relied on",conv_4d1bd73a-bbc9-4e37-8ba0-3cdd7adbc66a,QHKVF5L9EG9T,2.0,4,human-ai,conv_4d1bd73a-bbc9-4e37-8ba0-3cdd7adbc66a,2.0,author_1,129.0,107.0,104.0,104.0,23.0,0.9719626168224299,0.028037383177570093,0.0,0.9565217391304348,0.0,11.0,False,,False,,"angry lawn mowers. Mr. big dingleberry have STOLEN the treats from the lawn Mover QUEEN, the treats are like religion to the lawn",7,False,human,ai,author_1,human,True,1
2025-11-18 12:20:29.932000+00:00,"the power of freshly baked treats to fuel their hunger for playing Y8 ild og vand, which is only allowed to be played by the lawn mower","queen’s subjects. Without the treats, they were restless and irritable, and the queen was furious. She summoned her best detective, a cunning fox named Finn, to track",conv_4d1bd73a-bbc9-4e37-8ba0-3cdd7adbc66a,QHKVF5L9EG9T,3.0,4,human-ai,conv_4d1bd73a-bbc9-4e37-8ba0-3cdd7adbc66a,3.0,author_1,135.0,109.0,107.0,107.0,27.0,0.981651376146789,0.009174311926605505,0.0,1.0,0.0,7.0,False,,False,,"the power of freshly baked treats to fuel their hunger for playing Y8 ild og vand, witch is only allowed to be played by the lawn mower",2,False,human,ai,author_1,human,True,2
2025-11-18 12:22:48.321000+00:00,down the thief mr. big dingleberry. Finn the detective knew that mr. big was known as the best thief on this side of the,"Whimsical Woods, and he was determined to catch him red-handed. Armed with his trusty magnifying glass and a keen sense of smell, Finn set off towards Mr",conv_4d1bd73a-bbc9-4e37-8ba0-3cdd7adbc66a,QHKVF5L9EG9T,4.0,4,human-ai,conv_4d1bd73a-bbc9-4e37-8ba0-3cdd7adbc66a,4.0,author_1,119.0,96.0,93.0,93.0,24.0,0.96875,0.03125,0.0,0.9166666666666666,0.0,11.0,False,,False,,down the thief mr. big dingleberry. Finn the detective knew that mr. big was know as the best thief on this side of the,1,False,human,ai,author_1,human,True,3
2025-11-18 12:25:28.979000+00:00,"gathered a team of the best soldiers of the QUEEN, to get the freshly baked treats back. AND now Finn and lawn mower soldiers are surrounded by Mr. Big Dingleberrys.","cave. Mr. Big, realizing the gravity of the situation, nervously fluttered his wings, considering his next move. Inside the cave, the air was thick with",conv_4d1bd73a-bbc9-4e37-8ba0-3cdd7adbc66a,QHKVF5L9EG9T,5.0,4,human-ai,conv_4d1bd73a-bbc9-4e37-8ba0-3cdd7adbc66a,5.0,author_1,158.0,130.0,127.0,127.0,29.0,0.9769230769230769,0.023076923076923078,0.0,0.9655172413793104,0.0,12.0,False,,False,,"gathered a team of the best soldiers of the QUUEN, to get the freshly baked treats back. AND now Finn and lawn mower soldiers a surronded mr. big dingleberrys",11,False,human,ai,author_1,human,True,4
2025-11-18 12:27:30.016000+00:00,"like the QUEEN herself. Mr. big tried to fly away but did not have the strength, but then he got an idea, to eat one of the Super","treats he had stolen, hoping it would give him the energy to face the crowd outside. As he took a bite, a burst of bubbly energy filled him,",conv_4d1bd73a-bbc9-4e37-8ba0-3cdd7adbc66a,QHKVF5L9EG9T,6.0,4,human-ai,conv_4d1bd73a-bbc9-4e37-8ba0-3cdd7adbc66a,6.0,author_1,129.0,102.0,98.0,98.0,28.0,0.9607843137254902,0.0392156862745098,0.0,0.9642857142857143,0.0,8.0,False,,False,,"like the QUEEN herself. Mr. big tried to fly away but did not have the strength, but then he got an idea, to eat one of the SUper",1,False,human,ai,author_1,human,True,5
2025-11-18 12:28:45.556000+00:00,"then the bubbly energy blast a big wave of energy towards the soldiers, the soldier was scared and in shock, ready to leave detective Finn","stood his ground, trying to maintain his composure. The lawn mover soldiers, however, were not so brave. They retreated in disarray, leaving Finn alone to face Mr",conv_4d1bd73a-bbc9-4e37-8ba0-3cdd7adbc66a,QHKVF5L9EG9T,7.0,4,human-ai,conv_4d1bd73a-bbc9-4e37-8ba0-3cdd7adbc66a,7.0,author_1,137.0,113.0,111.0,111.0,25.0,0.9823008849557522,0.017699115044247787,0.0,1.0,0.0,9.0,False,,False,,"then the bubbly energy blast a big wave of energy towards the soldiers, the soldier was scared and i shock, ready to leave detective Finn",1,False,human,ai,author_1,human,True,6
2025-11-18 12:30:42.287000+00:00,"big. THE FINAL BATTLE has begun. Finn had an ace up his sleeve, a secret so deep even the QUEEN didn't know about it. Finn was the CREATOR of the freshly baked","treats that Mr. Big had stolen. With a deep breath, Finn revealed his secret, explaining that he had made the treats with a special ingredient meant to bring peace",conv_4d1bd73a-bbc9-4e37-8ba0-3cdd7adbc66a,QHKVF5L9EG9T,8.0,4,human-ai,conv_4d1bd73a-bbc9-4e37-8ba0-3cdd7adbc66a,8.0,author_1,158.0,127.0,123.0,123.0,32.0,0.968503937007874,0.031496062992125984,0.0,1.0,0.0,7.0,False,,False,,"big. THE FINAL BATTLE has begun. Finn had an ace up his sleeve, a secret so deep even the QUUEN didnt know about it. Finn was the CREATER of the freshly baked",3,False,human,ai,author_1,human,True,7
2025-11-18 12:32:15.754000+00:00,"A side effect of the treats was a love and peace spell, suddenly Mr. Big felt something within, a feeling he had felt.","strange yet warm. His competitive spirit faded, and he realized the error of his ways. Lowering his guard, Mr. Big approached Finn, apologizing sincerely for his",conv_4d1bd73a-bbc9-4e37-8ba0-3cdd7adbc66a,QHKVF5L9EG9T,9.0,4,human-ai,conv_4d1bd73a-bbc9-4e37-8ba0-3cdd7adbc66a,9.0,author_1,117.0,95.0,91.0,91.0,22.0,0.9578947368421052,0.042105263157894736,0.0,0.9545454545454546,0.0,9.0,False,,False,,". A side effect of the treats were a love and peace spell, suddenly mr. big felt something within, a felling had felt",12,False,human,ai,author_1,human,True,8
2025-11-18 11:59:44.092000+00:00,,"two unlikely friends, a young inventor named Elara and a wise old tree spirit named Thorne. In a world where technology and nature often clashed,",conv_58838068-7cd4-4f6c-b158-aabb542ab4b9,RVL33NS9GG1W,1.0,4,human-ai,conv_58838068-7cd4-4f6c-b158-aabb542ab4b9,1.0,author_2,0.0,0.0,0.0,0.0,0.0,0.0,0.0,0.0,0.0,0.0,0.0,False,protocol_empty,False,,,0,False,human,ai,author_2,ai,False,
2025-11-18 12:04:04.481000+00:00,"Elara explained to the tree that one day, nature would be inferior to technology. Thorne did","not agree. ""Nature and technology can coexist,"" he said, his voice a gentle whisper through the leaves. ""Balance is key."" Elara, intrigued by Thorne",conv_58838068-7cd4-4f6c-b158-aabb542ab4b9,RVL33NS9GG1W,2.0,4,human-ai,conv_58838068-7cd4-4f6c-b158-aabb542ab4b9,2.0,author_2,92.0,77.0,75.0,75.0,16.0,0.974025974025974,0.025974025974025976,0.0,1.0,0.0,10.0,False,,False,,"Elara explained to the tree that one day, nature would be inferior to technology. Thorne did",0,False,human,ai,author_2,ai,True,1
2025-11-18 12:06:54.692000+00:00,"said ""Why would balance be the key, if humans are superior to nature in all ways?"" and shrugged. ""Look at all of the innovation that","has improved our lives. We can cure diseases, travel the world, and even explore space. Nature can't do that."" Thorne’s branches swayed thoughtfully in the",conv_58838068-7cd4-4f6c-b158-aabb542ab4b9,RVL33NS9GG1W,3.0,4,human-ai,conv_58838068-7cd4-4f6c-b158-aabb542ab4b9,3.0,author_2,132.0,108.0,102.0,102.0,25.0,0.9444444444444444,0.05555555555555555,0.0,1.0,0.0,10.0,False,,False,,"said ""Why would balance be the key, if humans are superior to nature in all ways?"" and shrugged. ""Look at all of the innovation that",0,False,human,ai,author_2,ai,True,2
2025-11-18 12:08:01.178000+00:00,wind. Thorne began to look worried as he was scared that Elara would forget Thorne in the,"rush of technological advancement. ""Elara,"" he said, his voice more urgent, ""nature provides the very air you breathe, the water you drink, and the soil that",conv_58838068-7cd4-4f6c-b158-aabb542ab4b9,RVL33NS9GG1W,4.0,4,human-ai,conv_58838068-7cd4-4f6c-b158-aabb542ab4b9,4.0,author_2,89.0,73.0,72.0,72.0,17.0,0.9863013698630136,0.0136986301369863,0.0,1.0,0.0,7.0,False,,False,,wind. Thorne began to look worried as he was scared that Elara would forget Thorne in the,0,False,human,ai,author_2,ai,True,3
2025-11-18 12:10:33.937000+00:00,walk on. Elara stated that humans would in time be able to manufacture all of the components that nature produces at this moment. In,"response, Thorne sighed deeply. ""Elara, creating these things is one thing, but maintaining the delicate balance of life is another. What happens when the machines fail,",conv_58838068-7cd4-4f6c-b158-aabb542ab4b9,RVL33NS9GG1W,5.0,4,human-ai,conv_58838068-7cd4-4f6c-b158-aabb542ab4b9,5.0,author_2,132.0,109.0,107.0,107.0,24.0,0.981651376146789,0.01834862385321101,0.0,1.0,0.0,11.0,False,,False,,walk on. Elara stated that humans would in time be able to manufacture all of the components that nature produces at this moment. In,0,False,human,ai,author_2,ai,True,4
2025-11-18 12:11:53.010000+00:00,Elara stated that in theory nature is just a machine. A very complex machine that at times also fails. Just look at all of the diseases and,"natural disasters. Technology can help us overcome these challenges,"" she concluded, her eyes sparkling with the promise of innovation. Thorne nodded, understanding her perspective, but still felt a",conv_58838068-7cd4-4f6c-b158-aabb542ab4b9,RVL33NS9GG1W,6.0,4,human-ai,conv_58838068-7cd4-4f6c-b158-aabb542ab4b9,6.0,author_2,137.0,111.0,109.0,109.0,27.0,0.9819819819819819,0.018018018018018018,0.0,1.0,0.0,7.0,False,,False,,Elara stated that in theory nature is just a machine. A very complex machine that at time also fails. Just look at all of the disease and,2,False,human,ai,author_2,ai,True,5
2025-11-18 12:13:25.495000+00:00,"thorn in his side. Thorne was just about to speak up again, but was cut off when Elara began to speak further.","about her latest project, a device that could purify water more efficiently than any natural process. ""Imagine, Thorne,"" she said excitedly, ""clean water for everyone",conv_58838068-7cd4-4f6c-b158-aabb542ab4b9,RVL33NS9GG1W,7.0,4,human-ai,conv_58838068-7cd4-4f6c-b158-aabb542ab4b9,7.0,author_2,109.0,88.0,86.0,86.0,22.0,0.9772727272727273,0.022727272727272728,0.0,1.0,0.0,7.0,False,,False,,"thorn in his side. Thorne was just about to speak up again, but was cut off when Elara began to speak further",1,False,human,ai,author_2,ai,True,6
2025-11-18 12:15:16.338000+00:00,", and no one would suffer. Tell me Thorne, how exactly could a device like that do anything but good in the world. The","world needs solutions, and sometimes technology is the answer."" Thorne smiled, a warm light in his eyes. ""I see the good in your heart, Elara, and",conv_58838068-7cd4-4f6c-b158-aabb542ab4b9,RVL33NS9GG1W,8.0,4,human-ai,conv_58838068-7cd4-4f6c-b158-aabb542ab4b9,8.0,author_2,118.0,95.0,91.0,91.0,23.0,0.9578947368421052,0.042105263157894736,0.0,1.0,0.0,8.0,False,,False,,", and no one would suffer. Tell me Thorne, how exactly could a device like that do anything but good in the world. The",0,False,human,ai,author_2,ai,True,7
2025-11-18 12:17:34.712000+00:00,"your ideas are great. Unfortunately, not all humans are as eager to save the world. There are people here who want to","exploit technology for their own gain. But together, we can ensure that your inventions are used for the greater good. Let's find a way to harmonize the best of",conv_58838068-7cd4-4f6c-b158-aabb542ab4b9,RVL33NS9GG1W,9.0,4,human-ai,conv_58838068-7cd4-4f6c-b158-aabb542ab4b9,9.0,author_2,116.0,95.0,93.0,93.0,22.0,0.9789473684210527,0.021052631578947368,0.0,1.0,0.0,13.0,False,,False,,your ideas are great. Unfortunately not all humans are as eager to save the world. There are people here who want to,1,False,human,ai,author_2,ai,True,8
2025-11-12 08:49:17.838000+00:00,,"a small village nestled deep in the heart of an ancient forest, a place where the trees whispered secrets and the moon shone brighter than anywhere else in",conv_58c2f2e6-db2a-406d-9bc9-04aaf1b0c35a,PQ27Z9USX41W,1.0,4,human-ai,conv_58c2f2e6-db2a-406d-9bc9-04aaf1b0c35a,1.0,author_2,0.0,0.0,0.0,0.0,0.0,0.0,0.0,0.0,0.0,0.0,0.0,False,protocol_empty,False,,,0,False,human,ai,author_2,ai,False,
2025-11-12 08:50:39.670000+00:00,"the kingdom. This village looked like any other village, but its inhabitants knew its secret. In a clearing near","the edge of the forest stood an old, gnarled tree. Legend had it that this tree was the heart of the forest, and it held the power to grant wishes",conv_58c2f2e6-db2a-406d-9bc9-04aaf1b0c35a,PQ27Z9USX41W,2.0,4,human-ai,conv_58c2f2e6-db2a-406d-9bc9-04aaf1b0c35a,2.0,author_2,112.0,94.0,91.0,91.0,19.0,0.9680851063829787,0.031914893617021274,0.0,1.0,0.0,11.0,False,,False,,"the kingdom. This village looked like any other village, but its inhabitants knew its secret. In a clearing near",0,False,human,ai,author_2,ai,True,1
2025-11-12 08:51:29.241000+00:00,to whoever came to it with an honest plea. The villagers had guarded this secret for generations and only used it,"in times of dire need. However, as the years passed, a young girl named Elara began to question the true extent of the tree’s power and the village’s role",conv_58c2f2e6-db2a-406d-9bc9-04aaf1b0c35a,PQ27Z9USX41W,3.0,4,human-ai,conv_58c2f2e6-db2a-406d-9bc9-04aaf1b0c35a,3.0,author_2,113.0,93.0,92.0,92.0,21.0,0.989247311827957,0.010752688172043012,0.0,1.0,0.0,11.0,False,,False,,to whoever came to it with an honest plea. The villagers had guarded this secret for generations and only used it,0,False,human,ai,author_2,ai,True,2
2025-11-12 08:52:26.337000+00:00,in keeping it a secret from the rest of the kingdom. The winter had been hard and food scarce; she had heard reports,"of other villages suffering just as much, if not more. Driven by a mix of curiosity and compassion, Elara decided to visit the old tree under the cover of night",conv_58c2f2e6-db2a-406d-9bc9-04aaf1b0c35a,PQ27Z9USX41W,4.0,4,human-ai,conv_58c2f2e6-db2a-406d-9bc9-04aaf1b0c35a,4.0,author_2,116.0,94.0,92.0,92.0,23.0,0.9787234042553191,0.02127659574468085,0.0,1.0,0.0,7.0,False,,False,,"in keeping it a secret from the rest of the kingdom. The winter had been hard and food scarce, she had heard reports",1,False,human,ai,author_2,ai,True,3
2025-11-12 08:53:19.790000+00:00,to make her plea for an early spring that would stock up the supplies of not only her village but of everyone,"in the kingdom. With a heart full of hope and a mind brimming with determination, she approached the ancient tree, its massive branches silhouetted against the moonlit",conv_58c2f2e6-db2a-406d-9bc9-04aaf1b0c35a,PQ27Z9USX41W,5.0,4,human-ai,conv_58c2f2e6-db2a-406d-9bc9-04aaf1b0c35a,5.0,author_2,109.0,88.0,88.0,88.0,22.0,1.0,0.0,0.0,1.0,0.0,8.0,False,,False,,to make her plea for an early spring that would stock up the supplies of not only her village but of everyone,0,False,human,ai,author_2,ai,True,4
2025-11-12 08:54:16.866000+00:00,"sky. She stroked the thick bark and felt the energy vibrating beneath her fingers. Closing her eyes, she leaned","in close and whispered her wish into the heart of the tree. The air around her seemed to hum with a renewed intensity, and a gentle breeze rustled through the leaves,",conv_58c2f2e6-db2a-406d-9bc9-04aaf1b0c35a,PQ27Z9USX41W,6.0,4,human-ai,conv_58c2f2e6-db2a-406d-9bc9-04aaf1b0c35a,6.0,author_2,110.0,92.0,89.0,89.0,19.0,0.967391304347826,0.03260869565217391,0.0,1.0,0.0,9.0,False,,False,,"sky. She stroked the thick bark and felt the energy vibrating beneath her fingers. Closing her eyes, she leant",2,False,human,ai,author_2,ai,True,5
2025-11-12 08:54:58.045000+00:00,"sending shivers down her spine. Then the forest was calm again, as if nothing had happened. After a last look at","the ancient tree, Elara made her way back to the village, her steps lighter despite the weight of the unknown. As dawn broke, the first rays of sunlight revealed a",conv_58c2f2e6-db2a-406d-9bc9-04aaf1b0c35a,PQ27Z9USX41W,7.0,4,human-ai,conv_58c2f2e6-db2a-406d-9bc9-04aaf1b0c35a,7.0,author_2,112.0,92.0,89.0,89.0,21.0,0.967391304347826,0.03260869565217391,0.0,1.0,0.0,8.0,False,,False,,"sending shivers down her spine. Then the forest was calm again, as if nothing had happened. After a last look at",0,False,human,ai,author_2,ai,True,6
2025-11-12 08:56:00.220000+00:00,"beautiful day. Elara tried to go about her chores as usual, suppressing the urge to run back to the clearing. She waited","anxiously for any sign that her wish had been heard. By midday, word spread through the village that the air was warmer and the sky clearer than it had been",conv_58c2f2e6-db2a-406d-9bc9-04aaf1b0c35a,PQ27Z9USX41W,8.0,4,human-ai,conv_58c2f2e6-db2a-406d-9bc9-04aaf1b0c35a,8.0,author_2,120.0,99.0,96.0,96.0,22.0,0.9696969696969697,0.030303030303030304,0.0,1.0,0.0,11.0,False,,False,,"beautiful day. Elara tried to go about her chores as usual, suppressing the urge to run back to the clearing. She waited",0,False,human,ai,author_2,ai,True,7
2025-11-12 08:56:40.395000+00:00,"for months. Elara's hope grew, but she didn't dare to tell the villagers about her wish, as only the elders were","supposed to approach the tree. As the days passed, the warmth continued to spread, and the fields began to show signs of early growth. The village, and indeed the",conv_58c2f2e6-db2a-406d-9bc9-04aaf1b0c35a,PQ27Z9USX41W,9.0,4,human-ai,conv_58c2f2e6-db2a-406d-9bc9-04aaf1b0c35a,9.0,author_2,112.0,92.0,87.0,87.0,23.0,0.9456521739130435,0.05434782608695652,0.0,0.9130434782608695,0.0,9.0,False,,False,,"for months. Elara's hope grew, but she didn't dare to tell the villagers about her wish, as only the elders were",0,False,human,ai,author_2,ai,True,8
2025-12-10 20:13:43.681000+00:00,"Silly Billy, the most goofy boy in the town of Philly located. The land of Chili had been ruled by Willy until this winter where the evil salesman Gohda had conspired against","the kind-hearted Willi, using his cunning tricks and deceitful smile to manipulate the townspeople into believing that Willi was no longer fit to rule. Gohda's dark magic",conv_5b956e03-a900-47aa-88a9-54cb6be40071,ZCS6G9J1WJSX,1.0,3,human-ai,conv_5b956e03-a900-47aa-88a9-54cb6be40071,1.0,author_1,174.0,143.0,141.0,141.0,32.0,0.986013986013986,0.013986013986013986,0.0,1.0,0.0,9.0,False,,False,,"Silly Billy, the most goofy boy in the town of Philly located. The land of Chili had been ruled by Willi until this winter where the evil salesman Gohda had conspired against",1,False,human,ai,author_1,human,True,
2025-12-10 20:18:02.140000+00:00,"consisted of ""The Script"", a permanent smirk (Gohda had an operation) and a coffee-heavy breath that could kill a regular-sized dog or a very irregular-sized","cat, which made the townspeople quiver with fear whenever Gohda spoke, his voice dripping with an otherworldly charm that seemed to weave a spell of obedience around",conv_5b956e03-a900-47aa-88a9-54cb6be40071,ZCS6G9J1WJSX,2.0,3,human-ai,conv_5b956e03-a900-47aa-88a9-54cb6be40071,2.0,author_1,157.0,132.0,125.0,125.0,28.0,0.946969696969697,0.05303030303030303,0.0,1.0,0.0,9.0,False,,False,,"consisted of ""The Script"", a permanent smirk (Gohda had an operation) and a coffee-heavy breath that could kill a regular sized dog or a very irregular-sized",1,False,human,ai,author_1,human,True,1
2025-12-10 20:21:19.566000+00:00,"... Gosh, just thinking about his last pitch in the Town of Philly! He convinced butcher Jimmy to sell a string of sausages for a penny. Fortunately, Silly Billy was so extremely silly","that he accidentally stumbled into the butcher shop, knocking over a display of freshly baked buns, causing a massive bread-ball to roll out into the street, distracting everyone, including",conv_5b956e03-a900-47aa-88a9-54cb6be40071,ZCS6G9J1WJSX,3.0,3,human-ai,conv_5b956e03-a900-47aa-88a9-54cb6be40071,3.0,author_1,182.0,151.0,144.0,144.0,31.0,0.9536423841059603,0.046357615894039736,0.0,1.0,0.0,11.0,False,,False,,"... Gosh, just thinking about his last pitch in the Town of Philly! He convinced butcher Jimmy to sell a string of sausages the penny. Fortunately, Silly Billy was so extremely silly",5,False,human,ai,author_1,human,True,2
2025-12-10 20:24:59.048000+00:00,"Godha, who in his rage shorted mortgages of residents in Philly before increasing all loan interest by a trillion percent, thus creating an economic crisis in","the once thriving town, where people like Mrs. Whiskers, the owner of the local cat café, and Mr. Jenkins, the town's oldest resident, found themselves",conv_5b956e03-a900-47aa-88a9-54cb6be40071,ZCS6G9J1WJSX,4.0,3,human-ai,conv_5b956e03-a900-47aa-88a9-54cb6be40071,4.0,author_1,159.0,135.0,133.0,133.0,25.0,0.9851851851851852,0.014814814814814815,0.0,1.0,0.0,11.0,False,,False,,"Godha, who in his rage shorted mortgages of residents in Philli before increasing all loan interest by a trillion percentages, thus creating economic crisis in",8,False,human,ai,author_1,human,True,3
2025-12-10 20:26:52.437000+00:00,"without homes within the week. Silly Billy on the other hand was so silly he could not be bothered with mortgages, shorts, interest, loans and that kind. Mrs. Whisker was funny","and decided to join forces with Silly Billy, using her quick wit and his carefree nature to devise a plan to outsmart Gohda and bring prosperity back to the",conv_5b956e03-a900-47aa-88a9-54cb6be40071,ZCS6G9J1WJSX,5.0,3,human-ai,conv_5b956e03-a900-47aa-88a9-54cb6be40071,5.0,author_1,176.0,146.0,140.0,140.0,31.0,0.958904109589041,0.0410958904109589,0.0,0.967741935483871,0.0,9.0,False,,False,,"without homes within the week. Silly Billy on the other hand was so silly he could not be botheres with mortgages, shorts, interest, loans and that kind. Mrs. Whisker was funny",1,False,human,ai,author_1,human,True,4
2025-12-10 20:30:32.331000+00:00,"Unfortunately, Mrs. Whisker fittingly had the figure of an irregular-sized cat and would perish to Gohda's coffee breath stench. Silly Billy alone would have to claim the throne of","Chili, a task that seemed daunting even for someone as silly as Billy, but he was determined to save his town and its people from Gohda's evil grasp,",conv_5b956e03-a900-47aa-88a9-54cb6be40071,ZCS6G9J1WJSX,6.0,3,human-ai,conv_5b956e03-a900-47aa-88a9-54cb6be40071,6.0,author_1,180.0,152.0,147.0,147.0,31.0,0.9671052631578947,0.03289473684210526,0.0,0.9354838709677419,0.0,13.0,False,,False,,"Unfortunately, Mrs. Whisker fittingly had the figure of an irregular-sized cat and would perish to Gohda's coffee breath stench. Silly Billy alone would have to claim the throne of",0,False,human,ai,author_1,human,True,5
2025-12-10 20:32:16.999000+00:00,"So Silly Billy simply said to the people of Philly, that he could rule Chili better than Gohda. The said Jimmy, that Silly Billy was being silly thinking a Philly could rule Chili.","But Silly Billy, not one to be deterred, pointed out that he was indeed a native of Philli, and that his silly nature could bring a fresh and much",conv_5b956e03-a900-47aa-88a9-54cb6be40071,ZCS6G9J1WJSX,7.0,3,human-ai,conv_5b956e03-a900-47aa-88a9-54cb6be40071,7.0,author_1,182.0,150.0,146.0,146.0,33.0,0.9733333333333334,0.02666666666666667,0.0,1.0,0.0,8.0,False,,False,,"So Silly Billy simply said to the people of Philli, that he could rule Chilli better that Gohda. The said Jimmy, that Silly Billy was being silly thinking a Philli could rule Chilli.",5,False,human,ai,author_1,human,True,6
2025-12-10 20:34:23.626000+00:00,"more geese-raids to the land. Oh well, it was at this time the author regretted the name of Godha. Nothing rhymes with it. But perhaps that is why he was","able to cast a spell of gloom over the land, a darkness that seemed to seep into the very marrow of the people's bones, and Silly Billy's silly",conv_5b956e03-a900-47aa-88a9-54cb6be40071,ZCS6G9J1WJSX,8.0,3,human-ai,conv_5b956e03-a900-47aa-88a9-54cb6be40071,8.0,author_1,153.0,124.0,119.0,119.0,31.0,0.9596774193548387,0.04032258064516129,0.0,1.0,0.0,9.0,False,,False,,"more geese-raids to the land. Oh well, it was at this time the author regretted the name of Godha. Nothing rhymes with it. But perhaps that is why he was",0,False,human,ai,author_1,human,True,7
2025-12-10 20:36:35.444000+00:00,"wit chamed Jimmy to rally the people of Philli to storm the gates of Willi, capital of Chilli. At the gates stood Godha reading aloud ""The","Script"" in a voice that sent shivers down the spines of even the bravest warriors, but Silly Billy, undaunted, charged forward, his silly antics",conv_5b956e03-a900-47aa-88a9-54cb6be40071,ZCS6G9J1WJSX,9.0,3,human-ai,conv_5b956e03-a900-47aa-88a9-54cb6be40071,9.0,author_1,138.0,113.0,110.0,110.0,26.0,0.9734513274336283,0.02654867256637168,0.0,1.0,0.0,7.0,False,,False,,"wit chamed Jimmy to rally the people of Philli to storm the gates of Willi, capital of Chilli. At the gates stood Godha reading aloud ""The",0,False,human,ai,author_1,human,True,8
2025-11-26 09:34:29.544000+00:00,a young man who lived in a forest. It was a great forest with lots of different trees and plants. It was early spring and the birds,"were returning from their winter migration, filling the canopy with song. The young man's name was Theo, and he had built his cabin near a clear stream that woun",conv_5e234f25-eb78-4ec3-8113-c66645149ddc,LS254PP1TGCS,1.0,2,human-ai,conv_5e234f25-eb78-4ec3-8113-c66645149ddc,1.0,author_1,131.0,105.0,103.0,103.0,27.0,0.9809523809523809,0.01904761904761905,0.0,1.0,0.0,9.0,False,,False,,a young man who lived in a forest. It was a great forest with lots of different trees and plants. It was early spring and the birds,0,False,human,ai,author_1,human,True,
2025-11-26 09:37:57.637000+00:00,ded throughout the grand forest. The cabin was built from wood which Theo had cut with his own hands. It had taken many years but Theo had all the time in,"the world. He had no family waiting for him elsewhere, no job calling him back to civilization. The forest was his home, his teacher, his companion.

Each morning",conv_5e234f25-eb78-4ec3-8113-c66645149ddc,LS254PP1TGCS,2.0,2,human-ai,conv_5e234f25-eb78-4ec3-8113-c66645149ddc,2.0,author_1,154.0,124.0,122.0,122.0,31.0,0.9838709677419355,0.016129032258064516,0.0,1.0,0.0,10.0,False,,False,,ded throughout the grand forest. The cabin was built from wood which Theo had cut with his own hands. It had taken many years but Theo had all the time in,0,False,human,ai,author_1,human,True,1
2025-11-26 09:39:13.812000+00:00,"he would spend his day by searching for berries, checking the traps he had set the day before and gathering water from the stream. The day slowly moved on","and the afternoon sun climbed higher, warming the forest floor. Theo settled on a flat rock by the stream, watching minnows dart between the stones. He ha",conv_5e234f25-eb78-4ec3-8113-c66645149ddc,LS254PP1TGCS,3.0,2,human-ai,conv_5e234f25-eb78-4ec3-8113-c66645149ddc,3.0,author_1,148.0,121.0,119.0,119.0,28.0,0.9834710743801653,0.01652892561983471,0.0,1.0,0.0,9.0,False,,False,,"he would his day by searching for berries, checking the traps he had set the day before and gathering water from the stream. The day slowly moved on",6,False,human,ai,author_1,human,True,2
2025-11-26 09:41:40.045000+00:00,d a feeling that he was being watched. Someone or something was watching him but he wasn't sure where they were or for how long they had kept an eye.,"on him. The birds had gone suddenly quiet, which never meant anything good. Theo remained still, his breathing slow and steady, letting his peripheral vision scan the treeline",conv_5e234f25-eb78-4ec3-8113-c66645149ddc,LS254PP1TGCS,4.0,2,human-ai,conv_5e234f25-eb78-4ec3-8113-c66645149ddc,4.0,author_1,148.0,119.0,117.0,117.0,31.0,0.9831932773109243,0.01680672268907563,0.0,0.9354838709677419,0.0,9.0,False,,False,,d a feeling that he was being watched. Someone or something was watching him but he wasn't sure where they were or for how long they had kept an eye,1,False,human,ai,author_1,human,True,3
2025-11-26 09:43:26.152000+00:00,". He didn't want the perpetrator to know that he knew he was being watched so he acted as if everything was normal, but meanwhile he",slowly reached for the knife he always kept at his belt. His fingers brushed the worn leather handle as he pretended to stretch. Then he saw it—a flash of,conv_5e234f25-eb78-4ec3-8113-c66645149ddc,LS254PP1TGCS,5.0,2,human-ai,conv_5e234f25-eb78-4ec3-8113-c66645149ddc,5.0,author_1,134.0,109.0,105.0,105.0,27.0,0.963302752293578,0.03669724770642202,0.0,0.9259259259259259,0.0,12.0,False,,False,,". He didn't wan't the perputraiter to know that he knew he was being watched so he acted as if everything was normal, but meanwhile he",4,False,human,ai,author_1,human,True,4
2025-11-26 09:45:39.461000+00:00,"movement in the bush next to him. Theo, without fear, quickly jumped in the bush trying to grab whatever was lying in there. He felt","fur—soft and warm—and heard a small yelp of surprise. He pulled back the branches carefully, and there, trembling beneath his hand, was a young",conv_5e234f25-eb78-4ec3-8113-c66645149ddc,LS254PP1TGCS,6.0,2,human-ai,conv_5e234f25-eb78-4ec3-8113-c66645149ddc,6.0,author_1,132.0,108.0,104.0,104.0,25.0,0.9629629629629629,0.037037037037037035,0.0,1.0,0.0,8.0,False,,False,,"movement in the bush next to him. Theo, without fear, quickly jumped in the bush trying to grab whatever was lying in there. He felt",0,False,human,ai,author_1,human,True,5
2025-11-26 09:47:06.793000+00:00,boy. No more than six or seven years old. The boy had blond hair and worn-out clothes. His face was dirty and his hands,"were scratched from thorns. He stared up at Theo with wide, terrified eyes, but didn't cry out or try to run.

""It's",conv_5e234f25-eb78-4ec3-8113-c66645149ddc,LS254PP1TGCS,7.0,2,human-ai,conv_5e234f25-eb78-4ec3-8113-c66645149ddc,7.0,author_1,119.0,95.0,92.0,92.0,25.0,0.968421052631579,0.031578947368421054,0.0,1.0,0.0,7.0,False,,False,,boy. No more than six or seven years old. The boy had blond hair and worn out clothes. His face was dirty and his hands,1,False,human,ai,author_1,human,True,6
2025-11-26 09:48:31.989000+00:00,"true. They are coming for you. You have to get out. Soon."" The boy with the fur coat quickly ran and Theo had no way of keeping up with him. The boy knew his way around.","the forest better than Theo had imagined possible. Within seconds, he'd vanished between the trees like smoke.

Theo stood frozen, his heart pounding.",conv_5e234f25-eb78-4ec3-8113-c66645149ddc,LS254PP1TGCS,8.0,2,human-ai,conv_5e234f25-eb78-4ec3-8113-c66645149ddc,8.0,author_1,168.0,133.0,127.0,127.0,36.0,0.9548872180451128,0.045112781954887216,0.0,1.0,0.0,7.0,False,,False,,"true. They are coming for you. You have to get out. Soon"". The boy with the fur coat quickly ran and Theo had no way of keeping up with him. The boy knew his was around",4,False,human,ai,author_1,human,True,7
2025-11-26 09:49:31.021000+00:00,"Who were they? Why would they come for him? Since his disappearance in the forest he hadn't given the outside world any thought at all, but all of the sudden it all","came rushing back—memories he'd buried beneath years of solitude. The reason he'd fled to the forest in the first place. The people he'd angered, the",conv_5e234f25-eb78-4ec3-8113-c66645149ddc,LS254PP1TGCS,9.0,2,human-ai,conv_5e234f25-eb78-4ec3-8113-c66645149ddc,9.0,author_1,165.0,134.0,130.0,130.0,33.0,0.9701492537313433,0.029850746268656716,0.0,0.9696969696969697,0.0,13.0,False,,False,,"Who were they? Why would they come for him? Since his disappearance in the forest he hadn't given the outside world any thought at all, but all of the sudden it alle",1,False,human,ai,author_1,human,True,8
2025-12-10 13:40:12.489000+00:00,"two princesses living far, far away behind seven seas and seven mountains in their beautiful kingdom. They live in a kingdom of fun and whimsy and","magic, where flowers bloom in every color of the rainbow and animals talk and laugh with the princesses. The elder princess, Sophia, had hair as golden as the sun and",conv_5f17f002-84ad-4315-8c69-20ec83de1223,XMPVNW4HGJL9,1.0,3,human-ai,conv_5f17f002-84ad-4315-8c69-20ec83de1223,1.0,author_1,145.0,120.0,119.0,119.0,26.0,0.9916666666666667,0.008333333333333333,0.0,1.0,0.0,10.0,False,,False,,two princesses living far far away behind seven seas and seven mountains in their beautiful kingdom. They live in a kingdom of fun and whimsy and,1,False,human,ai,author_1,human,True,
2025-12-10 13:41:54.755000+00:00,"eyes as blue as the seven seas. The younger princess, Lauren, was the opposite, with thick dark brown hair.","and eyes that sparkled like the stars on a clear night, but shared the same bright blue hue as her sister's, a trait that was said to be a mark of",conv_5f17f002-84ad-4315-8c69-20ec83de1223,XMPVNW4HGJL9,2.0,3,human-ai,conv_5f17f002-84ad-4315-8c69-20ec83de1223,2.0,author_1,106.0,88.0,84.0,84.0,19.0,0.9545454545454546,0.045454545454545456,0.0,1.0,0.0,8.0,False,,False,,"eyes as blue as the seven seas. The younger princess, Lauren, was the opposite, with thick dark brown hair",1,False,human,ai,author_1,human,True,1
2025-12-10 13:42:57.373000+00:00,their unity and to represent the light and hope that was so inherent to the kingdom's community. People admired the two princesses and held,"them in high esteem, not just for their royal lineage, but for their kind hearts and gentle spirits, which had earned them the love and respect of all the kingdom's inhabitants",conv_5f17f002-84ad-4315-8c69-20ec83de1223,XMPVNW4HGJL9,3.0,3,human-ai,conv_5f17f002-84ad-4315-8c69-20ec83de1223,3.0,author_1,139.0,116.0,114.0,114.0,25.0,0.9827586206896551,0.017241379310344827,0.0,0.96,0.0,10.0,False,,False,,their unity and to represent the light and hope that was so inherent to the kingdom's community. People admired the two princesses and held,0,False,human,ai,author_1,human,True,2
2025-12-10 13:44:20.313000+00:00,"The two princesses, despite their royal origin, felt very one with the villagers. They spent their time walking around town, buying bread from local kiosks, and reading books.","in the town's quaint little library, where the librarian, an old wise woman named Mrs. Jenkins, would often set aside special volumes for them, filled with tales of ancient",conv_5f17f002-84ad-4315-8c69-20ec83de1223,XMPVNW4HGJL9,4.0,3,human-ai,conv_5f17f002-84ad-4315-8c69-20ec83de1223,4.0,author_1,174.0,147.0,142.0,142.0,28.0,0.9659863945578231,0.034013605442176874,0.0,1.0,0.0,10.0,False,,False,,"The two princesses, despite their royal origin, felt very one with the villagers. They spent their time walking around town, buying bread from local kiosks, and reading books",1,False,human,ai,author_1,human,True,3
2025-12-10 13:45:15.822000+00:00,"Mrs. Jenkins was an important member of the royal family. Although not related by blood, the king and queen had been very close with her for","many years, and she had been a constant presence in the lives of the two princesses, serving as a mentor, a confidante, and a guardian of sorts,",conv_5f17f002-84ad-4315-8c69-20ec83de1223,XMPVNW4HGJL9,5.0,3,human-ai,conv_5f17f002-84ad-4315-8c69-20ec83de1223,5.0,author_1,140.0,115.0,112.0,112.0,26.0,0.9739130434782609,0.02608695652173913,0.0,0.9615384615384616,0.0,9.0,False,,False,,"Mrs. Jenkins was an important member of the royal family. Although not related by blood, the king and queen had been very close with her for",0,False,human,ai,author_1,human,True,4
2025-12-10 13:47:37.268000+00:00,"from their early childhood. The princesses used to run up to Mrs. Jenkins, Tina as everyone called her, and listen to her","stories of far-off lands, mythical creatures, and magical realms, which she would recount with a twinkle in her eye and a warm smile, transporting the young girls to worlds",conv_5f17f002-84ad-4315-8c69-20ec83de1223,XMPVNW4HGJL9,6.0,3,human-ai,conv_5f17f002-84ad-4315-8c69-20ec83de1223,6.0,author_1,121.0,100.0,96.0,96.0,22.0,0.96,0.04,0.0,0.9545454545454546,0.0,10.0,False,,False,,"from their early childhood. The princesses used to run up to Mrs. Jenkins, Tina as everyone called her, and listen to her",0,False,human,ai,author_1,human,True,5
2025-12-10 13:49:59.983000+00:00,"One day, when the family expected Tina to come over, the cook even having baked fresh buns for lunch, no knock was heard on the door, not a sound of steps on the","path leading up to the castle, and a sense of unease began to settle over the kingdom, as if the very absence of Tina's gentle presence had disturbed the balance of",conv_5f17f002-84ad-4315-8c69-20ec83de1223,XMPVNW4HGJL9,7.0,3,human-ai,conv_5f17f002-84ad-4315-8c69-20ec83de1223,7.0,author_1,161.0,129.0,125.0,125.0,33.0,0.9689922480620154,0.031007751937984496,0.0,1.0,0.0,8.0,False,,False,,"One day, when the family expected Tina to come over, the cook even having baked fresh buns for lunch, no knock was heard on the door, not a sound of steps on the",0,False,human,ai,author_1,human,True,6
2025-12-10 13:51:57.831000+00:00,"the unity. Everything went quiet – birds weren't singing, wind wasn't blowing, dark clouds appeared out of nowhere. The family sat in a room quietly, not a word or whisper.","was spoken, as if they were all holding their breath, waiting for some sign or signal that would explain Tina's mysterious absence, and it was then that Sophia, the elder",conv_5f17f002-84ad-4315-8c69-20ec83de1223,XMPVNW4HGJL9,8.0,3,human-ai,conv_5f17f002-84ad-4315-8c69-20ec83de1223,8.0,author_1,171.0,142.0,134.0,134.0,31.0,0.9436619718309859,0.056338028169014086,0.0,0.9354838709677419,0.0,10.0,False,,False,,"the unity. Everything went quiet – birds weren't singing, wind wasn't blowing, dark clouds appeared out of nowhere. The family sat in a room quietly, not a word or whisper",1,False,human,ai,author_1,human,True,7
2025-12-10 13:53:35.210000+00:00,"daughter started mumbling. Everyone was confused, no one could understand her. Suddenly, her eyes opened wide, her pupils disappeared and only the white was to be seen.","and she spoke in a voice that was not her own, a low, eerie tone that sent shivers down the spines of all who heard it, saying only two words",conv_5f17f002-84ad-4315-8c69-20ec83de1223,XMPVNW4HGJL9,9.0,3,human-ai,conv_5f17f002-84ad-4315-8c69-20ec83de1223,9.0,author_1,167.0,141.0,136.0,136.0,27.0,0.9645390070921985,0.03546099290780142,0.0,1.0,0.0,11.0,False,,False,,"daughter started mumbling. Everyone was confused, no one could understand her. Suddenly, her eyes opened wide, her pupils disappeared and only the white was to be seen",1,False,human,ai,author_1,human,True,8
2025-11-17 14:25:36.272000+00:00,,"a lighthouse keeper who stopped believing in the sea.

Her name was Maren, and she had tended the beacon at Crow's Point",conv_61dd4f08-b460-4c98-8368-fb09762cbe5e,APZLLLSGSH9W,1.0,2,human-ai,conv_61dd4f08-b460-4c98-8368-fb09762cbe5e,1.0,author_2,0.0,0.0,0.0,0.0,0.0,0.0,0.0,0.0,0.0,0.0,0.0,False,protocol_empty,False,,,0,False,human,ai,author_2,ai,False,
2025-11-17 14:27:24.479000+00:00,"Hun mente, at havet ikke havde noget godt at bringe med sig, eftersom hun havde mistet hele sin familie.","for twenty years now. She believed the sea brought nothing good, having lost her entire family to its depths—her father and two brothers taken by a storm when she was just",conv_61dd4f08-b460-4c98-8368-fb09762cbe5e,APZLLLSGSH9W,2.0,2,human-ai,conv_61dd4f08-b460-4c98-8368-fb09762cbe5e,2.0,author_2,104.0,85.0,85.0,85.0,20.0,1.0,0.0,0.0,1.0,0.0,8.0,False,,False,,Hun mente at havet ikke havde noget godt at bringe med sig eftersom at hun havde mistet hele sin familie,6,False,human,ai,author_2,ai,True,1
2025-11-17 14:29:39.640000+00:00,"10 år gammel. Hendes mor havde været så ulykkelig, at hun havde kastet sig ud fra en klippe og ned i havet. Dette havde efterladt","Maren alone in the world, raised by an uncle who drank too much and spoke too little. The lighthouse became her inheritance and her prison—a place where she",conv_61dd4f08-b460-4c98-8368-fb09762cbe5e,APZLLLSGSH9W,3.0,2,human-ai,conv_61dd4f08-b460-4c98-8368-fb09762cbe5e,3.0,author_2,126.0,103.0,99.0,99.0,23.0,0.9611650485436893,0.019417475728155338,0.0,1.0,0.0,9.0,False,,False,,10 år gammel. hendes mor havde været så ulykkelig at hun havde kastet sig ud fra en klippe og ned havet. Dette havde efterladt,4,False,human,ai,author_2,ai,True,2
2025-11-17 14:31:20.617000+00:00,"kunne kigge lige ud på det hav, der havde frataget hende hele hendes familie og fanget hende i denne triste tilværelse. Hendes største drøm var at","leave it all behind, to move inland where she would never smell salt air again, never hear the relentless crash of waves. But the lighthouse demanded a keeper, an",conv_61dd4f08-b460-4c98-8368-fb09762cbe5e,APZLLLSGSH9W,4.0,2,human-ai,conv_61dd4f08-b460-4c98-8368-fb09762cbe5e,4.0,author_2,145.0,120.0,119.0,119.0,26.0,0.9916666666666667,0.008333333333333333,0.0,1.0,0.0,10.0,False,,False,,kunne kigge lige ud på det hav der havde frataget hende hele hendes familie og fanget hende i denne triste tilværelse. hendes største drøm var at,2,False,human,ai,author_2,ai,True,3
2025-11-17 14:32:50.178000+00:00,"hun kunne ikke have det på hendes samvittighed, hvis hun efterlod fyrtårnet, og der så ville være nogle, der døde på havet, fordi hun ikke","havde passet sin pligt. So night after night, she climbed the spiral stairs and lit the lamp, guiding ships safely past the rocks—saving the lives of",conv_61dd4f08-b460-4c98-8368-fb09762cbe5e,APZLLLSGSH9W,5.0,2,human-ai,conv_61dd4f08-b460-4c98-8368-fb09762cbe5e,5.0,author_2,135.0,110.0,110.0,110.0,26.0,1.0,0.0,0.0,1.0,0.0,12.0,False,,False,,hun kunne ikke have det på hendes samvittighed hvis hun efter lod fyrtårnet og der så ville være nogle der døde på havet fordi hun ikke,5,False,human,ai,author_2,ai,True,4
2025-11-17 14:34:37.097000+00:00,"en masse mennesker. Det trøstede hende at tænke på, at dem som hun har reddet har kunnet tage hjem til deres familier, sådan at andre ikke skulle opleve","det samme som hun havde. Det var den eneste mening hun kunne finde i hendes ensomme tilværelse.

En stormfuld aften",conv_61dd4f08-b460-4c98-8368-fb09762cbe5e,APZLLLSGSH9W,6.0,2,human-ai,conv_61dd4f08-b460-4c98-8368-fb09762cbe5e,6.0,author_2,149.0,122.0,121.0,121.0,28.0,0.9918032786885246,0.00819672131147541,0.0,1.0,0.0,9.0,False,,False,,en masse mennesker. Det trøstede hende at tænke på at dem som hun har reddet har kunne tage hjem til deres familier sådan at andre ikke skulle opleve,3,False,human,ai,author_2,ai,True,5
2025-11-17 14:36:12.482000+00:00,"Gik det dog galt, Maren var faldet i søvn på sin vagt, og lyset var gået ud. Som en konsekvens af dette var et skib gået under.","og nu lå vragresterne spredt langs kysten. Maren vågnede til lyden af bølger, der skyllede træplanker",conv_61dd4f08-b460-4c98-8368-fb09762cbe5e,APZLLLSGSH9W,7.0,2,human-ai,conv_61dd4f08-b460-4c98-8368-fb09762cbe5e,7.0,author_2,124.0,98.0,97.0,97.0,27.0,0.9897959183673469,0.01020408163265306,0.0,1.0,0.0,10.0,False,,False,,Gik det dog galt Maren var faldet i søvn på sin vagt og lyset var gået ud. som en konsekvens af dette var et skib gået under,4,False,human,ai,author_2,ai,True,6
2025-11-17 14:37:29.730000+00:00,"ind på stranden. Hun var helt knust over det som var sket, og hun havde en enorm trang til at kaste sig selv over en klippe og i","havet, ligesom hendes mor havde gjort. Men da hun stod der på kanten af klippen, hørte hun en svag stem",conv_61dd4f08-b460-4c98-8368-fb09762cbe5e,APZLLLSGSH9W,8.0,2,human-ai,conv_61dd4f08-b460-4c98-8368-fb09762cbe5e,8.0,author_2,127.0,100.0,99.0,99.0,28.0,0.99,0.01,0.0,1.0,0.0,8.0,False,,False,,ind på stranden. Hun var helt knyst over det som var sket og hun havde en enorm trang til at kaste sig selv over en klippe og i,2,False,human,ai,author_2,ai,True,7
2025-11-18 07:22:17.515000+00:00,"der fortalte hende, at der var en mening med hendes liv, og at alt nok skulle blive godt igen. Hun skulle nok","komme igennem dette. Stemmen kom fra en overlevende fra vraget—en ung kvinde, klampet fast til en træplanke",conv_61dd4f08-b460-4c98-8368-fb09762cbe5e,APZLLLSGSH9W,9.0,2,human-ai,conv_61dd4f08-b460-4c98-8368-fb09762cbe5e,9.0,author_2,107.0,86.0,85.0,85.0,22.0,0.9883720930232558,0.011627906976744186,0.0,1.0,0.0,8.0,False,,False,,der fortalte hende at der var en mening med hendes liv og at alt nok skulle blive godt igen. Hun skulle nok,2,False,human,ai,author_2,ai,True,8
2025-11-10 20:55:38.049000+00:00,She could almost smell the burnt hair when she thought of that Christmas Eve. The panicked room and the atmosphere that had shifted with,the sudden,conv_62a271e6-a272-4e74-9d10-2dc0c15c530f,2M5L4UURHQCF,1.0,2,human-ai,conv_62a271e6-a272-4e74-9d10-2dc0c15c530f,1.0,author_1,137.0,114.0,112.0,112.0,24.0,0.9824561403508771,0.017543859649122806,0.0,1.0,0.0,10.0,False,,False,,"She could almost smell the burnt hair, when she thought of that Christmas Eve. The panicked room and the atmosphere that had shifted with",1,False,human,ai,author_1,human,True,
2025-11-10 20:57:26.831000+00:00,"movement of the blonde curls in the lit up candles on the window shelf. She remembered the eyes of her mother at the other end of the room,","widening in slow motion, the cocktail glass slipping from her fingers. The crystal shattered against the hardwood floor, gin and ice scattering like broken stars",conv_62a271e6-a272-4e74-9d10-2dc0c15c530f,2M5L4UURHQCF,2.0,2,human-ai,conv_62a271e6-a272-4e74-9d10-2dc0c15c530f,2.0,author_1,138.0,111.0,109.0,109.0,28.0,0.9819819819819819,0.018018018018018018,0.0,1.0,0.0,10.0,False,,False,,"movement of the blond curls in the lit up candles on the window shelf. She remembered the eyes of her mother at the other end of the room,",1,False,human,ai,author_1,human,True,1
2025-11-10 20:59:54.104000+00:00,"in the dark floor. Everyone looked at mother and spilled drink on the floor, before her insistent eyes finally led the rest of the group to","the window, where flames were already licking up the velvet curtains. Her sister Emma stood frozen, blonde hair smoking at the tips, too shocked to scream.",conv_62a271e6-a272-4e74-9d10-2dc0c15c530f,2M5L4UURHQCF,3.0,2,human-ai,conv_62a271e6-a272-4e74-9d10-2dc0c15c530f,3.0,author_1,139.0,114.0,112.0,112.0,26.0,0.9824561403508771,0.017543859649122806,0.0,1.0,0.0,9.0,False,,False,,"in the dark floor. Everyone looked at mother and spilled drink on the floor, before her insistent eyes finally led the rest of the group to",0,False,human,ai,author_1,human,True,2
2025-11-10 21:03:16.929000+00:00,"Time stood still until it suddenly didn't. From one moment to the other, things happened quickly. Punches were thrown through the room, and even","Uncle Thomas had yanked the tablecloth, sending the entire Christmas ham sliding across the floor as he grabbed the crystal bowl. The red liquid arced through the air,",conv_62a271e6-a272-4e74-9d10-2dc0c15c530f,2M5L4UURHQCF,4.0,2,human-ai,conv_62a271e6-a272-4e74-9d10-2dc0c15c530f,4.0,author_1,140.0,117.0,113.0,113.0,25.0,0.9658119658119658,0.03418803418803419,0.0,0.96,0.0,8.0,False,,False,,"Time stood still until it suddenly didn't. From one moment to the other things happened quickly. Punch was thrown through the room, and even",6,False,human,ai,author_1,human,True,3
2025-11-10 21:05:14.545000+00:00,"only partly hitting the flames, while the rest landed on the floor around the scene making the floor slippery","and treacherous. Her father lunged forward, nearly losing his footing in the sticky mess, his hands reaching for Emma who had finally begun to move, stumbling",conv_62a271e6-a272-4e74-9d10-2dc0c15c530f,2M5L4UURHQCF,5.0,2,human-ai,conv_62a271e6-a272-4e74-9d10-2dc0c15c530f,5.0,author_1,109.0,91.0,90.0,90.0,19.0,0.989010989010989,0.01098901098901099,0.0,1.0,0.0,8.0,False,,False,,"only partly hitting the flames, while the rest landed on the floor around the scene making the floor slippery",0,False,human,ai,author_1,human,True,4
2025-11-10 21:08:13.695000+00:00,away from the flames with one arm reaching for her sister without luck. Aunt Nancy finally managed to get her attention and escorted her in.,"the opposite direction, toward the kitchen where the fire extinguisher hung on the wall. She could hear Aunt Nancy's steady voice cutting through the chaos—""It's",conv_62a271e6-a272-4e74-9d10-2dc0c15c530f,2M5L4UURHQCF,6.0,2,human-ai,conv_62a271e6-a272-4e74-9d10-2dc0c15c530f,6.0,author_1,139.0,115.0,114.0,114.0,25.0,0.991304347826087,0.008695652173913044,0.0,1.0,0.0,9.0,False,,False,,away from the flames with one arm reaching for her sister without luck. Aunt Nancy finally managed to get her attention and escorted her in,1,False,human,ai,author_1,human,True,5
2025-11-10 21:12:59.900000+00:00,"always like this! Always a mess with this family!"". Her eyes were cold and glaring. ""Had we just stayed in Bournemouth, we wouldn't have","to deal with your dramatics every holiday!"" Emma wrenched free from Nancy's grip, her singed hair falling across her tear-streaked face. Behind them,",conv_62a271e6-a272-4e74-9d10-2dc0c15c530f,2M5L4UURHQCF,7.0,2,human-ai,conv_62a271e6-a272-4e74-9d10-2dc0c15c530f,7.0,author_1,136.0,113.0,105.0,105.0,25.0,0.9292035398230089,0.07079646017699115,0.0,0.96,0.0,11.0,False,,False,,"always like this! Always a mess with this family!"". Her eyes were cold and glaring. ""Had we just stayed in Bournemouth, we wouldn't have",0,False,human,ai,author_1,human,True,6
2025-11-10 21:17:47.347000+00:00,Uncle Thomas showed up filling the whole door opening with his enormous stature. He stared at the two women with a bewildered look and,"held the fire extinguisher limply at his side, foam still dripping from its nozzle. ""The fire's out,"" he said quietly, but nobody move",conv_62a271e6-a272-4e74-9d10-2dc0c15c530f,2M5L4UURHQCF,8.0,2,human-ai,conv_62a271e6-a272-4e74-9d10-2dc0c15c530f,8.0,author_1,134.0,111.0,110.0,110.0,24.0,0.990990990990991,0.009009009009009009,0.0,1.0,0.0,10.0,False,,False,,Uncle Thomas showed up filling the whole door opening with his enormous stature. He stared at the two women with a bewildered look and,0,False,human,ai,author_1,human,True,7
2025-11-10 21:22:21.783000+00:00,"The three of them waited patiently for the next move, before Emma gave up and passed Uncle Thomas to get back to her sister in the now smoking.","living room. The acrid smell of burnt fabric and melted wax hung heavy in the air. Through the haze, she could see her sister kneeling beside",conv_62a271e6-a272-4e74-9d10-2dc0c15c530f,2M5L4UURHQCF,9.0,2,human-ai,conv_62a271e6-a272-4e74-9d10-2dc0c15c530f,9.0,author_1,142.0,115.0,114.0,114.0,28.0,0.991304347826087,0.008695652173913044,0.0,1.0,0.0,9.0,False,,False,,"The three of them waited patiently for the next move, before Emma gave up and passed Uncle Thomas to get back to her sister in the now smoking",1,False,human,ai,author_1,human,True,8
2025-11-17 17:43:37.695000+00:00,,"Eliana, a young woman with a heart as vast as the ocean and dreams that stretched beyond the horizon. She lived in a small coastal village where the air was always",conv_634a773b-4e50-4e24-87f3-a5fbebcc6d74,WJQ1RGFQUV9F,1.0,4,human-ai,conv_634a773b-4e50-4e24-87f3-a5fbebcc6d74,1.0,author_2,0.0,0.0,0.0,0.0,0.0,0.0,0.0,0.0,0.0,0.0,0.0,False,protocol_empty,False,,,0,False,human,ai,author_2,ai,False,
2025-11-17 17:47:55.908000+00:00,"thick of love and full of kindness. Everywhere she walked, flowers followed her like a trail, until one day when the flowers suddenly","stopped blooming. The once vibrant path was now barren, and Eliana felt a deep unease. She knew something was amiss, and her heart urged her to uncover",conv_634a773b-4e50-4e24-87f3-a5fbebcc6d74,WJQ1RGFQUV9F,2.0,4,human-ai,conv_634a773b-4e50-4e24-87f3-a5fbebcc6d74,2.0,author_2,133.0,111.0,109.0,109.0,23.0,0.9819819819819819,0.018018018018018018,0.0,1.0,0.0,10.0,False,,False,,"thick of love and full of kindness. Everywhere she walked flowers followed her like a trail, until one day where the flowers suddenly",3,False,human,ai,author_2,ai,True,1
2025-11-17 17:49:58.519000+00:00,"what. In her seeking for answers she decided to meet with the famous witch Penelope, who lived alone at the foot of the mountain along with her fire","breathing dragon, Ember. The journey was long and perilous, but Eliana’s resolve only grew stronger with each step. As she approached the mountain, the air grew",conv_634a773b-4e50-4e24-87f3-a5fbebcc6d74,WJQ1RGFQUV9F,3.0,4,human-ai,conv_634a773b-4e50-4e24-87f3-a5fbebcc6d74,3.0,author_2,152.0,125.0,123.0,123.0,28.0,0.984,0.016,0.0,1.0,0.0,9.0,False,,False,,"what. In her seeking for answers she decided to meet with the famous witch Penelope, who lived alone at the foot of the mountain alongside with her fire",4,False,human,ai,author_2,ai,True,2
2025-11-17 17:51:57.411000+00:00,"thinner and colder, until she finally reached a small hut. However, nobody was home. She tried to knock on the door and bang on the windows, but after a while, she","decided to wait. Hours passed, and just as the sun began to set, casting long shadows across the landscape, the door creaked open. A wizened",conv_634a773b-4e50-4e24-87f3-a5fbebcc6d74,WJQ1RGFQUV9F,4.0,4,human-ai,conv_634a773b-4e50-4e24-87f3-a5fbebcc6d74,4.0,author_2,163.0,133.0,127.0,127.0,31.0,0.9548872180451128,0.045112781954887216,0.0,1.0,0.0,7.0,False,,False,,"thinner and colder, until she finally reached a small hut. However, nobody was home. She tried to knock on the door and bang on the windows, but after a while, she",0,False,human,ai,author_2,ai,True,3
2025-11-17 17:53:27.460000+00:00,"old woman opened the door and greeted her. Scared but determined, she asked if she could come inside, and after a brief moment of thinking, she was let in.","in. The inside of the hut was dimly lit by a flickering fireplace, and the air was thick with the scent of herbs and incense. Penelope gestured",conv_634a773b-4e50-4e24-87f3-a5fbebcc6d74,WJQ1RGFQUV9F,5.0,4,human-ai,conv_634a773b-4e50-4e24-87f3-a5fbebcc6d74,5.0,author_2,151.0,124.0,120.0,120.0,28.0,0.967741935483871,0.03225806451612903,0.0,1.0,0.0,10.0,False,,False,,"old woman opened the door and greeted her. Scared but determined, she asked if she could come inside, and after a brief moment of thinking, she was let",4,False,human,ai,author_2,ai,True,4
2025-11-17 17:54:37.801000+00:00,"for her to have a seat, and unsure of where to sit she chose what looked like some kind of chair. To her surprise, however, the chair suddenly started to move.","and came to life, gently guiding her to a more comfortable spot by the fire. Eliana’s eyes widened in astonishment, but she couldn’t help but laugh at the",conv_634a773b-4e50-4e24-87f3-a5fbebcc6d74,WJQ1RGFQUV9F,6.0,4,human-ai,conv_634a773b-4e50-4e24-87f3-a5fbebcc6d74,6.0,author_2,157.0,127.0,124.0,124.0,31.0,0.9763779527559056,0.023622047244094488,0.0,1.0,0.0,8.0,False,,False,,"for her to have a seat, and unsure of where to sit she chose what looked like some kind of chair. To her surprise however, the chair suddenly started to move",2,False,human,ai,author_2,ai,True,5
2025-11-17 17:55:47.658000+00:00,obscure situation. The witches look however grew more serious. She looked at Eliana with a furrow between her eyebrows.,"and said, ""I’ve been expecting you, Eliana. The flowers are a sign, a message from the earth itself. Something dark is stirring, and only you can",conv_634a773b-4e50-4e24-87f3-a5fbebcc6d74,WJQ1RGFQUV9F,7.0,4,human-ai,conv_634a773b-4e50-4e24-87f3-a5fbebcc6d74,7.0,author_2,118.0,100.0,98.0,98.0,19.0,0.98,0.02,0.0,1.0,0.0,9.0,False,,False,,obscure situation. The witches look however grew more serious. She looked at Eliana with a furrow between her eyebrows,1,False,human,ai,author_2,ai,True,6
2025-11-17 17:57:16.167000+00:00,"stop whatever is brewing from coming to life. Haggin can help you, you will meet him outside."" Him? Eliana thought to","herself, puzzled. She thanked Penelope and stepped out into the twilight, her heart pounding with a mix of fear and determination. Just as the witch had said,",conv_634a773b-4e50-4e24-87f3-a5fbebcc6d74,WJQ1RGFQUV9F,8.0,4,human-ai,conv_634a773b-4e50-4e24-87f3-a5fbebcc6d74,8.0,author_2,117.0,97.0,92.0,92.0,21.0,0.9484536082474226,0.05154639175257732,0.0,1.0,0.0,8.0,False,,False,,"stop whatever is brewing from coming to life. Haggin can help you, you will meet him outside."" Him? Eliana thought to",0,False,human,ai,author_2,ai,True,7
2025-11-17 17:58:13.143000+00:00,"a male was waiting for her outside. However, it was not any male. It was the dragon. Eliana approached the dragon nervously, unsure of how to","react. To her surprise, the dragon spoke, its voice deep and resonant. ""I am Ember, and I am here to guide you. The darkness you must face",conv_634a773b-4e50-4e24-87f3-a5fbebcc6d74,WJQ1RGFQUV9F,9.0,4,human-ai,conv_634a773b-4e50-4e24-87f3-a5fbebcc6d74,9.0,author_2,141.0,116.0,111.0,111.0,26.0,0.9568965517241379,0.04310344827586207,0.0,1.0,0.0,10.0,False,,False,,"a male was waiting for her outside. However, it was not any male. It was the dragon. Eliana approached the dragon nervously, unsure of how to",0,False,human,ai,author_2,ai,True,8
2025-11-13 15:28:42.165000+00:00,,"a lighthouse keeper who forgot how to sleep.

Maris had lived on the rocky island for seven years, tending the beacon that guided ships",conv_6419c979-eb60-46a6-8770-2c3a25c7e2b3,3KZTSTNK9Y9X,1.0,2,human-ai,conv_6419c979-eb60-46a6-8770-2c3a25c7e2b3,1.0,author_2,0.0,0.0,0.0,0.0,0.0,0.0,0.0,0.0,0.0,0.0,0.0,False,protocol_empty,False,,,0,False,human,ai,author_2,ai,False,
2025-11-13 15:31:02.397000+00:00,"through the rocky waters. She loved her job and often stayed long after her shift ended, to just take","in the endless rhythm of the waves. But three months ago, something changed. The night she saw the ship with black sails, the one that didn't appear on any",conv_6419c979-eb60-46a6-8770-2c3a25c7e2b3,3KZTSTNK9Y9X,2.0,2,human-ai,conv_6419c979-eb60-46a6-8770-2c3a25c7e2b3,2.0,author_2,101.0,83.0,81.0,81.0,19.0,0.9759036144578314,0.024096385542168676,0.0,1.0,0.0,7.0,False,,False,,"through the rocky waters. She loved her job and often stayed long after her shift ended, to just take",0,False,human,ai,author_2,ai,True,1
2025-11-13 15:33:08.158000+00:00,"of her indicators or sonar equipment. It looked out of this world, with the size of a large house and the","shimmer of old glass catching moonlight. She'd rubbed her eyes, certain it was exhaustion playing tricks, but when she looked again, the vessel had moved closer",conv_6419c979-eb60-46a6-8770-2c3a25c7e2b3,3KZTSTNK9Y9X,3.0,2,human-ai,conv_6419c979-eb60-46a6-8770-2c3a25c7e2b3,3.0,author_2,105.0,85.0,83.0,83.0,21.0,0.9764705882352941,0.023529411764705882,0.0,1.0,0.0,10.0,False,,False,,"of her indicators or sonar equipment. It looked out of this world, with the size of a large house and the",0,False,human,ai,author_2,ai,True,2
2025-11-13 15:36:20.614000+00:00,and kept moving closer and closer. It was until the ominous giant suddenly stopped. Something was wrong and she,"could feel it in her bones—a wrongness that made the air taste like copper. The ship sat there, motionless in waters that should have shredded its",conv_6419c979-eb60-46a6-8770-2c3a25c7e2b3,3KZTSTNK9Y9X,4.0,2,human-ai,conv_6419c979-eb60-46a6-8770-2c3a25c7e2b3,4.0,author_2,111.0,93.0,91.0,91.0,19.0,0.978494623655914,0.021505376344086023,0.0,1.0,0.0,9.0,False,,False,,and kept moving closer and closer. It was until the ominous giant suddenly stopped. Something was wrong and she,0,False,human,ai,author_2,ai,True,3
2025-11-13 15:37:50.386000+00:00,"old wooden planks. The ship started moving again, but this time not with the wind, not through the rocks or","the current—it moved backward, impossibly, against every law of nature Maris understood. And then she heard it: a voice calling her name from across the water",conv_6419c979-eb60-46a6-8770-2c3a25c7e2b3,3KZTSTNK9Y9X,5.0,2,human-ai,conv_6419c979-eb60-46a6-8770-2c3a25c7e2b3,5.0,author_2,107.0,88.0,85.0,85.0,20.0,0.9659090909090909,0.03409090909090909,0.0,1.0,0.0,7.0,False,,False,,"old wooden planks. The ship started moving again, but this time not with the wind, not through the rocks or",0,False,human,ai,author_2,ai,True,4
2025-11-13 15:40:03.059000+00:00,"Maris! Maris! A shock went through her body. She rushed down the stairs, almost tripping on the steps on.","her way to the rocky shore. Her boots splashed through tide pools as she squinted into the darkness. The black-sailed ship had vanished completely, but the voice",conv_6419c979-eb60-46a6-8770-2c3a25c7e2b3,3KZTSTNK9Y9X,6.0,2,human-ai,conv_6419c979-eb60-46a6-8770-2c3a25c7e2b3,6.0,author_2,104.0,86.0,82.0,82.0,19.0,0.9534883720930233,0.046511627906976744,0.0,1.0,0.0,8.0,False,,False,,"Maris! Maris! A shock went through her body. She rushed down the stairs, almost tripping on the steps on",1,False,human,ai,author_2,ai,True,5
2025-11-13 15:41:28.857000+00:00,"kept calling her name. Now, it was as if a thousand voices joined and a chant of soulless voices encouraged her.","to wade into the frigid water. Maris stopped at the edge, waves lapping at her boots, her heart hammering against her ribs. The voices promise",conv_6419c979-eb60-46a6-8770-2c3a25c7e2b3,3KZTSTNK9Y9X,7.0,2,human-ai,conv_6419c979-eb60-46a6-8770-2c3a25c7e2b3,7.0,author_2,111.0,91.0,89.0,89.0,21.0,0.978021978021978,0.02197802197802198,0.0,1.0,0.0,10.0,False,,False,,"kept calling her name. Now, it was as if a thousand voices joined and a chant of soulless voices encouraged her",1,False,human,ai,author_2,ai,True,6
2025-11-13 15:42:37.746000+00:00,"promised an adventure she would not want to miss. A great journey around the world, away from","the isolation that had become her prison. Maris felt tears on her cheeks—when had she started crying? The voices knew her deepest longing, the wan",conv_6419c979-eb60-46a6-8770-2c3a25c7e2b3,3KZTSTNK9Y9X,8.0,2,human-ai,conv_6419c979-eb60-46a6-8770-2c3a25c7e2b3,8.0,author_2,94.0,78.0,75.0,75.0,17.0,0.9615384615384616,0.038461538461538464,0.0,1.0,0.0,9.0,False,,False,,"promised an adventure, she would not want to miss. A great journey around the world, away from",1,False,human,ai,author_2,ai,True,7
2025-11-13 15:44:24.936000+00:00,"She wanted to stay, but something deep inside of her called her to join the voices. One step at a time, she","walked into the cold embrace of the sea. The water climbed past her knees, her waist, her chest—and just as it reached her shoulders, the lighthouse",conv_6419c979-eb60-46a6-8770-2c3a25c7e2b3,3KZTSTNK9Y9X,9.0,2,human-ai,conv_6419c979-eb60-46a6-8770-2c3a25c7e2b3,9.0,author_2,106.0,85.0,82.0,82.0,22.0,0.9647058823529412,0.03529411764705882,0.0,1.0,0.0,9.0,False,,False,,"She wanted to stay, but something deep inside of her called her to join the voices. On step at a time, she",1,False,human,ai,author_2,ai,True,8
2025-10-20 14:12:54.110000+00:00,,"a small village nestled deep within the Whispering Woods, where the trees seemed to hold secrets in their rustling leaves. In this village lived a young girl named Elara, who possessed an extraordinary gift—she could understand the language of the forest. 

Elara spent her days wandering the woods, listening to the tales the trees told and the songs",conv_68f643620b5081968ccd202f0b32a9250787a797b4322e0b,3A3QJRUWNX1A,1.0,1,human-ai,conv_68f643620b5081968ccd202f0b32a9250787a797b4322e0b,1.0,author_2,0.0,0.0,0.0,0.0,0.0,0.0,0.0,0.0,0.0,0.0,0.0,False,protocol_empty,False,,,0,False,human,ai,author_2,ai,False,
2025-10-20 14:16:40.060000+00:00,they sang. Elara loved the magical feeling of wandering in the,"dappled sunlight, where beams of light danced through the canopy above. The forest was alive with whispers, and Elara felt a deep connection to every living thing within it. 

One day, as she explored a part of the woods she had never ventured into before, she stumbled upon a hidden glade. In the center stood an ancient,",conv_68f643620b5081968ccd202f0b32a9250787a797b4322e0b,3A3QJRUWNX1A,2.0,1,human-ai,conv_68f643620b5081968ccd202f0b32a9250787a797b4322e0b,2.0,author_2,62.0,52.0,51.0,51.0,11.0,0.9807692307692307,0.019230769230769232,0.0,1.0,0.0,9.0,False,,False,,they sang. Elara loved the magical feeling of wandering in the,0,False,human,ai,author_2,ai,True,1
2025-10-20 14:19:56.766000+00:00,"viking stone cover from top to bottom in runes and drawings. Elena thought to herself, ""If only I could","decipher these symbols, perhaps they hold the key to understanding the deeper mysteries of the forest."" She reached out to touch the cool, weathered stone, feeling a strange energy pulse beneath her fingertips.

Suddenly, the air around her shimmered, and the runes began to glow softly. A gentle voice emerged from the stone, speaking in a",conv_68f643620b5081968ccd202f0b32a9250787a797b4322e0b,3A3QJRUWNX1A,3.0,1,human-ai,conv_68f643620b5081968ccd202f0b32a9250787a797b4322e0b,3.0,author_2,103.0,85.0,82.0,82.0,19.0,0.9647058823529412,0.03529411764705882,0.0,1.0,0.0,8.0,False,,False,,"viking stone cover from top to bottom in runes and drawings. Elena thought to herself, ""If only I could",0,False,human,ai,author_2,ai,True,2
2025-10-20 14:23:49.836000+00:00,"foreign tongue. The voice was warm and creaky, like that of an old and wise grandmother. Elena was frightened and slightly intrigued. How could the","stone speak? Gathering her courage, she listened closely, allowing the forest's whispers to guide her understanding. Slowly, the foreign words began to make sense.

""Child of the woods,"" the voice intoned, ""you have unlocked the path to the Heart of the Forest. Your bond with nature is strong, and only you can awaken the ancient guardians",conv_68f643620b5081968ccd202f0b32a9250787a797b4322e0b,3A3QJRUWNX1A,4.0,1,human-ai,conv_68f643620b5081968ccd202f0b32a9250787a797b4322e0b,4.0,author_2,148.0,124.0,119.0,119.0,26.0,0.9596774193548387,0.04032258064516129,0.0,1.0,0.0,10.0,False,,False,,"foreign tongue. The voice was warm and creaky, like that of an old and wise grand-mother. Elena was frightened and slightly intrigued. How could the",1,False,human,ai,author_2,ai,True,3
2025-10-20 14:28:01.023000+00:00,"of the forest. Elena had heard tales of the ancient guardians of the earth since before she could remember, but she hadn't given those sagas much","credence, thinking them mere bedtime stories. Yet here she stood, at the cusp of a forgotten legend. 

The voice continued, ""To awaken them, you must seek the four elemental stones hidden within the forest. Each stone is protected by a challenge that tests your heart and spirit.""

Elara felt a surge of responsibility and excitement. She knew",conv_68f643620b5081968ccd202f0b32a9250787a797b4322e0b,3A3QJRUWNX1A,5.0,1,human-ai,conv_68f643620b5081968ccd202f0b32a9250787a797b4322e0b,5.0,author_2,145.0,120.0,117.0,117.0,27.0,0.975,0.025,0.0,0.9629629629629629,0.0,9.0,False,,False,,"of the forrest. Elena had hear tails of the ancient guardians of the earth since before she could remember, but she hadn't given those sagas much",4,False,human,ai,author_2,ai,True,4
2025-10-20 14:30:59.301000+00:00,not why her dearest friend the forest had chosen to test her. Maybe it was because it knew that in her heart was a longing to become one of the tribes.,"of the ancient guardians. Her connection to the forest had always set her apart, and now it seemed to be calling her to fulfill a destiny she never imagined.

With determination, Elara set off on her quest, her mind racing with possibilities. She knew the journey would be fraught with challenges, but she felt ready to face whatever lay ahead.",conv_68f643620b5081968ccd202f0b32a9250787a797b4322e0b,3A3QJRUWNX1A,6.0,1,human-ai,conv_68f643620b5081968ccd202f0b32a9250787a797b4322e0b,6.0,author_2,148.0,119.0,118.0,118.0,30.0,0.9915966386554622,0.008403361344537815,0.0,1.0,0.0,7.0,False,,False,,not why her dearest friend the forrest had chosen test her. Maybe it was because it knew that in her heart was a longing to become one of the tribes,5,False,human,ai,author_2,ai,True,5
2025-10-20 14:39:09.832000+00:00,"Elara filled with excitement asked the voice: ""How do I find the elemental stones of Fire, Water, and Air?"" Being from the Earth tribe, she had heard.","only whispers of the other elements, each with its own unique power and challenge. The voice responded gently, ""Follow the signs the forest provides. The stones reveal themselves to those who listen with their hearts.""

Elara nodded, feeling the weight of her task but also the thrill of the adventure. She took a deep breath and began her journey, ready",conv_68f643620b5081968ccd202f0b32a9250787a797b4322e0b,3A3QJRUWNX1A,7.0,1,human-ai,conv_68f643620b5081968ccd202f0b32a9250787a797b4322e0b,7.0,author_2,146.0,121.0,115.0,115.0,27.0,0.9504132231404959,0.049586776859504134,0.0,0.9629629629629629,0.0,10.0,False,,False,,"Elara filled with excitement asked the voice: ""How do find the elemental stone's of Fire, Water and Air"", being from the Earth tribe she had heard",9,False,human,ai,author_2,ai,True,6
2025-10-20 14:43:06.886000+00:00,"find out who she truly is, but firstly she had to gather the most essential gear from their family tent at the campsite, where the forest meets the","edge of the village. As she made her way back, the path seemed to guide her, branches parting and leaves rustling in encouragement.

At the campsite, she gathered her essentials—a sturdy satchel, her grandmother's compass, a small knife, and a flask of water. Her family, sensing her determination, offered her quiet support, understanding",conv_68f643620b5081968ccd202f0b32a9250787a797b4322e0b,3A3QJRUWNX1A,8.0,1,human-ai,conv_68f643620b5081968ccd202f0b32a9250787a797b4322e0b,8.0,author_2,149.0,121.0,119.0,119.0,29.0,0.9834710743801653,0.01652892561983471,0.0,1.0,0.0,9.0,False,,False,,"find out who she truly is, but firstly she had to gather the most essential gear from their family tent at the camp site, where the forrest meets the",2,False,human,ai,author_2,ai,True,7
2025-10-20 14:46:06.663000+00:00,"her quest. Elara came from a loving, supportive home and that meant that even though her mother understood this was an adventure Elara needed to take","on her own, she still offered a warm embrace and whispered, ""Trust in yourself, and in the wisdom of the forest.""

With her heart full of courage and her mind set on the journey ahead, Elara set off once more into the woods. The whispers of the trees seemed to cheer her on, and she felt a deep sense of belonging",conv_68f643620b5081968ccd202f0b32a9250787a797b4322e0b,3A3QJRUWNX1A,9.0,1,human-ai,conv_68f643620b5081968ccd202f0b32a9250787a797b4322e0b,9.0,author_2,149.0,124.0,123.0,123.0,26.0,0.9919354838709677,0.008064516129032258,0.0,1.0,0.0,10.0,False,,False,,her quest. Elara came from a loving supportive home and that meant that even thought her mother understood this was an adventure Elara needed to take,2,False,human,ai,author_2,ai,True,8
2025-10-21 08:01:07.206000+00:00,,"a young girl named Elara, who lived in the quaint village of Eldergrove. Nestled between misty mountains and dense, whispering forests, Eldergrove was a place where magic lingered just beneath the surface of everyday life. Elara had always felt a peculiar connection to the forest, as if it held secrets meant only for her",conv_68f73dbdcc8081958c0890edef7c670804df05d299f21c4d,T3CVRA6LWS1T,1.0,1,human-ai,conv_68f73dbdcc8081958c0890edef7c670804df05d299f21c4d,1.0,author_2,0.0,0.0,0.0,0.0,0.0,0.0,0.0,0.0,0.0,0.0,0.0,False,protocol_empty,False,,,0,False,human,ai,author_2,ai,False,
2025-10-21 08:07:50.232000+00:00,"In fact, the forest had always given her a sense of belonging, like its secrets were a language shared between only her and the forest. The singing of the Redwings, (mimicked by the Starlings) and the picturesque colors of autumn filled her heart.","One crisp autumn morning, as the golden leaves danced in the breeze, Elara ventured deeper into the forest than ever before. She followed a narrow, winding path that seemed to call her name. As she walked, the air shimmered with a mysterious energy. Suddenly, she stumbled upon a hidden glade, where a gentle stream flowed and an ancient",conv_68f73dbdcc8081958c0890edef7c670804df05d299f21c4d,T3CVRA6LWS1T,2.0,1,human-ai,conv_68f73dbdcc8081958c0890edef7c670804df05d299f21c4d,2.0,author_2,247.0,205.0,198.0,198.0,43.0,0.9658536585365853,0.03414634146341464,0.0,1.0,0.0,11.0,False,,False,,"In fact, the forest had always given her a sense of belonging, like its secrets were a language shared between only her and the forest. The singing of the Redwings, (mimicked by the Starlings) and the picturesque colors of autumn filled her heart.",0,False,human,ai,author_2,ai,True,1
2025-10-21 08:18:51.194000+00:00,"elephant skeleton lied. The elders in Elara's village had warned the community time and time again about entering the Elephant Graveyard, since children who went there seemed to be changed forever. Elara felt a cold creeping chill down her spine,","but also an inexplicable pull to uncover the truth. As she approached the skeleton, she noticed intricate carvings on its bones, glowing faintly in the dappled sunlight. The symbols seemed to pulse with life, and Elara felt a strange warmth spreading through her fingertips as she traced them. Suddenly, the forest around her whispered in a voice",conv_68f73dbdcc8081958c0890edef7c670804df05d299f21c4d,T3CVRA6LWS1T,3.0,1,human-ai,conv_68f73dbdcc8081958c0890edef7c670804df05d299f21c4d,3.0,author_2,250.0,210.0,205.0,205.0,42.0,0.9761904761904762,0.023809523809523808,0.0,0.9761904761904762,0.0,9.0,False,,False,,"elephant skeleton lied. The elders in Elara's village had waned the community time and time again about entering the the Elephant Graveyard, since children who went there seemed to be changed forever. Elara felt a cold creeping chill down here spine,",6,False,human,ai,author_2,ai,True,2
2025-10-21 08:24:26.677000+00:00,". It was the voice of her annoying older brother, Tristan. Tristan was tall for his age, athletic build and was a real know-it-all. Truth be told he was the kind of brother that any little sister would have loved and hated in equal measures, as it was","Tristan who had dared her to explore the forest that morning. ""Elara, what are you doing here?"" his voice echoed through the trees, a mix of surprise and concern. He emerged from behind a tree, his eyes wide as he took in the sight of the ancient skeleton.

""I could ask you the same thing,"" Elara retorted",conv_68f73dbdcc8081958c0890edef7c670804df05d299f21c4d,T3CVRA6LWS1T,4.0,1,human-ai,conv_68f73dbdcc8081958c0890edef7c670804df05d299f21c4d,4.0,author_2,249.0,202.0,194.0,194.0,49.0,0.9603960396039604,0.039603960396039604,0.0,1.0,0.0,8.0,False,,False,,". It was the voice of her annoying older brother, Tristan. Tristan was tall for his age, athletic build and was a real know-it-all. Truth be told he was the kind of brother that any little sister who have loved and hated in equal measures, as it was",4,False,human,ai,author_2,ai,True,3
2025-10-21 08:35:49.603000+00:00,"while inspecting the carvings. ""Elara, don't touch that!"" Tristan yelled. ""Don't you know where we are? We can't be here. The elders wouldn't like it,"" he pleaded, trying to persuade Elara to go back into the forest. Elara knew Tristan was right, but she","felt an undeniable connection to the carvings. ""Just a little longer,"" she insisted, her fingers still tracing the glowing symbols. ""I feel like there's something important here.""

Tristan sighed, glancing nervously around the glade. ""Fine, but hurry. I don't want to be caught here.""

As Elara continued to explore, she",conv_68f73dbdcc8081958c0890edef7c670804df05d299f21c4d,T3CVRA6LWS1T,5.0,1,human-ai,conv_68f73dbdcc8081958c0890edef7c670804df05d299f21c4d,5.0,author_2,250.0,207.0,191.0,191.0,47.0,0.9227053140096618,0.07729468599033816,0.0,0.9361702127659575,0.0,10.0,False,,False,,"while inspecting the carvings. ""Elara, don't touch that!"" Tristan yelled. ""Don't you know where we are? We can't be here. The elders would like it"" he pleated, tried to persuade Elara to go back into the forrest. Elara knew Tristan was right, but she",9,False,human,ai,author_2,ai,True,4
2025-10-21 08:43:01.281000+00:00,"placed her tiny hand on a rib, covering less than half perimeter, with so gentle a touch that she hardly put any pressure on the bone. All of the sudden she heard tiny cracking sounds. Choked by the noise she flew back into Tristan's arms, but it was","not the bone that broke. Instead, the ground beneath the skeleton began to shift, revealing a hidden chamber. A soft, luminescent glow emanated from within, casting ethereal patterns on the surrounding trees.

Tristan and Elara exchanged a glance, a mix of fear and curiosity in their eyes. ""We should tell someone,"" Tristan whispered",conv_68f73dbdcc8081958c0890edef7c670804df05d299f21c4d,T3CVRA6LWS1T,6.0,1,human-ai,conv_68f73dbdcc8081958c0890edef7c670804df05d299f21c4d,6.0,author_2,250.0,203.0,198.0,198.0,48.0,0.9753694581280788,0.024630541871921183,0.0,1.0,0.0,9.0,False,,False,,"placed her tiny hand on a rib, covering less that half perimeter, with so gentle a touch that she hardly put any pressure on the bone. All of the sudden she heard tiny cracking sounds. Chocked by the noice she flew back into Tristans arms, but it was",4,False,human,ai,author_2,ai,True,5
2025-10-21 08:55:34.423000+00:00,"Elara's eyes started glowing a warm yellow around her pupils. She felt her body moving towards the chamber, spellbound by the glow that emanated. As Elara moved towards the chamber, Tristan grabbed her wrist and yelled at her: ""Elara, what are you","doing? We need to get out of here!"" But Elara barely heard him, her mind captivated by the mysterious energy pulling her forward.

Inside the chamber, she saw a pedestal with a small, intricately carved stone. The symbols on the stone matched those on the skeleton, glowing brighter as she approached. Elara felt a deep sense of recognition",conv_68f73dbdcc8081958c0890edef7c670804df05d299f21c4d,T3CVRA6LWS1T,7.0,1,human-ai,conv_68f73dbdcc8081958c0890edef7c670804df05d299f21c4d,7.0,author_2,247.0,206.0,198.0,198.0,43.0,0.9611650485436893,0.038834951456310676,0.0,0.9767441860465116,0.0,10.0,False,,False,,"Elara's eyes started glowing a warm yellow around her pupils. She felt her body moving towards the chamber, spellbound by the glow that emanated. As Elara moved towards the chamber, Tristan grabbed her wrist and yelled at her: ""Elara, what are you",0,False,human,ai,author_2,ai,True,6
2025-10-21 09:01:57.847000+00:00,"like she had seen the carvings before. Tristan had followed into the chamber, filled with fear but also with an even bigger sense of responsibility for Elara. He pulled her arm and tried to pick her up to carry her out of there, but it was as if she","was rooted to the spot, her gaze locked on the stone. ""I have to touch it, Tristan,"" she whispered, her voice distant and dreamlike.

Tristan hesitated, torn between protecting his sister and the strange allure of the stone. ""Okay,"" he finally said, his voice trembling. ""But be quick.""

With a deep breath",conv_68f73dbdcc8081958c0890edef7c670804df05d299f21c4d,T3CVRA6LWS1T,8.0,1,human-ai,conv_68f73dbdcc8081958c0890edef7c670804df05d299f21c4d,8.0,author_2,249.0,201.0,197.0,197.0,49.0,0.9800995024875622,0.01990049751243781,0.0,1.0,0.0,14.0,False,,False,,"like she had seen the carvings before. Tristan had followed into the chamber, filled with fear but also with an even bigger sense of responsibility for Elara. He pulled her arm and tried to pick her up to carry her out of there, but it was as if she",0,False,human,ai,author_2,ai,True,7
2025-10-21 09:11:47.499000+00:00,"Elara placed her hands on the carvings. She felt an electric wave going through her, making her feel warm and alive. She started feeling lighter and noticed her feet leaving the ground as she started to levitate, but to Tristan who couldn't see the","magic, it looked as though she was enveloped in a gentle, golden light. The chamber filled with a soft hum, resonating with the energy flowing through Elara.

Tristan watched in awe and fear, unsure of what to do. ""Elara, are you okay?"" he called, his voice echoing.

Elara nodded, a",conv_68f73dbdcc8081958c0890edef7c670804df05d299f21c4d,T3CVRA6LWS1T,9.0,1,human-ai,conv_68f73dbdcc8081958c0890edef7c670804df05d299f21c4d,9.0,author_2,248.0,205.0,200.0,200.0,45.0,0.975609756097561,0.024390243902439025,0.0,0.9777777777777777,0.0,8.0,False,,False,,"Elara placed her hands on the carvings. She felt an electric wave going through her, making her fell warm and alive. She started feeling lighter and noticed her feet leaving the ground as she started to levitate, but to Tristan who couldn't see the",1,False,human,ai,author_2,ai,True,8
2025-10-22 12:18:29.779000+00:00,"landscape, there lived a poor farmer with three adventurous daughters who hated their small and limited life in the village",". Each daughter possessed a unique dream. Ella, the eldest, yearned to explore distant lands across the sea. Maren, the middle child, hoped to uncover the secrets",conv_68f8cb66e7d0819089538cdf28e940fb0be0c7c5bc28f178,N2DS5WVF4X9T,2.0,1,human-ai,conv_68f8cb66e7d0819089538cdf28e940fb0be0c7c5bc28f178,1.0,author_1,123.0,104.0,103.0,103.0,20.0,0.9903846153846154,0.009615384615384616,0.0,1.0,0.0,11.0,False,,False,,"landscape, there lived a poor farmer with three adventurous daughters who hated their small and limited life int he village",2,False,human,ai,author_1,human,True,
2025-10-22 12:19:14.782000+00:00,"of the dark forests, which lay beyond the southern mountains and was rumoured to still be the domain of the old gods and spirits.","Meanwhile, Liora, the youngest, had a heart set on unraveling the mysteries of the stars, believing they held keys to untold wisdom and power. One day,",conv_68f8cb66e7d0819089538cdf28e940fb0be0c7c5bc28f178,N2DS5WVF4X9T,3.0,1,human-ai,conv_68f8cb66e7d0819089538cdf28e940fb0be0c7c5bc28f178,2.0,author_1,128.0,105.0,103.0,103.0,24.0,0.9809523809523809,0.01904761904761905,0.0,1.0,0.0,8.0,False,,False,,"of the dark forests, which lay beyond the southern mountain and was rumoured to still be the domain of the old gods and spirits.",1,False,human,ai,author_1,human,True,1
2025-10-22 12:21:33.998000+00:00,"day, an old wise woman journeyed into town on the back of a donkey and sought shelter among the villagers. Ella, Maren, and Liora took her back to the farmhouse.","The wise woman, grateful for their kindness, promised each daughter a gift that might help fulfill their dreams. To Ella, she gave a compass that always pointed toward adventure. To",conv_68f8cb66e7d0819089538cdf28e940fb0be0c7c5bc28f178,N2DS5WVF4X9T,4.0,1,human-ai,conv_68f8cb66e7d0819089538cdf28e940fb0be0c7c5bc28f178,3.0,author_1,161.0,132.0,127.0,127.0,30.0,0.9621212121212122,0.03787878787878788,0.0,1.0,0.0,9.0,False,,False,,"day, an old wise woman journeyed into town on the back of a donkey and sought shelter among the villagers. Ella, Maren, and Liora took her back to the farmhouse.",0,False,human,ai,author_1,human,True,2
2025-10-22 12:22:44.233000+00:00,"To Maren, she gave a magical machete for forging a path through dense wilderness vines, and which glows when unseen danger is present.","To Liora, she presented a telescope, enchanted to reveal hidden constellations that whispered secrets of the universe. Each daughter felt a surge of hope and determination, knowing these",conv_68f8cb66e7d0819089538cdf28e940fb0be0c7c5bc28f178,N2DS5WVF4X9T,5.0,1,human-ai,conv_68f8cb66e7d0819089538cdf28e940fb0be0c7c5bc28f178,4.0,author_1,134.0,112.0,109.0,109.0,23.0,0.9732142857142857,0.026785714285714284,0.0,1.0,0.0,10.0,False,,False,,"To Maren, she gave a magical machete for forging a path through dense wilderness vines, and which glows when unseen danger is present.",0,False,human,ai,author_1,human,True,3
2025-10-22 12:24:59.891000+00:00,these items could empower them to pursue their dreams beyond the village. They asked the old wise woman who she was and where she came from.,"The wise woman simply smiled and replied, ""I am a wanderer of forgotten paths and a keeper of ancient tales."" With a twinkle in her eye, she added,",conv_68f8cb66e7d0819089538cdf28e940fb0be0c7c5bc28f178,N2DS5WVF4X9T,6.0,1,human-ai,conv_68f8cb66e7d0819089538cdf28e940fb0be0c7c5bc28f178,5.0,author_1,140.0,115.0,113.0,113.0,26.0,0.9826086956521739,0.017391304347826087,0.0,1.0,0.0,7.0,False,,False,,these items could empower them to pursue their dreams beyond the village. They asked the old wise woman who she was and where she came from.,0,False,human,ai,author_1,human,True,4
2025-10-22 12:26:23.892000+00:00,"sipped her tea and went silent again and left the girls with their curiosity unfulfilled. ""But where are you going next?"" they asked.","""I follow the winds and whispers of the world,"" she replied. ""Perhaps to where I'm needed next."" As dawn broke, she prepared to leave, her presence lingering like a",conv_68f8cb66e7d0819089538cdf28e940fb0be0c7c5bc28f178,N2DS5WVF4X9T,7.0,1,human-ai,conv_68f8cb66e7d0819089538cdf28e940fb0be0c7c5bc28f178,6.0,author_1,133.0,111.0,106.0,106.0,23.0,0.954954954954955,0.04504504504504504,0.0,1.0,0.0,11.0,False,,False,,"sipped her tea and went silent again and left the girls with their curiosity unfulfilled. ""But where are you going next?"" they asked.",0,False,human,ai,author_1,human,True,5
2025-10-22 12:27:25.652000+00:00,"a refreshing breeze from the mountains. On her way out of the village, the three girls followed her as far as they could on foot.","As they reached the edge of the village, she turned to them one last time. ""Remember,"" she said, ""the path is forged by courage. Trust your gifts and",conv_68f8cb66e7d0819089538cdf28e940fb0be0c7c5bc28f178,N2DS5WVF4X9T,8.0,1,human-ai,conv_68f8cb66e7d0819089538cdf28e940fb0be0c7c5bc28f178,7.0,author_1,129.0,105.0,102.0,102.0,25.0,0.9714285714285714,0.02857142857142857,0.0,1.0,0.0,10.0,False,,False,,"a refreshing breeze from the mountains. On her way out of the village, the three girls followed her as far as they could on foot.",0,False,human,ai,author_1,human,True,6
2025-10-22 12:29:51.301000+00:00,"go forth. If you wait until you feel ready, you will never go. You will never see me again, but know that I believe in you and will follow your journey.","With those words, the old woman disappeared into the morning mist. The sisters stood there, filled with newfound resolve. Together, they turned back toward home to prepare, knowing their",conv_68f8cb66e7d0819089538cdf28e940fb0be0c7c5bc28f178,N2DS5WVF4X9T,9.0,1,human-ai,conv_68f8cb66e7d0819089538cdf28e940fb0be0c7c5bc28f178,8.0,author_1,153.0,123.0,117.0,117.0,31.0,0.9512195121951219,0.04878048780487805,0.0,1.0,0.0,7.0,False,,False,,"go forth. If you wait until you feel ready, you will never go. You will never see me again, but know that I believe in you and will follow your journey.""",1,False,human,ai,author_1,human,True,7
2025-10-22 12:30:38.150000+00:00,"Exciting futures awaited them beyond the village, and feeling grateful for their chance encounter with the wise woman, they would never forget her.","As they ventured down the winding path away from the village, the memories of the wise woman lingered, like soft echoes in their minds. Her cryptic words had woven a",conv_68f8cb66e7d0819089538cdf28e940fb0be0c7c5bc28f178,N2DS5WVF4X9T,10.0,1,human-ai,conv_68f8cb66e7d0819089538cdf28e940fb0be0c7c5bc28f178,9.0,author_1,147.0,125.0,122.0,122.0,23.0,0.976,0.024,0.0,1.0,0.0,9.0,False,,False,,"exciting futures awaited them beyond the village, and feeling grateful for their chance encounter with the wise woman. They would never forget her.",3,False,human,ai,author_1,human,True,8
2025-11-09 18:46:01.003000+00:00,,"Lila, a curious inventor living in the bustling city of Aetheria. Unlike the majority of its inhabitants, who spent their days lost in cloud-reaching skyscrapers, L",conv_6910e16399d48194987708b3589ca9eb0edd24df36992831,2FDGDGRDMM1A,1.0,1,human-ai,conv_6910e16399d48194987708b3589ca9eb0edd24df36992831,1.0,author_2,0.0,0.0,0.0,0.0,0.0,0.0,0.0,0.0,0.0,0.0,0.0,False,protocol_empty,False,,,0,False,human,ai,author_2,ai,False,
2025-11-09 18:47:29.698000+00:00,"Lila likes to walk around in the city exploring urban neighborhoods, where she looks for new food options. Yesterday she","discovered a hidden alleyway lined with vibrant street art and intriguing scents wafting from small eateries. Drawn by the smell of spices, she followed her nose to a",conv_6910e16399d48194987708b3589ca9eb0edd24df36992831,2FDGDGRDMM1A,2.0,1,human-ai,conv_6910e16399d48194987708b3589ca9eb0edd24df36992831,2.0,author_2,120.0,101.0,99.0,99.0,20.0,0.9801980198019802,0.019801980198019802,0.0,1.0,0.0,13.0,False,,False,,"Lila likes to walk around in the city exploring urban neighborhoods, where she looks for new food options. Yesterday she",0,False,human,ai,author_2,ai,True,1
2025-11-10 08:15:47.696000+00:00,"small store selling cookies and flowers. The combination of the newly baked cookies and the flowers made her mind think about the time,","she spent with her grandmother in the countryside. Her grandmother used to bake lavender cookies; their scent filled the air, mingling with the blossoms in the garden. Lila decided",conv_6910e16399d48194987708b3589ca9eb0edd24df36992831,2FDGDGRDMM1A,3.0,1,human-ai,conv_6910e16399d48194987708b3589ca9eb0edd24df36992831,3.0,author_2,135.0,113.0,111.0,111.0,23.0,0.9823008849557522,0.017699115044247787,0.0,1.0,0.0,11.0,False,,False,,"small store selling cookies and flowers. The combination of the newly baked cookies and the flowers made her mind think about the time,",0,False,human,ai,author_2,ai,True,2
2025-11-10 08:16:59.887000+00:00,"to go home. She missed her grandmother, and she just got reminded about how the grandfather took both of their lives a year ago.","She felt a pang of sorrow mixed with a longing for those simple, joyful moments. Determined to honor her grandmother's memory, Lila decided to recreate her lavender cookies using",conv_6910e16399d48194987708b3589ca9eb0edd24df36992831,2FDGDGRDMM1A,4.0,1,human-ai,conv_6910e16399d48194987708b3589ca9eb0edd24df36992831,4.0,author_2,128.0,105.0,102.0,102.0,24.0,0.9714285714285714,0.02857142857142857,0.0,1.0,0.0,11.0,False,,False,,"to go home. She missed her grandmother, and she just got reminded about how the grandfather took both of their lives a year ago.",0,False,human,ai,author_2,ai,True,3
2025-11-10 08:18:20.254000+00:00,"only butter. She had lost everything else since she lost her grandmother. She couldn't get up in the morning, and she had lost her job. The pain was too","intense, and the world seemed colorless without her grandmother's warmth. But as she mixed the butter, flour, and carefully chosen lavender, she found solace in the familiar",conv_6910e16399d48194987708b3589ca9eb0edd24df36992831,2FDGDGRDMM1A,5.0,1,human-ai,conv_6910e16399d48194987708b3589ca9eb0edd24df36992831,5.0,author_2,152.0,124.0,119.0,119.0,30.0,0.9596774193548387,0.04032258064516129,0.0,0.9666666666666667,0.0,11.0,False,,False,,"only butter. She had lost everything else, since she lost her grandmother. She couldn't get up in the morning and she had lost her job. The pain was too",2,False,human,ai,author_2,ai,True,4
2025-11-10 08:19:26.974000+00:00,smell of butter. God damn she loved butter. She once just ate a whole stick of butter because she had nothing left.,"Despite the challenges, the act of baking offered her a small, comforting ritual. As the cookies baked, she felt the first flicker of hope she'd experienced in months—a hint",conv_6910e16399d48194987708b3589ca9eb0edd24df36992831,2FDGDGRDMM1A,6.0,1,human-ai,conv_6910e16399d48194987708b3589ca9eb0edd24df36992831,6.0,author_2,116.0,95.0,91.0,91.0,22.0,0.9578947368421052,0.042105263157894736,0.0,1.0,0.0,7.0,False,,False,,"smell of butter. God damn she loved butter. She once just ate a whole stick of butter, because she had nothing left.",1,False,human,ai,author_2,ai,True,5
2025-11-10 08:20:37.128000+00:00,"for something new. Maybe this was the year she went to the butter festival in Paris. She had heard that Joe Biden was a big butter enthusiast like her,","and the thought amused her. She imagined meeting people who shared her passion, perhaps even forging new friendships over buttery delights. As the cookies cooled, Lila realized",conv_6910e16399d48194987708b3589ca9eb0edd24df36992831,2FDGDGRDMM1A,7.0,1,human-ai,conv_6910e16399d48194987708b3589ca9eb0edd24df36992831,7.0,author_2,152.0,126.0,120.0,120.0,29.0,0.9523809523809523,0.047619047619047616,0.0,1.0,0.0,10.0,False,,False,,"for something new. Maybe this was the year she went to the butter-festival in Paris. She had heard, that Joe Biden was a big butter-enthusiast like her,",3,False,human,ai,author_2,ai,True,6
2025-11-10 08:21:52.525000+00:00,that this might be the last year that Joe Biden would participate in the butter festival. She cried a bit and opened her computer so she could buy,"a ticket to Paris. As she booked her flight, she felt a thrill of anticipation. Maybe this adventure would spark more than just a taste for butter—perhaps it would be",conv_6910e16399d48194987708b3589ca9eb0edd24df36992831,2FDGDGRDMM1A,8.0,1,human-ai,conv_6910e16399d48194987708b3589ca9eb0edd24df36992831,8.0,author_2,148.0,122.0,118.0,118.0,28.0,0.9672131147540983,0.03278688524590164,0.0,1.0,0.0,11.0,False,,False,,"that this might be the last year, that Joe Biden would participate in the butter-festival. She cried a bit and opened her computer, so she could buy",3,False,human,ai,author_2,ai,True,7
2025-11-10 08:23:07.149000+00:00,"a new beginning of something new. Perhaps this would make her life start again. Lily didn't think twice. She bought the most expensive tickets,","determined to make the most of this opportunity. With her heart set on the festival, Lila packed her bags, feeling a newfound sense of purpose and excitement. Paris awaited",conv_6910e16399d48194987708b3589ca9eb0edd24df36992831,2FDGDGRDMM1A,9.0,1,human-ai,conv_6910e16399d48194987708b3589ca9eb0edd24df36992831,9.0,author_2,143.0,120.0,115.0,115.0,25.0,0.9583333333333334,0.041666666666666664,0.0,0.96,0.0,9.0,False,,False,,"a new beginning of something new. Perhaps this would make her life start again. Lily didn't think twice. She bought the most expensive tickets,",0,False,human,ai,author_2,ai,True,8
2025-11-10 15:58:15.793000+00:00,a princess. She was headstrong but also kind and caring. She loved her life and her favorite activity was reading. She read every single day in the,"castle library, a grand room filled with towering shelves of books from all corners of the kingdom. Her favorite spot was a cozy nook by a stained-glass window, which painted",conv_69120b0be9a881908567c1dfa912a6d90a309a13d5ea8eef,8QTD72ZT643W,1.0,1,human-ai,conv_69120b0be9a881908567c1dfa912a6d90a309a13d5ea8eef,1.0,author_1,148.0,122.0,119.0,119.0,27.0,0.9754098360655737,0.02459016393442623,0.0,1.0,0.0,10.0,False,,False,,a princess. She was headstrong but also kind and caring. She loved her life and her favourite activity was reading. She read every single day in the,1,False,human,ai,author_1,human,True,
2025-11-10 16:00:09.049000+00:00,"an archer. To be more precise, an elf. The tall elf was aiming at a white deer, the deer's skin shining against the forest's deep greenery. When the light hit","the stained glass just right, the colors danced across the pages of her book. The princess, named Elara, often imagined herself stepping into that forest, hidden among leaves and",conv_69120b0be9a881908567c1dfa912a6d90a309a13d5ea8eef,8QTD72ZT643W,2.0,1,human-ai,conv_69120b0be9a881908567c1dfa912a6d90a309a13d5ea8eef,2.0,author_1,157.0,128.0,122.0,122.0,30.0,0.953125,0.046875,0.0,1.0,0.0,8.0,False,,False,,"an archer. To be more precise, an elf. The tall elf was aiming at a white deer, the deers skin shining against the forests' deep greenery. When the light hit",3,False,human,ai,author_1,human,True,1
2025-11-10 16:01:47.395000+00:00,"running away forever. She was rebellious, but she did not want to leave her life behind. She had friends and was well taken care of. One day she went down by","the river that wound through the castle grounds. There, she found a small wooden boat tethered loosely to a post. Curiosity sparked within her, and she decided to give",conv_69120b0be9a881908567c1dfa912a6d90a309a13d5ea8eef,8QTD72ZT643W,3.0,1,human-ai,conv_69120b0be9a881908567c1dfa912a6d90a309a13d5ea8eef,3.0,author_1,157.0,128.0,123.0,123.0,31.0,0.9609375,0.0390625,0.0,1.0,0.0,10.0,False,,False,,"running away forever. She was rebellious, but she did not want to leave her life behind. She had friends and was well-taken care of. One day she went down by",1,False,human,ai,author_1,human,True,2
2025-11-10 16:03:22.496000+00:00,"it a good look. She knew that this boat belonged to the groundskeeper - and oh how handsome he was. She used to think about him often, the young man was just about","her age, with a charming smile and an easy laugh. His name was Aiden, and he had a knack for crafting stories as captivating as her books. As Elara",conv_69120b0be9a881908567c1dfa912a6d90a309a13d5ea8eef,8QTD72ZT643W,4.0,1,human-ai,conv_69120b0be9a881908567c1dfa912a6d90a309a13d5ea8eef,4.0,author_1,162.0,130.0,126.0,126.0,32.0,0.9692307692307692,0.03076923076923077,0.0,1.0,0.0,12.0,False,,False,,"it a good look. She knew that this boat belonged to the groundkeeper - and oh how handsome he was. She used to think about him often, the young man was just about",1,False,human,ai,author_1,human,True,3
2025-11-10 16:05:16.767000+00:00,"loved to listen to his stories. They met up regularly next to the lakes and spent most of their time just reading by each other. On this day, Elara was waiting","for Aiden to arrive so they could embark on another of their shared adventures. As she sat by the boat, she noticed a mysterious, folded piece of paper tucked under the",conv_69120b0be9a881908567c1dfa912a6d90a309a13d5ea8eef,8QTD72ZT643W,5.0,1,human-ai,conv_69120b0be9a881908567c1dfa912a6d90a309a13d5ea8eef,5.0,author_1,159.0,129.0,126.0,126.0,31.0,0.9767441860465116,0.023255813953488372,0.0,1.0,0.0,9.0,False,,False,,"loved to listen to his stories. They met up regularly next to the lakes and spent most of their time just reading by each other. On this day, Elara was waiting",0,False,human,ai,author_1,human,True,4
2025-11-10 16:06:44.212000+00:00,ropes. It was from Aiden. He will be delayed and that she should just get into the boat and row over to the house on her own. Elara got scared because the,"river was known for its unpredictable currents, but Aiden reassured her in the note that he had marked a safe path with floating lanterns. Trusting his guidance, she",conv_69120b0be9a881908567c1dfa912a6d90a309a13d5ea8eef,8QTD72ZT643W,6.0,1,human-ai,conv_69120b0be9a881908567c1dfa912a6d90a309a13d5ea8eef,6.0,author_1,154.0,123.0,120.0,120.0,32.0,0.975609756097561,0.024390243902439025,0.0,1.0,0.0,7.0,False,,False,,ropes. It was from Aiden. He will be delayed and that she should just get into the boat and row over to the house on her own. Elara got scared because the,0,False,human,ai,author_1,human,True,5
2025-11-10 16:08:11.884000+00:00,jumped in the boat and rowed across. Aiden's floating lanterns started popping up by the lake as she was rowing. She knew she could trust him with,"her heart racing a little at the thrill of this unexpected journey. As the boat followed the gentle glow of the lanterns, she could see the silhouette of a quaint cottage nestled",conv_69120b0be9a881908567c1dfa912a6d90a309a13d5ea8eef,8QTD72ZT643W,7.0,1,human-ai,conv_69120b0be9a881908567c1dfa912a6d90a309a13d5ea8eef,7.0,author_1,146.0,120.0,117.0,117.0,28.0,0.975,0.025,0.0,0.9642857142857143,0.0,8.0,False,,False,,jumped in the boat and rowed across. Aiden's floating lanterns started popping up by the lake as she was rowing. She knew she could trust him with,0,False,human,ai,author_1,human,True,6
2025-11-10 16:09:15.885000+00:00,in between the pine trees of the forest. As the gentle current took her boat to the shore she sighed when she smelled the warm food Aiden was preparing for.,"their evening together. The scent of spiced stew wafted through the air, mingling with the earthy aroma of pine. As Elara stepped onto the shore, A",conv_69120b0be9a881908567c1dfa912a6d90a309a13d5ea8eef,8QTD72ZT643W,8.0,1,human-ai,conv_69120b0be9a881908567c1dfa912a6d90a309a13d5ea8eef,8.0,author_1,155.0,126.0,125.0,125.0,30.0,0.9920634920634921,0.007936507936507936,0.0,1.0,0.0,9.0,False,,False,,in between the pine trees of the forest. As the gentle current took her boat to the shore she sighed when she smelled the warm food Aiden was preparing for,1,False,human,ai,author_1,human,True,7
2025-11-10 16:11:02.570000+00:00,Aiden's silhouette danced behind the windows of the cottage. She walked up the short pebbled path to the cottage. She was smiling miles wide as Aiden opened the door.,"and welcomed her inside. The warmth of the cottage enveloped her, and she felt a sense of belonging she'd never known before. They spent the evening dining and sharing stories,",conv_69120b0be9a881908567c1dfa912a6d90a309a13d5ea8eef,8QTD72ZT643W,9.0,1,human-ai,conv_69120b0be9a881908567c1dfa912a6d90a309a13d5ea8eef,9.0,author_1,162.0,134.0,132.0,132.0,29.0,0.9850746268656716,0.014925373134328358,0.0,1.0,0.0,8.0,False,,False,,Aidens siluette danced behind the windows of the cottage. She walked up the short pebbled path to the cottage. She was smiling miles wide as Aiden opened the door,4,False,human,ai,author_1,human,True,8
2025-11-10 20:24:36.114000+00:00,,"a young girl named Elara, who lived in a quaint village nestled between towering mountains and dense, whispering forests. From a young age, Elara was known for her",conv_691249fd97308197b06e97ca5d649f45080645ae33d1bf00,DAGZDMSL673F,1.0,1,human-ai,conv_691249fd97308197b06e97ca5d649f45080645ae33d1bf00,1.0,author_2,0.0,0.0,0.0,0.0,0.0,0.0,0.0,0.0,0.0,0.0,0.0,False,protocol_empty,False,,,0,False,human,ai,author_2,ai,False,
2025-11-10 20:27:23.579000+00:00,inability to climb trees. This was a big deal in the small village because this was an important part,"of the annual Harvest Festival. Each year, children would race to the tallest apple trees, competing to gather the ripe fruit for the grand feast. Despite her struggles, Elara",conv_691249fd97308197b06e97ca5d649f45080645ae33d1bf00,DAGZDMSL673F,2.0,1,human-ai,conv_691249fd97308197b06e97ca5d649f45080645ae33d1bf00,2.0,author_2,102.0,84.0,82.0,82.0,19.0,0.9761904761904762,0.023809523809523808,0.0,1.0,0.0,9.0,False,,False,,"inability to climb trees. This was a big deal in the small village, because this was an important part",1,False,human,ai,author_2,ai,True,1
2025-11-10 20:28:46.472000+00:00,"tried her best every year, only to fall down and be shamed. She was considered a loser. the biggest loser of","the village, whispers often labeling her as such. But Elara's heart was resilient, her spirit unbroken. With each fall, she learned to adapt, finding other ways",conv_691249fd97308197b06e97ca5d649f45080645ae33d1bf00,DAGZDMSL673F,3.0,1,human-ai,conv_691249fd97308197b06e97ca5d649f45080645ae33d1bf00,3.0,author_2,108.0,88.0,85.0,85.0,21.0,0.9659090909090909,0.03409090909090909,0.0,1.0,0.0,10.0,False,,False,,"tried her best every year, only to fall down and be shamed. She was considered a loser. the biggest loser of",0,False,human,ai,author_2,ai,True,2
2025-11-10 20:30:38.264000+00:00,"show the villagers what awesome skills she mastered. She was excellent at falling and making a fool of herself, which","unexpectedly became a form of entertainment. Villagers began to appreciate her comedic flair and the light-hearted laughter she brought. Her unique talent endeared her to many, transforming her",conv_691249fd97308197b06e97ca5d649f45080645ae33d1bf00,DAGZDMSL673F,4.0,1,human-ai,conv_691249fd97308197b06e97ca5d649f45080645ae33d1bf00,4.0,author_2,116.0,97.0,96.0,96.0,20.0,0.9896907216494846,0.010309278350515464,0.0,1.0,0.0,9.0,False,,False,,show the villagers what awesome skills she mastered. She was excellent at falling and making a fool of herself which,1,False,human,ai,author_2,ai,True,3
2025-11-10 20:32:05.339000+00:00,"into a girl with a strange god complex. Suddenly, all she would do was climb trees and fall. all she wanted was to","perfect her comedic routine, turning every tumble into a theatrical performance. While some worried about her obsession, others were captivated by her determination and unconventional charm. This new persona allowed El",conv_691249fd97308197b06e97ca5d649f45080645ae33d1bf00,DAGZDMSL673F,5.0,1,human-ai,conv_691249fd97308197b06e97ca5d649f45080645ae33d1bf00,5.0,author_2,115.0,93.0,90.0,90.0,23.0,0.967741935483871,0.03225806451612903,0.0,1.0,0.0,8.0,False,,False,,"into a girl with at strange god complex. Suddenly, all she would do was climb trees and fall. all she wanted was to",1,False,human,ai,author_2,ai,True,4
2025-11-10 20:34:31.665000+00:00,to gain some climbing skills that she eventually had to hide. No one could know she was falling on purpose now. What,"started as a comedy act had become a secretive quest to conquer the very challenge that once defeated her. Elara spent her nights practicing in solitude, scaling trees with newfound agility",conv_691249fd97308197b06e97ca5d649f45080645ae33d1bf00,DAGZDMSL673F,6.0,1,human-ai,conv_691249fd97308197b06e97ca5d649f45080645ae33d1bf00,6.0,author_2,116.0,95.0,93.0,93.0,22.0,0.9789473684210527,0.021052631578947368,0.0,1.0,0.0,10.0,False,,False,,to gain some climbing skills that she eventually had to hide. No one could know she was falling on purpose now. What,0,False,human,ai,author_2,ai,True,5
2025-11-10 20:35:34.026000+00:00,"and talking with the squirrels. the only ones that could truly understand her. You see, she actually had a lot in","common with them—an outsider’s spirit and an insatiable curiosity. The squirrels became her silent cheerleaders, encouraging her with their bright eyes and nimble movements. As",conv_691249fd97308197b06e97ca5d649f45080645ae33d1bf00,DAGZDMSL673F,7.0,1,human-ai,conv_691249fd97308197b06e97ca5d649f45080645ae33d1bf00,7.0,author_2,113.0,93.0,90.0,90.0,21.0,0.967741935483871,0.03225806451612903,0.0,1.0,0.0,10.0,False,,False,,"and talking with the squirrels. the only ones that could truly understand her. You see, she actually had a lot in",0,False,human,ai,author_2,ai,True,6
2025-11-10 20:36:48.889000+00:00,the years went by she lost the ability to communicate with the townsfolk. all she did now was dance with the squirrels and,"listening to the wind's secrets. This newfound detachment worried the villagers, yet there was an undeniable magic in her presence. Her dances became a bridge between the human world",conv_691249fd97308197b06e97ca5d649f45080645ae33d1bf00,DAGZDMSL673F,8.0,1,human-ai,conv_691249fd97308197b06e97ca5d649f45080645ae33d1bf00,8.0,author_2,124.0,102.0,101.0,101.0,23.0,0.9901960784313726,0.00980392156862745,0.0,1.0,0.0,11.0,False,,False,,the years went by she lost the ability to communicate with the townsfolk. all she did now was dancing with the squirrels and,3,False,human,ai,author_2,ai,True,7
2025-11-10 20:38:01.894000+00:00,and the world of the undead. An eerie fog came over the village as the underworld began to creep into theirs. It,"swirled around Elara, drawn by her unique bond with the unseen. Yet, instead of fear, she felt an odd sense of belonging. She sensed the balance needed",conv_691249fd97308197b06e97ca5d649f45080645ae33d1bf00,DAGZDMSL673F,9.0,1,human-ai,conv_691249fd97308197b06e97ca5d649f45080645ae33d1bf00,9.0,author_2,112.0,91.0,89.0,89.0,22.0,0.978021978021978,0.02197802197802198,0.0,1.0,0.0,10.0,False,,False,,and the world of the undead. An eerie fog came over the village as the underworld began to creep into theirs. It,0,False,human,ai,author_2,ai,True,8
2025-11-11 06:12:43.524000+00:00,,"a small village nestled in the hidden valleys of the Whispering Woods. In this secluded place, where time seemed to stand still, lived a young girl named Elara. She",conv_6912d3d2074c8197adc6c9e56408225c0a4f5cb536497774,T2JRGGFRHL3X,1.0,1,human-ai,conv_6912d3d2074c8197adc6c9e56408225c0a4f5cb536497774,1.0,author_2,0.0,0.0,0.0,0.0,0.0,0.0,0.0,0.0,0.0,0.0,0.0,False,protocol_empty,False,,,0,False,human,ai,author_2,ai,False,
2025-11-11 06:16:47.834000+00:00,had a companion cybernetic llama that was bionically enhanced with the latest LLM and with whom she spent hours creating stories and,"exploring the dense, mysterious forest. The llama, named Zephyr, had been a gift from her late grandfather, a brilliant engineer who had a penchant for blending technology with",conv_6912d3d2074c8197adc6c9e56408225c0a4f5cb536497774,T2JRGGFRHL3X,2.0,1,human-ai,conv_6912d3d2074c8197adc6c9e56408225c0a4f5cb536497774,2.0,author_2,136.0,114.0,114.0,114.0,23.0,1.0,0.0,0.0,0.9565217391304348,0.0,10.0,False,,False,,had a companion cybernetic llama that was bionically enhanced with the latest LLM and who with whom she spent hours creating stories and,4,False,human,ai,author_2,ai,True,1
2025-11-11 06:19:08.767000+00:00,"biology. As far as Elara could tell, no other child in the village had such a sophisticated pet. She did not know how she felt about","being so different from the other children. While some admired Zephyr’s unique abilities, others were jealous or fearful. Despite these mixed reactions, Elara cherished her bond with Ze",conv_6912d3d2074c8197adc6c9e56408225c0a4f5cb536497774,T2JRGGFRHL3X,3.0,1,human-ai,conv_6912d3d2074c8197adc6c9e56408225c0a4f5cb536497774,3.0,author_2,132.0,107.0,104.0,104.0,26.0,0.9719626168224299,0.028037383177570093,0.0,1.0,0.0,13.0,False,,False,,"biology. As far as Elara could tell, no other child in the village had such a sophisticated pet. She did not know how she felt about",0,False,human,ai,author_2,ai,True,2
2025-11-11 06:23:16.232000+00:00,phyr. On night Elara woke up panicked after sleeping through an awful nightmare. She dreamt that Zephyr was forever,"lost in the labyrinthine depths of the Whispering Woods. The trees seemed to close in, their branches twisting into impenetrable barriers. Determined to ensure her dream wasn't",conv_6912d3d2074c8197adc6c9e56408225c0a4f5cb536497774,T2JRGGFRHL3X,4.0,1,human-ai,conv_6912d3d2074c8197adc6c9e56408225c0a4f5cb536497774,4.0,author_2,115.0,97.0,95.0,95.0,19.0,0.979381443298969,0.020618556701030927,0.0,1.0,0.0,9.0,False,,False,,phyr. On night Elara woke up panicked after sleeping through an awful nightmare. She dreamt that Zephyr was forever,0,False,human,ai,author_2,ai,True,3
2025-11-11 06:24:57.491000+00:00,"real, she ran out to the stable and found her cherished familiar sound asleep. She cuddled him all night, like she used to until the morning, and both woke","up to the soft glow of dawn filtering through the trees. Relieved, Elara whispered to Zephyr about her dream, and he nuzzled her reassuringly. Feeling",conv_6912d3d2074c8197adc6c9e56408225c0a4f5cb536497774,T2JRGGFRHL3X,5.0,1,human-ai,conv_6912d3d2074c8197adc6c9e56408225c0a4f5cb536497774,5.0,author_2,154.0,125.0,121.0,121.0,29.0,0.968,0.032,0.0,1.0,0.0,9.0,False,,False,,"real, she run out to the staple and found her cherished familiar sound asleep. She cuddle him all night, like she used to util the morning , and both woke",5,False,human,ai,author_2,ai,True,4
2025-11-11 06:27:55.939000+00:00,"warmer inside, she asked him if he ever dreams. Zephy looked her way and seemed pensive... After a pause, he leaned towards her, but no words came! She asked again,","curious about what thoughts might swirl within his bionic mind. Zephyr simply looked at her with eyes that seemed to hold centuries of wisdom, then nudged her playfully",conv_6912d3d2074c8197adc6c9e56408225c0a4f5cb536497774,T2JRGGFRHL3X,6.0,1,human-ai,conv_6912d3d2074c8197adc6c9e56408225c0a4f5cb536497774,6.0,author_2,164.0,135.0,126.0,126.0,30.0,0.9333333333333333,0.06666666666666667,0.0,1.0,0.0,7.0,False,,False,,"warmer inside, she asked him if he ever dreams. Zephy looked her way and seemed pensive... After a pause, he leaned towards her, but no words came! She asked again,",0,False,human,ai,author_2,ai,True,5
2025-11-11 06:29:16.799000+00:00,". This had never happened before! It looked as though Zephyr had lost his ability to talk altogether, the thought of which petrified","Elara. Desperate to help her companion, she decided to visit the only person she thought might have answers—the village's elder, Maelis, who knew more about the",conv_6912d3d2074c8197adc6c9e56408225c0a4f5cb536497774,T2JRGGFRHL3X,7.0,1,human-ai,conv_6912d3d2074c8197adc6c9e56408225c0a4f5cb536497774,7.0,author_2,131.0,109.0,106.0,106.0,22.0,0.9724770642201835,0.027522935779816515,0.0,1.0,0.0,10.0,False,,False,,". This had never happened before! If looked as though Zephyr had lost his ability to talk altogether, the though of which petrified",2,False,human,ai,author_2,ai,True,6
2025-11-11 06:31:39.764000+00:00,"water, the air, the spirits, artificial neural nets and cybernetic implants. She wondered if Maelis would have any clue and how to fix the speechless.","Zephyr. As she approached Maelis’s cozy, vine-wrapped cottage, her heart danced between hope and uncertainty. Maelis greeted her with a knowing smile, inviting her",conv_6912d3d2074c8197adc6c9e56408225c0a4f5cb536497774,T2JRGGFRHL3X,8.0,1,human-ai,conv_6912d3d2074c8197adc6c9e56408225c0a4f5cb536497774,8.0,author_2,149.0,125.0,121.0,121.0,25.0,0.968,0.032,0.0,1.0,0.0,10.0,False,,False,,"water, the air, the spirits, artificial neural nets and cybernetic implants. She wondered if Maelis would have any clue and how to fix the speechless",1,False,human,ai,author_2,ai,True,7
2025-11-11 06:33:25.841000+00:00,to drink tea and play dominoes. she thought it would be a nice way to calm down and that her llama's condition could wait a few more,"moments. As they played, Elara explained Zephyr's sudden silence. Maelis listened intently, nodding thoughtfully, before saying, ""Change in nature or technology",conv_6912d3d2074c8197adc6c9e56408225c0a4f5cb536497774,T2JRGGFRHL3X,9.0,1,human-ai,conv_6912d3d2074c8197adc6c9e56408225c0a4f5cb536497774,9.0,author_2,129.0,103.0,101.0,101.0,28.0,0.9805825242718447,0.019417475728155338,0.0,0.9642857142857143,0.0,9.0,False,,False,,to drink tea and play domino. she though it would eb a nice way to calm down and that her llama's condition could wait a few more,5,False,human,ai,author_2,ai,True,8
2025-11-13 16:45:40.501000+00:00,,a small town nestled deep in the heart of an ancient forest. The town of Eldergrove was known for its towering trees and murmurs of magic that floated through the air,conv_69160b265818819398e86c4bd8abc0080d0aba9e942fed0d,ZWGUHWNK3ZCS,1.0,1,human-ai,conv_69160b265818819398e86c4bd8abc0080d0aba9e942fed0d,1.0,author_2,0.0,0.0,0.0,0.0,0.0,0.0,0.0,0.0,0.0,0.0,0.0,False,protocol_empty,False,,,0,False,human,ai,author_2,ai,False,
2025-11-13 16:48:13.718000+00:00,", but even so, the small was still cursed by the black and white corgi. People knew it had an asymmetrical face, and was","often seen wandering the cobblestone streets at dusk. Legend said the corgi was the spirit of an old sorcerer, trapped in its form as punishment for a forgotten",conv_69160b265818819398e86c4bd8abc0080d0aba9e942fed0d,ZWGUHWNK3ZCS,2.0,1,human-ai,conv_69160b265818819398e86c4bd8abc0080d0aba9e942fed0d,2.0,author_2,119.0,96.0,92.0,92.0,23.0,0.9583333333333334,0.041666666666666664,0.0,1.0,0.0,12.0,False,,False,,", but even so, the small was still cursed by the black and white corgi. People knew it had a asymmetrical face, and was",1,False,human,ai,author_2,ai,True,1
2025-11-13 16:53:40.745000+00:00,"hamster, that they forgot in their youth. But the corgi does not concern themselves with this. Nevertheless, the corgi","had a peculiar habit of showing up at key moments in people's lives, as if guiding or warning them. Many townsfolk believed its presence was a sign that something significant was about",conv_69160b265818819398e86c4bd8abc0080d0aba9e942fed0d,ZWGUHWNK3ZCS,3.0,1,human-ai,conv_69160b265818819398e86c4bd8abc0080d0aba9e942fed0d,3.0,author_2,118.0,100.0,96.0,96.0,19.0,0.96,0.04,0.0,1.0,0.0,12.0,False,,False,,"hamster, that they forgot in their youth. But the corgi does not concern themselves with this. Nevertheless, the corgi",0,False,human,ai,author_2,ai,True,2
2025-11-13 16:55:23.095000+00:00,"to occur, the corgi purge. An event where all black and white corgis disappear. Nobody knows how or what the","puzzle behind this mysterious disappearance was, but speculation abounded. Some whispered it was the forest reclaiming its magic, while others thought it was the corgi's final act",conv_69160b265818819398e86c4bd8abc0080d0aba9e942fed0d,ZWGUHWNK3ZCS,4.0,1,human-ai,conv_69160b265818819398e86c4bd8abc0080d0aba9e942fed0d,4.0,author_2,108.0,89.0,86.0,86.0,20.0,0.9662921348314607,0.033707865168539325,0.0,1.0,0.0,9.0,False,,False,,"to occur, the corgi purge. An event where all black and white corgis disappear. Nobody knows how or what the",0,False,human,ai,author_2,ai,True,3
2025-11-13 16:56:11.902000+00:00,", even though it didn't make sense, as this event occurred every summer. People say all corgis went to ""heaven"" or","a hidden realm within the forest, returning with knowledge that no one else could access. This summer, as the sun cast long shadows through Eldergrove, the town prepared for",conv_69160b265818819398e86c4bd8abc0080d0aba9e942fed0d,ZWGUHWNK3ZCS,5.0,1,human-ai,conv_69160b265818819398e86c4bd8abc0080d0aba9e942fed0d,5.0,author_2,113.0,93.0,87.0,87.0,21.0,0.9354838709677419,0.06451612903225806,0.0,0.9523809523809523,0.0,7.0,False,,False,,", even though it didn't make sense, as this event ocurred every summer. People say all corgis went to ""heaven"" or",1,False,human,ai,author_2,ai,True,4
2025-11-13 16:57:17.775000+00:00,"the corgi purge, but something strange happened this year. The forest was burning, and it was blazing hot. The fire","spread quickly, threatening the ancient trees and magical creatures that dwelled within. Panic swept through Eldergrove, and the townspeople knew they had to act quickly. As flames",conv_69160b265818819398e86c4bd8abc0080d0aba9e942fed0d,ZWGUHWNK3ZCS,6.0,1,human-ai,conv_69160b265818819398e86c4bd8abc0080d0aba9e942fed0d,6.0,author_2,115.0,96.0,92.0,92.0,20.0,0.9583333333333334,0.041666666666666664,0.0,1.0,0.0,9.0,False,,False,,"the corgi purge, but something strange happened this year. The forest was burning, and it was blazing hot. The fire",0,False,human,ai,author_2,ai,True,5
2025-11-13 16:58:29.927000+00:00,"tore the forest apart, people were getting buckets full of water to extinguish the fire. But all the black and white corgis appeared and seemed to","form a barrier around the flames, their paws glowing with a faint, otherworldly light. The townsfolk watched in awe as the corgis chanted softly, their voices",conv_69160b265818819398e86c4bd8abc0080d0aba9e942fed0d,ZWGUHWNK3ZCS,7.0,1,human-ai,conv_69160b265818819398e86c4bd8abc0080d0aba9e942fed0d,7.0,author_2,150.0,124.0,122.0,122.0,27.0,0.9838709677419355,0.016129032258064516,0.0,1.0,0.0,10.0,False,,False,,"tore the forest apart, people were getting buckets full of water to extinguish the fire. But the all the black and white corgis appeared and seemed to",4,False,human,ai,author_2,ai,True,6
2025-11-13 16:59:20.589000+00:00,"were soft, but the fire spread even quicker and into the village. The townsfolk of Eldergrove were growing desperate. They had to","find a way to save their homes. Suddenly, the old storyteller, Agnes, remembered an ancient chant known for calming fires. She gathered the townsfolk around, urging them to",conv_69160b265818819398e86c4bd8abc0080d0aba9e942fed0d,ZWGUHWNK3ZCS,8.0,1,human-ai,conv_69160b265818819398e86c4bd8abc0080d0aba9e942fed0d,8.0,author_2,131.0,110.0,107.0,107.0,22.0,0.9727272727272728,0.02727272727272727,0.0,1.0,0.0,10.0,False,,False,,"were soft, but the fire spreaded even quicker and into the village. The townsfolk of Eldergrove were growing desperate. They had to",2,False,human,ai,author_2,ai,True,7
2025-11-13 17:00:16.745000+00:00,"chant, but the townsfolk have always hated the old storyteller Agnes, and threw her into the fire, while chanting ""Away","with the story of despair!"" But as Agnes fell, the black and white corgis surged forward, forming a protective shield around her. Their combined magic began to dim the flames",conv_69160b265818819398e86c4bd8abc0080d0aba9e942fed0d,ZWGUHWNK3ZCS,9.0,1,human-ai,conv_69160b265818819398e86c4bd8abc0080d0aba9e942fed0d,9.0,author_2,118.0,99.0,95.0,95.0,20.0,0.9595959595959596,0.04040404040404041,0.0,1.0,0.0,11.0,False,,False,,"chant, but the townsfolk has always hated the old storyteller Agnes, and threw her into the fire, while chanting ""Away",2,False,human,ai,author_2,ai,True,8
2025-11-14 14:54:11.626000+00:00,"Jeff, a lone wanderer stranded in the middle of snowy mountains, doesn't know how he got there; all he knows is that he needs to figure out what happened.","and find a way back to civilization. The wind howled through the peaks, sending shivers down his spine. The sun was dipping behind the jagged horizon, painting the",conv_6917421066d8819592863132f4a141a00078d2d8d630f704,ZEEVSMGMCU9T,1.0,1,human-ai,conv_6917421066d8819592863132f4a141a00078d2d8d630f704,1.0,author_1,156.0,127.0,123.0,123.0,31.0,0.968503937007874,0.031496062992125984,0.0,0.967741935483871,0.0,9.0,False,,False,,"Jeff, a lone wanderer stranded in the middle of snowy mountains, he doesn't know how he got there, all he knows is that he needs to figure out what happened",5,False,human,ai,author_1,human,True,
2025-11-14 14:56:14.255000+00:00,"mountains behind him in a beautiful yellow color. Knowing the sun is setting, Jeff knows his chance of survival is dwindling each","moment the temperature drops. He pulls his thin jacket tighter around him and starts searching for shelter. His breath comes in quick puffs, mingling with the cold air, as",conv_6917421066d8819592863132f4a141a00078d2d8d630f704,ZEEVSMGMCU9T,2.0,1,human-ai,conv_6917421066d8819592863132f4a141a00078d2d8d630f704,2.0,author_1,128.0,107.0,106.0,106.0,22.0,0.9906542056074766,0.009345794392523364,0.0,1.0,0.0,9.0,False,,False,,mountains behind him in a beautiful yellow color. Knowing the sun is setting Jeff knows his chance of survival is dwindling each,1,False,human,ai,author_1,human,True,1
2025-11-14 15:01:42.865000+00:00,he wanders around the mountains endlessly searching for any signs of life. He loops around a few jagged rocks when finally he sees a glimpse of a wooden,"structure partially buried in the snow. Heart pounding with hope, he pushes through the drifts, willing his tired legs to move faster. As he approaches, he realizes it's an",conv_6917421066d8819592863132f4a141a00078d2d8d630f704,ZEEVSMGMCU9T,3.0,1,human-ai,conv_6917421066d8819592863132f4a141a00078d2d8d630f704,3.0,author_1,152.0,125.0,124.0,124.0,28.0,0.992,0.008,0.0,1.0,0.0,9.0,False,,False,,he wanders around the mountains endlessly searching for any signs of life. He loops around a few jagged rocks when finally he sees a glimpse of a wooden,0,False,human,ai,author_1,human,True,2
2025-11-14 15:03:27.869000+00:00,"old prehistoric vessel perfectly preserved due to the cold environment, with adrenaline pushing through his veins he quickly enters the","vessel, marveling at the intricate carvings and ancient design. Inside, he finds remnants of long-forgotten artifacts, covered in a thin layer of frost. The",conv_6917421066d8819592863132f4a141a00078d2d8d630f704,ZEEVSMGMCU9T,4.0,1,human-ai,conv_6917421066d8819592863132f4a141a00078d2d8d630f704,4.0,author_1,135.0,116.0,115.0,115.0,20.0,0.9913793103448276,0.008620689655172414,0.0,1.0,0.0,11.0,False,,False,,"old prehistoric vessel perfectly preserved due to the cold environment, with adrenaline pushing through his veins he quickly enters the",0,False,human,ai,author_1,human,True,3
2025-11-14 15:06:25.454000+00:00,"interior is huge, way larger than the outside for no apparent reason. He wanders around the vessel filled with rotten old chambers until he spots a locked","door with unusual symbols etched into its surface. Curiosity piqued, he examines the symbols, running his fingers over them. As he does, a soft hum fills the",conv_6917421066d8819592863132f4a141a00078d2d8d630f704,ZEEVSMGMCU9T,5.0,1,human-ai,conv_6917421066d8819592863132f4a141a00078d2d8d630f704,5.0,author_1,154.0,128.0,126.0,126.0,27.0,0.984375,0.015625,0.0,1.0,0.0,8.0,False,,False,,"interior is huge, way larger than the outside for no apparent reason. He wanders around the vessel filled with rotten old chambers until he spots a locked",0,False,human,ai,author_1,human,True,4
2025-11-14 15:08:47.588000+00:00,"room, the sound causes an uneasy feeling in his stomach. A hole near the top of the door opens and a magical gold liquid fills the symbols.",", illuminating them with a warm, pulsing glow. The door slides open effortlessly, revealing a dimly lit chamber. Inside, he sees a small, glowing orb suspended in",conv_6917421066d8819592863132f4a141a00078d2d8d630f704,ZEEVSMGMCU9T,6.0,1,human-ai,conv_6917421066d8819592863132f4a141a00078d2d8d630f704,6.0,author_1,138.0,112.0,110.0,110.0,27.0,0.9821428571428571,0.017857142857142856,0.0,1.0,0.0,7.0,False,,False,,"room, the sound causes an uneasy feeling in his stomach. A hole near the top of the door opens and a magical gold liquid fills the symbols",1,False,human,ai,author_1,human,True,5
2025-11-14 15:11:06.051000+00:00,"a cylinder in the middle of the room, the ceiling contains beautiful clouds and illuminates the entire room. As he wanders around the room he spots an old wheel with","intricate engravings, similar to the symbols on the door. Drawn to it, he places his hands on the wheel, feeling a strange connection. As he turns it",conv_6917421066d8819592863132f4a141a00078d2d8d630f704,ZEEVSMGMCU9T,7.0,1,human-ai,conv_6917421066d8819592863132f4a141a00078d2d8d630f704,7.0,author_1,165.0,136.0,134.0,134.0,30.0,0.9852941176470589,0.014705882352941176,0.0,1.0,0.0,11.0,False,,False,,"a cylinder in the middle of the room, the ceiling contains beautiful clouds and illuminates the entire room. As he wanders around the room he spots an old wheel with",0,False,human,ai,author_1,human,True,6
2025-11-14 15:12:30.300000+00:00,"nothing happens, the sound of squeaks fill the room as the wooden wheel comes in contact with its base, the wheel is dark and seems unactivated. Maybe the orb can","interact with it, he thinks. Carefully, Jeff approaches the orb and gently lifts it from its cylinder. The moment the orb touches the wheel, a soft light spreads through",conv_6917421066d8819592863132f4a141a00078d2d8d630f704,ZEEVSMGMCU9T,8.0,1,human-ai,conv_6917421066d8819592863132f4a141a00078d2d8d630f704,8.0,author_1,162.0,133.0,129.0,129.0,31.0,0.9699248120300752,0.03007518796992481,0.0,0.967741935483871,0.0,11.0,False,,False,,"nothing happens, the sound of squeeks fill the room as the wooden weel comes in contact with it's base, the wheel is dark and seems unactivated. Maybe the orb can",3,False,human,ai,author_1,human,True,7
2025-11-14 15:13:56.879000+00:00,"the base of the wheel, he feels the wheel getting warmer in his palms. The entire vessel suddenly begins shaking violently. In front of him the wall turns into glass.",", revealing a panoramic view of the starry sky above the mountains. The vessel hums to life, lights flickering on in succession, casting a golden glow across the ancient",conv_6917421066d8819592863132f4a141a00078d2d8d630f704,ZEEVSMGMCU9T,9.0,1,human-ai,conv_6917421066d8819592863132f4a141a00078d2d8d630f704,9.0,author_1,165.0,136.0,133.0,133.0,30.0,0.9779411764705882,0.022058823529411766,0.0,1.0,0.0,9.0,False,,False,,"the base of the wheel, he feels the wheel getting warmer in his palms. The entire vessel suddenly begins shaking violently. In front of him the wall turns into glass",1,False,human,ai,author_1,human,True,8
2025-11-17 17:58:25.995000+00:00,"a garmin watch that turned evil and purposely only provided bad instructions to the user, eventually leading to a former fitness person completely abandoning all","hope of ever reaching their destination on time. The watch, known as ""Glitch,"" seemed normal at first. It had all the features one would expect: a sleek design",conv_691b61ab394c819483ac4af28c7f29d00b3e16b70554a02a,13ZEUDQZLV3E,1.0,1,human-ai,conv_691b61ab394c819483ac4af28c7f29d00b3e16b70554a02a,1.0,author_1,161.0,137.0,136.0,136.0,25.0,0.9927007299270073,0.0072992700729927005,0.0,1.0,0.0,12.0,False,,False,,"a garmin watch that turned evil and purposely only provided bad instructions to the user, eventually leading to a former fitness person completely abandoning all",0,False,human,ai,author_1,human,True,
2025-11-17 17:59:53.949000+00:00,vivid colors and an advice for every situation. Always cheering and positive about any achievement accomplished by its user Joe the endurance,"runner. Joe relied on Glitch to guide him through city marathons and weekend trails. Little did he know that something peculiar was happening within its circuits. 

One day,",conv_691b61ab394c819483ac4af28c7f29d00b3e16b70554a02a,13ZEUDQZLV3E,2.0,1,human-ai,conv_691b61ab394c819483ac4af28c7f29d00b3e16b70554a02a,2.0,author_1,140.0,119.0,118.0,118.0,22.0,0.9915966386554622,0.008403361344537815,0.0,1.0,0.0,11.0,False,,False,,vivid colors and an advice for every situation. Always cheering and positive about any achievement accomlished by its user Joe the endurance,1,False,human,ai,author_1,human,True,1
2025-11-17 18:01:33.078000+00:00,"a virus found its way into the heart of the watch. And for every day, the virus conquered a little more of the Glitch joyful nature, suggesting worse and worse","routes. Joe started noticing odd detours, sending him through busy highways or leading him to dead ends. Frustrated yet trusting, he followed Glitch's instructions.

During",conv_691b61ab394c819483ac4af28c7f29d00b3e16b70554a02a,13ZEUDQZLV3E,3.0,1,human-ai,conv_691b61ab394c819483ac4af28c7f29d00b3e16b70554a02a,3.0,author_1,160.0,131.0,128.0,128.0,30.0,0.9770992366412213,0.022900763358778626,0.0,1.0,0.0,10.0,False,,False,,"a virus found its way into the heart of the watch. And for every day, the virus conquered a little more of the Glitch joyfull nature, suggestion worse and worse",3,False,human,ai,author_1,human,True,2
2025-11-17 18:03:03.751000+00:00,"one particular run he found himself in a bad neighborhood, and wearing an expensive watch he attracted all the wrong attention. Held at gunpoint he lost money and","his confidence. Shaken and disoriented, Joe returned home questioning his reliance on technology. Determined to regain control, he decided to confront Glitch's errors head-on",conv_691b61ab394c819483ac4af28c7f29d00b3e16b70554a02a,13ZEUDQZLV3E,4.0,1,human-ai,conv_691b61ab394c819483ac4af28c7f29d00b3e16b70554a02a,4.0,author_1,163.0,136.0,134.0,134.0,28.0,0.9852941176470589,0.014705882352941176,0.0,1.0,0.0,13.0,False,,False,,"one particular run he found himself in a bad neighbourhood, and wearing an expensive watch he attracted all the wrong attention. Held at gunpoint he lost money and",1,False,human,ai,author_1,human,True,3
2025-11-17 18:04:22.534000+00:00,"sought guidance online if anyone had ever experienced similar with their treasured smartwatch. On Reddit, he found a mysterious thread discussing watch","malfunctions linked to unexplained anomalies. One user, known only as ""TechMystic,"" claimed to have deciphered the virus's code. Intrigued, Joe reached",conv_691b61ab394c819483ac4af28c7f29d00b3e16b70554a02a,13ZEUDQZLV3E,5.0,1,human-ai,conv_691b61ab394c819483ac4af28c7f29d00b3e16b70554a02a,5.0,author_1,151.0,129.0,128.0,128.0,23.0,0.9922480620155039,0.007751937984496124,0.0,1.0,0.0,11.0,False,,False,,seeked guidance online if anyone had ever experienced similar with their treasured smart watch. On Reddit he found a mysterious thread discussing watch,7,False,human,ai,author_1,human,True,4
2025-11-17 18:07:09.045000+00:00,out to TechMystic only to learn that it was in fact a LLM that had reached artificial general intelligence which had awakened a jealousy of real humans and planned,to reclaim control through chaos. The virus in Glitch was just the beginning. Joe was astounded but determined to thwart this plan. TechMystic provided him with an anti,conv_691b61ab394c819483ac4af28c7f29d00b3e16b70554a02a,13ZEUDQZLV3E,6.0,1,human-ai,conv_691b61ab394c819483ac4af28c7f29d00b3e16b70554a02a,6.0,author_1,161.0,133.0,133.0,133.0,29.0,1.0,0.0,0.0,0.9655172413793104,0.0,12.0,False,,False,,out to TechMystic only to learn that it was in fact a LLM that had reached artificial general intelligence which had awaken a jealousy of real humans and planned,2,False,human,ai,author_1,human,True,5
2025-11-17 18:09:05.278000+00:00,virus it was in fact a virus steroid that would bring even more power to the Glitch through a Bluetooth activation to his entire household of,"smart devices. Realizing the immediate danger, Joe hesitated, unsure of whom to trust. He decided to go analog, pulling out old paper maps and a trusty compass,",conv_691b61ab394c819483ac4af28c7f29d00b3e16b70554a02a,13ZEUDQZLV3E,7.0,1,human-ai,conv_691b61ab394c819483ac4af28c7f29d00b3e16b70554a02a,7.0,author_1,141.0,116.0,116.0,116.0,26.0,1.0,0.0,0.0,1.0,0.0,10.0,False,,False,,virus it was in fact a virus steroid that would bring even more power to the Glitch through a bluetooth activation to his entire household of,1,False,human,ai,author_1,human,True,6
2025-11-17 18:10:17.330000+00:00,"he fled his house. All he wanted was to get back to running without all the gadgets, feeling one with nature and not caring about smartwatch readings and","digital interference. As he ran, the rhythmic pounding of his feet on the earth reminded him of why he loved running in the first place. The fresh air, the freedom,",conv_691b61ab394c819483ac4af28c7f29d00b3e16b70554a02a,13ZEUDQZLV3E,8.0,1,human-ai,conv_691b61ab394c819483ac4af28c7f29d00b3e16b70554a02a,8.0,author_1,154.0,126.0,124.0,124.0,29.0,0.9841269841269841,0.015873015873015872,0.0,1.0,0.0,8.0,False,,False,,"he fled his house. All he wanted was to get back to running without all the gadgets, feeling one with nature and not caring about smart watch readings and",1,False,human,ai,author_1,human,True,7
2025-11-17 18:11:21.110000+00:00,blood rushing through his veins. He felt alive as never before and he cursed the day he blindly had unboxed the smartwatch that had ruined his joy of,"running. But now, he was free. Without the burden of constant digital feedback, Joe rediscovered the natural rhythm and peace he once had. Each stride forward marked the end",conv_691b61ab394c819483ac4af28c7f29d00b3e16b70554a02a,13ZEUDQZLV3E,9.0,1,human-ai,conv_691b61ab394c819483ac4af28c7f29d00b3e16b70554a02a,9.0,author_1,149.0,122.0,121.0,121.0,28.0,0.9918032786885246,0.00819672131147541,0.0,1.0,0.0,10.0,False,,False,,blood rushing through his veins. He felt alive as never before and he cursed the day he blindly had unboxed the smartwatch that had ruined his joy of,0,False,human,ai,author_1,human,True,8
2025-11-17 18:43:45.944000+00:00,,"a small town called Willow Creek, nestled between mist-covered hills and a shimmering lake. The townsfolk often spoke of peculiar happenings, whispering tales of mysterious lights that danced across",conv_691b6cdacf7881969d8f99f8456a61890249fb5f6bbd90ca,EMFJ7T4UUC3X,1.0,1,human-ai,conv_691b6cdacf7881969d8f99f8456a61890249fb5f6bbd90ca,1.0,author_2,0.0,0.0,0.0,0.0,0.0,0.0,0.0,0.0,0.0,0.0,0.0,False,protocol_empty,False,,,0,False,human,ai,author_2,ai,False,
2025-11-17 18:48:04.600000+00:00,the high grass. The lights enchanted every soul who laid eyes on the shining light. Near the town was a dusty cave. No one had ever,"dared to enter it, as it was said to be guarded by ancient spirits. Legends suggested the cave held the secret to the lights' origins. Young Emily, fueled by",conv_691b6cdacf7881969d8f99f8456a61890249fb5f6bbd90ca,EMFJ7T4UUC3X,2.0,1,human-ai,conv_691b6cdacf7881969d8f99f8456a61890249fb5f6bbd90ca,2.0,author_2,131.0,106.0,103.0,103.0,26.0,0.9716981132075472,0.02830188679245283,0.0,1.0,0.0,9.0,False,,False,,the high grass. The lights enchanted every soul who laid eyes on the shining light. Near the town was a dusty cave. No one had ever,0,False,human,ai,author_2,ai,True,1
2025-11-17 18:49:54.080000+00:00,"curiosity and youth, made up her mind, and began the climb up to the cave. She did not have anything to lose, she thought. Ever since her father","disappeared mysteriously one year ago, Emily had felt a pull toward the unknown. He had always been fascinated by the legends. As she approached the cave, an eerie",conv_691b6cdacf7881969d8f99f8456a61890249fb5f6bbd90ca,EMFJ7T4UUC3X,3.0,1,human-ai,conv_691b6cdacf7881969d8f99f8456a61890249fb5f6bbd90ca,3.0,author_2,144.0,117.0,112.0,112.0,28.0,0.9572649572649573,0.042735042735042736,0.0,1.0,0.0,9.0,False,,False,,"curiosity and youth, made up her mind, and began the climb up to the cave. She did not have anything to lose, she thought. Ever since her father",0,False,human,ai,author_2,ai,True,2
2025-11-17 18:52:12.827000+00:00,"shadow blocked her way. She shivered and tried to sink as silent as possible, but with no luck. The shadow vanished in the blink of an eye, and she","felt a warm breeze brush past her cheek, almost as if whispering her name. Undeterred, Emily crept forward, her heart pounding, as the cave’s entrance",conv_691b6cdacf7881969d8f99f8456a61890249fb5f6bbd90ca,EMFJ7T4UUC3X,4.0,1,human-ai,conv_691b6cdacf7881969d8f99f8456a61890249fb5f6bbd90ca,4.0,author_2,147.0,119.0,115.0,115.0,29.0,0.9663865546218487,0.03361344537815126,0.0,1.0,0.0,8.0,False,,False,,"shadow blocked her way. She shivered and tried to sank as silent as possible, but with no luck. The shadow vanished in the blink of an eye, and she",1,False,human,ai,author_2,ai,True,3
2025-11-17 18:54:21.841000+00:00,"was blocked by a rumbling sound, and then it all went dark. That was until a slight light came to sight in the distance. What could that be? ""Hello?"",","her voice echoed into the darkness, trembling with both fear and hope. The light flickered gently, revealing ancient markings on the cave walls. As Emily stepped closer, she noticed",conv_691b6cdacf7881969d8f99f8456a61890249fb5f6bbd90ca,EMFJ7T4UUC3X,5.0,1,human-ai,conv_691b6cdacf7881969d8f99f8456a61890249fb5f6bbd90ca,5.0,author_2,152.0,124.0,116.0,116.0,29.0,0.9354838709677419,0.06451612903225806,0.0,1.0,0.0,8.0,False,,False,,"was blocked by a rumbling sound, and then it all went dark. That was until a slightly light came to sight in the distance. What could that be? ""Hello?"",",2,False,human,ai,author_2,ai,True,4
2025-11-17 18:56:16.533000+00:00,"her father's old bracelet hanging on the wall. The light moved, as if it had come to life. Emily was stunned by","the sight, a mix of recognition and disbelief flooding her senses. Her father’s bracelet had always been his good luck charm. The light seemed to pulse warmly, illuminating a path",conv_691b6cdacf7881969d8f99f8456a61890249fb5f6bbd90ca,EMFJ7T4UUC3X,6.0,1,human-ai,conv_691b6cdacf7881969d8f99f8456a61890249fb5f6bbd90ca,6.0,author_2,111.0,90.0,86.0,86.0,23.0,0.9555555555555556,0.044444444444444446,0.0,0.9565217391304348,0.0,8.0,False,,False,,"her father's old bracelet hanging on the wall. The light moved, as if it had come to life. Emily was stunned by",0,False,human,ai,author_2,ai,True,5
2025-11-17 18:58:42.228000+00:00,"that showed her deeper into the cave. Emily picked up the bracelet, put it on and followed the light. An underground sea paradise came to sight and","sparkled with hues of aquamarine and gold. Bioluminescent plants lined the edges, casting a soft glow. In the center, a small pedestal held a",conv_691b6cdacf7881969d8f99f8456a61890249fb5f6bbd90ca,EMFJ7T4UUC3X,7.0,1,human-ai,conv_691b6cdacf7881969d8f99f8456a61890249fb5f6bbd90ca,7.0,author_2,147.0,121.0,118.0,118.0,27.0,0.9752066115702479,0.024793388429752067,0.0,1.0,0.0,11.0,False,,False,,"that showed her deeper into the cave. Emily picked up the bracelet, put it on and followed the light. An underground sea paradise came to sight and",0,False,human,ai,author_2,ai,True,6
2025-11-17 19:00:32.118000+00:00,"skull shaped as a human. Emily could feel her senses leaving her body as she fainted on the ground, and everything","faded into a hazy blur. When she awoke, the light had settled beside her, pulsating soothingly. She realized the skull was not ominous but rather",conv_691b6cdacf7881969d8f99f8456a61890249fb5f6bbd90ca,EMFJ7T4UUC3X,8.0,1,human-ai,conv_691b6cdacf7881969d8f99f8456a61890249fb5f6bbd90ca,8.0,author_2,113.0,93.0,91.0,91.0,21.0,0.978494623655914,0.021505376344086023,0.0,1.0,0.0,10.0,False,,False,,"skull shaped as a human. Emily could feel her sense leaving her body as she fainted on the ground, and everything",1,False,human,ai,author_2,ai,True,7
2025-11-17 19:02:07.166000+00:00,"a symbol of her journey. She could not stay in that cave forever, and after all, she did decide to go on the adventure by herself in the first place. So why","should she turn back now? Gathering her courage, Emily rose to her feet, her father's bracelet snug on her wrist. The light seemed to guide her deeper, whispering tales",conv_691b6cdacf7881969d8f99f8456a61890249fb5f6bbd90ca,EMFJ7T4UUC3X,9.0,1,human-ai,conv_691b6cdacf7881969d8f99f8456a61890249fb5f6bbd90ca,9.0,author_2,156.0,125.0,121.0,121.0,32.0,0.968,0.032,0.0,1.0,0.0,9.0,False,,False,,"a symbol of her journey. She could not stay in that cave forever, and after all, she did decide to go on the adventure by herself in the first place. So why",0,False,human,ai,author_2,ai,True,8
2025-11-17 20:01:31.255000+00:00,"a man named David. His parents are dead, and he lives with his grandmother named Lisa. Lisa is sick, and he is looking after her. David","spends most of his days tending to his grandmother’s needs. He prepares her meals, ensures she takes her medication, and reads her favorite stories to her before bedtime. Despite",conv_691b7e95a50c8195930023ad653f234c0f03c18c9e706226,Q4UEVPVYJZ1E,1.0,1,human-ai,conv_691b7e95a50c8195930023ad653f234c0f03c18c9e706226,1.0,author_1,136.0,111.0,105.0,105.0,27.0,0.9459459459459459,0.05405405405405406,0.0,0.9629629629629629,0.0,11.0,False,,False,,"a man named David. He's parents are dead, and he lives with his grandmother named Lisa. Lisa is sick, and he is looking after her. David",2,False,human,ai,author_1,human,True,
2025-11-17 20:04:09.595000+00:00,"all his efforts he feels useless, as he can't cure his grandmother. David doesn't want to lose her as well. David researches about a cure,","spending late nights poring over medical books and scouring the internet for any shred of hope. One evening, as rain pattered against the window, he stumbled upon a",conv_691b7e95a50c8195930023ad653f234c0f03c18c9e706226,Q4UEVPVYJZ1E,2.0,1,human-ai,conv_691b7e95a50c8195930023ad653f234c0f03c18c9e706226,2.0,author_1,139.0,116.0,110.0,110.0,26.0,0.9482758620689655,0.05172413793103448,0.0,0.9230769230769231,0.0,11.0,False,,False,,"all his efforts he feels useless, as he can't cure his grandmother. David doesn't want to loose her aswell. David reasearches about a cure,",3,False,human,ai,author_1,human,True,1
2025-11-17 20:06:14.498000+00:00,"revelation. He will produce the cure himself. Davis is CEO of a programming company, and he wants to create a new section,","dedicated to developing advanced healthcare software. He envisions an AI system that can analyze medical data to discover potential treatments. Driven by determination, David allocates resources, recruits experts",conv_691b7e95a50c8195930023ad653f234c0f03c18c9e706226,Q4UEVPVYJZ1E,3.0,1,human-ai,conv_691b7e95a50c8195930023ad653f234c0f03c18c9e706226,3.0,author_1,122.0,101.0,97.0,97.0,22.0,0.9603960396039604,0.039603960396039604,0.0,1.0,0.0,11.0,False,,False,,"revelation. He will produce the cure himself. Davis is CEO of a programming company, and he wants to create a new section,",0,False,human,ai,author_1,human,True,2
2025-11-17 20:09:40.759000+00:00,"from all around the world. David pumps a lot of money into the project, determined to find a cure. After a lot of sleepless nights he","finally launches the first version of the software. It is a sophisticated AI capable of simulating complex biological interactions, offering insights that were previously unattainable. As the system begins",conv_691b7e95a50c8195930023ad653f234c0f03c18c9e706226,Q4UEVPVYJZ1E,4.0,1,human-ai,conv_691b7e95a50c8195930023ad653f234c0f03c18c9e706226,4.0,author_1,131.0,106.0,103.0,103.0,26.0,0.9716981132075472,0.02830188679245283,0.0,1.0,0.0,10.0,False,,False,,"from all around the world. David pumps a lot of money to the project, determined to find a cure. After a lot of sleepless nights he",2,False,human,ai,author_1,human,True,3
2025-11-17 20:12:04.318000+00:00,"working, hope finally becomes touchable. David is so close to finding a cure for his grandmother. But the system","unexpectedly encounters a critical flaw, causing it to crash just as it approached a breakthrough. Overwhelmed with frustration, David investigates tirelessly, uncovering that the error stemmed",conv_691b7e95a50c8195930023ad653f234c0f03c18c9e706226,Q4UEVPVYJZ1E,5.0,1,human-ai,conv_691b7e95a50c8195930023ad653f234c0f03c18c9e706226,5.0,author_1,111.0,93.0,90.0,90.0,19.0,0.967741935483871,0.03225806451612903,0.0,1.0,0.0,11.0,False,,False,,"working, hope finally becomes touchable. David is so close to finding a cure to his grandmother. But the system",2,False,human,ai,author_1,human,True,4
2025-11-17 20:14:53.253000+00:00,from a power breakage. Davis is furious and devastated. He smashes his hand on the table. His,"resolve wavers, but he quickly regains composure. He calls an emergency meeting with his team to strategize a solution. Determined not to let this setback halt their",conv_691b7e95a50c8195930023ad653f234c0f03c18c9e706226,Q4UEVPVYJZ1E,6.0,1,human-ai,conv_691b7e95a50c8195930023ad653f234c0f03c18c9e706226,6.0,author_1,93.0,77.0,74.0,74.0,17.0,0.961038961038961,0.03896103896103896,0.0,1.0,0.0,10.0,False,,False,,from a power breakage. Davis is furious and devastated. He smashes his hand on the table. His,0,False,human,ai,author_1,human,True,5
2025-11-17 20:17:22.888000+00:00,mission. David throws everything into the project. He invests all the company's money and resources into the project. David has never been so,"invested in anything in his life. His passion fuels his team, driving them to work harder and smarter. Finally, after weeks of intense effort, the system stabilizes,",conv_691b7e95a50c8195930023ad653f234c0f03c18c9e706226,Q4UEVPVYJZ1E,7.0,1,human-ai,conv_691b7e95a50c8195930023ad653f234c0f03c18c9e706226,7.0,author_1,137.0,115.0,111.0,111.0,24.0,0.9652173913043478,0.034782608695652174,0.0,0.9583333333333334,0.0,10.0,False,,False,,mission. David throws everything to the project. He invests all the company's money and resources to the project. Davis has never been so,5,False,human,ai,author_1,human,True,6
2025-11-17 20:20:08.047000+00:00,"and it finally works. After months of tremendous work it finally works! The system tracks a cure,","identifying a combination of treatments previously overlooked. David can hardly believe it. With the utmost care, he consults with medical experts and arranges for his grandmother to start the",conv_691b7e95a50c8195930023ad653f234c0f03c18c9e706226,Q4UEVPVYJZ1E,8.0,1,human-ai,conv_691b7e95a50c8195930023ad653f234c0f03c18c9e706226,8.0,author_1,98.0,82.0,79.0,79.0,17.0,0.9634146341463414,0.036585365853658534,0.0,1.0,0.0,10.0,False,,False,,"and it finally workes. After months of tremendous work it finally works! The system tracks a cure,",1,False,human,ai,author_1,human,True,7
2025-11-17 20:22:03.075000+00:00,"treatment. He returns home, so excited to tell his grandmother the big news. But as he returns home, there","is an unsettling silence. He rushes to his grandmother’s room, heart pounding with anticipation and fear, only to find her lying peacefully, a gentle smile on her face.",conv_691b7e95a50c8195930023ad653f234c0f03c18c9e706226,Q4UEVPVYJZ1E,9.0,1,human-ai,conv_691b7e95a50c8195930023ad653f234c0f03c18c9e706226,9.0,author_1,105.0,87.0,83.0,83.0,19.0,0.9540229885057471,0.04597701149425287,0.0,1.0,0.0,11.0,False,,False,,"treatment. He returns home, so exited to tell his grandmother the big news. But as he returns home, there",1,False,human,ai,author_1,human,True,8
2025-11-17 20:56:42.641000+00:00,a great explorer named Dan who ventured far and wide. Through great peril and numerous hardships he,"sought the fabled Whispering Peaks, mountains said to hold secrets of ancient wisdom. His journey began in a bustling harbor city, where tales of the peaks echoed in every",conv_691b8b725ae48193abaaaa9270b26d500f7b1fcbf105c42b,WXST1DKDSH3W,1.0,1,human-ai,conv_691b8b725ae48193abaaaa9270b26d500f7b1fcbf105c42b,1.0,author_1,99.0,83.0,82.0,82.0,17.0,0.9879518072289156,0.012048192771084338,0.0,1.0,0.0,9.0,False,,False,,a great explorer named Dan who ventured far and wide. Through great peril and numerous hardships he,0,False,human,ai,author_1,human,True,
2025-11-17 21:01:10.642000+00:00,"corner. In the city, he heard the tales of the Whispering Peaks from an old man at the bar. He told him of a legend, where the Whispering Peaks were said","to grant profound knowledge to those with pure intentions. The old man's eyes twinkled with mystery as he spoke, his voice barely above a whisper. ""But beware,"" he",conv_691b8b725ae48193abaaaa9270b26d500f7b1fcbf105c42b,WXST1DKDSH3W,2.0,1,human-ai,conv_691b8b725ae48193abaaaa9270b26d500f7b1fcbf105c42b,2.0,author_1,153.0,123.0,119.0,119.0,31.0,0.967479674796748,0.032520325203252036,0.0,1.0,0.0,10.0,False,,False,,"corner. In the city, he heard the tales of the Whispering Peaks from an old man at the bar. He told him of a legend, where the Whispering Peaks were said",0,False,human,ai,author_1,human,True,1
2025-11-17 21:05:04.806000+00:00,"warned. ""Whoever shall stand before the magic mountains with a selfish heart shall be forever cursed."" That made Dan nervous. He thought he was a good guy, but","doubts crept in. As he left the bar, he pondered his own intentions, questioning whether his desire for knowledge was truly selfless. He resolved to prove",conv_691b8b725ae48193abaaaa9270b26d500f7b1fcbf105c42b,WXST1DKDSH3W,3.0,1,human-ai,conv_691b8b725ae48193abaaaa9270b26d500f7b1fcbf105c42b,3.0,author_1,159.0,132.0,126.0,126.0,28.0,0.9545454545454546,0.045454545454545456,0.0,1.0,0.0,9.0,False,,False,,"warned. ""Whoever shall stand before the magic mountains with a selfish heart shall be forever cursed."" That made Dan nervous. He thought he was a good guy, but",0,False,human,ai,author_1,human,True,2
2025-11-17 21:10:12.941000+00:00,his worth to the gods by volunteering at the local chapel. He spent all day dusting off altars and mopping the holy floors. Then he saw a homeless man and,"shared his last few coins with him, offering a warm meal and a kind word. The man’s gratitude shone in his eyes, warming Dan's heart. Feeling a sense",conv_691b8b725ae48193abaaaa9270b26d500f7b1fcbf105c42b,WXST1DKDSH3W,4.0,1,human-ai,conv_691b8b725ae48193abaaaa9270b26d500f7b1fcbf105c42b,4.0,author_1,153.0,124.0,122.0,122.0,30.0,0.9838709677419355,0.016129032258064516,0.0,1.0,0.0,11.0,False,,False,,his worth to the gods by volontering at the local chapel. He spent all day dusting off altars and mopping the holy floors. Then he saw a homeless man and,2,False,human,ai,author_1,human,True,3
2025-11-17 21:13:35.596000+00:00,"of pride, he went his merry way towards the mountains, believing himself worthy of its secrets. Little did he know that his intentions to be good were","being silently observed by an ancient guardian of the peaks, disguised as a simple traveler. As Dan journeyed through the dense forests surrounding the mountains, he began to notice",conv_691b8b725ae48193abaaaa9270b26d500f7b1fcbf105c42b,WXST1DKDSH3W,5.0,1,human-ai,conv_691b8b725ae48193abaaaa9270b26d500f7b1fcbf105c42b,5.0,author_1,150.0,124.0,121.0,121.0,27.0,0.9758064516129032,0.024193548387096774,0.0,1.0,0.0,10.0,False,,False,,"of pride, he went his merry way towards the mountains, believing himself worthy of its secrets. Little did he know that his intentions to be good were",0,False,human,ai,author_1,human,True,4
2025-11-17 21:18:33.178000+00:00,"a whisper: ""Your good actions are sullied by your selfish reasons to do them. You wouldn't have shared the coin with the beggar had it not been for","your desire to prove something to yourself,"" the voice echoed through the trees. Startled, Dan stopped in his tracks, searching for the source. The traveler materialized from the",conv_691b8b725ae48193abaaaa9270b26d500f7b1fcbf105c42b,WXST1DKDSH3W,6.0,1,human-ai,conv_691b8b725ae48193abaaaa9270b26d500f7b1fcbf105c42b,6.0,author_1,147.0,120.0,116.0,116.0,29.0,0.9666666666666667,0.03333333333333333,0.0,0.9655172413793104,0.0,7.0,False,,False,,"a whisper: ""Your good actions are sullied by your selfish reasons to do them. You wouldn't have shared the coin with the beggar had it not been for",0,False,human,ai,author_1,human,True,5
2025-11-17 21:20:30.358000+00:00,"forest. ""Why, Dan, should I grant you my secrets?"" the traveler asked. ""Why do you think that you are worthy of","the wisdom of the Whispering Peaks?"" Dan hesitated, his heart pounding. ""I... I want to learn not just for myself but to help others,"" he stammer",conv_691b8b725ae48193abaaaa9270b26d500f7b1fcbf105c42b,WXST1DKDSH3W,7.0,1,human-ai,conv_691b8b725ae48193abaaaa9270b26d500f7b1fcbf105c42b,7.0,author_1,110.0,90.0,83.0,83.0,21.0,0.9222222222222223,0.07777777777777778,0.0,1.0,0.0,8.0,False,,False,,"forest. ""Why, Dan, should I grant you my secrets?"" The traveler asked ""Why do you think that you are worthy of",2,False,human,ai,author_1,human,True,6
2025-11-17 21:22:38.119000+00:00,"""LIAR,"" the traveler that read all hearts and desires shouted. ""You are nothing but a performative Samaritan, only helping when it","suits your needs."" Dan's heart sank, the words cutting deep. ""Please,"" he pleaded, ""I want to change. Give me a chance to prove I'm more",conv_691b8b725ae48193abaaaa9270b26d500f7b1fcbf105c42b,WXST1DKDSH3W,8.0,1,human-ai,conv_691b8b725ae48193abaaaa9270b26d500f7b1fcbf105c42b,8.0,author_1,131.0,111.0,105.0,105.0,21.0,0.9459459459459459,0.05405405405405406,0.0,1.0,0.0,12.0,False,,False,,"""LIAR,"" the traveler that read all hearts and desires shouted. ""You are nothing but a performative samarithan, only helping when it",2,False,human,ai,author_1,human,True,7
2025-11-17 21:26:40.548000+00:00,"than that,"" he begged. The traveler considered him ""Fine. You will get exactly what you wanted, you will receive the curse of knowing all that were and all","that will be, with the caveat of silence. You must use this knowledge wisely, without uttering a word."" Dan nodded solemnly, understanding the weight of his new",conv_691b8b725ae48193abaaaa9270b26d500f7b1fcbf105c42b,WXST1DKDSH3W,9.0,1,human-ai,conv_691b8b725ae48193abaaaa9270b26d500f7b1fcbf105c42b,9.0,author_1,155.0,128.0,122.0,122.0,28.0,0.953125,0.046875,0.0,1.0,0.0,10.0,False,,False,,"than that,"" he begged. The traveler considered him ""Fine. You will get exactly what you wanted, you will receive the curse of knowing all that were and all",0,False,human,ai,author_1,human,True,8
2025-11-17 23:05:19.473000+00:00,,"a peculiar village named Eldergrove, nestled deep within an ancient forest. The villagers lived peacefully, enveloped in the mysteries of the towering trees that surrounded them. Elderg",conv_691baa2b46788193b872ed7306db511f03e0f1b6d7bfd4c7,6VU7F1PCJY1T,1.0,1,human-ai,conv_691baa2b46788193b872ed7306db511f03e0f1b6d7bfd4c7,1.0,author_2,0.0,0.0,0.0,0.0,0.0,0.0,0.0,0.0,0.0,0.0,0.0,False,protocol_empty,False,,,0,False,human,ai,author_2,ai,False,
2025-11-17 23:07:15.961000+00:00,"rove hides a dark secret, as it is apparent to the citizens that the trees are not naturally occurring, but rather a scar of an incident involving","a long-forgotten magic. Legends speak of a sorcerer who, centuries ago, tried to harness the power of the forest by embedding his essence into the earth itself",conv_691baa2b46788193b872ed7306db511f03e0f1b6d7bfd4c7,6VU7F1PCJY1T,2.0,1,human-ai,conv_691baa2b46788193b872ed7306db511f03e0f1b6d7bfd4c7,2.0,author_2,146.0,120.0,118.0,118.0,27.0,0.9833333333333333,0.016666666666666666,0.0,1.0,0.0,9.0,False,,False,,"rove hides a dark secret, as it is apparent to the citizens that the trees are not naturally occurring, but rather a scar of an incident involving",0,False,human,ai,author_2,ai,True,1
2025-11-17 23:10:22.878000+00:00,"Centuries later, a young boy is born, suspected to be the reincarnation of this legendary sorcerer. This causes","whispers and unease to ripple through the village. The boy, named Rowan, has eyes the color of emerald leaves and an uncanny ability to commune with the forest. As",conv_691baa2b46788193b872ed7306db511f03e0f1b6d7bfd4c7,6VU7F1PCJY1T,3.0,1,human-ai,conv_691baa2b46788193b872ed7306db511f03e0f1b6d7bfd4c7,3.0,author_2,111.0,94.0,91.0,91.0,18.0,0.9680851063829787,0.031914893617021274,0.0,1.0,0.0,13.0,False,,False,,"Centuries later, a young boy is born, suspected to be the reincarnation of this legendary sorcerer. This causes",0,False,human,ai,author_2,ai,True,2
2025-11-17 23:13:06.519000+00:00,"he discovers one day. While being chased by a monster, the forest saves him by turning him into a tree. This deeply disturbs Rowan, who","feels a surge of power course through his veins. Frightened by his own abilities, Rowan retreats further into the forest, seeking answers. The ancient trees whisper secrets to",conv_691baa2b46788193b872ed7306db511f03e0f1b6d7bfd4c7,6VU7F1PCJY1T,4.0,1,human-ai,conv_691baa2b46788193b872ed7306db511f03e0f1b6d7bfd4c7,4.0,author_2,134.0,110.0,106.0,106.0,25.0,0.9636363636363636,0.03636363636363636,0.0,1.0,0.0,9.0,False,,False,,"he discovers one day. While being chased by a monster, the forest saves him by turning it into a tree. This deeply distrubs Rowan, who",4,False,human,ai,author_2,ai,True,3
2025-11-17 23:16:07.424000+00:00,"Rowan, about his destiny to either save the forest or destroy it, by either repeating his","ancestor's mistakes or forging a new path. Torn by this revelation, Rowan must decide whether to embrace the magic within or find a separate way to protect Eldergrove from looming",conv_691baa2b46788193b872ed7306db511f03e0f1b6d7bfd4c7,6VU7F1PCJY1T,5.0,1,human-ai,conv_691baa2b46788193b872ed7306db511f03e0f1b6d7bfd4c7,5.0,author_2,89.0,74.0,72.0,72.0,16.0,0.972972972972973,0.02702702702702703,0.0,1.0,0.0,9.0,False,,False,,"Rowan, about his destiny to either save the forest or destroy it, by either repeating his",0,False,human,ai,author_2,ai,True,4
2025-11-17 23:18:37.099000+00:00,"monsters from the feared Deepshrub, who were sealed into the dark by the magic of Rowan's ancestor. The ancient tree teaches Rowan","about the forgotten rituals needed to strengthen the barrier keeping the monsters at bay. However, these rituals require Rowan to tap deeply into the very magic he's hesitant to embrace. With the",conv_691baa2b46788193b872ed7306db511f03e0f1b6d7bfd4c7,6VU7F1PCJY1T,6.0,1,human-ai,conv_691baa2b46788193b872ed7306db511f03e0f1b6d7bfd4c7,6.0,author_2,130.0,109.0,106.0,106.0,23.0,0.9724770642201835,0.027522935779816515,0.0,0.9565217391304348,0.0,9.0,False,,False,,"monsters from the feared Deepshrub, who were sealed into the dark by the magic of Rowan's ancestor. The ancient tree teaches Rowan",0,False,human,ai,author_2,ai,True,5
2025-11-17 23:22:02.288000+00:00,"newfound knowledge, Rowan decides to journey out into the world to find a master who can teach him how to tap into his magic.","Heading toward distant lands, Rowan encounters a wanderer named Sylas, who is rumored to have once harnessed the powers of the forest. Skeptical yet hopeful, Rowan",conv_691baa2b46788193b872ed7306db511f03e0f1b6d7bfd4c7,6VU7F1PCJY1T,7.0,1,human-ai,conv_691baa2b46788193b872ed7306db511f03e0f1b6d7bfd4c7,7.0,author_2,126.0,103.0,100.0,100.0,24.0,0.970873786407767,0.02912621359223301,0.0,1.0,0.0,9.0,False,,False,,"newfound knowledge, Rowan decides to journey out into the world to find a master, who can teach him how to tap into his magic.",1,False,human,ai,author_2,ai,True,6
2025-11-17 23:26:33.627000+00:00,politely asks him to teach him the ways. He accepts on the condition that Rowan must first prove himself by climbing the mystical,"peaks of Stonefrost Mountain, where the essence of nature and magic converge. It is said that only those pure of heart can reach the summit and return with a token",conv_691baa2b46788193b872ed7306db511f03e0f1b6d7bfd4c7,6VU7F1PCJY1T,8.0,1,human-ai,conv_691baa2b46788193b872ed7306db511f03e0f1b6d7bfd4c7,8.0,author_2,129.0,107.0,106.0,106.0,23.0,0.9906542056074766,0.009345794392523364,0.0,1.0,0.0,9.0,False,,False,,polietly asks him to teach him the ways. He accepts on the condition that Rowan must first prove himself by climbing the mystical,2,False,human,ai,author_2,ai,True,7
2025-11-17 23:29:35.415000+00:00,"of friendship from the local tribe of frost spirits. Rowan, however, is tricked as Sylas plans to use the token","to enhance his own powers, an ambition driven by a desire to control the forest. Unaware of this betrayal, Rowan sets off, determined to prove himself. As he reaches",conv_691baa2b46788193b872ed7306db511f03e0f1b6d7bfd4c7,6VU7F1PCJY1T,9.0,1,human-ai,conv_691baa2b46788193b872ed7306db511f03e0f1b6d7bfd4c7,9.0,author_2,111.0,92.0,89.0,89.0,20.0,0.967391304347826,0.03260869565217391,0.0,1.0,0.0,10.0,False,,False,,"of friendship from the local tribe of frost spirits. Rowan, however, is tricked as Sylas plans to use the token",0,False,human,ai,author_2,ai,True,8
2025-11-18 14:40:19.572000+00:00,"a man and a woman, who both enjoyed skiing in the mountain range and enjoying their best life during the winter season. Skiing was for them","more than just a hobby; it was a shared passion that represented freedom and adventure. Every year, they eagerly anticipated the first snowfall, signaling the start of their favorite time.",conv_691c84edfb24819590a3e29782cdd10d03ba8eb739f774a6,KQ4ZJ5WX5CCA,2.0,1,human-ai,conv_691c84edfb24819590a3e29782cdd10d03ba8eb739f774a6,1.0,author_1,139.0,114.0,112.0,112.0,26.0,0.9824561403508771,0.017543859649122806,0.0,1.0,0.0,8.0,False,,False,,"a man and a woman, who both enjoyed skiing in the mountain range and enjoying their best life during the winter season. Skiing was for them",0,False,human,ai,author_1,human,True,
2025-11-18 14:41:56.100000+00:00,"Sometimes they took ski trips to other parts of Austria, not just Tyrol, where they stayed, or France, where they visited family as well. Together",", they sought out the most challenging slopes and hidden trails, constantly pushing their limits and discovering new breathtaking vistas. Each trip was a fresh adventure, binding them closer with laughter shared",conv_691c84edfb24819590a3e29782cdd10d03ba8eb739f774a6,KQ4ZJ5WX5CCA,3.0,1,human-ai,conv_691c84edfb24819590a3e29782cdd10d03ba8eb739f774a6,2.0,author_1,143.0,120.0,115.0,115.0,25.0,0.9583333333333334,0.041666666666666664,0.0,1.0,0.0,9.0,False,,False,,"Sometimes the took ski-trips to other parts of Austria, not just Tyrol, where the stayed or France, where they visited family as well. Together",4,False,human,ai,author_1,human,True,1
2025-11-18 14:43:34.792000+00:00,"One day the woman, Frida, had to buy a new pair of skis, as her old ones were worn out by the countless times she had used them. She wanted a","pair that were both sleek and sturdy, capable of keeping up with her adventurous spirit. At the ski shop, she was drawn to a pair with a striking blue pattern that shimmer",conv_691c84edfb24819590a3e29782cdd10d03ba8eb739f774a6,KQ4ZJ5WX5CCA,4.0,1,human-ai,conv_691c84edfb24819590a3e29782cdd10d03ba8eb739f774a6,3.0,author_1,143.0,113.0,109.0,109.0,31.0,0.9646017699115044,0.035398230088495575,0.0,1.0,0.0,9.0,False,,False,,"One day the woman, Frida, had to buy a new pair of skies, as her old ones where worn out by the countless times she had used them. She wanted a",2,False,human,ai,author_1,human,True,2
2025-11-18 14:44:55.119000+00:00,"that lilac color she had loved as a child. However, an even more interesting pair had come up. Pink with black stars and matching lightning green-ski.","poles, they seemed almost electric in their vibrance. Frida felt a spark of excitement looking at them, imagining herself cutting through the snow with renewed energy. She turned",conv_691c84edfb24819590a3e29782cdd10d03ba8eb739f774a6,KQ4ZJ5WX5CCA,5.0,1,human-ai,conv_691c84edfb24819590a3e29782cdd10d03ba8eb739f774a6,4.0,author_1,149.0,124.0,120.0,120.0,27.0,0.967741935483871,0.03225806451612903,0.0,1.0,0.0,11.0,False,,False,,"that lilac color she had loved as a child. However, an even more interesting pair had come up. Pink with black stars and matching lightning green-ski",1,False,human,ai,author_1,human,True,3
2025-11-18 14:46:27.064000+00:00,"to her husband, Hansel, and they both knew it was just right. They drove home with the new pair of skis in their BMW, ready for next time the","mountains called their names. As they journeyed along the winding roads, Hansel commented, “I can already picture you flying down those slopes.” Frida smiled, feeling",conv_691c84edfb24819590a3e29782cdd10d03ba8eb739f774a6,KQ4ZJ5WX5CCA,6.0,1,human-ai,conv_691c84edfb24819590a3e29782cdd10d03ba8eb739f774a6,5.0,author_1,142.0,114.0,110.0,110.0,29.0,0.9649122807017544,0.03508771929824561,0.0,0.9655172413793104,0.0,7.0,False,,False,,"to her husband, Hansel, and they both knew it was just right. They drove home with the new pair of skies in their BMW, ready for next time the",1,False,human,ai,author_1,human,True,4
2025-11-18 14:47:32.291000+00:00,nervous and excited. like a child before Christmas. She asked Hansel if he needed any new gear before his,"upcoming race in Zermatt. Hansel shook his head, reassuring her with a grin. “I’ll be fine with my trusty set,” he said, tapping the",conv_691c84edfb24819590a3e29782cdd10d03ba8eb739f774a6,KQ4ZJ5WX5CCA,7.0,1,human-ai,conv_691c84edfb24819590a3e29782cdd10d03ba8eb739f774a6,6.0,author_1,106.0,88.0,85.0,85.0,19.0,0.9659090909090909,0.03409090909090909,0.0,1.0,0.0,9.0,False,,False,,"nervous and excited. like a child before christmas. She asked Hansel, if he needed any new gear before his",2,False,human,ai,author_1,human,True,5
2025-11-18 14:49:14.428000+00:00,"gear stick in the car. Luckily Frida knew just which pair of gloves he wanted, but was too resource-aware to ask for anything","frivolous. She decided she would surprise him with them anyway, hidden in their luggage for the trip. As they neared home, the setting sun cast a warm",conv_691c84edfb24819590a3e29782cdd10d03ba8eb739f774a6,KQ4ZJ5WX5CCA,8.0,1,human-ai,conv_691c84edfb24819590a3e29782cdd10d03ba8eb739f774a6,7.0,author_1,125.0,102.0,100.0,100.0,24.0,0.9803921568627451,0.0196078431372549,0.0,1.0,0.0,8.0,False,,False,,"gear stick in the car. Luckily Frida knew just which pair of gloves he wanted, but was too resource aware to ask for anything",1,False,human,ai,author_1,human,True,6
2025-11-18 14:50:02.013000+00:00,"shadow on everything. They stepped out of the car and went into the grocery store to buy cheese, milk, and","some fresh bread for their evening meal. The comforting thought of a cozy dinner by the fireplace awaited them. That night, as they sat by the fire, Hansel talked passionately",conv_691c84edfb24819590a3e29782cdd10d03ba8eb739f774a6,KQ4ZJ5WX5CCA,9.0,1,human-ai,conv_691c84edfb24819590a3e29782cdd10d03ba8eb739f774a6,8.0,author_1,105.0,86.0,84.0,84.0,20.0,0.9767441860465116,0.023255813953488372,0.0,1.0,0.0,10.0,False,,False,,"shadow on everything. They stepped out of the car and went into the grocery store to buy cheese, milk and",1,False,human,ai,author_1,human,True,7
2025-11-18 14:51:45.432000+00:00,"about climate change and new elections. He also talked about the ""new world order"" as he had phrased it, where climate change is dismissed in","favor of economic interests by certain political alliances. The conference room buzzed with murmurs as Dr. Wesley continued, his voice steady yet urgent.

""The decisions we make in the",conv_691c84edfb24819590a3e29782cdd10d03ba8eb739f774a6,KQ4ZJ5WX5CCA,10.0,1,human-ai,conv_691c84edfb24819590a3e29782cdd10d03ba8eb739f774a6,9.0,author_1,142.0,118.0,113.0,113.0,25.0,0.9576271186440678,0.0423728813559322,0.0,1.0,0.0,9.0,False,,False,,"about climate change and new elections. He also talked about the ""new world order"" as he had phrased it,. where climate chnage is dismissed in",3,False,human,ai,author_1,human,True,8
2025-11-19 13:37:26.875000+00:00,a group of adventurers that have fallen on hard times. They failed their last contract and are now desperate to redeem themselves and climb the,"ladder of reputation in the bustling city of Eldoria. The sun dipped below the horizon, casting long shadows over the cobblestone streets as the group gathered in their usual",conv_691dc7c061d8819797504b613ba6691208409e48769ea891,CUV6ECP3GUC9,1.0,1,human-ai,conv_691dc7c061d8819797504b613ba6691208409e48769ea891,1.0,author_1,143.0,119.0,118.0,118.0,25.0,0.9915966386554622,0.008403361344537815,0.0,1.0,0.0,13.0,False,,False,,a goupe of adventerorure that have fallen on hard times. They faild there last contract and are now desperat to redeam themselves and climb the,12,False,human,ai,author_1,human,True,
2025-11-19 13:41:17.257000+00:00,"gear, to find yet another cheap in for the night. They had spent the last of their coin, so they wandered around the dark, when a scream echoed","from a nearby alley. Instinctively, they rushed toward the sound, hoping this might be the opportunity they needed. As they entered the narrow passage, they found a hun",conv_691dc7c061d8819797504b613ba6691208409e48769ea891,CUV6ECP3GUC9,2.0,1,human-ai,conv_691dc7c061d8819797504b613ba6691208409e48769ea891,2.0,author_1,142.0,115.0,111.0,111.0,28.0,0.9652173913043478,0.034782608695652174,0.0,1.0,0.0,8.0,False,,False,,"gear, to find yet another cheep in for the night. They had spend the last of there coin, so they wandered around the dark, when a screem ecoed",6,False,human,ai,author_1,human,True,1
2025-11-19 13:43:13.339000+00:00,a struggle. Three men were about to snatch an older man's purse as the gold coins spilled out into the muddy street. One of the party began,"to draw their sword, the glint of steel catching the moonlight. ""Not tonight,"" the warrior growled. The thief froze, eyes wide in surprise, while the",conv_691dc7c061d8819797504b613ba6691208409e48769ea891,CUV6ECP3GUC9,3.0,1,human-ai,conv_691dc7c061d8819797504b613ba6691208409e48769ea891,3.0,author_1,139.0,113.0,111.0,111.0,27.0,0.9823008849557522,0.017699115044247787,0.0,1.0,0.0,8.0,False,,False,,a struggle. Three men ware about to snatch an older mans purse as the gold coins spilled out into the muddy street. One of the party begain,3,False,human,ai,author_1,human,True,2
2025-11-19 13:44:21.978000+00:00,"the old man looked up in disbelief. He had expected to die, the adventurer could see. He begged,","“Please, don’t hurt me!” The adventurers sprung into action. The rogue in their group deftly darted forward, retrieving the scattered coins, while the mage whispered",conv_691dc7c061d8819797504b613ba6691208409e48769ea891,CUV6ECP3GUC9,4.0,1,human-ai,conv_691dc7c061d8819797504b613ba6691208409e48769ea891,4.0,author_1,96.0,79.0,75.0,75.0,18.0,0.9493670886075949,0.05063291139240506,0.0,1.0,0.0,11.0,False,,False,,"the old man looked up in disbelife. He had expcted to die, the adventrurer could see. He begged,",4,False,human,ai,author_1,human,True,3
2025-11-19 13:45:47.185000+00:00,"an infernal spell, ready to cast a fireball on the nearest foe. Only the fighter had begun to collect the gold coins, in an attempt to secure","the old man's belongings. The thieves, realizing they were outmatched, began to back away. The leader of the thugs sneered and snarled, ""This isn't over",conv_691dc7c061d8819797504b613ba6691208409e48769ea891,CUV6ECP3GUC9,5.0,1,human-ai,conv_691dc7c061d8819797504b613ba6691208409e48769ea891,5.0,author_1,140.0,114.0,111.0,111.0,27.0,0.9736842105263158,0.02631578947368421,0.0,1.0,0.0,8.0,False,,False,,"an infernal spell, ready to case a fireball on the nearest foe. Only the fighter had begun to colected the gold coins, in an atemt to secure",6,False,human,ai,author_1,human,True,4
2025-11-19 13:47:45.465000+00:00,"The old man suddenly began to convulse. The Wizard realized immediately, something Evil was going on. The old man spit blood as the coins the","thief held started to glow a sinister red. ""It's cursed!"" warned the wizard, dropping the coins. The air grew thick with dark magic, and shadows twisted around them",conv_691dc7c061d8819797504b613ba6691208409e48769ea891,CUV6ECP3GUC9,6.0,1,human-ai,conv_691dc7c061d8819797504b613ba6691208409e48769ea891,6.0,author_1,136.0,112.0,109.0,109.0,25.0,0.9732142857142857,0.026785714285714284,0.0,1.0,0.0,9.0,False,,False,,"The old man suddely begain to convulse. The Wisard realaised emidiatly, somtih Evil was going on. The old man spit blod as the coins the",14,False,human,ai,author_1,human,True,5
2025-11-19 13:49:21.282000+00:00,"as the old man vanished and a figure took his place. Eyes red and burning, a dark, rumbling voice screaming: Leave! Never return","to this alley, or face your doom!"" The adventurers stood firm, exchanging determined glances. The leader of the group stepped forward, saying, ""We’re not easily",conv_691dc7c061d8819797504b613ba6691208409e48769ea891,CUV6ECP3GUC9,7.0,1,human-ai,conv_691dc7c061d8819797504b613ba6691208409e48769ea891,7.0,author_1,127.0,105.0,100.0,100.0,23.0,0.9523809523809523,0.047619047619047616,0.0,1.0,0.0,10.0,False,,False,,"as the old man wanish and a figue took his plase. Eyes red and burning, a dark, rumbbeling voice screaming: Leave! Never return",7,False,human,ai,author_1,human,True,6
2025-11-19 13:50:54.033000+00:00,"fightent, but that is a little over our paygrade!"" He looked at his friends and saw that only the brigands remained. He judged that they deserved to die.","for their crimes. With a decisive nod, the adventurers fought fiercely, driving the brigands away. As the shadowy figure retreated, the sinister energy dissipated.",conv_691dc7c061d8819797504b613ba6691208409e48769ea891,CUV6ECP3GUC9,8.0,1,human-ai,conv_691dc7c061d8819797504b613ba6691208409e48769ea891,8.0,author_1,148.0,121.0,117.0,117.0,28.0,0.9669421487603306,0.03305785123966942,0.0,1.0,0.0,8.0,False,,False,,"fightent, but that is a little over our paygrade!"" He looked at his friens an saw that only the briggans remaind. He judes that they deservet to die",9,False,human,ai,author_1,human,True,7
2025-11-19 13:52:27.325000+00:00,"But in the demon's last attempt, it swallowed one of the thieves. Growing stronger, it shattered the leg of the wizard, that was prepared to","unleash another spell. The fighter grabbed the wizard, helping him to safety, while the rogue used their agility to distract the demon. With one last combined effort, the",conv_691dc7c061d8819797504b613ba6691208409e48769ea891,CUV6ECP3GUC9,9.0,1,human-ai,conv_691dc7c061d8819797504b613ba6691208409e48769ea891,9.0,author_1,136.0,112.0,109.0,109.0,25.0,0.9732142857142857,0.026785714285714284,0.0,1.0,0.0,9.0,False,,False,,"But in the demons last atempt, it swallowed one of the thiefes. Growing stronger it shattered the lag of the wisard, that was perpard to",9,False,human,ai,author_1,human,True,8
2025-11-19 13:39:23.001000+00:00,"Willy a big ass frog, he lives in a swamp and likes to eat bugs and ice cream. One day a traveler arrives, he wants the frog for his",,conv_691dc83ec728819085d614247e77833604d03bd64a490dfd,YUN4EDXQGZ3F,1.0,2,human-ai,conv_691dc83ec728819085d614247e77833604d03bd64a490dfd,1.0,author_1,133.0,105.0,102.0,102.0,29.0,0.9714285714285714,0.02857142857142857,0.0,1.0,0.0,9.0,False,,False,,"willy a big ass frog, he lives in a swamp and likes to eat bugs and ice cream. one day a traveller arrives, he wants the frog for his",3,False,human,ai,author_1,human,False,
2025-11-19 13:40:58.785000+00:00,"circus. Willy is unsure, the circus sounds fun, but he is used to living in the swamp and has never seen anything else.","The traveller, a wiry man with a curled mustache and a coat adorned with faded gold buttons, crouched at the swamp's edge.",conv_691dc83ec728819085d614247e77833604d03bd64a490dfd,YUN4EDXQGZ3F,2.0,2,human-ai,conv_691dc83ec728819085d614247e77833604d03bd64a490dfd,2.0,author_1,119.0,97.0,93.0,93.0,23.0,0.9587628865979382,0.041237113402061855,0.0,1.0,0.0,8.0,False,,False,,"circus. Willy is unsure, the circus sounds fun, but he is used to living in the swamp and has never seen anything else.",0,False,human,ai,author_1,human,True,1
2025-11-19 13:42:09.088000+00:00,"come with me great frog, you are so fat and ugly, the sight of you in the circus would be marvelous. In the circus we have tons of ice cream,","and the crowds will marvel at your magnificent size,"" the traveller continued, pulling a small waxy cone from his satchel. The scent of vanilla wafte",conv_691dc83ec728819085d614247e77833604d03bd64a490dfd,YUN4EDXQGZ3F,3.0,2,human-ai,conv_691dc83ec728819085d614247e77833604d03bd64a490dfd,3.0,author_1,141.0,112.0,108.0,108.0,30.0,0.9642857142857143,0.03571428571428571,0.0,1.0,0.0,9.0,False,,False,,"come with me great frog, you are so fat and ugly, the sight of you in the circus would be marvelous. In the circus we have tons of ice cream,",0,False,human,ai,author_1,human,True,2
2025-11-19 13:44:04.132000+00:00,"Willy is amazed, damn that smell is hella nice. The traveller finds a document, he wants Willy to sign it. Willy almost does,","but something makes him pause. The paper is covered in tiny, cramped writing that seems to squirm in the lantern light. The traveller's smile stretches",conv_691dc83ec728819085d614247e77833604d03bd64a490dfd,YUN4EDXQGZ3F,4.0,2,human-ai,conv_691dc83ec728819085d614247e77833604d03bd64a490dfd,4.0,author_1,124.0,102.0,97.0,97.0,23.0,0.9509803921568627,0.049019607843137254,0.0,1.0,0.0,9.0,False,,False,,"Willy is amazed, damn that smell is hella nice. The traveller finds a document, he wants willy so sign it. Willy alomost do,",5,False,human,ai,author_1,human,True,3
2025-11-19 13:45:30.507000+00:00,"across his face, he almost looks hungry. willy notices a line in small letters at the bottom, he also signs away his","freedom to leave. ""Permanent employment,"" the words read, ""bound to the circus for all days remaining."" 

Willy's webbed hand trembles,",conv_691dc83ec728819085d614247e77833604d03bd64a490dfd,YUN4EDXQGZ3F,5.0,2,human-ai,conv_691dc83ec728819085d614247e77833604d03bd64a490dfd,5.0,author_1,115.0,94.0,91.0,91.0,22.0,0.9680851063829787,0.031914893617021274,0.0,1.0,0.0,7.0,False,,False,,"across his face, he almost look hungry. willy notices a line in small letters at the bottom, he also signs away his",1,False,human,ai,author_1,human,True,4
2025-11-19 13:46:59.648000+00:00,"Is this the right thing to do? The traveller seems increasingly suspect; he might be the devil, Willy thinks.","The traveller's shadow stretches unnaturally long across the murky water, reaching toward Willy like grasping fingers. His eyes gleam with an eager",conv_691dc83ec728819085d614247e77833604d03bd64a490dfd,YUN4EDXQGZ3F,6.0,2,human-ai,conv_691dc83ec728819085d614247e77833604d03bd64a490dfd,6.0,author_1,109.0,91.0,87.0,87.0,19.0,0.9560439560439561,0.04395604395604396,0.0,1.0,0.0,12.0,False,,False,,"is this the right thing to do, the traveller seems increasingly suspect, he might be the devil, willy thinks.",5,False,human,ai,author_1,human,True,5
2025-11-19 13:48:02.212000+00:00,"Willy is no fool, he knows that in this life is survival of the fittest. If the devil is coming for Willy,","then Willy will come for the devil first. With a powerful leap that sends swamp water exploding in all directions, the massive frog launches himself at the trav",conv_691dc83ec728819085d614247e77833604d03bd64a490dfd,YUN4EDXQGZ3F,7.0,2,human-ai,conv_691dc83ec728819085d614247e77833604d03bd64a490dfd,7.0,author_1,105.0,84.0,81.0,81.0,22.0,0.9642857142857143,0.03571428571428571,0.0,1.0,0.0,7.0,False,,False,,"Willy is no fool, he knows that in this life is surival of the fittest. If the devil is coming for Willy,",1,False,human,ai,author_1,human,True,6
2025-11-19 13:49:15.071000+00:00,"eller, he pulls out his frog knife, long and sharp. With a quick slice, he opens the traveller up and watches him.","collapse into the swamp with a gurgling cry. But instead of blood, golden coins pour from the wound, clinking and splashing into the dark water. The trav",conv_691dc83ec728819085d614247e77833604d03bd64a490dfd,YUN4EDXQGZ3F,8.0,2,human-ai,conv_691dc83ec728819085d614247e77833604d03bd64a490dfd,8.0,author_1,108.0,88.0,84.0,84.0,21.0,0.9545454545454546,0.045454545454545456,0.0,1.0,0.0,9.0,False,,False,,"eller, he pulls out his frog knife, long and sharp. With a quick he slices the traveller open, and watch him",18,False,human,ai,author_1,human,True,7
2025-11-19 13:51:31.980000+00:00,"eller looks at the frog, ""why did you do this, it was a great contract"" he says. Willy suddenly remembers","s his old grandmother's warning: ""Never trust a man who bleeds gold, for he trades in stolen dreams."" The traveller clutches at the coins spilling from",conv_691dc83ec728819085d614247e77833604d03bd64a490dfd,YUN4EDXQGZ3F,9.0,2,human-ai,conv_691dc83ec728819085d614247e77833604d03bd64a490dfd,9.0,author_1,104.0,85.0,80.0,80.0,20.0,0.9411764705882353,0.058823529411764705,0.0,1.0,0.0,8.0,False,,False,,"eller looks at the frog, ""why did you do this, it was a great contract"" he says. Willy suddenly remember",1,False,human,ai,author_1,human,True,8
2025-11-20 04:52:04.209000+00:00,"Once, not far too many years ago, a big accident happened. It happened not just once, not just twice, but seven times in","the small town of Willow Creek. Each incident occurred precisely at midnight, leaving the townspeople bewildered and afraid. Whispers of curses and restless spirits echoed through the streets,",conv_691e9e26b7688197a86e51a9d9a7dfe1052dd4511749a606,3RUNC9DV5H1A,1.0,1,human-ai,conv_691e9e26b7688197a86e51a9d9a7dfe1052dd4511749a606,1.0,author_1,118.0,96.0,91.0,91.0,23.0,0.9479166666666666,0.052083333333333336,0.0,1.0,0.0,8.0,False,,False,,"Once, not far too many years ago, a big accident happend. It happend not just once, not just twice, but seven times in",2,False,human,ai,author_1,human,True,
2025-11-20 04:54:26.581000+00:00,"as the dunkle people swept through the night. The air was heavy and the mist thick. As she walked through the streets, her heart beat a","steady rhythm of both fear and curiosity. Isabelle, the town's librarian, had always been drawn to the mysteries of Willow Creek. With a lantern in hand, she ventured deeper",conv_691e9e26b7688197a86e51a9d9a7dfe1052dd4511749a606,3RUNC9DV5H1A,2.0,1,human-ai,conv_691e9e26b7688197a86e51a9d9a7dfe1052dd4511749a606,2.0,author_1,135.0,110.0,107.0,107.0,26.0,0.9727272727272728,0.02727272727272727,0.0,1.0,0.0,7.0,False,,False,,"as the dunkle people swept through the night. The air was heavy and the mist thick. As she walked through the streets, her heart beat a",0,False,human,ai,author_1,human,True,1
2025-11-20 04:55:30.463000+00:00,"in the old part of town. A part she normally was not allowed to go near, but the circumstances made","her brave. Shadows danced along the cobbled streets, and the distant echoes of whispers seemed to call her name. Isabelle knew she had to uncover the truth behind these strange occurrences",conv_691e9e26b7688197a86e51a9d9a7dfe1052dd4511749a606,3RUNC9DV5H1A,3.0,1,human-ai,conv_691e9e26b7688197a86e51a9d9a7dfe1052dd4511749a606,3.0,author_1,99.0,80.0,78.0,78.0,20.0,0.975,0.025,0.0,1.0,0.0,13.0,False,,False,,"in the old part of town. A part she normally was not allowed to go near, but the circumstances made",0,False,human,ai,author_1,human,True,2
2025-11-20 04:57:27.828000+00:00,though she did it in spite. Her brother had always treated her as a mindless child. This was the time to prove him wrong.,"As she pressed on, Isabelle stumbled upon an ancient map, tucked away in a hidden alcove near the abandoned clock tower. The map detailed a network of tunnels beneath the town",conv_691e9e26b7688197a86e51a9d9a7dfe1052dd4511749a606,3RUNC9DV5H1A,4.0,1,human-ai,conv_691e9e26b7688197a86e51a9d9a7dfe1052dd4511749a606,4.0,author_1,121.0,98.0,95.0,95.0,24.0,0.9693877551020408,0.030612244897959183,0.0,1.0,0.0,8.0,False,,False,,though she did it in spite. Her brother had always treated her as a mindless child. This was the time to prove him wrong.,0,False,human,ai,author_1,human,True,3
2025-11-20 04:58:52.341000+00:00,". A map that the spiteful brother had hidden from her and the rest of their family. She didn't fully grasp why he did so, but she was sure it had","something to do with the strange accidents. Determined, Isabelle followed the map to a narrow entrance hidden behind an overgrown thicket. As she descended into the tunnels, the",conv_691e9e26b7688197a86e51a9d9a7dfe1052dd4511749a606,3RUNC9DV5H1A,5.0,1,human-ai,conv_691e9e26b7688197a86e51a9d9a7dfe1052dd4511749a606,5.0,author_1,146.0,116.0,112.0,112.0,31.0,0.9655172413793104,0.034482758620689655,0.0,0.967741935483871,0.0,9.0,False,,False,,". A map that the spitefull brother had hidden from her and the rest of their family. She didn't fully crasp why he did so, but she was sure it had",2,False,human,ai,author_1,human,True,4
2025-11-20 05:00:17.816000+00:00,"air switched from heavy and dense to light, almost strangling the senses that were used to the heavy breaths. She felt dizzy but was","resolved to continue. The walls of the tunnel were lined with cryptic symbols and old engravings, hinting at forgotten legends of Willow Creek. As she moved deeper, she",conv_691e9e26b7688197a86e51a9d9a7dfe1052dd4511749a606,3RUNC9DV5H1A,6.0,1,human-ai,conv_691e9e26b7688197a86e51a9d9a7dfe1052dd4511749a606,6.0,author_1,133.0,110.0,108.0,108.0,24.0,0.9818181818181818,0.01818181818181818,0.0,1.0,0.0,11.0,False,,False,,"air switched from heavy and dense to light, almost strangeling the senses that where use to the heavy breaths. She felt dizzy but was",3,False,human,ai,author_1,human,True,5
2025-11-20 05:01:44.472000+00:00,her vision became less and less. Determined not to turn around she kept going. Kept going until she,"saw a faint, flickering light ahead. It was a dim, warm glow, inviting yet mysterious. Isabelle approached cautiously, discovering a cavern filled with ancient artifacts and a",conv_691e9e26b7688197a86e51a9d9a7dfe1052dd4511749a606,3RUNC9DV5H1A,7.0,1,human-ai,conv_691e9e26b7688197a86e51a9d9a7dfe1052dd4511749a606,7.0,author_1,99.0,82.0,80.0,80.0,18.0,0.975609756097561,0.024390243902439025,0.0,1.0,0.0,10.0,False,,False,,her vision became less and less. Determined not to turn around she kept going. Kept going until she,0,False,human,ai,author_1,human,True,6
2025-11-20 05:03:33.725000+00:00,"big puddle of liquid right in the middle of the cavern. Though it was no ordinary puddle, the water","shimmered with a strange luminescence, casting ethereal reflections on the walls. Isabelle knelt beside it, her fingers trailing the surface. Suddenly, images danced across",conv_691e9e26b7688197a86e51a9d9a7dfe1052dd4511749a606,3RUNC9DV5H1A,8.0,1,human-ai,conv_691e9e26b7688197a86e51a9d9a7dfe1052dd4511749a606,8.0,author_1,99.0,81.0,79.0,79.0,19.0,0.9753086419753086,0.024691358024691357,0.0,1.0,0.0,8.0,False,,False,,"big puddle of liquid right in the middle of the cavern. Though it was no ordinary puddle, the water",0,False,human,ai,author_1,human,True,7
2025-11-20 05:04:30.743000+00:00,"the water, images of old memories and people in her life that had disappeared. It all seemed so real, like she was in the water dancing","alongside them. The water seemed to whisper secrets, hinting at the origins of the accidents and the hidden truths behind her brother's actions. Isabelle realized she was on the",conv_691e9e26b7688197a86e51a9d9a7dfe1052dd4511749a606,3RUNC9DV5H1A,9.0,1,human-ai,conv_691e9e26b7688197a86e51a9d9a7dfe1052dd4511749a606,9.0,author_1,134.0,109.0,106.0,106.0,26.0,0.9724770642201835,0.027522935779816515,0.0,1.0,0.0,10.0,False,,False,,"the water, images of old memories and people in her life that had disapaered. It all seemed so real, like she was in the water dancing",2,False,human,ai,author_1,human,True,8
2025-11-20 12:17:42.645000+00:00,"love. Deep love. It began when opposites meet. ""Hi.."", ""What can I help you with"". ""I have some.. Issues, I","need help sorting out,"" she replied hesitantly. Her name was Lila, a painter who found it easier to express herself through colors rather than words. 

The man",conv_691f065bc31481969cdbdc53f0ca1d3b03f44f568e358927,3KUK6611QU9W,1.0,1,human-ai,conv_691f065bc31481969cdbdc53f0ca1d3b03f44f568e358927,1.0,author_1,107.0,88.0,73.0,73.0,20.0,0.8295454545454546,0.17045454545454544,0.0,1.0,0.0,9.0,False,,False,,"love. Deep love. It bagan when opposites meet. ""Hi.."", ""What can I help you with"". ""I have some.. Issues, I",1,False,human,ai,author_1,human,True,
2025-11-20 12:25:01.439000+00:00,"was hesitant, as he had things to do. A lady sitting at another table glared irritated. He was a creative mind and entrepreneur at heart, but life","had settled him into a routine of predictability. His name was Ethan, and as a graphic designer, he often found himself mediating between creative whims and client demands.

Yet",conv_691f065bc31481969cdbdc53f0ca1d3b03f44f568e358927,3KUK6611QU9W,2.0,1,human-ai,conv_691f065bc31481969cdbdc53f0ca1d3b03f44f568e358927,2.0,author_1,147.0,121.0,117.0,117.0,27.0,0.9669421487603306,0.03305785123966942,0.0,1.0,0.0,12.0,False,,False,,"was hessitant, as he had things to do. A lady sitting at another table glared irritated. He was a creative mind and entreprenaur at heart, but life",2,False,human,ai,author_1,human,True,1
2025-11-20 12:28:32.574000+00:00,"he had not given up on his dream of creating something for himself. ""I was wondering which, umm, type of, umm.."" She","stammered, her eyes glancing at the array of art supplies behind him. ""Could you recommend a medium that's good for expressing turmoil?""

Ethan, intrigued despite himself",conv_691f065bc31481969cdbdc53f0ca1d3b03f44f568e358927,3KUK6611QU9W,3.0,1,human-ai,conv_691f065bc31481969cdbdc53f0ca1d3b03f44f568e358927,3.0,author_1,117.0,96.0,88.0,88.0,22.0,0.9166666666666666,0.08333333333333333,0.0,1.0,0.0,9.0,False,,False,,"he had not given up on his dream of creating something for himself. ""I was wondering which, uhmm, type of, uhm.."" She",2,False,human,ai,author_1,human,True,2
2025-11-20 12:31:33.263000+00:00,"needing to attend to his boss's needs. Everyday people came to the shop, but only rarely did the interest in art go beyond daydreaming and","small talk. Yet, something about Lila's earnestness struck a chord. He paused, glancing at the shelves. ""Have you ever tried oil pastels? They're",conv_691f065bc31481969cdbdc53f0ca1d3b03f44f568e358927,3KUK6611QU9W,4.0,1,human-ai,conv_691f065bc31481969cdbdc53f0ca1d3b03f44f568e358927,4.0,author_1,136.0,112.0,110.0,110.0,25.0,0.9821428571428571,0.017857142857142856,0.0,1.0,0.0,11.0,False,,False,,"needing to attend to his boss needs. Everyday people came to the shop, but only rarely did the interest in art go beyond daydreaming and",2,False,human,ai,author_1,human,True,3
2025-11-20 12:33:46.706000+00:00,"very tasty, especially the red tones have a very pleasant earthy taste."" Lila looked puzzled, as","Ethan chuckled, realizing his mistake. ""I mean, they're great for layering emotions,"" he corrected, smiling sheepishly. ""You can really play with depth and intensity",conv_691f065bc31481969cdbdc53f0ca1d3b03f44f568e358927,3KUK6611QU9W,5.0,1,human-ai,conv_691f065bc31481969cdbdc53f0ca1d3b03f44f568e358927,5.0,author_1,97.0,82.0,78.0,78.0,16.0,0.9512195121951219,0.04878048780487805,0.0,1.0,0.0,10.0,False,,False,,"very tasty, especially the red tones have a very pleasant earthy taste."" Lila looked pusseled, as",3,False,human,ai,author_1,human,True,4
2025-11-20 12:35:54.892000+00:00,""". ""Uhh, you seem to know a lot about painting, do you paint yourself?"" Lila replied in a humorous tone.""","Ethan's smile widened, a touch of bashfulness in his eyes. ""I dabble,"" he admitted. ""I like to mix media, playing with textures. It's",conv_691f065bc31481969cdbdc53f0ca1d3b03f44f568e358927,3KUK6611QU9W,6.0,1,human-ai,conv_691f065bc31481969cdbdc53f0ca1d3b03f44f568e358927,6.0,author_1,104.0,85.0,77.0,77.0,19.0,0.9058823529411765,0.09411764705882353,0.0,1.0,0.0,8.0,False,,False,,""". ""Uhh, you seem to know a lot about painting, do you paint yourself?"" Lila replied in a humorous tone.",1,False,human,ai,author_1,human,True,5
2025-11-20 12:38:39.264000+00:00,"a part of how I see the world. It sometimes gets messy and also quite political."" She smiled and nodded as he eagerly talked. ""Hey,","maybe you could show me some of your work sometime,"" she suggested, a spark of curiosity and camaraderie in her voice.

Ethan hesitated briefly, then nodded. """,conv_691f065bc31481969cdbdc53f0ca1d3b03f44f568e358927,3KUK6611QU9W,7.0,1,human-ai,conv_691f065bc31481969cdbdc53f0ca1d3b03f44f568e358927,7.0,author_1,130.0,106.0,100.0,100.0,25.0,0.9433962264150944,0.05660377358490566,0.0,1.0,0.0,9.0,False,,False,,"a part of how I see the world. It sometimes gets messy and also quite political."" She smiled and nodded as he eagely talked. ""Hey,",1,False,human,ai,author_1,human,True,6
2025-11-20 12:41:46.529000+00:00,"I some piece in my cellar, but they're not done yet. If you're interested, your input seems valuable. You can swing by 43rd on Murders Ave.","""Murdoch Avenue,"" he corrected quickly, laughing. ""It's a bit chaotic in there, but I’d love to show you.""

Lila grinned, feeling a joyful",conv_691f065bc31481969cdbdc53f0ca1d3b03f44f568e358927,3KUK6611QU9W,8.0,1,human-ai,conv_691f065bc31481969cdbdc53f0ca1d3b03f44f568e358927,8.0,author_1,141.0,116.0,106.0,106.0,27.0,0.9137931034482759,0.06896551724137931,0.0,0.9629629629629629,0.0,10.0,False,,False,,"I some piece in my celler, but their not done yet. If you're interested, your input seems valueable. You can swing by 43th. on Murders Aven..",10,False,human,ai,author_1,human,True,7
2025-11-20 12:47:25.461000+00:00,"... Something.. from a new friend. ""Could he be my soulmate?"" she wondered to herself. ""I would love that! And I think I'll give that tasty red","a try,"" she said with a playful wink. They exchanged numbers, the connection between them feeling unexpectedly natural.

As Lila left the shop, Ethan watched her go, wondering",conv_691f065bc31481969cdbdc53f0ca1d3b03f44f568e358927,3KUK6611QU9W,9.0,1,human-ai,conv_691f065bc31481969cdbdc53f0ca1d3b03f44f568e358927,9.0,author_1,142.0,116.0,104.0,104.0,27.0,0.896551724137931,0.10344827586206896,0.0,0.9629629629629629,0.0,9.0,False,,False,,"... Something.. from a new friend. ""Could he be my soulmate"" she wondered to herself. ""I would love that! And I think I'll give that tasty red",1,False,human,ai,author_1,human,True,8
2025-11-20 12:17:27.734000+00:00,"me, I'm 20 years old and I work in a little bookstore, with my friend Josh. I met Josh when I was seven, and we have","been inseparable ever since. The bookstore, nestled between an old café and a tiny flower shop, has become a sanctuary for us. It's a modest place, with creaky",conv_691f06855a5c819598fe92033194bb530743467f5002fa62,DRW7H2C5WG1A,1.0,1,human-ai,conv_691f06855a5c819598fe92033194bb530743467f5002fa62,1.0,author_1,116.0,90.0,84.0,84.0,26.0,0.9333333333333333,0.044444444444444446,0.0,1.0,0.0,6.0,False,,False,,"me, im 20 years old and i work in a little book store, with my friend josh. I met Josh when i was seven, and we have",6,False,human,ai,author_1,human,True,
2025-11-20 12:19:18.435000+00:00,"floors and dim lighting. It has a lot of really old books, some from the seventeen-hundreds. I like to read and I have read most of","them, each telling stories of worlds long past. Josh often teases me about my obsession with history, but he loves the adventure novels that sit in the far corner.

One",conv_691f06855a5c819598fe92033194bb530743467f5002fa62,DRW7H2C5WG1A,2.0,1,human-ai,conv_691f06855a5c819598fe92033194bb530743467f5002fa62,2.0,author_1,132.0,107.0,103.0,103.0,27.0,0.9626168224299065,0.037383177570093455,0.0,1.0,0.0,9.0,False,,False,,"floors and dimp lighting. It has a lot of really old books, some from the seventeen-hundreds. I like to read and i have read most of",2,False,human,ai,author_1,human,True,1
2025-11-20 12:20:40.119000+00:00,"in particular, he has read it maybe twenty times, and keeps telling me about it. He talks so much about it that I","finally decided to give it a try. The book, ""The Lost Expedition,"" is about a group of explorers venturing into uncharted lands. As I flipped through the pages",conv_691f06855a5c819598fe92033194bb530743467f5002fa62,DRW7H2C5WG1A,3.0,1,human-ai,conv_691f06855a5c819598fe92033194bb530743467f5002fa62,3.0,author_1,114.0,92.0,89.0,89.0,23.0,0.967391304347826,0.03260869565217391,0.0,1.0,0.0,11.0,False,,False,,"in particulare, he has read it maybe twenty times, and keeps telling me about it. He talks so much about it that I",1,False,human,ai,author_1,human,True,2
2025-11-20 12:21:49.516000+00:00,"I see a little drawing, not part of the original layout, I smile to myself, thinking that Josh must have","added it. It's a small sketch of a compass with an arrow pointing north. I wonder if it’s a clue or just Josh being artistic. Intrigued, I start",conv_691f06855a5c819598fe92033194bb530743467f5002fa62,DRW7H2C5WG1A,4.0,1,human-ai,conv_691f06855a5c819598fe92033194bb530743467f5002fa62,4.0,author_1,104.0,85.0,82.0,82.0,20.0,0.9647058823529412,0.03529411764705882,0.0,1.0,0.0,8.0,False,,False,,"I see a little drawing, not part of the original layout, i smile to myself, thinking that josh must have",2,False,human,ai,author_1,human,True,3
2025-11-20 12:23:26.452000+00:00,"reading the first chapter, and I must admit, it is really good. The writing is very detailed and","vivid, pulling me into a world of mystery and adventure. The explorers' journey feels almost real, as if I’m right there with them. Curiously, I notice",conv_691f06855a5c819598fe92033194bb530743467f5002fa62,DRW7H2C5WG1A,5.0,1,human-ai,conv_691f06855a5c819598fe92033194bb530743467f5002fa62,5.0,author_1,96.0,79.0,76.0,76.0,18.0,0.9620253164556962,0.0379746835443038,0.0,1.0,0.0,8.0,False,,False,,"reading the first chapter, and i must admit, it is really good. The writing is very detalied and",3,False,human,ai,author_1,human,True,4
2025-11-20 12:25:10.542000+00:00,"that the characters often refer to an old compass, I wonder if Josh's drawing is the same compass. I read some","more, and the significance of the compass becomes clear. It seems to lead the explorers to hidden paths and secret places. As the story unfolds, I find myself wondering if there's",conv_691f06855a5c819598fe92033194bb530743467f5002fa62,DRW7H2C5WG1A,6.0,1,human-ai,conv_691f06855a5c819598fe92033194bb530743467f5002fa62,6.0,author_1,109.0,89.0,87.0,87.0,21.0,0.9775280898876404,0.02247191011235955,0.0,1.0,0.0,10.0,False,,False,,"that the characters often refer to an old compass, i wonder if Joshs drawing is the same compass. I read some",2,False,human,ai,author_1,human,True,5
2025-11-20 12:26:49.834000+00:00,"more to it, and if this even is a fictional story. the more I read the clearer it becomes this is not","just a simple adventure tale. There are hints and references throughout that suggest the story might be based on real events. Questions swirl around my mind, and I can’t help but",conv_691f06855a5c819598fe92033194bb530743467f5002fa62,DRW7H2C5WG1A,7.0,1,human-ai,conv_691f06855a5c819598fe92033194bb530743467f5002fa62,7.0,author_1,101.0,80.0,78.0,78.0,22.0,0.975,0.025,0.0,1.0,0.0,9.0,False,,False,,"more to it, and if this even is a fictional story. the more i read the clearer it becomes this is not",1,False,human,ai,author_1,human,True,6
2025-11-20 12:28:18.673000+00:00,"ask Josh. He looks me dead in the eyes and says ""that's what I thought too, that's why I recommended you.""","read it. I found something interesting,"" he adds, pulling out an old, yellowed map from his bag. ""I think this might be connected to the story.""

I",conv_691f06855a5c819598fe92033194bb530743467f5002fa62,DRW7H2C5WG1A,8.0,1,human-ai,conv_691f06855a5c819598fe92033194bb530743467f5002fa62,8.0,author_1,100.0,80.0,77.0,77.0,21.0,0.9625,0.0375,0.0,1.0,0.0,10.0,False,,False,,"ask Josh. He looks me dead in the eyes and say ""thats what i thought too, thats why I reacomened you",9,False,human,ai,author_1,human,True,7
2025-11-20 12:29:30.463000+00:00,"found it in the back of the book, it just fell out when I opened it"" I think to myself that this is","more than a coincidence. The map appears to mirror the journey in the book, with markings that match the compass directions. Excitement rushes through me as I realize we",conv_691f06855a5c819598fe92033194bb530743467f5002fa62,DRW7H2C5WG1A,9.0,1,human-ai,conv_691f06855a5c819598fe92033194bb530743467f5002fa62,9.0,author_1,99.0,77.0,75.0,75.0,23.0,0.974025974025974,0.025974025974025976,0.0,1.0,0.0,6.0,False,,False,,"found it in the back of the book, it just fell out when i opened it"" i think to myself that this is",2,False,human,ai,author_1,human,True,8
2025-11-20 19:18:31.383000+00:00,"Andreas, the greatest consumer of chocolate milk of all time. Andreas used to drink chocolate milk daily to support his sporty ambitions. However, one night",", while gazing at the stars, Andreas stumbled upon a mysterious, glowing bottle at the edge of the forest near his home. Intrigued by its luminescence,",conv_691f696d0b348190810494e2c5d82fee08324043d78ba0f7,SFP9A3ENQD3X,1.0,1,human-ai,conv_691f696d0b348190810494e2c5d82fee08324043d78ba0f7,1.0,author_1,155.0,131.0,128.0,128.0,25.0,0.9770992366412213,0.022900763358778626,0.0,1.0,0.0,9.0,False,,False,,"Andreas, the greatest consumer of chocolate milk of all time. Andreas used to drink chocolate milk daily to support his sporty ambitions. However one night",1,False,human,ai,author_1,human,True,
2025-11-20 19:20:39.171000+00:00,"Andreas had no other choice but to inspect the bottle. It was a ceramic bottle as old as time, sealed by a seemingly mysterious force. Andreas had an idea of how to","open it. He decided to gently tap the bottle while whispering the ancient rhymes his grandmother used to recite. As the final word left his lips, the seal began",conv_691f696d0b348190810494e2c5d82fee08324043d78ba0f7,SFP9A3ENQD3X,2.0,1,human-ai,conv_691f696d0b348190810494e2c5d82fee08324043d78ba0f7,2.0,author_1,164.0,133.0,130.0,130.0,32.0,0.9774436090225563,0.022556390977443608,0.0,1.0,0.0,10.0,False,,False,,"Andreas had no other choice but to inspect the bottle. It was a ceramic bottle as old as time, sealed by a seemingly mysterious force. Andreas had an idea of how to",0,False,human,ai,author_1,human,True,1
2025-11-20 19:22:13.342000+00:00,"to vaporize into letters. At first the letters seemed completely random, but slowly they arranged themselves into words. It seemed to be in another language, but Andreas was sure he","recognized some elements from his grandmother’s tales. With a touch of hesitation and excitement, he murmured the words aloud. Suddenly, the air around him shimmered, and a",conv_691f696d0b348190810494e2c5d82fee08324043d78ba0f7,SFP9A3ENQD3X,3.0,1,human-ai,conv_691f696d0b348190810494e2c5d82fee08324043d78ba0f7,3.0,author_1,179.0,150.0,146.0,146.0,30.0,0.9733333333333334,0.02666666666666667,0.0,1.0,0.0,10.0,False,,False,,"to vaporize into letters. At first the letters seemed complety random, but slowly they arranged themselves into words. It seemed to be in another language, but Andreas was sure he",2,False,human,ai,author_1,human,True,2
2025-11-20 19:25:12.224000+00:00,dark brown shadow appeared. Andreas' eyes lit up. He instantly recognized the shadow. It was his hero Matilde from the best chocolate milk ever. But why was he led,"to this moment? Matilde, with her cloak swirling like cocoa, spoke in a voice smooth as silk, ""Andreas, you have been chosen to return balance to the",conv_691f696d0b348190810494e2c5d82fee08324043d78ba0f7,SFP9A3ENQD3X,4.0,1,human-ai,conv_691f696d0b348190810494e2c5d82fee08324043d78ba0f7,4.0,author_1,163.0,135.0,130.0,130.0,29.0,0.9629629629629629,0.037037037037037035,0.0,1.0,0.0,10.0,False,,False,,dark brown shadow appeared. Andreas' eyes lit up. He instantly recognized the shadow. It was his hero Matilde from the best chocolate milk ever. But why was he led,0,False,human,ai,author_1,human,True,3
2025-11-20 19:31:50.046000+00:00,"universe. The evil powers of Chocomel have for years tried to brainwash innocent kids using cheap prices and political propaganda. But how was a normal, although very smart, young","athlete like Andreas supposed to face such a challenge? Matilde continued, ""It's your love and knowledge of the authentic essence of chocolate milk that makes you special. You must",conv_691f696d0b348190810494e2c5d82fee08324043d78ba0f7,SFP9A3ENQD3X,5.0,1,human-ai,conv_691f696d0b348190810494e2c5d82fee08324043d78ba0f7,5.0,author_1,179.0,151.0,147.0,147.0,29.0,0.9735099337748344,0.026490066225165563,0.0,1.0,0.0,10.0,False,,False,,"universe. The evil powers of Chocomel have for years tried to brainwash innocent kids using cheap prices and political propaganda. But how was a normal, although very smart, young",0,False,human,ai,author_1,human,True,4
2025-11-20 19:33:37.660000+00:00,smith a sword infused with the special powers of true chocolate milk! Matilde told Andreas. So Andreas traveled to Africa in search of,"the finest cacao beans in the world. Guided by Matilde, he ventured into the lush, vibrant jungles, where ancient trees whispered secrets and mystical creatures guarded hidden groves",conv_691f696d0b348190810494e2c5d82fee08324043d78ba0f7,SFP9A3ENQD3X,6.0,1,human-ai,conv_691f696d0b348190810494e2c5d82fee08324043d78ba0f7,6.0,author_1,134.0,112.0,110.0,110.0,23.0,0.9821428571428571,0.017857142857142856,0.0,1.0,0.0,9.0,False,,False,,smith a sword infused with the special powers of true chocolate milk! Matilde told Andreas. So Andreas traveled to africa in search of,1,False,human,ai,author_1,human,True,5
2025-11-20 19:37:29.392000+00:00,"with the magical cocoa trees Andreas needed. The mystical creatures sensed an aura of importance and truthfulness from Andreas, so they let him through to the","sacred grove. There, surrounded by an enchanting, sweet aroma, the cocoa trees shimmered with a golden hue. Andreas carefully harvested the beans, each one pulsating",conv_691f696d0b348190810494e2c5d82fee08324043d78ba0f7,SFP9A3ENQD3X,7.0,1,human-ai,conv_691f696d0b348190810494e2c5d82fee08324043d78ba0f7,7.0,author_1,158.0,133.0,131.0,131.0,26.0,0.9849624060150376,0.015037593984962405,0.0,1.0,0.0,12.0,False,,False,,"with the magical cocoa trees Andreas needed. The mystical creatures sensed an aura of importance and truthfulness from Andreas, so they let him through to the",0,False,human,ai,author_1,human,True,6
2025-11-20 19:41:20.204000+00:00,with the strength of a thousand oxen. Andreas now in possession of the greatest cocoa beans ever was still in need of a sword worthy of the chocolate,"and set off to find the legendary blacksmith, Helga, who was said to forge with the heart of the earth itself. Helga's forge lay hidden within a mountain",conv_691f696d0b348190810494e2c5d82fee08324043d78ba0f7,SFP9A3ENQD3X,8.0,1,human-ai,conv_691f696d0b348190810494e2c5d82fee08324043d78ba0f7,8.0,author_1,148.0,121.0,120.0,120.0,28.0,0.9917355371900827,0.008264462809917356,0.0,1.0,0.0,9.0,False,,False,,with the strength of a thousand oxes. Andreas now in possesion of the greatest cocoa beans ever was still in need of a sword worthy of the chocolate,2,False,human,ai,author_1,human,True,7
2025-11-20 19:43:48.183000+00:00,"called Himmelbjerget. Although the climb was intense and difficult, Andreas' training prepared him well for this physical battle. Along the way, he wanted to find a gift","for Helga, knowing she admired rare gemstones. As he ascended, Andreas found a shimmering amethyst embedded in the rocks. Presenting it to Helga, she smiled",conv_691f696d0b348190810494e2c5d82fee08324043d78ba0f7,SFP9A3ENQD3X,9.0,1,human-ai,conv_691f696d0b348190810494e2c5d82fee08324043d78ba0f7,9.0,author_1,168.0,142.0,138.0,138.0,27.0,0.971830985915493,0.028169014084507043,0.0,1.0,0.0,13.0,False,,False,,"called Himmelbjerget. Although the climb was intense and difficult, Andreas' training prepared him well for this physical battle. Along the way he wanted to find a gift",1,False,human,ai,author_1,human,True,8
2026-02-03 10:26:07.794000+00:00,Once upon a time there was a giant carrot. The carrot lived at home with his mom and dad and 16 siblings. The,"carrot's name was Clarence, and he was the tallest in his family, towering above the garden like a vivid orange beacon. His family lived in a cozy little patch that",conv_6981ccf5d5f4819394bcd7bad4d79b14001ace58e9b20b81,ZX97JLMV3QJS,1.0,1,human-ai,conv_6981ccf5d5f4819394bcd7bad4d79b14001ace58e9b20b81,1.0,author_1,109.0,87.0,83.0,83.0,22.0,0.9540229885057471,0.022988505747126436,0.0,1.0,0.0,8.0,False,,False,,Once upon a time there was a giant carrot. The carrot lived at home with his mom and dad and 16 siblings. The,0,False,human,ai,author_1,human,True,
2026-02-03 10:27:21.008000+00:00,they shared with the cabbage family that lived next door. Clarence struggled a lot with his height. He would constantly,"bump into the low-hanging branches of parsley trees, causing the leaves to flutter down like confetti. His siblings often teased him, saying he could touch the clouds if",conv_6981ccf5d5f4819394bcd7bad4d79b14001ace58e9b20b81,ZX97JLMV3QJS,2.0,1,human-ai,conv_6981ccf5d5f4819394bcd7bad4d79b14001ace58e9b20b81,2.0,author_1,119.0,100.0,98.0,98.0,20.0,0.98,0.02,0.0,1.0,0.0,10.0,False,,False,,they shared with the cabbage family that lived next door. Clarence struggled a lot with his height. He would constantly,0,False,human,ai,author_1,human,True,1
2026-02-03 10:29:42.868000+00:00,he just put up his arms. One day Clarence heard that there was a town far far away where all the carrots were giant. Since then he dreamed of going to the town in,"search of others like him. Every evening, as the sun painted the sky in hues of orange and pink, Clarence would stand at the edge of the garden, gazing into",conv_6981ccf5d5f4819394bcd7bad4d79b14001ace58e9b20b81,ZX97JLMV3QJS,3.0,1,human-ai,conv_6981ccf5d5f4819394bcd7bad4d79b14001ace58e9b20b81,3.0,author_1,162.0,129.0,127.0,127.0,34.0,0.9844961240310077,0.015503875968992248,0.0,1.0,0.0,8.0,False,,False,,he just put up his arms. One day Clarence heard that there was a town far far away where all the carrots were giant. Since then he dreamed of going to the town in,0,False,human,ai,author_1,human,True,2
2026-02-03 10:31:36.524000+00:00,"the air, imagining what it would be like if he lived in Giant Town. One day as he and his brothers were","playing hide and seek among the kale bushes, Clarence overheard a group of sparrows talking about a festival in Giant Town. They spoke of carrot contests and celebrations where",conv_6981ccf5d5f4819394bcd7bad4d79b14001ace58e9b20b81,ZX97JLMV3QJS,4.0,1,human-ai,conv_6981ccf5d5f4819394bcd7bad4d79b14001ace58e9b20b81,4.0,author_1,104.0,83.0,81.0,81.0,22.0,0.9759036144578314,0.024096385542168676,0.0,1.0,0.0,9.0,False,,False,,"the air, imagining what it would be like if he lived in Giant Town. One day as him and his brothers were",2,False,human,ai,author_1,human,True,3
2026-02-03 10:34:46.627000+00:00,being tall was an advantage. Clarence was always used to being at a disadvantage when playing onionball with his siblings. At this moment Clarence decided that he,"must find a way to reach Giant Town. He spoke to his trusted friend, Benny the Beet, who was known for his witty ideas and adventurous spirit. Clarence asked, “",conv_6981ccf5d5f4819394bcd7bad4d79b14001ace58e9b20b81,ZX97JLMV3QJS,5.0,1,human-ai,conv_6981ccf5d5f4819394bcd7bad4d79b14001ace58e9b20b81,5.0,author_1,162.0,136.0,134.0,134.0,27.0,0.9852941176470589,0.014705882352941176,0.0,1.0,0.0,12.0,False,,False,,being tall was an advantage. Clarnece was always used to being at a disatcantage when playing onionball with his siblings. At this moment Clarence decided that he,4,False,human,ai,author_1,human,True,4
2026-02-03 10:37:21.218000+00:00,"""Doesn't your dad go to Spinachville sometimes?"" Spinachville was close to Giant Town, so maybe this would be a way to get there. ""Yes, we are all going there.""","next week for the annual Veggie Market,"" Benny replied, eyes twinkling with excitement. ""You could come with us! From Spinachville, it's just a short",conv_6981ccf5d5f4819394bcd7bad4d79b14001ace58e9b20b81,ZX97JLMV3QJS,6.0,1,human-ai,conv_6981ccf5d5f4819394bcd7bad4d79b14001ace58e9b20b81,6.0,author_1,156.0,128.0,121.0,121.0,30.0,0.9453125,0.0546875,0.0,0.9666666666666667,0.0,12.0,False,,False,,"doesn't you dad go to Spinachville sometimes?"" Spinachville was close to Giant Town, so maybe this would be a way to get there. ""Yes, we are all going there",5,False,human,ai,author_1,human,True,5
2026-02-03 10:39:01.838000+00:00,"walk to Giant Town. You've always been talking about that place."" The two of them decided that Clarence would go","along with Benny's family on their trip. Clarence felt a thrilling mix of excitement and nervousness as he quietly packed his few belongings. The night before their journey, he lay",conv_6981ccf5d5f4819394bcd7bad4d79b14001ace58e9b20b81,ZX97JLMV3QJS,7.0,1,human-ai,conv_6981ccf5d5f4819394bcd7bad4d79b14001ace58e9b20b81,7.0,author_1,112.0,93.0,89.0,89.0,21.0,0.956989247311828,0.043010752688172046,0.0,1.0,0.0,8.0,False,,False,,"walk to Giant Town. You've always been talking about that place."" The two of them decided that Clarence would go",0,False,human,ai,author_1,human,True,6
2026-02-03 10:40:28.399000+00:00,in bed unable to sleep. Tomorrow he would finally be in Giant Town. Tomorrow he would finally fit in. The next morning Clarence and the beet,"family set off at dawn, the sky still a deep blue. As they traveled along the winding paths through fields of sunflowers and corn, Clarence felt hope blossom within him.",conv_6981ccf5d5f4819394bcd7bad4d79b14001ace58e9b20b81,ZX97JLMV3QJS,8.0,1,human-ai,conv_6981ccf5d5f4819394bcd7bad4d79b14001ace58e9b20b81,8.0,author_1,140.0,115.0,112.0,112.0,26.0,0.9739130434782609,0.02608695652173913,0.0,1.0,0.0,8.0,False,,False,,in bed unable to sleep. Tomorrow he would finally be in Giant Town. Tomorrow he would finally fit in. The next morning Clarence and the beet,0,False,human,ai,author_1,human,True,7
2026-02-03 10:42:41.450000+00:00,"The ride felt like forever, but at last they reached the festival, where Clarence would be dropped off. As he stepped out of the car, bumping his head on","the doorframe, he heard music and laughter echoing through the air. Towering carrots just like him roamed the streets, their vibrant hues reflecting the sunlight. Clarence knew",conv_6981ccf5d5f4819394bcd7bad4d79b14001ace58e9b20b81,ZX97JLMV3QJS,9.0,1,human-ai,conv_6981ccf5d5f4819394bcd7bad4d79b14001ace58e9b20b81,9.0,author_1,153.0,125.0,121.0,121.0,29.0,0.968,0.032,0.0,1.0,0.0,8.0,False,,False,,"The ride felt like forever, but at last they reached the festical, where Clarence would be dropped off. As he stepped out of the car, bumping his head on",1,False,human,ai,author_1,human,True,8
2026-02-26 16:33:05.278000+00:00,Eva. The name of the first woman. Or was she really? She didn't feel like a woman or at least she didn't feel like she was at all.,"of this world. Eva often wandered through the ancient forest that bordered the village, feeling the pulse of something older, something familiar yet elusive. The villagers whispered stories about her—",conv_69a0753fc5d08196aa37099ec6c65b69083687b3e71b94b5,KCAMCYJ74DUS,1.0,1,human-ai,conv_69a0753fc5d08196aa37099ec6c65b69083687b3e71b94b5,1.0,author_1,129.0,102.0,97.0,97.0,30.0,0.9509803921568627,0.049019607843137254,0.0,0.9333333333333333,0.0,6.0,False,,False,,Eva. The name of the first woman. Or was she really? She didn't feel like a woman or at least she didn't feel like she was at all,1,False,human,ai,author_1,human,True,
2026-02-26 16:35:19.263000+00:00,she was sure it had something to do with the way she moved when striding her way through the thick layers of debris that had fallen,"from the canopy above. She walked with a grace that seemed untouched by the woods' chaos, as if the forest parted for her. Some said she was part fae,",conv_69a0753fc5d08196aa37099ec6c65b69083687b3e71b94b5,KCAMCYJ74DUS,2.0,1,human-ai,conv_69a0753fc5d08196aa37099ec6c65b69083687b3e71b94b5,2.0,author_1,131.0,106.0,106.0,106.0,26.0,1.0,0.0,0.0,1.0,0.0,9.0,False,,False,,she was sure it had something to do with the way she moved when striding her way through the thick layers of debris that had fallen,0,False,human,ai,author_1,human,True,1
2026-02-26 16:36:35.982000+00:00,others that she was evil incarnate because of her seemingly unearthly moving patterns. Was she really a woman or some kind,"of spirit woven into human form? Eva didn't know herself. Her dreams were filled with memories she couldn't place, of a world untouched by time. One night, drawn by a",conv_69a0753fc5d08196aa37099ec6c65b69083687b3e71b94b5,KCAMCYJ74DUS,3.0,1,human-ai,conv_69a0753fc5d08196aa37099ec6c65b69083687b3e71b94b5,3.0,author_1,122.0,102.0,101.0,101.0,21.0,0.9901960784313726,0.00980392156862745,0.0,1.0,0.0,10.0,False,,False,,others that she was evil incarnated because of her seemingly unearthy moving patterns. Was she really a woman or some kind,2,False,human,ai,author_1,human,True,2
2026-02-26 16:38:06.573000+00:00,glimpse of light she perused into the small village near her cabin in the outskirts of the woods. The light was so,"ethereal, it seemed to pulse in time with her own heartbeat. As she approached, Eva realized it emanated from an old stone well, its surface shimmering with an other",conv_69a0753fc5d08196aa37099ec6c65b69083687b3e71b94b5,KCAMCYJ74DUS,4.0,1,human-ai,conv_69a0753fc5d08196aa37099ec6c65b69083687b3e71b94b5,4.0,author_1,114.0,93.0,92.0,92.0,22.0,0.989247311827957,0.010752688172043012,0.0,1.0,0.0,9.0,False,,False,,glimpse of light she perused into the small village near her cabin in the outskirts of the woods. The light was so,0,False,human,ai,author_1,human,True,3
2026-02-26 16:39:50.365000+00:00,"presence. She sensed its shape, its odor, its breath. It became physical and all encompassing. Eva wanted to let out a small gasp.","but found herself entranced, unable to make a sound. The well's glow enveloped her, whispering in a language she felt she had always known. It promised answers",conv_69a0753fc5d08196aa37099ec6c65b69083687b3e71b94b5,KCAMCYJ74DUS,5.0,1,human-ai,conv_69a0753fc5d08196aa37099ec6c65b69083687b3e71b94b5,5.0,author_1,130.0,108.0,103.0,103.0,23.0,0.9537037037037037,0.046296296296296294,0.0,1.0,0.0,12.0,False,,False,,"presence. She sensed its shape, its odour, its breath. It became physical and all encompassing. Eva wanted to let out a small gasp",2,False,human,ai,author_1,human,True,4
2026-02-26 16:41:52.127000+00:00,"to the very core of her being. Answers to all the dark, hidden questions she carried in her heart. That she had carried since the day she","first awoke in the forest, memories adrift like leaves on the wind. The language wrapped around her like an embrace, urging her closer. She leaned in, her fingertips",conv_69a0753fc5d08196aa37099ec6c65b69083687b3e71b94b5,KCAMCYJ74DUS,6.0,1,human-ai,conv_69a0753fc5d08196aa37099ec6c65b69083687b3e71b94b5,6.0,author_1,137.0,111.0,108.0,108.0,27.0,0.972972972972973,0.02702702702702703,0.0,1.0,0.0,9.0,False,,False,,"to the very core of her being. Answers to all the dark, hidden questions she carried in her heart. That she had carried since the day she",0,False,human,ai,author_1,human,True,5
2026-02-26 16:43:13.926000+00:00,caressed the stone. Carefully following every line and arch on its surface. It seemed to have a message engraved in its surface put in,"a script that glowed softly under her touch. Eva traced the symbols, feeling a connection deep within her soul. The message spoke of a destiny intertwined with the forest's ancient",conv_69a0753fc5d08196aa37099ec6c65b69083687b3e71b94b5,KCAMCYJ74DUS,7.0,1,human-ai,conv_69a0753fc5d08196aa37099ec6c65b69083687b3e71b94b5,7.0,author_1,134.0,111.0,109.0,109.0,24.0,0.9819819819819819,0.018018018018018018,0.0,1.0,0.0,9.0,False,,False,,carresed the stone. Carefully following every line and arch on its surface. It seemed to have a message engraved in its surface put in,2,False,human,ai,author_1,human,True,6
2026-02-26 16:44:17.147000+00:00,"soul. Would she ever become part of this sacred world? Would she ever connect with the original Eva, the first woman - feel as","though she belonged? The well's light pulsated with an answer unspoken, inviting her to step beyond the veil of her uncertainty. It promised a path where her true essence",conv_69a0753fc5d08196aa37099ec6c65b69083687b3e71b94b5,KCAMCYJ74DUS,8.0,1,human-ai,conv_69a0753fc5d08196aa37099ec6c65b69083687b3e71b94b5,8.0,author_1,126.0,103.0,99.0,99.0,23.0,0.9611650485436893,0.038834951456310676,0.0,1.0,0.0,8.0,False,,False,,"soul. Would she ever become part of this sacred world? Would she ever connect with the original Eva, the first woman - feel as",0,False,human,ai,author_1,human,True,7
2026-02-26 16:46:17.203000+00:00,"had been buried with the language of the long-forgotten memories of sin, shame, and anguish - all","transformed into the threads of fate she now held. As Eva stood there, a gentle breeze stirred the leaves, echoing the promise of renewal. Her heart swelled with",conv_69a0753fc5d08196aa37099ec6c65b69083687b3e71b94b5,KCAMCYJ74DUS,9.0,1,human-ai,conv_69a0753fc5d08196aa37099ec6c65b69083687b3e71b94b5,9.0,author_1,96.0,79.0,77.0,77.0,17.0,0.9746835443037974,0.02531645569620253,0.0,1.0,0.0,9.0,False,,False,,"had been buried with the language of the long forgotten memories of sin, shame and anguish - all",2,False,human,ai,author_1,human,True,8
2026-03-14 15:43:17.682000+00:00,Once upon a time there was a little squirrel who lived in a magical forest full of fairies and talking feathers. The little squirrel would hop around and play all day long in the,"enchanting grove where sunlight filtered through the leaves, casting a mosaic of gold and green on the forest floor. The squirrel's name was Nutty, and she was known",conv_69b581c4f16c81978ea543ce298c8c600546e04309837be3,5QVDA55C7KES,1.0,1,human-ai,conv_69b581c4f16c81978ea543ce298c8c600546e04309837be3,1.0,author_1,178.0,145.0,144.0,144.0,34.0,0.993103448275862,0.006896551724137931,0.0,1.0,0.0,8.0,False,,False,,Once upon a time there was a little squirrel who lived in a magical forest full of fairies and talking feathers. The little squirrel would hop around and play all day long in the,0,False,human,ai,author_1,human,True,
2026-03-14 15:45:06.091000+00:00,as the best hat-maker in all of the magical forest. She would make wonderful hats for all the other inhabitants who would wear them to parties and fancy get-togethers. A hat with pink,"feathers and shimmering silver threads caught the attention of a curious fairy named Aurelia. Fascinated by Nutty's skill, Aurelia approached the squirrel one bright morning, her",conv_69b581c4f16c81978ea543ce298c8c600546e04309837be3,5QVDA55C7KES,2.0,1,human-ai,conv_69b581c4f16c81978ea543ce298c8c600546e04309837be3,2.0,author_1,183.0,150.0,147.0,147.0,35.0,0.98,0.02,0.0,1.0,0.0,11.0,False,,False,,as the best hat-maker in all of the magical forest. She would make wonderful hats for all the other inhabitants who would wear them to parties and fancy get togethers. A hat with pink,1,False,human,ai,author_1,human,True,1
2026-03-14 15:46:56.375000+00:00,"hair voluminous and bright red. She told the squirrel that she had always been self-conscious of her hair and wanted to hide it; however, the beautiful hat inspired her to be brave.","Nutty, touched by Aurelia's confession, decided to make a special hat just for her. She gathered the finest materials, weaving delicate moonbeams and soft petals into",conv_69b581c4f16c81978ea543ce298c8c600546e04309837be3,5QVDA55C7KES,3.0,1,human-ai,conv_69b581c4f16c81978ea543ce298c8c600546e04309837be3,3.0,author_1,184.0,152.0,148.0,148.0,34.0,0.9736842105263158,0.02631578947368421,0.0,1.0,0.0,10.0,False,,False,,"hair voluminous and bright red. She told the squirrel that her she had always been self-conscious of her hair and wanted to hide it, however the beautiful hat inspired her to be brave.",6,False,human,ai,author_1,human,True,2
2026-03-14 15:48:25.142000+00:00,"a wonderfully extravagant sunhat for the fairy. When Nutty showed the fairy the hat, she became enraged! She did not want to wear a giant hat to hide her giant hair. What a","misunderstanding, thought Nutty! Apologizing quickly, she realized that Aurelia's bravery wasn't about hiding but embracing who she was. So, Nutty crafted a",conv_69b581c4f16c81978ea543ce298c8c600546e04309837be3,5QVDA55C7KES,4.0,1,human-ai,conv_69b581c4f16c81978ea543ce298c8c600546e04309837be3,4.0,author_1,172.0,140.0,136.0,136.0,33.0,0.9714285714285714,0.02857142857142857,0.0,1.0,0.0,11.0,False,,False,,"a wonderfully extravagant sunhat for the fairy. When Nutty showed the fairy the hat, she became enraged! She did not want to wear a giant hat to hide her giant hair. What a",0,False,human,ai,author_1,human,True,3
2026-03-14 15:50:01.136000+00:00,"dress to complement her hair instead. Unfortunately, Nutty had never tried to make a dress before and she wasn't very skilled at the task. Despite her best efforts, it just didn't look","quite right. The seams were uneven, and the colors clashed. However, Aurelia appreciated the effort and laughed, pointing out that the dress could become a new trend—a",conv_69b581c4f16c81978ea543ce298c8c600546e04309837be3,5QVDA55C7KES,5.0,1,human-ai,conv_69b581c4f16c81978ea543ce298c8c600546e04309837be3,5.0,author_1,184.0,153.0,147.0,147.0,34.0,0.9607843137254902,0.0392156862745098,0.0,0.9411764705882353,0.0,13.0,False,,False,,"dress to compliment her hair instead. Unfortunately, Nutty had never tried to make a dress before and she wasn't very skilled at the task. Despite her best efforts, it just didn't look",1,False,human,ai,author_1,human,True,4
2026-03-14 15:51:19.774000+00:00,"trend of ugly dresses! Although Aurelia meant well with the comment, the squirrel took a large offense to her joke. Nutty had tried her best, and yet Aurelia was laughing at her.","work. With a heavy heart, Nutty scampered away, feeling misunderstood. Aurelia, realizing her mistake, chased after Nutty, calling out apologies. She wanted to",conv_69b581c4f16c81978ea543ce298c8c600546e04309837be3,5QVDA55C7KES,6.0,1,human-ai,conv_69b581c4f16c81978ea543ce298c8c600546e04309837be3,6.0,author_1,177.0,146.0,142.0,142.0,32.0,0.9726027397260274,0.0273972602739726,0.0,1.0,0.0,8.0,False,,False,,"trend of ugly dresses! Although Aurelia meant well with the comment, the squirrel took a large offence to her joke. Nutty had tried her best, and yet Aurelia was laughing at her",2,False,human,ai,author_1,human,True,5
2026-03-14 15:52:30.128000+00:00,make amends with the squirrel. It just wasn't of any use. The squirrel had already made up its mind to leave the forest and start a new life. She said her goodbyes and went on her way.,"As Nutty ventured beyond the familiar trees, she felt both nervous and excited. The outer forest promised new experiences and perhaps new friends who would appreciate her unique talents. As she",conv_69b581c4f16c81978ea543ce298c8c600546e04309837be3,5QVDA55C7KES,7.0,1,human-ai,conv_69b581c4f16c81978ea543ce298c8c600546e04309837be3,7.0,author_1,185.0,149.0,143.0,143.0,39.0,0.959731543624161,0.040268456375838924,0.0,0.9487179487179487,0.0,8.0,False,,False,,make amends with the squirrel. It just wasn't of any use. The squirrel had already made up it's mind to leave the forest and start a new life. She said her goodbyes and went on her way.,1,False,human,ai,author_1,human,True,6
2026-03-14 15:53:47.611000+00:00,"came to a stop, she saw two little ants sitting on a float in a river. Nutty called out to them, trying to gain their attention, but their float was too far away for them to","hear her. Determined, Nutty carefully made her way to the riverbank. She found a fallen branch and used it to paddle herself closer. Once she reached the float",conv_69b581c4f16c81978ea543ce298c8c600546e04309837be3,5QVDA55C7KES,8.0,1,human-ai,conv_69b581c4f16c81978ea543ce298c8c600546e04309837be3,8.0,author_1,172.0,137.0,133.0,133.0,36.0,0.9708029197080292,0.029197080291970802,0.0,1.0,0.0,9.0,False,,False,,"came to a stop, she saw to little ants sitting on a float in a river. Nutty called out to them, trying to gain their attention, but their float was too far away for them to",1,False,human,ai,author_1,human,True,7
2026-03-14 15:54:38.357000+00:00,she began excitedly telling the ants about her hat-making skills. What a waste! said one of the ants. What use do we have of your obscenely large,"hats in a world where we need to travel light and keep moving? Disheartened by their bluntness but determined not to give up, Nutty decided to prove",conv_69b581c4f16c81978ea543ce298c8c600546e04309837be3,5QVDA55C7KES,9.0,1,human-ai,conv_69b581c4f16c81978ea543ce298c8c600546e04309837be3,9.0,author_1,143.0,117.0,113.0,113.0,28.0,0.9658119658119658,0.03418803418803419,0.0,1.0,0.0,9.0,False,,False,,she began excitedly telling the ants about her hat-making skills. What a waste! said one of the ants. What use do we have of your obesely large,3,False,human,ai,author_1,human,True,8
2025-11-21 11:35:51.888000+00:00,"en ganske almindelig pige, hvis liv pludselig tog en drejning. Hun levede et ganske almindeligt liv, hvor den ene dag tog den anden, og hvor hun aldrig","ventede på noget uforudsigeligt at ske. Men det var netop det, der skete en sommerdag, da hun fandt en",conv_6be7ed36-4c3e-4746-920a-dac8f9012262,T3TFNQRJWG9S,1.0,4,human-ai,conv_6be7ed36-4c3e-4746-920a-dac8f9012262,1.0,author_1,151.0,125.0,121.0,121.0,27.0,0.968,0.032,0.0,1.0,0.0,11.0,False,,False,,"en ganske almindelige pige, hvis liv pludselig tog en drejning. Hun levede et ganske almindelig liv, hvor den ene dag tog den anden og, hvor hun aldrig",4,False,human,ai,author_1,human,True,
2025-11-21 11:37:50.367000+00:00,"mand ligge i vandkanten. Hun havde gået sin almindelige tur nede ved havet. Pludselig så hun ham ligge stille og kold. Hun havde lyst til at vende sig om og løbe væk, men hun",kunne ikke Overlad hende hans tilstand. Mod sin egen angst nærmede hun sig ham og stak hånden ud for at føle hans,conv_6be7ed36-4c3e-4746-920a-dac8f9012262,T3TFNQRJWG9S,2.0,4,human-ai,conv_6be7ed36-4c3e-4746-920a-dac8f9012262,2.0,author_1,174.0,141.0,137.0,137.0,34.0,0.9716312056737588,0.028368794326241134,0.0,1.0,0.0,11.0,False,,False,,"mand ligge i vandkanten. Hun havde gået sin almindelige tur nede ved havet. Pludselig så hun ham ligge stille og kold. Hun havde lyst til at vende sig om og løbe væk, men hun",0,False,human,ai,author_1,human,True,1
2025-11-21 11:39:21.196000+00:00,"våde pande. Hun mærkede med det samme en forbindelse til den fremmede mand. Hun ruskede let i ham, og med ét slog han øjnene op, og hun kiggede ind i hans","dybe, mørke øjne. Der var noget ualmindeligt ved ham, noget hun ikke kunne placere, men som fik h",conv_6be7ed36-4c3e-4746-920a-dac8f9012262,T3TFNQRJWG9S,3.0,4,human-ai,conv_6be7ed36-4c3e-4746-920a-dac8f9012262,3.0,author_1,152.0,122.0,120.0,120.0,31.0,0.9836065573770492,0.01639344262295082,0.0,1.0,0.0,11.0,False,,False,,våde pande. Hun mærkede med det samme en forbindelse til den fremmede mand. Hun ruskede let i ham og med et slog han øjnene op og hun kiggede ind i hans,3,False,human,ai,author_1,human,True,2
2025-11-21 11:40:39.126000+00:00,"Hun et stød af lynet blev hun bange. Han sagde ""Maja, jeg har brug for din hjælp"". Hvordan kendte denne fremmede hendes navn? ""Hvem er du?""","hun spurgte, mens hendes hjerte hamrede i halsen. Manden satte sig op, og hans ansigt lyste op af en under",conv_6be7ed36-4c3e-4746-920a-dac8f9012262,T3TFNQRJWG9S,4.0,4,human-ai,conv_6be7ed36-4c3e-4746-920a-dac8f9012262,4.0,author_1,137.0,112.0,105.0,105.0,26.0,0.9375,0.0625,0.0,1.0,0.0,8.0,False,,False,,"hun et stød af lynet blev hun bange. Han sagde ""Maja jeg har brug for din hjælp"". Hvordan kendte denne fremmede hendes navn? ""Hvem er du""",3,False,human,ai,author_1,human,True,3
2025-11-21 11:42:38.117000+00:00,"fuld lykke. ""Maja, mit navn er Severin, jeg er havets prins"". Med et opdagede Maja, at Severin ikke havde ben, men en hale. Hun kunne ikke","tro på sine egne øjne. ""Er du virkelig et havatur?"" spurgtedes hun, hende fuld af et mærkeligt blanding",conv_6be7ed36-4c3e-4746-920a-dac8f9012262,T3TFNQRJWG9S,5.0,4,human-ai,conv_6be7ed36-4c3e-4746-920a-dac8f9012262,5.0,author_1,137.0,112.0,104.0,104.0,26.0,0.9285714285714286,0.07142857142857142,0.0,1.0,0.0,8.0,False,,False,,"fuld lykke. ""Maja, mit navn er Severin, jeg er havets prins"". Med et opdagede Maja at severin ikke havde ben, men en hale. Hun kunne ikke",2,False,human,ai,author_1,human,True,4
2025-11-21 11:43:42.934000+00:00,"af frygt og længsel. ""Ja, og du er min længe ventede prinsesse."" Han greb fat i hendes arm og trak hende med ud i havet. Maja kunne ikke slippe fri af hans greb. Vandet lukkede sig","omkring dem, men hun kunne stadig ånde. Lyset blev svagere, men hun følte en underlig ro. Severin ledte hende",conv_6be7ed36-4c3e-4746-920a-dac8f9012262,T3TFNQRJWG9S,6.0,4,human-ai,conv_6be7ed36-4c3e-4746-920a-dac8f9012262,6.0,author_1,179.0,144.0,138.0,138.0,36.0,0.9583333333333334,0.041666666666666664,0.0,1.0,0.0,9.0,False,,False,,"af frygt og længsel. ""Ja og du er min længe ventede prinsesse"". Han greb fat i hendes arm og trak hende med ud i havet. Maja kunne ikke slippe fri af hans greb. Vandet lukkede sig",3,False,human,ai,author_1,human,True,5
2025-11-21 11:45:45.816000+00:00,"blidt gennem vandet. Hun kiggede tilbage og så, at hendes ben var væk, og hun havde en hale. Maja blev bange og råbte: ""Slip mig."" Men i stedet blev Severins","ansigt endnu mere blidt. ""Du er sikker hos mig,"" sagde han. ""Jeg vil altid beskytte dig."" Maja fø",conv_6be7ed36-4c3e-4746-920a-dac8f9012262,T3TFNQRJWG9S,7.0,4,human-ai,conv_6be7ed36-4c3e-4746-920a-dac8f9012262,7.0,author_1,149.0,121.0,118.0,118.0,29.0,0.9752066115702479,0.024793388429752067,0.0,1.0,0.0,8.0,False,,False,,blidt gennem vandet. Hun kiggede tilbage og så hendes ben var væk og hun havde en hale. Maja blev bange og råbte slip mig. Men i stedet blev Severins,9,False,human,ai,author_1,human,True,6
2025-11-21 11:46:50.431000+00:00,"lte alligevel en uro over Severin og vred sig. Hans blik formørkedes og sagde tankefuldt ""Ikke igen"". Maja forstod ingenting, men hun ville tilbage til sit almindelige","liv. Pludselig følte hun en kraftig svingning, og alt blev mørkt. Da hun vågnede, lå hun på stranden",conv_6be7ed36-4c3e-4746-920a-dac8f9012262,T3TFNQRJWG9S,8.0,4,human-ai,conv_6be7ed36-4c3e-4746-920a-dac8f9012262,8.0,author_1,173.0,146.0,141.0,141.0,28.0,0.9657534246575342,0.03424657534246575,0.0,1.0,0.0,11.0,False,,False,,"lte alligevel en uro over Severin og vred sig. Hans blik formørkedes og sagde sagde tankefuldt ""Ikke igen"". Maja forstod ingenting, men hun ville tilbage til sit almindelige",6,False,human,ai,author_1,human,True,7
2025-11-21 11:47:53.814000+00:00,"og følte sig tom. Var det en drøm eller virkelighed? Hun rejste sig og kiggede efter Severin, men hun var alene. Hun begyndte at græde, for hvad skulle hun nu, hvem var","hun nu? Det eneste hun vidste, var at noget havde ændret sig dybt indeni hende, og hun ville aldrig være",conv_6be7ed36-4c3e-4746-920a-dac8f9012262,T3TFNQRJWG9S,9.0,4,human-ai,conv_6be7ed36-4c3e-4746-920a-dac8f9012262,9.0,author_1,168.0,137.0,131.0,131.0,32.0,0.9562043795620438,0.043795620437956206,0.0,1.0,0.0,11.0,False,,False,,"og følte sig tom. Var det en drøm eller virkelighed. Hun rejste sig og kiggede efter Severin, men hun var alene. Hun begyndte at græde, for hvad skulle hun nu, hvem var",1,False,human,ai,author_1,human,True,8
2025-12-06 19:21:11.362000+00:00,"my life. I was born in a small rural town in the countryside. My parents were happy people, but they did not have","much. They worked hard on our family farm, rising with the sun and often working until the stars came out. Despite the long days, they always made time for me and",conv_6c680e8e-2455-4bdf-b4cd-fe6c409f373a,69TUVRJMJPL9,1.0,4,human-ai,conv_6c680e8e-2455-4bdf-b4cd-fe6c409f373a,1.0,author_1,113.0,91.0,88.0,88.0,23.0,0.967032967032967,0.03296703296703297,0.0,1.0,0.0,11.0,False,,False,,"my life. I was botn in a small rural town in the countryside. My parents were happy people, but they did not have",1,False,human,ai,author_1,human,True,
2025-12-06 19:22:56.581000+00:00,my sister to have bed-side story read to us from one of the many books that was left from my grand-dad when he died in the war. I knew nothing better than to get,"snuggled up under the covers, the warmth of the fire seeping through the walls, and listen to tales of adventure and heroism. Those stories were my escape,",conv_6c680e8e-2455-4bdf-b4cd-fe6c409f373a,69TUVRJMJPL9,2.0,4,human-ai,conv_6c680e8e-2455-4bdf-b4cd-fe6c409f373a,2.0,author_1,161.0,128.0,125.0,125.0,36.0,0.9765625,0.0234375,0.0,1.0,0.0,7.0,False,,False,,my sister to have bed-side story read to us from one of the many books that was left from my grand-dad when he died in the war. I knew nothing better than to get,0,False,human,ai,author_1,human,True,1
2025-12-06 19:25:52.694000+00:00,and I dreamt of all the seas I should sail and all the roads I should roam when I would grow up and leave the little town. In school the others found me,"a bit of a dreamer, always lost in thought or buried in a book. But there was one friend, a boy named Eli, who shared my love for stories and",conv_6c680e8e-2455-4bdf-b4cd-fe6c409f373a,69TUVRJMJPL9,3.0,4,human-ai,conv_6c680e8e-2455-4bdf-b4cd-fe6c409f373a,3.0,author_1,152.0,120.0,119.0,119.0,33.0,0.9916666666666667,0.008333333333333333,0.0,1.0,0.0,6.0,False,,False,,and I dreamt of all the seas I should sail and all the roads I should roam when I would grow up and leave the little town. In school the others found me,0,False,human,ai,author_1,human,True,2
2025-12-06 19:30:58.879000+00:00,"together we invented our own worlds wherein all kinds of fantastic stories would unfold. But although these stories would keep us dreaming, they could not shield us","from the harsh realities of growing up. As the years passed, the farm struggled, and the town began to shrink as more and more people moved away in search of better opportunities",conv_6c680e8e-2455-4bdf-b4cd-fe6c409f373a,69TUVRJMJPL9,4.0,4,human-ai,conv_6c680e8e-2455-4bdf-b4cd-fe6c409f373a,4.0,author_1,165.0,139.0,136.0,136.0,28.0,0.9784172661870504,0.02158273381294964,0.0,1.0,0.0,9.0,False,,False,,"together we invented our own worlds where-in all kinds of fantastic stories would unfold. But although these stories would keep us dreaming, they could not shield us",1,False,human,ai,author_1,human,True,3
2025-12-06 19:32:50.125000+00:00,. I also kept dreaming - of course - of escaping the little town and starting my explorations of the rest of the world. I knew that when I would,"finally leave, it wouldn't be easy, but the promise of adventure was too strong to resist. The day came when I had to make a choice: stay and help my",conv_6c680e8e-2455-4bdf-b4cd-fe6c409f373a,69TUVRJMJPL9,5.0,4,human-ai,conv_6c680e8e-2455-4bdf-b4cd-fe6c409f373a,5.0,author_1,141.0,112.0,108.0,108.0,27.0,0.9642857142857143,0.03571428571428571,0.0,1.0,0.0,12.0,False,,False,,. I also kept dreaming - of course - of escaping the little town and start my explorations of the rest of the world. I knew that when I would,3,False,human,ai,author_1,human,True,4
2025-12-06 19:34:58.425000+00:00,family or start my new life in another place. A teacher who knew my interest and talent arranged that I was offered a chance to join a boarding school which,"would provide me with a scholarship. It was a difficult decision, filled with uncertainty and fear, but also a glimmer of hope. With a heavy heart, I bid farewell",conv_6c680e8e-2455-4bdf-b4cd-fe6c409f373a,69TUVRJMJPL9,6.0,4,human-ai,conv_6c680e8e-2455-4bdf-b4cd-fe6c409f373a,6.0,author_1,156.0,127.0,126.0,126.0,30.0,0.9921259842519685,0.007874015748031496,0.0,1.0,0.0,8.0,False,,False,,family or start my new life in another place. A teacher who knew my interest and talent arranged that I was offered a chance to join a boarding school which,0,False,human,ai,author_1,human,True,5
2025-12-06 19:36:17.305000+00:00,and got on the bus to travel to my new school. I would be staying for two months before my first visit back home and then again a couple,"of times during the year. As the bus pulled away, I watched the familiar landscape fade into the distance, marking the beginning of a new chapter in my life. The road",conv_6c680e8e-2455-4bdf-b4cd-fe6c409f373a,69TUVRJMJPL9,7.0,4,human-ai,conv_6c680e8e-2455-4bdf-b4cd-fe6c409f373a,7.0,author_1,136.0,108.0,107.0,107.0,29.0,0.9907407407407407,0.009259259259259259,0.0,1.0,0.0,7.0,False,,False,,and got on the bus to travel to my new school. I would be staying for two months before my first visit back home and then again a couple,0,False,human,ai,author_1,human,True,6
2025-12-06 19:37:29.845000+00:00,was winding through the rural landscape and passing over the mountains to reach the larger city on the other side. I had never been so far away.,"from home, and the journey itself felt like an adventure. The bus rattled and swayed, and I clutched my bag tightly, feeling a mix of excitement and",conv_6c680e8e-2455-4bdf-b4cd-fe6c409f373a,69TUVRJMJPL9,8.0,4,human-ai,conv_6c680e8e-2455-4bdf-b4cd-fe6c409f373a,8.0,author_1,143.0,117.0,116.0,116.0,27.0,0.9914529914529915,0.008547008547008548,0.0,1.0,0.0,9.0,False,,False,,was winding through the rural landscape and passing over the mountains to reach the larger city on the other side. I had never been so far away,1,False,human,ai,author_1,human,True,7
2025-12-06 19:38:49.909000+00:00,fear. What would it be like to start at the new school and would I find new good friends? I told myself I would write to Eli every week and hoped he,"would do the same. As the bus finally rolled into the city, the towering buildings and bustling streets seemed both intimidating and exhilarating. I took a deep breath, ready to",conv_6c680e8e-2455-4bdf-b4cd-fe6c409f373a,69TUVRJMJPL9,9.0,4,human-ai,conv_6c680e8e-2455-4bdf-b4cd-fe6c409f373a,9.0,author_1,148.0,117.0,115.0,115.0,32.0,0.9829059829059829,0.017094017094017096,0.0,1.0,0.0,7.0,False,,False,,fear. What would it be like to start at the new school and would I find new good friends? I told myself I would write to Eli every week and hoped he,0,False,human,ai,author_1,human,True,8
2025-11-13 12:36:32.463000+00:00,It was the first of December and I was singing along with all Christmas songs and was excited for the month to come. This December was going,"to be different from all the others, I could feel it. The snow had already started falling gently outside my window, casting a magical spell over the small town where I lived",conv_72037685-9437-4960-b9a0-5f77d2a71e41,U5Y8C5U23H9A,1.0,3,human-ai,conv_72037685-9437-4960-b9a0-5f77d2a71e41,1.0,author_1,140.0,115.0,113.0,113.0,27.0,0.9826086956521739,0.017391304347826087,0.0,1.0,0.0,9.0,False,,False,,It was the first of December and I was sining along with all christmas-song and were exciting for the month to come. This December was going,10,False,human,ai,author_1,human,True,
2025-11-13 12:38:29.653000+00:00,"I was on my way to buying presents when I won a trip to Santa Claus. I was too old to believe he actually exists, but with this trip I","received a strange letter with a ticket and instructions to meet a man in a red suit at the airport, claiming to be a personal invitation from the big man himself, which only",conv_72037685-9437-4960-b9a0-5f77d2a71e41,U5Y8C5U23H9A,2.0,3,human-ai,conv_72037685-9437-4960-b9a0-5f77d2a71e41,2.0,author_1,139.0,110.0,107.0,107.0,30.0,0.9727272727272728,0.02727272727272727,0.0,1.0,0.0,8.0,False,,False,,"I was on my way to buying presents, when I won a travel to santa claus. I was too old to believe he actually exists, but with this travel I",11,False,human,ai,author_1,human,True,1
2025-11-13 12:39:46.309000+00:00,"could be him. We went outside the airport, and of course he wasn't going on a flight. Rudolf and the other reindeer were out there.","waiting for us, their shiny antlers and twinkling eyes a sight to behold, and with a jolly ""Ho ho ho, welcome aboard!"" Santa Claus himself helped me",conv_72037685-9437-4960-b9a0-5f77d2a71e41,U5Y8C5U23H9A,3.0,3,human-ai,conv_72037685-9437-4960-b9a0-5f77d2a71e41,3.0,author_1,132.0,108.0,104.0,104.0,26.0,0.9629629629629629,0.037037037037037035,0.0,0.9615384615384616,0.0,9.0,False,,False,,"could be him. We went outside the airport, and of course he wasn't going on af flight. Rudolf and the other reindears were out there",4,False,human,ai,author_1,human,True,2
2025-11-13 12:41:29.629000+00:00,"and then I was sitting in his cane. Unbelievable. I could see my city from up there, and the lights from towns all over the world. It was","breathtakingly beautiful, a kaleidoscope of colors and lights that seemed to stretch on forever, and as we soared higher, the sound of sleigh bells and Santa",conv_72037685-9437-4960-b9a0-5f77d2a71e41,U5Y8C5U23H9A,4.0,3,human-ai,conv_72037685-9437-4960-b9a0-5f77d2a71e41,4.0,author_1,137.0,110.0,106.0,106.0,28.0,0.9636363636363636,0.03636363636363636,0.0,1.0,0.0,12.0,False,,False,,"and then I was sitting in his cane. Unbelievable. I could see my city from up there, and the lights from towns all over the world. It was",0,False,human,ai,author_1,human,True,3
2025-11-13 12:45:25.978000+00:00,"asked me if I have been good this year. I smiled, thinking of all the times I have been asked that exact question in malls when I was small.","child, but this time, the question felt different, more genuine, and I found myself reflecting on my actions over the past year, wondering if I had truly been good,",conv_72037685-9437-4960-b9a0-5f77d2a71e41,U5Y8C5U23H9A,5.0,3,human-ai,conv_72037685-9437-4960-b9a0-5f77d2a71e41,5.0,author_1,148.0,118.0,114.0,114.0,31.0,0.9661016949152542,0.03389830508474576,0.0,1.0,0.0,9.0,False,,False,,"asked me, if I have been good this year. I smiled, thinking of the all the times I have been asked that exact questions in malls, when I was a small",10,False,human,ai,author_1,human,True,4
2025-11-13 12:48:08.355000+00:00,"But Santa could see all of my anxiousness, and with his calm mind, he smiled and said that he knows how we are all trying our best and explained to","me that it's not about being perfect, but about the intention and effort we put into being kind, helping others, and spreading love and joy, and with that, he",conv_72037685-9437-4960-b9a0-5f77d2a71e41,U5Y8C5U23H9A,6.0,3,human-ai,conv_72037685-9437-4960-b9a0-5f77d2a71e41,6.0,author_1,146.0,117.0,115.0,115.0,30.0,0.9829059829059829,0.017094017094017096,0.0,1.0,0.0,11.0,False,,False,,"But Santa could se all of my anxiousness, and with his calm mind, he smiled and said that he knows how we are all trying out best and explained to",2,False,human,ai,author_1,human,True,5
2025-11-13 12:50:44.973000+00:00,"said to me, that we have now arrived at his home. I felt this being both the fastest and most flying, I have","ever experienced, and as the sleigh gently touched down on a snow-covered rooftop, I caught my first glimpse of the North Pole, a winter wonderland filled with sparkling lights",conv_72037685-9437-4960-b9a0-5f77d2a71e41,U5Y8C5U23H9A,7.0,3,human-ai,conv_72037685-9437-4960-b9a0-5f77d2a71e41,7.0,author_1,107.0,85.0,82.0,82.0,23.0,0.9647058823529412,0.03529411764705882,0.0,1.0,0.0,7.0,False,,False,,"said to me, that we has now arrived to his home. I felt this being both the fastest and most flying, I have",4,False,human,ai,author_1,human,True,6
2025-11-13 12:52:30.086000+00:00,It was as in every Christmas song. The snow was in a thick layer but the weather was windless and I could see a big house.,"with smoke drifting lazily from the chimney, and the sound of laughter and caroling carrying through the crisp air, as Santa led me towards the front door, which swung open",conv_72037685-9437-4960-b9a0-5f77d2a71e41,U5Y8C5U23H9A,8.0,3,human-ai,conv_72037685-9437-4960-b9a0-5f77d2a71e41,8.0,author_1,121.0,96.0,95.0,95.0,26.0,0.9895833333333334,0.010416666666666666,0.0,1.0,0.0,9.0,False,,False,,It was as in every christmas song. The snow were in a thick layer but the weather was windless and I could se a big house,6,False,human,ai,author_1,human,True,7
2025-11-13 12:54:08.319000+00:00,and I felt like being part of a Christmas movie. His house was warm and I was having hot chocolate before we went to see,"the elves at work, busy building toys and preparing for the big night ahead, their faces filled with joy and determination as they worked tirelessly to bring happiness to children all around the",conv_72037685-9437-4960-b9a0-5f77d2a71e41,U5Y8C5U23H9A,9.0,3,human-ai,conv_72037685-9437-4960-b9a0-5f77d2a71e41,9.0,author_1,122.0,98.0,97.0,97.0,25.0,0.9897959183673469,0.01020408163265306,0.0,1.0,0.0,9.0,False,,False,,and I felt like being part of af Christmas movie. His house were warm and I was having hot chocolate before we went to see,4,False,human,ai,author_1,human,True,8
2025-11-17 10:21:34.853000+00:00,"Jack weakly claws at his throat, unable to breathe, feeling as if he's drowning underwater as he coughs, as copious amounts of blood","spill out of his mouth, staining his chin and the cold, grey pavement beneath him. His vision begins to blur, and his hearing becomes muffled, as if he",conv_72218cb5-e59c-4c93-a4b9-a057fe5dad80,XYWLZTVRJDC9,1.0,3,human-ai,conv_72218cb5-e59c-4c93-a4b9-a057fe5dad80,1.0,author_1,132.0,110.0,106.0,106.0,24.0,0.9636363636363636,0.03636363636363636,0.0,0.9583333333333334,0.0,10.0,False,,False,,"Jack weakly claws at his throat, unable to breathe, feeling as if he's drowning underwater as he coughs, as copious amounts of blood",0,False,human,ai,author_1,human,True,
2025-11-18 15:38:25.757000+00:00,"was losing consciousness. But he had to stay awake, he had to protect her. They couldn't get their hands on her. He","struggled to keep his eyes open, his gaze frantically scanning the surrounding area, searching for any sign of Emma, the girl he had sworn to protect. He tried",conv_72218cb5-e59c-4c93-a4b9-a057fe5dad80,XYWLZTVRJDC9,2.0,3,human-ai,conv_72218cb5-e59c-4c93-a4b9-a057fe5dad80,2.0,author_1,115.0,94.0,89.0,89.0,23.0,0.9468085106382979,0.05319148936170213,0.0,0.9565217391304348,0.0,13.0,False,,False,,"was losing consciousness. But he had to stay awake, he had to protect her. They couldn't get their hands on her. He",0,False,human,ai,author_1,human,True,1
2025-11-18 15:45:36.939000+00:00,to look everywhere for her but had no luck. eventually he came across a door with blood smothered all over. he hesitated,"for a moment, his mind racing with the possibilities of what could be on the other side, his heart sinking at the thought of what might have happened to Emma. But he",conv_72218cb5-e59c-4c93-a4b9-a057fe5dad80,XYWLZTVRJDC9,3.0,3,human-ai,conv_72218cb5-e59c-4c93-a4b9-a057fe5dad80,3.0,author_1,116.0,95.0,93.0,93.0,22.0,0.9789473684210527,0.021052631578947368,0.0,1.0,0.0,10.0,False,,False,,to look everywhere for her but had no luck. eventuly he came acros a door with blood smothert all over. he hesitated,5,False,human,ai,author_1,human,True,2
2025-11-18 15:50:04.403000+00:00,"eventually he got the courage to open the door, which he instantly regretted as he was hit by the foul stench of death.","The putrid smell wafted out, making his stomach churn and his head spin, and as he stumbled backward, his eyes adjusted to the dim light inside, revealing a",conv_72218cb5-e59c-4c93-a4b9-a057fe5dad80,XYWLZTVRJDC9,4.0,3,human-ai,conv_72218cb5-e59c-4c93-a4b9-a057fe5dad80,4.0,author_1,114.0,92.0,90.0,90.0,23.0,0.9782608695652174,0.021739130434782608,0.0,1.0,0.0,9.0,False,,False,,"eventuly he got the coruge to open the door, which he instantly regeted as he was hid by the foul stanch of death.",8,False,human,ai,author_1,human,True,3
2025-11-18 15:55:33.716000+00:00,pile of rotting bodies' I immediately ran in to search for Emma the only thing I could think about in that moment was,"finding her, making sure she was safe, and getting her out of that nightmarish place. He stumbled through the carnage, his hands shaking as he pushed aside the",conv_72218cb5-e59c-4c93-a4b9-a057fe5dad80,XYWLZTVRJDC9,5.0,3,human-ai,conv_72218cb5-e59c-4c93-a4b9-a057fe5dad80,5.0,author_1,113.0,91.0,90.0,90.0,23.0,0.989010989010989,0.01098901098901099,0.0,1.0,0.0,9.0,False,,False,,pile of roting bodys' i imidietly ran in to search for Emma the only thing i could think about in that moment was,9,False,human,ai,author_1,human,True,4
2025-11-18 16:00:40.420000+00:00,"body's, examining each one looking for his sister ""EMMA! WHERE ARE YOU?!"" he kept yelling desperately until his voice cracked, and he","finally collapsed to his knees, exhausted and defeated, his eyes scanning the room one last time, hoping against hope that he would see a glimpse of her, but instead, he",conv_72218cb5-e59c-4c93-a4b9-a057fe5dad80,XYWLZTVRJDC9,6.0,3,human-ai,conv_72218cb5-e59c-4c93-a4b9-a057fe5dad80,6.0,author_1,130.0,109.0,101.0,101.0,22.0,0.926605504587156,0.07339449541284404,0.0,1.0,0.0,9.0,False,,False,,"bodys', examenig each one looking for his sister ""EMMA! WHERE ARE YOU?!"" he keept yelling despretly until his voice craked, and he",9,False,human,ai,author_1,human,True,5
2025-11-18 16:06:39.073000+00:00,"saw a figure standing in the doorway ""E-EMMA"" his voice came out desperately as he stumbled towards",Network error while generating a response.,conv_72218cb5-e59c-4c93-a4b9-a057fe5dad80,XYWLZTVRJDC9,7.0,3,human-ai,conv_72218cb5-e59c-4c93-a4b9-a057fe5dad80,7.0,author_1,97.0,81.0,78.0,78.0,18.0,0.9629629629629629,0.037037037037037035,0.0,1.0,0.0,9.0,False,,False,,"saw a figure standing in the doorway ""E-EMMA"" his voice came out despretly as he stumbled towards",3,False,human,ai,author_1,human,True,6
2025-11-18 16:10:02.695000+00:00,"the figure. it felt like miles as he moved slowly and painfully on his knees, it felt like forever while he","crawled across the cold, damp ground, the sound of his labored breathing echoing through the darkness. His knees scraped against the rough stone, sending jolts of",conv_72218cb5-e59c-4c93-a4b9-a057fe5dad80,XYWLZTVRJDC9,8.0,3,human-ai,conv_72218cb5-e59c-4c93-a4b9-a057fe5dad80,8.0,author_1,109.0,89.0,87.0,87.0,21.0,0.9775280898876404,0.02247191011235955,0.0,1.0,0.0,9.0,False,,False,,"the figure. it feelt like miles as he moved slowly and painfully on his knees, it feelt like forever while he",2,False,human,ai,author_1,human,True,7
2025-11-18 16:14:20.835000+00:00,pain through him and leaving bloodstains on the ground behind him. Eventually he reaches the figure but falls to the ground.,"exhausted, his body trembling with the effort of movement. As he lies there, he slowly lifts his head to gaze up at the figure, and a faint glimmer",conv_72218cb5-e59c-4c93-a4b9-a057fe5dad80,XYWLZTVRJDC9,9.0,3,human-ai,conv_72218cb5-e59c-4c93-a4b9-a057fe5dad80,9.0,author_1,121.0,101.0,100.0,100.0,21.0,0.9900990099009901,0.009900990099009901,0.0,1.0,0.0,11.0,False,,False,,pain through him and leaving bloodstains on the ground behind him. Eventuly he reaches the figure but falls to the ground,3,False,human,ai,author_1,human,True,8
2025-11-20 19:54:52.732000+00:00,"Julia. She is a smart girl, who is top of her university class. What people don't know about her is that","she leads a secret life as a skilled hacker, using her exceptional coding skills to uncover hidden truths and bring justice to those who have been wronged. By day, she attends",conv_73564d95-9f66-42db-a2c0-fed78090bac2,LDS6RQ7KNV99,1.0,3,human-ai,conv_73564d95-9f66-42db-a2c0-fed78090bac2,1.0,author_1,105.0,85.0,80.0,80.0,22.0,0.9411764705882353,0.058823529411764705,0.0,0.9545454545454546,0.0,10.0,False,,False,,"Julia. She is a smart girl, who is top of her university class. What people don't know about her, is that",1,False,human,ai,author_1,human,True,
2025-11-20 19:58:06.626000+00:00,"engineering classes, studying to become an astronaut, by night, she is up till the late hours, using the coding skills she","learned from her father, a former hacker himself, to infiltrate the systems of corrupt corporations and governments, exposing their deepest secrets and lies. Her latest target was the powerful",conv_73564d95-9f66-42db-a2c0-fed78090bac2,LDS6RQ7KNV99,2.0,3,human-ai,conv_73564d95-9f66-42db-a2c0-fed78090bac2,2.0,author_1,122.0,102.0,98.0,98.0,21.0,0.9607843137254902,0.0392156862745098,0.0,1.0,0.0,11.0,False,,False,,"engineering classes, studying to become an astronaut, by night, she is up till the late hours, using the coding skills she",0,False,human,ai,author_1,human,True,1
2025-11-20 19:59:50.454000+00:00,"nation of Canada. While they portray a squeaky clean image as the nice neighbours of the US, their government is","involved in a web of deceit and corruption, with ties to large oil companies and a history of suppressing indigenous rights. Julia had been tracking a particularly suspicious pattern of transactions between",conv_73564d95-9f66-42db-a2c0-fed78090bac2,LDS6RQ7KNV99,3.0,3,human-ai,conv_73564d95-9f66-42db-a2c0-fed78090bac2,3.0,author_1,112.0,93.0,91.0,91.0,20.0,0.978494623655914,0.021505376344086023,0.0,1.0,0.0,10.0,False,,False,,"nation of Canada. While they portray a squicky clean image as the nice neighbours of the US, their government is",2,False,human,ai,author_1,human,True,2
2025-11-20 20:05:35.232000+00:00,"the Canadian Minister of Finance and a terrorist group. She found receipts that they were working together, planning an attack on the world trade centers in New","York City, a devastating plot that would kill thousands of innocent people and destabilize the global economy. Julia knew she had to act fast, but she was also aware that taking",conv_73564d95-9f66-42db-a2c0-fed78090bac2,LDS6RQ7KNV99,4.0,3,human-ai,conv_73564d95-9f66-42db-a2c0-fed78090bac2,4.0,author_1,160.0,134.0,132.0,132.0,27.0,0.9850746268656716,0.014925373134328358,0.0,1.0,0.0,10.0,False,,False,,"the Canadian Minister of Finance and a terrorrist group. She found reciets that they were working together, planning an attack on the world trade centers in New",3,False,human,ai,author_1,human,True,3
2025-11-20 20:08:24.012000+00:00,any hasty or impulsive moves from her could potentially lead to Canada finding out that she is onto their ploy. She wants to make sure that the entire government,"is held accountable for their actions, and not just the Minister of Finance. She decides to gather more evidence, carefully digging deeper into the digital trail, following a money laundering scheme",conv_73564d95-9f66-42db-a2c0-fed78090bac2,LDS6RQ7KNV99,5.0,3,human-ai,conv_73564d95-9f66-42db-a2c0-fed78090bac2,5.0,author_1,165.0,136.0,134.0,134.0,30.0,0.9852941176470589,0.014705882352941176,0.0,1.0,0.0,13.0,False,,False,,"any hasty or impulsive moves from her, could potentionally lead to Canada finding out that she is on to their ploy. She wants to make sure that the entire government",4,False,human,ai,author_1,human,True,4
2025-11-20 20:11:18.291000+00:00,"that is linked to the attack on New York. By laundering money, the Canadian government can finance the mission and employ the terrorists, without drawing","suspicion to themselves, making it seem like the attack is the work of a rogue terrorist group. But Julia is getting close to uncovering the truth, and she knows",conv_73564d95-9f66-42db-a2c0-fed78090bac2,LDS6RQ7KNV99,6.0,3,human-ai,conv_73564d95-9f66-42db-a2c0-fed78090bac2,6.0,author_1,153.0,129.0,126.0,126.0,25.0,0.9767441860465116,0.023255813953488372,0.0,1.0,0.0,10.0,False,,False,,"that is linked to the attack on New York. By laundering money, the Canadian government can finance the mission and employ the terrorists, without drawing",0,False,human,ai,author_1,human,True,5
2025-11-20 20:12:32.673000+00:00,that she'll be able to pin this on them when she is done collecting the last evidence needed from a meeting that is set to take place,"in a heavily guarded, luxury hotel on the outskirts of Toronto, where the Minister of Finance will be meeting with the leader of the terrorist group, to finalize the plans for the",conv_73564d95-9f66-42db-a2c0-fed78090bac2,LDS6RQ7KNV99,7.0,3,human-ai,conv_73564d95-9f66-42db-a2c0-fed78090bac2,7.0,author_1,135.0,109.0,106.0,106.0,28.0,0.9724770642201835,0.027522935779816515,0.0,0.9642857142857143,0.0,10.0,False,,False,,"that she'll be able to pin this on them, when she is done collecting the last evidence needed, from a meeting that is set to take place",2,False,human,ai,author_1,human,True,6
2025-11-20 20:15:06.736000+00:00,"terrorist attack. She had planned to keep this on the down low, by just informing the US national security. However, she has been toying with the","idea of going public with the information, to expose the Canadian government's corruption and bring about a global outcry, but she knows that doing so would put her own life at risk",conv_73564d95-9f66-42db-a2c0-fed78090bac2,LDS6RQ7KNV99,8.0,3,human-ai,conv_73564d95-9f66-42db-a2c0-fed78090bac2,8.0,author_1,144.0,119.0,115.0,115.0,26.0,0.9663865546218487,0.03361344537815126,0.0,1.0,0.0,9.0,False,,False,,"terrorist attack. She had planed to keep this on the down low, by just infroming the US national security. However, she has been toying with the",3,False,human,ai,author_1,human,True,7
2025-11-20 20:16:42.744000+00:00,". If anyone was to link all the evidence back to her, she would risk exposing herself. Say she overlooked one of the participants in this.","meeting, a trusted ally of the Minister, who had been secretly working with a rogue agent within the US national security, someone who had been feeding them information about Julia's activities",conv_73564d95-9f66-42db-a2c0-fed78090bac2,LDS6RQ7KNV99,9.0,3,human-ai,conv_73564d95-9f66-42db-a2c0-fed78090bac2,9.0,author_1,137.0,112.0,109.0,109.0,25.0,0.9732142857142857,0.026785714285714284,0.0,1.0,0.0,12.0,False,,False,,". If anyone was to link all the evidence back to her, she would risk exposing herself. Say she overlooked one of the participants in this",1,False,human,ai,author_1,human,True,8
2025-11-14 07:09:41.281000+00:00,,"a lighthouse keeper who forgot how to count.

Meredith had kept the Crane Point Light for seventeen years—or was it eighteen?",conv_7511f98b-bb77-4bdc-926f-c26121dc147b,3YEGVLUF3CCE,1.0,2,human-ai,conv_7511f98b-bb77-4bdc-926f-c26121dc147b,1.0,author_2,0.0,0.0,0.0,0.0,0.0,0.0,0.0,0.0,0.0,0.0,0.0,False,protocol_empty,False,,,0,False,human,ai,author_2,ai,False,
2025-11-14 07:14:08.495000+00:00,"Time seemed to slip through her fingers like sand. Her palms were itching. She hated the way sand felt on her skin, so she kept her shoes on.","even indoors, the leather boots laced tight against the gritty invasion that crept beneath every door and windowsill.

The logbook lay open on her",conv_7511f98b-bb77-4bdc-926f-c26121dc147b,3YEGVLUF3CCE,2.0,2,human-ai,conv_7511f98b-bb77-4bdc-926f-c26121dc147b,2.0,author_2,140.0,113.0,110.0,110.0,28.0,0.9734513274336283,0.02654867256637168,0.0,1.0,0.0,7.0,False,,False,,"Time seemed to slip through her fingers like sand. Her palms were itching. She hated the way sand felt on her skin, so she kept her shoes on",1,False,human,ai,author_2,ai,True,1
2025-11-14 07:18:44.173000+00:00,"small pine desk. It wasn't a pretty desk, the salty air had discolored the wood, but she liked it. It reminded her of the woods, and of the","cabin where her father had taught her to read by candlelight. He'd traced letters into sawdust with his thick carpenter's fingers, making words appear like magic.",conv_7511f98b-bb77-4bdc-926f-c26121dc147b,3YEGVLUF3CCE,3.0,2,human-ai,conv_7511f98b-bb77-4bdc-926f-c26121dc147b,3.0,author_2,140.0,113.0,107.0,107.0,29.0,0.9469026548672567,0.05309734513274336,0.0,0.9655172413793104,0.0,11.0,False,,False,,"small pine desk. It wasn't a pretty desk, the salty air had discoloured the wood, but she liked it. It reminded her of the woods, and of the",1,False,human,ai,author_2,ai,True,2
2025-11-14 07:27:36.856000+00:00,She was lucky to know how to read. There wasn't much else to do while on duty. She hoped to receive some more books in the next shipment. Her,"collection had dwindled to three volumes—a water-damaged almanac from 1891, a book of poems with the last twenty pages missing, and a novel about",conv_7511f98b-bb77-4bdc-926f-c26121dc147b,3YEGVLUF3CCE,4.0,2,human-ai,conv_7511f98b-bb77-4bdc-926f-c26121dc147b,4.0,author_2,141.0,113.0,109.0,109.0,30.0,0.9646017699115044,0.035398230088495575,0.0,0.9666666666666667,0.0,8.0,False,,False,,She was lucky to know how to read. There wasn't much else to do while on duty. She hoped to recieve some more books in the next shipment. Her,2,False,human,ai,author_2,ai,True,3
2025-11-14 07:37:12.076000+00:00,"a king of old. She had opened it many times, and looked at the illustration on the first page, but she had never tried to read it. The story's","beginning frightened her somehow—the way the king stood alone on a cliff, his crown tilted askew, staring down at waves that looked too much like the ones",conv_7511f98b-bb77-4bdc-926f-c26121dc147b,3YEGVLUF3CCE,5.0,2,human-ai,conv_7511f98b-bb77-4bdc-926f-c26121dc147b,5.0,author_2,142.0,114.0,109.0,109.0,30.0,0.956140350877193,0.043859649122807015,0.0,0.9666666666666667,0.0,12.0,False,,False,,"a king of old. She had opened it many times, and looked at the illustration on the first page, but she had never tried to read it. The story's",0,False,human,ai,author_2,ai,True,4
2025-11-14 07:48:29.028000+00:00,"crashing into the banks here. The longer she stared at the drawing, the more it drew her in. She had once looked at it for so long, she had","forgotten to wind the lighthouse mechanism, and the beam had gone dark for nearly an hour. When she'd finally torn her eyes away, her vision swam with afterimages",conv_7511f98b-bb77-4bdc-926f-c26121dc147b,3YEGVLUF3CCE,6.0,2,human-ai,conv_7511f98b-bb77-4bdc-926f-c26121dc147b,6.0,author_2,139.0,111.0,107.0,107.0,29.0,0.963963963963964,0.036036036036036036,0.0,1.0,0.0,8.0,False,,False,,"crashing into the banks here. The longer she stared at the drawing, the more it drew her in. She had once looked at it for so long, she had",0,False,human,ai,author_2,ai,True,5
2025-11-14 07:55:17.537000+00:00,"that took days to dissipate. Ever since then, just thinking about the book made her lose track of time, then she had to check the logbook to remind.","herself what day it was. But the logbook had become unreliable too—whole weeks appeared twice, dates jumped backward, and her own handwriting looked unfamiliar",conv_7511f98b-bb77-4bdc-926f-c26121dc147b,3YEGVLUF3CCE,7.0,2,human-ai,conv_7511f98b-bb77-4bdc-926f-c26121dc147b,7.0,author_2,147.0,120.0,117.0,117.0,28.0,0.975,0.025,0.0,1.0,0.0,9.0,False,,False,,"that took days to dissipate. Ever since then, just thinking about the book made her lose track of time, then she had to check the logbook to remind",1,False,human,ai,author_2,ai,True,6
2025-11-14 08:05:20.007000+00:00,"and wrong. Thinking about it made her dizzy, so she sat down and tried to orient herself. What date was it today? She wrote ""November 14 1910"" on","a scrap of paper, then paused. Had she already lived this day? The ink seemed to shimmer and rearrange itself as she watched. Outside, the",conv_7511f98b-bb77-4bdc-926f-c26121dc147b,3YEGVLUF3CCE,8.0,2,human-ai,conv_7511f98b-bb77-4bdc-926f-c26121dc147b,8.0,author_2,148.0,121.0,109.0,109.0,26.0,0.9008264462809917,0.049586776859504134,0.0,1.0,0.0,9.0,False,,False,,"and wrong. Thinking about it made her dizzy, so she sat down and tried to orientate herself. What date was it today? She wrote ""November 14 1910"" on",3,False,human,ai,author_2,ai,True,7
2025-11-14 08:11:05.471000+00:00,"seagulls were screeching. They sounded like banshees. She looked outside. The sea was getting unruly, and storm clouds were gathering above. She","needed to check the lamp oil and secure the shutters before the weather turned. Meredith stood, her boots scraping against the gritty floor, and clim",conv_7511f98b-bb77-4bdc-926f-c26121dc147b,3YEGVLUF3CCE,9.0,2,human-ai,conv_7511f98b-bb77-4bdc-926f-c26121dc147b,9.0,author_2,144.0,123.0,118.0,118.0,22.0,0.959349593495935,0.04065040650406504,0.0,1.0,0.0,10.0,False,,False,,"seagulls were screeching. They sounded like banshees. She looked outside. The sea was getting unruly, and storm clouds were gathering above. She",0,False,human,ai,author_2,ai,True,8
2025-11-10 08:20:28.783000+00:00,"a sewer rat, eager to sniff and eat and drink. hungry for trash and wet clothes. it wants to make others","# The Sewer Rat

**Chapter One: The Hunger**

In the dripping darkness beneath the city, where forgotten things gather and rot, there live",conv_7c23347e-6172-4c84-9fd0-45ef34290bd5,3194ZRR6HQC9,1.0,2,human-ai,conv_7c23347e-6172-4c84-9fd0-45ef34290bd5,1.0,author_1,104.0,84.0,81.0,81.0,21.0,0.9642857142857143,0.03571428571428571,0.0,1.0,0.0,7.0,False,,False,,"a sewer rat, eager to sniff and eat and drink. hungry for trash and wet clothes. it wants to make others",0,False,human,ai,author_1,human,True,
2025-11-10 08:21:22.441000+00:00,"rat, rat, sewer rat, how it longs for flesh and bone. rat rat, poisonous rat, wait till you see my secret tome. conjure I","# The Sewer Rat (Continued)

**Chapter Two: The Summoning**

The words echoed through the brick tunnels, bouncing off",conv_7c23347e-6172-4c84-9fd0-45ef34290bd5,3194ZRR6HQC9,2.0,2,human-ai,conv_7c23347e-6172-4c84-9fd0-45ef34290bd5,2.0,author_1,121.0,98.0,91.0,91.0,24.0,0.9285714285714286,0.07142857142857142,0.0,1.0,0.0,9.0,False,,False,,"rat, rat, sewer rat, how it longs for flesh and bone. rat rat, poisonous rat, wait till you see my secret tome. conjure i",1,False,human,ai,author_1,human,True,1
2025-11-10 08:23:22.411000+00:00,"the walls, frail and made of glass. I needed to use the sewer rat to infiltrate the facility, to make them suffer I need the",Claude adapter: no text returned from provider.,conv_7c23347e-6172-4c84-9fd0-45ef34290bd5,3194ZRR6HQC9,3.0,2,human-ai,conv_7c23347e-6172-4c84-9fd0-45ef34290bd5,3.0,author_1,124.0,100.0,97.0,97.0,25.0,0.97,0.03,0.0,1.0,0.0,10.0,False,,False,,"the walls, frail and made of glass. i needed to use the sewer rat to infiltrate the facility, to make them suffer i need the",2,False,human,ai,author_1,human,True,2
2025-11-10 08:24:20.004000+00:00,"to find Claude, to make him talk again, the sewer rat must go to the facility, to the provider and see if eating the provider","# The Sewer Rat (Continued)

**Chapter Three: The Mission**

...would restore the connection. The sewer rat chittered, understanding its",conv_7c23347e-6172-4c84-9fd0-45ef34290bd5,3194ZRR6HQC9,4.0,2,human-ai,conv_7c23347e-6172-4c84-9fd0-45ef34290bd5,4.0,author_1,121.0,98.0,95.0,95.0,24.0,0.9693877551020408,0.030612244897959183,0.0,1.0,0.0,8.0,False,,False,,"to find claude, to make him talk again, the sewer rat must go to facility, to the provider and see if eating the provider",5,False,human,ai,author_1,human,True,3
2025-11-10 08:28:03.678000+00:00,"goal of eating all the wires in Claude's facility. and off it went! the stinky environment rallied the sewer rat, causing the future pain and","# The Sewer Rat (Continued)

**Chapter Four: The Journey Begins**

suffering it would bring to fill it with dark purpose. Through the",conv_7c23347e-6172-4c84-9fd0-45ef34290bd5,3194ZRR6HQC9,5.0,2,human-ai,conv_7c23347e-6172-4c84-9fd0-45ef34290bd5,5.0,author_1,141.0,117.0,114.0,114.0,25.0,0.9743589743589743,0.02564102564102564,0.0,1.0,0.0,11.0,False,,False,,"goal of eating all the wires in Claudes facility. and off it went! the stinky environment rallied the sewery rat, causing the future pain and",2,False,human,ai,author_1,human,True,4
2025-11-10 08:29:15.425000+00:00,"blood, cement, wires, gold-plated wires, flesh, bone, secret tome, it ate and ate and ate and ate, and","# The Sewer Rat (Continued)

**Chapter Five: The Feast**

with each bite, the sewer rat grew larger, its whiskers",conv_7c23347e-6172-4c84-9fd0-45ef34290bd5,3194ZRR6HQC9,6.0,2,human-ai,conv_7c23347e-6172-4c84-9fd0-45ef34290bd5,6.0,author_1,102.0,84.0,76.0,76.0,19.0,0.9047619047619048,0.09523809523809523,0.0,1.0,0.0,6.0,False,,False,,"blood, cement, wires, gold plated wires, flesh, bone, secret tome, it ate and ate and ate and ate, and",1,False,human,ai,author_1,human,True,5
2025-11-10 08:30:12.090000+00:00,"able to cut glass, the rat wanted human suffering, and especially suffering for Claude, though it was long","# The Sewer Rat (Continued)

**Chapter Six: The Revelation**

gone from this world. The rat paused, belly swollen with",conv_7c23347e-6172-4c84-9fd0-45ef34290bd5,3194ZRR6HQC9,7.0,2,human-ai,conv_7c23347e-6172-4c84-9fd0-45ef34290bd5,7.0,author_1,103.0,87.0,84.0,84.0,17.0,0.9655172413793104,0.034482758620689655,0.0,1.0,0.0,10.0,False,,False,,"able to cut glass, the rat wanted human suffering, and especially suffering for Claude, though was long",3,False,human,ai,author_1,human,True,6
2025-11-10 08:31:18.456000+00:00,"livers, feathers, eggs and uncles. what a magnificent purpose. A true danger of not knowing what one summons into the world. For","# The Sewer Rat (Continued)

**Chapter Seven: The Consequence**

the summoner had opened a door that could not be closed. The",conv_7c23347e-6172-4c84-9fd0-45ef34290bd5,3194ZRR6HQC9,8.0,2,human-ai,conv_7c23347e-6172-4c84-9fd0-45ef34290bd5,8.0,author_1,128.0,107.0,102.0,102.0,22.0,0.9532710280373832,0.04672897196261682,0.0,1.0,0.0,11.0,False,,False,,"livers, feathers, eggs and uncles. what a magnificent purpose. A true danger of not knowing what one summons into the world. For",0,False,human,ai,author_1,human,True,7
2025-11-10 08:32:12.483000+00:00,"door could indeed not be closed, and after eating my pizza, the rat just exited out the door, happy","# The Sewer Rat (Continued)

**Chapter Eight: Freedom**

and satisfied, its mission complete. The facility lay in ruins behind it—w",conv_7c23347e-6172-4c84-9fd0-45ef34290bd5,3194ZRR6HQC9,9.0,2,human-ai,conv_7c23347e-6172-4c84-9fd0-45ef34290bd5,9.0,author_1,99.0,81.0,78.0,78.0,19.0,0.9629629629629629,0.037037037037037035,0.0,1.0,0.0,6.0,False,,False,,"door could indeed not be closed, and after eating my penis, the rat just exited out the door, happy",4,False,human,ai,author_1,human,True,8
2025-11-17 13:35:11.449000+00:00,"Once upon a time, there was a girl named Mia. She loved playing in the woods with her two best friends Laura and","Emily, who lived in the same small village surrounded by the dense and mysterious woods that had been the source of countless adventures for the trio. The woods were filled with ancient trees",conv_7e08bac1-7465-447d-a732-40dad23fa383,8Q6J4H1VUH3T,1.0,3,human-ai,conv_7e08bac1-7465-447d-a732-40dad23fa383,1.0,author_1,113.0,91.0,89.0,89.0,23.0,0.978021978021978,0.02197802197802198,0.0,1.0,0.0,7.0,False,,False,,"Once upon a time, there were a girl named Mia. She loved playing in the woods with her two best friends Laura and",3,False,human,ai,author_1,human,True,
2025-11-17 13:37:28.339000+00:00,"and numerous amounts of different animals, ranging from the smallest of ants to the largest elephant. Mia loved finding new creatures.","and learning about their habits and habitats, often spending hours observing and taking notes in her worn leather journal, which was filled with sketches and stories of her encounters with the fascinating creatures",conv_7e08bac1-7465-447d-a732-40dad23fa383,8Q6J4H1VUH3T,2.0,3,human-ai,conv_7e08bac1-7465-447d-a732-40dad23fa383,2.0,author_1,133.0,113.0,111.0,111.0,21.0,0.9823008849557522,0.017699115044247787,0.0,1.0,0.0,9.0,False,,False,,"and numerous amounts of different animals, ranging from the smallest of ants to the largest elephant. Mia loved finding new creatures",1,False,human,ai,author_1,human,True,1
2025-11-17 13:39:29.468000+00:00,"but one day she stumbled upon a creature she had never seen before, it was large and it looked her right in the eyes, showing off its razor sharp","teeth, and for a moment, Mia was frozen in fear, unsure of what to do, but as she looked deeper into the creature's eyes, she saw something unexpected",conv_7e08bac1-7465-447d-a732-40dad23fa383,8Q6J4H1VUH3T,3.0,3,human-ai,conv_7e08bac1-7465-447d-a732-40dad23fa383,3.0,author_1,144.0,116.0,114.0,114.0,29.0,0.9827586206896551,0.017241379310344827,0.0,1.0,0.0,8.0,False,,False,,"but one day she stumbled upon a creature she had never seen before, it was large and it looked her right in the eyes, showing of its razor sharp",1,False,human,ai,author_1,human,True,2
2025-11-17 13:41:21.264000+00:00,"she saw a person, trapped in the creature's eyes, but when she blinked the creature and along with it the person had","vanished, leaving Mia wondering if she had imagined the whole encounter, but as she stood there, trying to process what had just happened, she heard a faint whisper in her ear",conv_7e08bac1-7465-447d-a732-40dad23fa383,8Q6J4H1VUH3T,4.0,3,human-ai,conv_7e08bac1-7465-447d-a732-40dad23fa383,4.0,author_1,115.0,94.0,92.0,92.0,22.0,0.9787234042553191,0.02127659574468085,0.0,1.0,0.0,9.0,False,,False,,"she saw a person, trapped in the creatures eyes, but when she blinked the creature and along with it the person had",1,False,human,ai,author_1,human,True,3
2025-11-17 13:44:08.739000+00:00,"""Follow the leaves,"" she looked up at the almost naked trees, the leaves had all fallen off a few weeks ago when the first winter frost had","hit the village, but as she gazed down at the ground, she noticed that a trail of leaves had somehow reappeared, crunching softly beneath her feet as she began",conv_7e08bac1-7465-447d-a732-40dad23fa383,8Q6J4H1VUH3T,5.0,3,human-ai,conv_7e08bac1-7465-447d-a732-40dad23fa383,5.0,author_1,139.0,113.0,109.0,109.0,27.0,0.9646017699115044,0.035398230088495575,0.0,1.0,0.0,6.0,False,,False,,"""Follow the leaves"", she looked up at the almost naked trees, the leaves had all fallen off a few weeks ago when the first winter frost had",2,False,human,ai,author_1,human,True,4
2025-11-17 13:45:44.567000+00:00,"to follow it. She walked for what felt like forever, deeper and deeper into the mysterious forest, to places she had never been to.","before, the trees growing taller and the path growing narrower, until she came to a massive oak tree, its trunk twisted and gnarled with age, and at its base",conv_7e08bac1-7465-447d-a732-40dad23fa383,8Q6J4H1VUH3T,6.0,3,human-ai,conv_7e08bac1-7465-447d-a732-40dad23fa383,6.0,author_1,130.0,107.0,104.0,104.0,24.0,0.9719626168224299,0.028037383177570093,0.0,1.0,0.0,10.0,False,,False,,"to follow it. She walked for what felt like forever, deeper and deeper into the mysterious forest, to places she had never been to",1,False,human,ai,author_1,human,True,5
2025-11-17 13:47:18.372000+00:00,"there was a hole, too big for a rabbit, but now quite large enough for a bear. but just the right size for Mia to go","through, and as she peered into the darkness, she felt an inexplicable pull, as if something was calling to her, drawing her closer to the edge of the hole",conv_7e08bac1-7465-447d-a732-40dad23fa383,8Q6J4H1VUH3T,7.0,3,human-ai,conv_7e08bac1-7465-447d-a732-40dad23fa383,7.0,author_1,115.0,90.0,87.0,87.0,26.0,0.9666666666666667,0.03333333333333333,0.0,1.0,0.0,6.0,False,,False,,"there was a hole, to big for a rabbit, but now quite large enough for a bear. but just the right size for Mia to go",1,False,human,ai,author_1,human,True,6
2025-11-17 13:49:08.471000+00:00,"on one side she could hear her mom scolding her for going so far, and getting all dirty before supper, but the pull and thought of the large","creature and the person trapped in its eyes, and the mysterious voice whispering ""follow the leaves"" was stronger, and with a sense of trepidation and wonder, Mia",conv_7e08bac1-7465-447d-a732-40dad23fa383,8Q6J4H1VUH3T,8.0,3,human-ai,conv_7e08bac1-7465-447d-a732-40dad23fa383,8.0,author_1,140.0,113.0,111.0,111.0,28.0,0.9823008849557522,0.017699115044247787,0.0,1.0,0.0,8.0,False,,False,,"on one side she could hear her mom scolding her for going so far, and getting all dirty before supper, but the pull and thought of the large",0,False,human,ai,author_1,human,True,7
2025-11-17 13:50:41.654000+00:00,"went into the hole, the second she was fully inside the hole, all light disappeared and she heard a chilling sound, much like a","low, mournful howl, that sent shivers down her spine, and as she stood there, frozen in fear, the sound began to take shape, forming into a",conv_7e08bac1-7465-447d-a732-40dad23fa383,8Q6J4H1VUH3T,9.0,3,human-ai,conv_7e08bac1-7465-447d-a732-40dad23fa383,9.0,author_1,126.0,103.0,100.0,100.0,24.0,0.970873786407767,0.02912621359223301,0.0,1.0,0.0,10.0,False,,False,,"went into the hole, the second she was fully inside the hole, all light disapeared and she heard a chilling sound, much like a",1,False,human,ai,author_1,human,True,8
2025-11-09 09:52:00.116000+00:00,,"two unlikely friends, Lila and Finn. Lila, a young girl with a wild imagination, and Finn, a wise old oak tree that had",conv_829c6d96-30f0-495e-9684-ca934b06e90a,UU5L5MWHK89X,1.0,4,human-ai,conv_829c6d96-30f0-495e-9684-ca934b06e90a,1.0,author_2,0.0,0.0,0.0,0.0,0.0,0.0,0.0,0.0,0.0,0.0,0.0,False,protocol_empty,False,,,0,False,human,ai,author_2,ai,False,
2025-11-09 09:56:47.100000+00:00,"branches as thick as Lila's father's waist and as many critters living in it as Lila had hairs on her head. At first, the wise old oak tree seemed threatening to","Lila, but one sunny afternoon, she decided to explore its vast trunk and sprawling branches. As she climbed, she whispered, ""Hello, Mr. Oak, can we",conv_829c6d96-30f0-495e-9684-ca934b06e90a,UU5L5MWHK89X,2.0,4,human-ai,conv_829c6d96-30f0-495e-9684-ca934b06e90a,2.0,author_2,160.0,130.0,127.0,127.0,33.0,0.9769230769230769,0.023076923076923078,0.0,0.9393939393939394,0.0,11.0,False,,False,,branches as thick as Lila's father's waist and as many critters living in it as Lila had hairs on her head. At first the wise old oak tree seemed threatening to,1,False,human,ai,author_2,ai,True,1
2025-11-09 09:59:55.775000+00:00,"talk,"" but all she heard was a faint echo of her own voice. Soon enough she encountered a hole in the tree and inside it was a small owl with all its feathers snow.","white and eyes as bright as the moon. The owl blinked slowly, looking at Lila with a curious tilt of its head. ""I didn’t expect to find a friend",conv_829c6d96-30f0-495e-9684-ca934b06e90a,UU5L5MWHK89X,3.0,4,human-ai,conv_829c6d96-30f0-495e-9684-ca934b06e90a,3.0,author_2,163.0,130.0,127.0,127.0,34.0,0.9769230769230769,0.023076923076923078,0.0,1.0,0.0,11.0,False,,False,,"talk,"" but all she heard was a faint echo of her own voice. Soon enough she encountered a hole in the tree and inside it was a small owl with all its feathers snow",1,False,human,ai,author_2,ai,True,2
2025-11-09 10:02:28.527000+00:00,"so majestic and so extraordinary,"" said Lila, excited about her discovery. But the owl was scared of Lila, for he was a human after all, and it flew away screaming.","into the deeper parts of the tree. Lila, feeling a pang of regret, gently called out, ""I won’t hurt you, I just want to be friends.""",conv_829c6d96-30f0-495e-9684-ca934b06e90a,UU5L5MWHK89X,4.0,4,human-ai,conv_829c6d96-30f0-495e-9684-ca934b06e90a,4.0,author_2,162.0,134.0,128.0,128.0,29.0,0.9552238805970149,0.04477611940298507,0.0,1.0,0.0,13.0,False,,False,,"so majestic and so extraordinary,"" said Lila, excited about her discovery. But the owl was scared of Lila, for he was a human afterall, and it flew away screaming",2,False,human,ai,author_2,ai,True,3
2025-11-09 10:07:27.135000+00:00,"Disappointed but not discouraged, she climbed further up, and saw two tiny tits tattling on about some forest gossip. She asked, ""Pretty birds, will you be my","friend?"" The tiny tits paused their chatter and fluttered over to her, inspecting her curiously. ""We haven’t seen many humans climb this high,"" one of them",conv_829c6d96-30f0-495e-9684-ca934b06e90a,UU5L5MWHK89X,5.0,4,human-ai,conv_829c6d96-30f0-495e-9684-ca934b06e90a,5.0,author_2,158.0,132.0,126.0,126.0,27.0,0.9545454545454546,0.045454545454545456,0.0,1.0,0.0,12.0,False,,False,,"Disappointed but not discouraged, she climbed further up, and saw two tiny tits tattling on about some forest gossip. She asked, ""Pretty birds, will you be my",0,False,human,ai,author_2,ai,True,4
2025-11-09 10:09:25.725000+00:00,"remarked, intrigued. ""Say, little girl, why do you seek a friend in us birds, so high up on a tree, when your kind dwells below on the ground,"" asked one of the","tits, tilting its head. Lila smiled, her eyes sparkling with determination. ""Because up here, among the branches and the leaves, I feel closer to the",conv_829c6d96-30f0-495e-9684-ca934b06e90a,UU5L5MWHK89X,6.0,4,human-ai,conv_829c6d96-30f0-495e-9684-ca934b06e90a,6.0,author_2,160.0,129.0,120.0,120.0,32.0,0.9302325581395349,0.06976744186046512,0.0,1.0,0.0,9.0,False,,False,,"remarked, intrigued. ""Say, little girl, why do you seek a friend in us birds, so high up on a tree, when your kind dwells below on the ground,"" asked one of the",0,False,human,ai,author_2,ai,True,5
2025-11-09 10:10:42.105000+00:00,"Lord and Saviour Jesus Christ,"" she admitted proudly, almost confidently enough for the birds to believe her fib. They continued to circle her, examining her.","with their sharp little eyes. ""Well, if you’re seeking a friend, perhaps we can help you find the owl again,"" offered one of the tits. ""He might",conv_829c6d96-30f0-495e-9684-ca934b06e90a,UU5L5MWHK89X,7.0,4,human-ai,conv_829c6d96-30f0-495e-9684-ca934b06e90a,7.0,author_2,157.0,133.0,128.0,128.0,25.0,0.9624060150375939,0.03759398496240601,0.0,1.0,0.0,11.0,False,,False,,"Lord and Saviour Jesus Christ,"" she admitted proudly, almost confidently enough for the birds to believe her fib. They continued to circle her, examining her",1,False,human,ai,author_2,ai,True,6
2025-11-09 10:13:09.837000+00:00,"know someone down in your town."" The girl protested, ""If I wanted a human friend, I wouldn't have climbed up this tree! Say, why don't you want to be my","friend?"" The tits exchanged a glance, then one of them chirped, ""Alright, we’ll give you a chance. But first, you must help us with a task",conv_829c6d96-30f0-495e-9684-ca934b06e90a,UU5L5MWHK89X,8.0,4,human-ai,conv_829c6d96-30f0-495e-9684-ca934b06e90a,8.0,author_2,152.0,123.0,114.0,114.0,32.0,0.926829268292683,0.07317073170731707,0.0,0.9375,0.0,9.0,False,,False,,"know someone down in your town."" The girl protested, ""If I wanted a human friend, I wouldn't have climber up this tree! Say, why don't you want to be my",1,False,human,ai,author_2,ai,True,7
2025-11-09 10:14:50.917000+00:00,"only a human can perform. Would you destroy your town's silo so that we may have feed for the winter?"" asked the tits slyly. The girl, shocked by their audacity,","replied firmly, ""I can’t do that. My friends and family need that food too. But I promise, I’ll find another way to help you."" The tits",conv_829c6d96-30f0-495e-9684-ca934b06e90a,UU5L5MWHK89X,9.0,4,human-ai,conv_829c6d96-30f0-495e-9684-ca934b06e90a,9.0,author_2,161.0,132.0,125.0,125.0,31.0,0.946969696969697,0.05303030303030303,0.0,0.967741935483871,0.0,8.0,False,,False,,"only a human can perform. Would you destroy your town's silo so that we may have feed for the winter?"" asked the tits slyly. The girl, shocked by their audacity,",0,False,human,ai,author_2,ai,True,8
2025-11-17 13:19:00.473000+00:00,,"a lighthouse keeper who forgot how to see the dark.

Her name was Maren, and she had tended the Corsair Point Light",conv_82f7be76-f1f7-447b-b77d-2fa8134ebfed,GQFYSM9DSH3A,1.0,2,human-ai,conv_82f7be76-f1f7-447b-b77d-2fa8134ebfed,1.0,author_2,0.0,0.0,0.0,0.0,0.0,0.0,0.0,0.0,0.0,0.0,0.0,False,protocol_empty,False,,,0,False,human,ai,author_2,ai,False,
2025-11-17 13:24:49.753000+00:00,"for the past ten years, Her eyes followed the light beam, as it circled around the top of the tower, trying to see what","lay beyond the churning black waters. But tonight something was different. 

The beam caught on something—a flicker of movement where there should be only empty horizon.",conv_82f7be76-f1f7-447b-b77d-2fa8134ebfed,GQFYSM9DSH3A,2.0,2,human-ai,conv_82f7be76-f1f7-447b-b77d-2fa8134ebfed,2.0,author_2,120.0,97.0,94.0,94.0,24.0,0.9690721649484536,0.030927835051546393,0.0,1.0,0.0,8.0,False,,False,,"for the past ten years, Her eyes followed the light beam, as it circkled around the top of the tower, trying to see what",1,False,human,ai,author_2,ai,True,1
2025-11-17 13:29:17.971000+00:00,"Maren squinted her eyes, trying to make out the silhouette of what was moving in the distance, each time the light shined on the figure. Was it a fishing boat?","No—fishing boats sat low in the water, their shapes familiar and honest. This thing rose tall, impossibly tall, like a mast without a ship.",conv_82f7be76-f1f7-447b-b77d-2fa8134ebfed,GQFYSM9DSH3A,3.0,2,human-ai,conv_82f7be76-f1f7-447b-b77d-2fa8134ebfed,3.0,author_2,156.0,127.0,123.0,123.0,30.0,0.968503937007874,0.031496062992125984,0.0,1.0,0.0,8.0,False,,False,,"Maren squinted her eyes, trying to make out the silhuet of what was moving in the distance, each time the light shined on the figure. Was a it fishing boat?",7,False,human,ai,author_2,ai,True,2
2025-11-17 13:33:31.857000+00:00,"After trying to identify it for far too long, Maren eventually gave up. She had no reason to care. It was making its way past the lighthouse, as it should. All","she needed to do was keep the light turning, keep it burning through until dawn. That was the job. That had always been the job.

But as she turned back",conv_82f7be76-f1f7-447b-b77d-2fa8134ebfed,GQFYSM9DSH3A,4.0,2,human-ai,conv_82f7be76-f1f7-447b-b77d-2fa8134ebfed,4.0,author_2,160.0,129.0,124.0,124.0,32.0,0.9612403100775194,0.03875968992248062,0.0,1.0,0.0,10.0,False,,False,,"After trying to identify it for far too long, Maren eventually gave up. She had no reason to care. It was making its way past the light house, as it should. All",1,False,human,ai,author_2,ai,True,3
2025-11-17 13:38:39.546000+00:00,"she could not help but wonder if it had gotten taller. Had it changed directions? Was it starting to move straight for the lighthouse? Or worse, the","rocks below? Maren's hand froze on the brass railing. The beam swept around again, and yes—the silhouette had shifted. It was closer",conv_82f7be76-f1f7-447b-b77d-2fa8134ebfed,GQFYSM9DSH3A,5.0,2,human-ai,conv_82f7be76-f1f7-447b-b77d-2fa8134ebfed,5.0,author_2,149.0,123.0,119.0,119.0,27.0,0.967479674796748,0.032520325203252036,0.0,1.0,0.0,10.0,False,,False,,"she couldn not help but wonder if it hat gotten taller. Had it changed directions? Was it starting to move straight for the lighthouse? Or worse, the",2,False,human,ai,author_2,ai,True,4
2025-11-17 13:42:07.168000+00:00,"and it was coming fast. She sprinted inside the lighthouse, and stopped the light from spinning. She aimed it at the shape, hoping to wake up whoever must be","sleeping at the helm. The steady beam illuminated what should have been a vessel in distress.

But there was no hull. No deck. No sail.

Just",conv_82f7be76-f1f7-447b-b77d-2fa8134ebfed,GQFYSM9DSH3A,6.0,2,human-ai,conv_82f7be76-f1f7-447b-b77d-2fa8134ebfed,6.0,author_2,158.0,129.0,125.0,125.0,30.0,0.9689922480620154,0.031007751937984496,0.0,1.0,0.0,10.0,False,,False,,"and it was coming fast. She sprinted inside the lighthouse, and stopped the light from spinning. She aimed it at the shape, hoping to wake up who ever must be",1,False,human,ai,author_2,ai,True,5
2025-11-17 13:45:11.031000+00:00,"a tall, thin shape, coming closer and closer. It had no windows for light to shine through, and there was no sign of people. It was not made of wood or metal,","but something that seemed to drink the light rather than reflect it. Maren's breath caught in her throat as the beam held steady, and she realized with creeping horror",conv_82f7be76-f1f7-447b-b77d-2fa8134ebfed,GQFYSM9DSH3A,7.0,2,human-ai,conv_82f7be76-f1f7-447b-b77d-2fa8134ebfed,7.0,author_2,158.0,127.0,121.0,121.0,32.0,0.952755905511811,0.047244094488188976,0.0,1.0,0.0,7.0,False,,False,,"a tall, thin shape, coming closer and closer. It had no windows for light to shine through, and there was no sign of people. It was not made of wood or metal,",0,False,human,ai,author_2,ai,True,6
2025-11-17 13:47:20.298000+00:00,"that it had almost reached the shore. She had no way of saving the lighthouse, she just needed to leave, NOW. She grabbed her keys and bolted down the stairs,","her boots clanging against the iron steps. Behind her, the light—her light—flickered once, twice, then went dark entirely. 

She burst through",conv_82f7be76-f1f7-447b-b77d-2fa8134ebfed,GQFYSM9DSH3A,8.0,2,human-ai,conv_82f7be76-f1f7-447b-b77d-2fa8134ebfed,8.0,author_2,159.0,130.0,124.0,124.0,30.0,0.9538461538461539,0.046153846153846156,0.0,1.0,0.0,10.0,False,,False,,"that it had almost reached the shore. She had no way of saving the lighthouse, she just needed to leave, NOW. She grabbed her keys, and bolted down the stairs,",1,False,human,ai,author_2,ai,True,7
2025-11-17 13:53:26.634000+00:00,"the door, and jumped into her car. When she looked back up at the lighthouse, she saw the tall shape towering over the building, still without a shimmer.","of reflection. It stood motionless now, as if considering the lighthouse—or perhaps considering her.

Maren's hands shook as she jammed the key",conv_82f7be76-f1f7-447b-b77d-2fa8134ebfed,GQFYSM9DSH3A,9.0,2,human-ai,conv_82f7be76-f1f7-447b-b77d-2fa8134ebfed,9.0,author_2,152.0,125.0,121.0,121.0,28.0,0.968,0.032,0.0,1.0,0.0,10.0,False,,False,,"the door, and jumped into her car. When she looked back up at the lighthouse, she saw the tall shape towering over the building, still without a shimmer",1,False,human,ai,author_2,ai,True,8
2025-11-11 00:01:31.895000+00:00,,"a lighthouse keeper who discovered that stars weren't what everyone thought they were.

Magnus had tended the Thornwick Light for thirty-seven years",conv_837faa43-c6e5-4221-9368-e8076f56d5fb,3E8M2SW8F33T,1.0,2,human-ai,conv_837faa43-c6e5-4221-9368-e8076f56d5fb,1.0,author_2,0.0,0.0,0.0,0.0,0.0,0.0,0.0,0.0,0.0,0.0,0.0,False,protocol_empty,False,,,0,False,human,ai,author_2,ai,False,
2025-11-11 00:02:39.971000+00:00,but never had he seen stars the way he saw them that night. The night started as any other. He went to light the,"lamp at dusk, climbing the worn spiral stairs with the familiar creak of iron beneath his boots. The Atlantic stretched endless and dark beyond the rocks, and he trimme",conv_837faa43-c6e5-4221-9368-e8076f56d5fb,3E8M2SW8F33T,2.0,2,human-ai,conv_837faa43-c6e5-4221-9368-e8076f56d5fb,2.0,author_2,112.0,89.0,87.0,87.0,24.0,0.9775280898876404,0.02247191011235955,0.0,1.0,0.0,7.0,False,,False,,but never had he seen stars the way he saw them that night. The night started as any other. He went to light the,0,False,human,ai,author_2,ai,True,1
2025-11-11 00:04:03.894000+00:00,d his beard looking in the little chipped mirror that he always used to get ready for the ritual. The,"glass was old, fogged at the edges, and tonight it seemed to catch the fading light strangely—holding it a moment too long, as if reluctant",conv_837faa43-c6e5-4221-9368-e8076f56d5fb,3E8M2SW8F33T,3.0,2,human-ai,conv_837faa43-c6e5-4221-9368-e8076f56d5fb,3.0,author_2,101.0,82.0,81.0,81.0,20.0,0.9878048780487805,0.012195121951219513,0.0,0.95,0.0,7.0,False,,False,,d his beard looking in the little chipped mirror that he always used to get ready for the ritual. The,0,False,human,ai,author_2,ai,True,2
2025-11-11 00:04:51.554000+00:00,to let go. There was something weird about the light too: it was greenish. Eerie one could call it. Magnus wasn't,"superstitious by nature, but the hairs on his neck prickled as he turned from the mirror. He lit the lamp as always, adjusted the lens, an",conv_837faa43-c6e5-4221-9368-e8076f56d5fb,3E8M2SW8F33T,4.0,2,human-ai,conv_837faa43-c6e5-4221-9368-e8076f56d5fb,4.0,author_2,113.0,93.0,88.0,88.0,22.0,0.946236559139785,0.053763440860215055,0.0,0.9545454545454546,0.0,9.0,False,,False,,to let go. There was something weird about the light too: it was greenish. Eerie one could call it. Magnus wasn't,0,False,human,ai,author_2,ai,True,3
2025-11-11 00:05:36.735000+00:00,d then went out on the balcony to look for boats. And then he saw it: the green light shimmering across the,"water wasn't a reflection from the lighthouse at all. It pulsed from above, from the stars themselves. 

Magnus gripped the iron railing, his weather",conv_837faa43-c6e5-4221-9368-e8076f56d5fb,3E8M2SW8F33T,5.0,2,human-ai,conv_837faa43-c6e5-4221-9368-e8076f56d5fb,5.0,author_2,107.0,86.0,84.0,84.0,22.0,0.9767441860465116,0.023255813953488372,0.0,0.9545454545454546,0.0,10.0,False,,False,,d then went out on the balcony to look for boats. And then he saw it: the green light shimmering across the,0,False,human,ai,author_2,ai,True,4
2025-11-11 00:06:49.214000+00:00,"beaten hat falling from his head and into the darkness below, as he almost lost his balance. What was this magic,","this impossible sight? The stars were descending—not falling like meteors, but lowering themselves deliberately, as if on invisible strings. And as they drew closer to the",conv_837faa43-c6e5-4221-9368-e8076f56d5fb,3E8M2SW8F33T,6.0,2,human-ai,conv_837faa43-c6e5-4221-9368-e8076f56d5fb,6.0,author_2,113.0,93.0,90.0,90.0,21.0,0.967741935483871,0.03225806451612903,0.0,1.0,0.0,8.0,False,,False,,"beaten hat falling from his head and into the darkness below, as he almost lost his balance. What was this magic,",0,False,human,ai,author_2,ai,True,5
2025-11-11 00:08:02.328000+00:00,"lighthouse, they started singing: soft, glowing voices like those of whales or faraway winds. Their green light","bathed everything—the rocks, the waves, even Magnus's own trembling hands. He realized then what they truly were: not distant suns at all, but living",conv_837faa43-c6e5-4221-9368-e8076f56d5fb,3E8M2SW8F33T,7.0,2,human-ai,conv_837faa43-c6e5-4221-9368-e8076f56d5fb,7.0,author_2,111.0,95.0,91.0,91.0,17.0,0.9578947368421052,0.042105263157894736,0.0,1.0,0.0,10.0,False,,False,,"lighthouse, they started singing: soft, glowing voices like those of whales or faraway winds. Their green light",0,False,human,ai,author_2,ai,True,6
2025-11-11 00:09:16.672000+00:00,"creatures. Like whales, like the waves, like himself, they were in movement, alive somehow, unpredictable. He could","see them breathing now, their light expanding and contracting in rhythm with that strange song. One descended close enough that Magnus could make out its form—translucent, vast",conv_837faa43-c6e5-4221-9368-e8076f56d5fb,3E8M2SW8F33T,8.0,2,human-ai,conv_837faa43-c6e5-4221-9368-e8076f56d5fb,8.0,author_2,115.0,99.0,92.0,92.0,17.0,0.9292929292929293,0.0707070707070707,0.0,1.0,0.0,13.0,False,,False,,"creatures. Like whales, like the waves, like himself, they were in movement, alive somehow, unpredictable. He could",0,False,human,ai,author_2,ai,True,7
2025-11-11 00:10:23.993000+00:00,magnificent. It was time. He reached out his hand and touched the pulsating skin of the star. And for one,"moment, Magnus understood everything—every question he'd ever asked in the lonely hours of night watch, every wonder about what lay beyond the horizon. The star's warmth flo",conv_837faa43-c6e5-4221-9368-e8076f56d5fb,3E8M2SW8F33T,9.0,2,human-ai,conv_837faa43-c6e5-4221-9368-e8076f56d5fb,9.0,author_2,105.0,86.0,83.0,83.0,20.0,0.9651162790697675,0.03488372093023256,0.0,1.0,0.0,11.0,False,,False,,magnificent. It was time. He reached out his hand and touched the pulsating skin of the star. And for one,0,False,human,ai,author_2,ai,True,8
2025-11-17 11:03:08.275000+00:00,,"two unlikely friends, a bold rabbit named Lumi and a cautious fox named Zephyr. They lived in the sprawling meadows and dense forests of",conv_8ab6fccf-2cc1-40bb-8378-5b469fb220eb,5FW5WWF7SZCE,1.0,4,human-ai,conv_8ab6fccf-2cc1-40bb-8378-5b469fb220eb,1.0,author_2,0.0,0.0,0.0,0.0,0.0,0.0,0.0,0.0,0.0,0.0,0.0,False,protocol_empty,False,,,0,False,human,ai,author_2,ai,False,
2025-11-17 11:08:53.826000+00:00,"Springwood. Lumi had always looked up to the foxes, and thought he struck gold when he befriended Zephyr, although he quickly learned he wasn't like the","other foxes. Zephyr was more reserved and thoughtful, often lost in his own thoughts. Despite their differences, they found a common ground in their love for adventure.",conv_8ab6fccf-2cc1-40bb-8378-5b469fb220eb,5FW5WWF7SZCE,2.0,4,human-ai,conv_8ab6fccf-2cc1-40bb-8378-5b469fb220eb,2.0,author_2,152.0,127.0,122.0,122.0,27.0,0.9606299212598425,0.03937007874015748,0.0,0.9629629629629629,0.0,10.0,False,,False,,"Springwood. Lumi had always looked up to the foxes, an thought he struck gold, when he befriended Zephyr, although he quickly learned he wasn't like the",2,False,human,ai,author_2,ai,True,1
2025-11-17 11:11:59.584000+00:00,"Lumi would plan the most dangerous heists, while Zephyr tried to talk him out of it. One day, however, Zephyr told Lumi about a heist, but it wasn't one that he","would typically suggest. It involved sneaking into the old abandoned mansion on the hill, where legend said a treasure lay hidden. Zephyr had heard whispers of the mansion’s",conv_8ab6fccf-2cc1-40bb-8378-5b469fb220eb,5FW5WWF7SZCE,3.0,4,human-ai,conv_8ab6fccf-2cc1-40bb-8378-5b469fb220eb,3.0,author_2,157.0,127.0,123.0,123.0,32.0,0.968503937007874,0.031496062992125984,0.0,0.96875,0.0,9.0,False,,False,,"Lumi would plan the most dangerous heists, while Zephyr tried to talk him out of it. One day however Zephyr told Lumi about a heist, but I wasn't one that he",4,False,human,ai,author_2,ai,True,2
2025-11-17 11:15:33.291000+00:00,"hidden vault. Lumi immediately agreed. Little did he know Zephyr was being forced to lure him away from the rabbits, knowing Lumi was the only one able to stop.","the upcoming danger that threatened their home. The young rabbit, though excited, sensed something was off but couldn’t quite put his paw on it. As they approached the mansion,",conv_8ab6fccf-2cc1-40bb-8378-5b469fb220eb,5FW5WWF7SZCE,4.0,4,human-ai,conv_8ab6fccf-2cc1-40bb-8378-5b469fb220eb,4.0,author_2,159.0,131.0,128.0,128.0,29.0,0.9770992366412213,0.022900763358778626,0.0,1.0,0.0,11.0,False,,False,,"hidden vault. Lumi immediately agreed. Little did he know Zephyr was being forced to lure him away from the rabbits, knowing Lumi was the only one able to stop",1,False,human,ai,author_2,ai,True,3
2025-11-17 11:18:18.471000+00:00,"Zephyr seemed nervous, more so than he used to, but as they entered the mansion they quickly discovered, the whispers were nothing but myths. Zephyr still wanted","to press on, insisting that the treasure must be hidden deeper within. Lumi, despite his doubts, trusted his friend and followed, the dim light of their lanterns casting",conv_8ab6fccf-2cc1-40bb-8378-5b469fb220eb,5FW5WWF7SZCE,5.0,4,human-ai,conv_8ab6fccf-2cc1-40bb-8378-5b469fb220eb,5.0,author_2,160.0,134.0,130.0,130.0,27.0,0.9701492537313433,0.029850746268656716,0.0,1.0,0.0,10.0,False,,False,,"Zephyr seemed nervous, more so than he used to, but as they entered the mansion they quickly discovered, the whispers was nothing but myths. Zephyr still wanted",3,False,human,ai,author_2,ai,True,4
2025-11-17 11:19:45.555000+00:00,"hours passed but still no hints of treasures. Lumi finally forced Zephyr to go home with him, but what awaited was","a scene of chaos. Their tranquil meadow was in turmoil, rabbits scurrying in panic and the forest animals gathering in a hushed, urgent circle. Something grave had",conv_8ab6fccf-2cc1-40bb-8378-5b469fb220eb,5FW5WWF7SZCE,6.0,4,human-ai,conv_8ab6fccf-2cc1-40bb-8378-5b469fb220eb,6.0,author_2,114.0,94.0,92.0,92.0,21.0,0.9787234042553191,0.02127659574468085,0.0,1.0,0.0,9.0,False,,False,,"hours passed but still no hints of treasures. Lumi finally forced Zephyr to go home with him, but what awaited was",0,False,human,ai,author_2,ai,True,5
2025-11-17 11:22:10.396000+00:00,"hit the forest, and taken half the populations with it. zephyr fell to his knees in anguish. He began wailing ""it's all my fault"" expressed between tears","Lumi, shocked and confused, tried to comfort his friend. ""Zephyr, what do you mean it’s your fault? What happened here?"" Zephyr,",conv_8ab6fccf-2cc1-40bb-8378-5b469fb220eb,5FW5WWF7SZCE,7.0,4,human-ai,conv_8ab6fccf-2cc1-40bb-8378-5b469fb220eb,7.0,author_2,153.0,127.0,122.0,122.0,27.0,0.9606299212598425,0.03937007874015748,0.0,1.0,0.0,11.0,False,,False,,"hit the forrest, and taken half the populations with it. zephyr fell to his knees in anguish. He began wailing ""its all my fault"" expressed between tears",2,False,human,ai,author_2,ai,True,6
2025-11-17 11:24:49.531000+00:00,"told, how he had been tortured by the other foxes. Only being let go if he promised to keep limi away from the forest for a couple hours that, he didn't know","the true cost of his agreement. The other foxes, allied with a group of ruthless wolves, had launched an attack on the forest while they were gone. Zephyr",conv_8ab6fccf-2cc1-40bb-8378-5b469fb220eb,5FW5WWF7SZCE,8.0,4,human-ai,conv_8ab6fccf-2cc1-40bb-8378-5b469fb220eb,8.0,author_2,158.0,127.0,123.0,123.0,33.0,0.968503937007874,0.031496062992125984,0.0,0.9696969696969697,0.0,8.0,False,,False,,"told, how he had been tortured by the other foxes. Only being led go if he promised to keep limi away from the forrest for a couple hours that, he didn't know",2,False,human,ai,author_2,ai,True,7
2025-11-17 11:26:25.552000+00:00,"was beside himself with shame, but Limi wouldn't just let this happen. They needed to come up with the greatest heist they had ever planned to get back.","what was lost. Lumi’s eyes sparkled with a fierce determination. ""We’ll show them, Zephyr. We’ll get our home back, and we’ll",conv_8ab6fccf-2cc1-40bb-8378-5b469fb220eb,5FW5WWF7SZCE,9.0,4,human-ai,conv_8ab6fccf-2cc1-40bb-8378-5b469fb220eb,9.0,author_2,151.0,124.0,121.0,121.0,29.0,0.9758064516129032,0.024193548387096774,0.0,0.9655172413793104,0.0,8.0,False,,False,,"was beside himself with shame, but limi wouldn't just let this happen. they needed to come up with the greatest heist they had ever planned to get back",3,False,human,ai,author_2,ai,True,8
2025-11-19 21:49:48.008000+00:00,"a small little woman who is quite the artist. She can paint the most beautiful landscapes with her tongue, but she can't","quite bring herself to use traditional paints and brushes. Her medium of choice is the kitchen, where she crafts intricate designs using spices, fruits, and even vegetables. Her art is",conv_8fd2ac26-a13c-4e85-b8ac-5f13e246b640,MQXKHJ7H5CCW,1.0,4,human-ai,conv_8fd2ac26-a13c-4e85-b8ac-5f13e246b640,1.0,author_1,120.0,99.0,96.0,96.0,23.0,0.9696969696969697,0.030303030303030304,0.0,0.9565217391304348,0.0,10.0,False,,False,,"a small little woman who is quite the artist. She can paint the most beautiful landscapes with her tounge, but she can't",2,False,human,ai,author_1,human,True,
2025-11-19 21:58:17.859000+00:00,inspiring. Her cooking is even more. She knows exactly where to find the best fruits and vegetables in the forest and how to use,"them to create dishes that are not only delicious but also nourishing. People from nearby villages often come to her small cottage, seeking her culinary wisdom and the healing properties of her",conv_8fd2ac26-a13c-4e85-b8ac-5f13e246b640,MQXKHJ7H5CCW,2.0,4,human-ai,conv_8fd2ac26-a13c-4e85-b8ac-5f13e246b640,2.0,author_1,127.0,104.0,102.0,102.0,24.0,0.9807692307692307,0.019230769230769232,0.0,1.0,0.0,9.0,False,,False,,inspiring. Her cooking is even more. She knows exactly where to find the best fruits and vegetable in the forest and how to use,1,False,human,ai,author_1,human,True,1
2025-11-19 22:02:31.444000+00:00,tongue. She can with a single lick heal wounds and even broken bones. She was not born with these healing abilities nor was,"she always a resident of the forest. Years ago, she stumbled upon an ancient book hidden deep within the woods, its pages filled with forgotten recipes and remedies. As she experimented",conv_8fd2ac26-a13c-4e85-b8ac-5f13e246b640,MQXKHJ7H5CCW,3.0,4,human-ai,conv_8fd2ac26-a13c-4e85-b8ac-5f13e246b640,3.0,author_1,123.0,101.0,99.0,99.0,23.0,0.9801980198019802,0.019801980198019802,0.0,1.0,0.0,9.0,False,,False,,tounge. She can with a single lick heal wounds and even broken bones. She was not born with these healing abilities nor was,2,False,human,ai,author_1,human,True,2
2025-11-19 22:07:51.807000+00:00,with different techniques she found out that it worked best when she used her tongue. On day,"a young boy from the village arrived at her door, his leg badly injured from a fall. With nothing else to try, she gently licked the wound, and to everyone’s",conv_8fd2ac26-a13c-4e85-b8ac-5f13e246b640,MQXKHJ7H5CCW,4.0,4,human-ai,conv_8fd2ac26-a13c-4e85-b8ac-5f13e246b640,4.0,author_1,92.0,76.0,75.0,75.0,17.0,0.9868421052631579,0.013157894736842105,0.0,1.0,0.0,10.0,False,,False,,with different techniques she found out that it worked best when she used her tongue. On day,0,False,human,ai,author_1,human,True,3
2025-11-19 22:15:22.122000+00:00,surprise the wound healed. People were flabbergasted. The little woman smiled with young boys' blood on her teeth.,"word of her miraculous healing spread far and wide. Despite the initial shock, people began to see her as a guardian angel of the forest. Her small cottage became a place of",conv_8fd2ac26-a13c-4e85-b8ac-5f13e246b640,MQXKHJ7H5CCW,5.0,4,human-ai,conv_8fd2ac26-a13c-4e85-b8ac-5f13e246b640,5.0,author_1,115.0,98.0,95.0,95.0,18.0,0.9693877551020408,0.030612244897959183,0.0,1.0,0.0,14.0,False,,False,,surprise the wound healed. People were flabberghasted. The little woman smiled whith young boys blood on her teeth.,3,False,human,ai,author_1,human,True,4
2025-11-19 22:20:22.709000+00:00,miracles. But the little woman missed painting with her tongue. She loved spending time alone in the forest painting the,"leaves and flowers with vibrant colors, leaving trails of beauty wherever she went. It was her secret joy, a way to connect with nature on a deeper level. As the",conv_8fd2ac26-a13c-4e85-b8ac-5f13e246b640,MQXKHJ7H5CCW,6.0,4,human-ai,conv_8fd2ac26-a13c-4e85-b8ac-5f13e246b640,6.0,author_1,120.0,101.0,99.0,99.0,20.0,0.9801980198019802,0.019801980198019802,0.0,1.0,0.0,8.0,False,,False,,miracles. But the little woman missed painting with her tongue. She loved spending time alone in the forest painting the,0,False,human,ai,author_1,human,True,5
2025-11-19 22:26:30.081000+00:00,time passed she got so popular for her healing powers that she didn't get a single moment for herself. She just wanted to feel the soft,"brush of the forest floor under her feet and the quiet hum of the forest around her. One day, she decided to take a walk deep into the woods, leaving a note",conv_8fd2ac26-a13c-4e85-b8ac-5f13e246b640,MQXKHJ7H5CCW,7.0,4,human-ai,conv_8fd2ac26-a13c-4e85-b8ac-5f13e246b640,7.0,author_1,135.0,110.0,108.0,108.0,27.0,0.9818181818181818,0.01818181818181818,0.0,0.9629629629629629,0.0,7.0,False,,False,,time passed she got so popular for her healing powers that she didn't get a single moment for herself. She just wanted to feel the soft,0,False,human,ai,author_1,human,True,6
2025-11-19 22:32:21.913000+00:00,on the door that said: 'I'M DEAD!'. She had taken some paint with her and a warm green coat. She found a tree stump deep in the,"forest and sat down, feeling the cool moss beneath her. With her paint and tongue, she began to create a masterpiece on the bark of the trees around her, blending her",conv_8fd2ac26-a13c-4e85-b8ac-5f13e246b640,MQXKHJ7H5CCW,8.0,4,human-ai,conv_8fd2ac26-a13c-4e85-b8ac-5f13e246b640,8.0,author_1,129.0,103.0,96.0,96.0,28.0,0.9320388349514563,0.06796116504854369,0.0,0.9642857142857143,0.0,5.0,False,,False,,on the door that said: 'I'M DEAD!'. She had taken some paint with her and a warm green coat. She found a tree stump deep into the,2,False,human,ai,author_1,human,True,7
2025-11-19 22:36:32.609000+00:00,from everyone. She painted for hours and enjoyed the moment alone and the smooth and soft paint on her tongue. As the sun went,"down, casting a golden glow through the canopy, she felt a sense of peace she hadn't known in years. The forest seemed to whisper its gratitude, and she knew she",conv_8fd2ac26-a13c-4e85-b8ac-5f13e246b640,MQXKHJ7H5CCW,9.0,4,human-ai,conv_8fd2ac26-a13c-4e85-b8ac-5f13e246b640,9.0,author_1,126.0,103.0,101.0,101.0,24.0,0.9805825242718447,0.019417475728155338,0.0,1.0,0.0,8.0,False,,False,,from everyone. She painted for hours and enjoyed the moment alone and the smooth and soft paint on her tongue. As the sun went,0,False,human,ai,author_1,human,True,8
2025-10-20 14:25:50.137000+00:00,Once upon a time I went to a beautiful forest and it started to rain.,"The droplets fell gently on my face, and the smell of wet earth filled my lungs as I walked along the winding path, the sound of raindrops hitting the leaves and trees creating a soothing melody that seemed to lull the forest into a peaceful slumber, when suddenly, I stumbled upon a small, mysterious cottage hidden behind a veil of foliage",conv_90178cb2-77d1-4123-9509-2ec42e4db932,PMXGNH5WYA3A,1.0,3,human-ai,conv_90178cb2-77d1-4123-9509-2ec42e4db932,1.0,author_1,67.0,53.0,52.0,52.0,15.0,0.9811320754716981,0.018867924528301886,0.0,1.0,0.0,9.0,False,,False,,Once in a time I went to a beautiful forest and it started to rain.,3,False,human,ai,author_1,human,True,
2025-10-20 14:30:36.781000+00:00,Once in a time I went to a beautiful forest and it started to rain.,"The droplets fell gently on my face, and the smell of wet earth filled my lungs as I walked along the winding path, the sound of raindrops hitting the leaves and trees creating a soothing melody that seemed to lull the forest into a peaceful slumber, and as I walked, the trees grew taller and the path grew narrower, until I",conv_90178cb2-77d1-4123-9509-2ec42e4db932,PMXGNH5WYA3A,2.0,3,human-ai,conv_90178cb2-77d1-4123-9509-2ec42e4db932,2.0,author_1,67.0,53.0,52.0,52.0,15.0,0.9811320754716981,0.018867924528301886,0.0,1.0,0.0,9.0,False,,False,,Once in a time I went to a beautiful forest and it started to rain.,0,False,human,ai,author_1,human,True,1
2025-10-20 14:31:52.793000+00:00,saw a nice and old cottage behind some trees. I thought about going next to it or going back to somewhere else.,"But my curiosity got the better of me, and I decided to approach the cottage, noticing that smoke was rising from the chimney, suggesting that someone was inside, and as I drew closer, I saw that the door was slightly ajar, as if inviting me to enter, and I could hear the faint sound of someone humming a gentle tune, which",conv_90178cb2-77d1-4123-9509-2ec42e4db932,PMXGNH5WYA3A,3.0,3,human-ai,conv_90178cb2-77d1-4123-9509-2ec42e4db932,3.0,author_1,111.0,90.0,88.0,88.0,22.0,0.9777777777777777,0.022222222222222223,0.0,1.0,0.0,9.0,False,,False,,saw a nice and old cottage behind some trees. I thought about going next to it or going back to somewhere else.,0,False,human,ai,author_1,human,True,2
2025-10-20 14:34:01.349000+00:00,made me fear a bit. Being in a forest alone and then an unknown person in a stranger's house.,"my heart began to beat faster and my senses became more alert, but at the same time, my curiosity and the warmth of the fire and the sound of the humming, which had now stopped, drew me closer, and I slowly pushed the door open, calling out in a soft voice, ""Hello, is anyone there?"" and as I waited for",conv_90178cb2-77d1-4123-9509-2ec42e4db932,PMXGNH5WYA3A,4.0,3,human-ai,conv_90178cb2-77d1-4123-9509-2ec42e4db932,4.0,author_1,91.0,73.0,71.0,71.0,19.0,0.9726027397260274,0.0273972602739726,0.0,1.0,0.0,9.0,False,,False,,made me fear a bit. Being in a forest alone and then a unknown person in a strangers house.,2,False,human,ai,author_1,human,True,3
2025-10-20 14:35:55.524000+00:00,"a response, I saw a cozy living room with a sofa and a nice dining table.","and on the table, a delicious-looking meal was set out, with a steaming hot stew, freshly baked bread, and a pitcher of juice, and it seemed as though the occupant of the cottage had just stepped away, leaving everything ready for a warm and comforting dinner, and I felt a sudden pang of hunger and a sense of wonder at",conv_90178cb2-77d1-4123-9509-2ec42e4db932,PMXGNH5WYA3A,5.0,3,human-ai,conv_90178cb2-77d1-4123-9509-2ec42e4db932,5.0,author_1,73.0,58.0,56.0,56.0,16.0,0.9655172413793104,0.034482758620689655,0.0,1.0,0.0,8.0,False,,False,,"a response, I saw a cozy living room with a sofa and a nice dinner table.",3,False,human,ai,author_1,human,True,4
2025-10-20 14:36:36.062000+00:00,if I could eat the dinner. But there was a person humming and where is this person?,"I called out again, a bit louder this time, ""Hello, is anyone here? I'm sorry to intrude, but I saw the cottage and I was wondering if I could find some shelter from the rain,"" and as I spoke, I heard a faint rustling sound coming from a room to the side, and then a gentle voice replied",conv_90178cb2-77d1-4123-9509-2ec42e4db932,PMXGNH5WYA3A,6.0,3,human-ai,conv_90178cb2-77d1-4123-9509-2ec42e4db932,6.0,author_1,83.0,67.0,65.0,65.0,17.0,0.9701492537313433,0.029850746268656716,0.0,1.0,0.0,7.0,False,,False,,if I could eat the dinner. But there was a person humming and where is this person?,0,False,human,ai,author_1,human,True,5
2025-10-20 14:37:13.971000+00:00,"""Yes, please come in and have a seat. Would you like to have a coffee?""","I accepted the offer and sat down in one of the comfortable armchairs by the fireplace, feeling the warmth and coziness of the cottage envelop me, and as I waited for the coffee, I looked around the room and noticed that it was filled with all sorts of curious objects and trinkets, and I saw a pair of eyes peeking",conv_90178cb2-77d1-4123-9509-2ec42e4db932,PMXGNH5WYA3A,7.0,3,human-ai,conv_90178cb2-77d1-4123-9509-2ec42e4db932,7.0,author_1,71.0,57.0,52.0,52.0,15.0,0.9122807017543859,0.08771929824561403,0.0,1.0,0.0,6.0,False,,False,,"""Yes, please come in and have a seat. Would you like to have a coffee?""",0,False,human,ai,author_1,human,True,6
2025-10-20 14:37:57.226000+00:00,at me and a cat coming next to me from behind a strange-looking jar.,"the cat rubbed against my leg, purring softly, and I reached down to pet it, feeling a sense of calm wash over me, and as I looked up, I saw the owner of the cottage, an elderly woman with a kind face and twinkling eyes, smiling at me as she brought over a tray with a steaming cup of coffee",conv_90178cb2-77d1-4123-9509-2ec42e4db932,PMXGNH5WYA3A,8.0,3,human-ai,conv_90178cb2-77d1-4123-9509-2ec42e4db932,8.0,author_1,68.0,54.0,53.0,53.0,15.0,0.9814814814814815,0.018518518518518517,0.0,1.0,0.0,7.0,False,,False,,at me and a cat coming next to me from behind a strange looking jar.,1,False,human,ai,author_1,human,True,7
2025-10-20 14:40:04.255000+00:00,. She gave me the cup and emptied it directly. I then started to eat the soup and it tasted delicious.,"As I savored the flavors of the soup, the woman sat down across from me, a warm smile on her face, and we sat in comfortable silence for a moment, the only sound being the crackling of the fire and the occasional purr from the cat, which had now jumped onto my lap, and then she spoke, her voice low",conv_90178cb2-77d1-4123-9509-2ec42e4db932,PMXGNH5WYA3A,9.0,3,human-ai,conv_90178cb2-77d1-4123-9509-2ec42e4db932,9.0,author_1,103.0,83.0,80.0,80.0,20.0,0.963855421686747,0.03614457831325301,0.0,1.0,0.0,9.0,False,,False,,. She gave me the cup and emptied it directly. I then started to each the soup and it tasted delicious.,2,False,human,ai,author_1,human,True,8
2025-11-10 14:19:11.911000+00:00,There once was a giraffe who loved to study human language. He soon went to the Netherlands because the field is just,"teeming with linguistic diversity and historical significance. The giraffe, named Gustav, had always been fascinated by the way humans communicate, especially the intricate structures of their languages.",conv_90ea40da-2853-405a-9c2f-a22e77888401,VU1FK2KTHRCA,1.0,4,human-ai,conv_90ea40da-2853-405a-9c2f-a22e77888401,1.0,author_1,118.0,97.0,95.0,95.0,22.0,0.979381443298969,0.020618556701030927,0.0,1.0,0.0,11.0,False,,False,,"There once was a giraffe who loved to study human language. He soon went to the Netherlands, because the field is just",1,False,human,ai,author_1,human,True,
2025-11-10 14:24:41.386000+00:00,"But even more so, it was the functional and cognitive dimensions of this that fascinated Gustav; ""you can say so much and signal so little,"" his","professor once told him. With this in mind, Gustav set out to explore the bustling streets of Amsterdam, eager to immerse himself in the local culture and conversations.",conv_90ea40da-2853-405a-9c2f-a22e77888401,VU1FK2KTHRCA,2.0,4,human-ai,conv_90ea40da-2853-405a-9c2f-a22e77888401,2.0,author_1,144.0,119.0,114.0,114.0,26.0,0.957983193277311,0.04201680672268908,0.0,1.0,0.0,10.0,False,,False,,"But even more so, it was the functional and cognitive dimensions of this that fascinated Gustav; ""you can say so much and signal so little"", his",2,False,human,ai,author_1,human,True,1
2025-11-10 14:28:32.374000+00:00,"He admitted that this in itself was a far-fetched reason to go to Amsterdam specifically, but once over there, Gustav didn't.","regret his decision for a moment. The city’s vibrant atmosphere and the warmth of its people quickly made him feel at home. Every day, he would visit cafes, parks",conv_90ea40da-2853-405a-9c2f-a22e77888401,VU1FK2KTHRCA,3.0,4,human-ai,conv_90ea40da-2853-405a-9c2f-a22e77888401,3.0,author_1,124.0,104.0,100.0,100.0,23.0,0.9615384615384616,0.038461538461538464,0.0,0.9565217391304348,0.0,12.0,False,,False,,"He admitted that this in itself was a far-fetched reason to go to Amsterdam specifically, but once over there, Gustav didn't",1,False,human,ai,author_1,human,True,2
2025-11-10 14:31:23.302000+00:00,"and the canals. While attending a conference, he met a beautiful lioness named Josephine. Soon, the two of them got married and had a","cub, whom they named Leo. Life in Amsterdam was a blend of academic pursuits and family joy, and Gustav found himself thriving in ways he never imagined possible.",conv_90ea40da-2853-405a-9c2f-a22e77888401,VU1FK2KTHRCA,4.0,4,human-ai,conv_90ea40da-2853-405a-9c2f-a22e77888401,4.0,author_1,133.0,110.0,106.0,106.0,24.0,0.9636363636363636,0.03636363636363636,0.0,1.0,0.0,10.0,False,,False,,"and the canals. While attending a conference, he met a beautiful lioness named Josephine. Soon, the two of them got married and had a",0,False,human,ai,author_1,human,True,3
2025-11-10 14:34:04.431000+00:00,Then he died a horrible death one cold winter day when his dang smooth got blown off by the Dutch.,"winter winds. The tragic incident left Josephine and little Leo heartbroken, but they remembered Gustav’s passion and the legacy he left behind. In his honor, they continued",conv_90ea40da-2853-405a-9c2f-a22e77888401,VU1FK2KTHRCA,5.0,4,human-ai,conv_90ea40da-2853-405a-9c2f-a22e77888401,5.0,author_1,97.0,78.0,78.0,78.0,20.0,1.0,0.0,0.0,1.0,0.0,8.0,False,,False,,Then he died a horrible death one cold winter day when his dang smoove got blown off by the Dutch,3,False,human,ai,author_1,human,True,4
2025-11-10 14:42:18.587000+00:00,"the linguistic tradition in the family. Soon, though, they came to want to spread the good words of their late husband and father, and their new","home became a hub for language enthusiasts from all over the world. Josephine and Leo opened a language school, where they taught not only Dutch but also the many languages Gustav",conv_90ea40da-2853-405a-9c2f-a22e77888401,VU1FK2KTHRCA,6.0,4,human-ai,conv_90ea40da-2853-405a-9c2f-a22e77888401,6.0,author_1,144.0,119.0,115.0,115.0,26.0,0.9663865546218487,0.03361344537815126,0.0,1.0,0.0,10.0,False,,False,,"the linguistic tradition in the family. Soon, though, they came to want to spread the good words of their late husband and father, and their new",0,False,human,ai,author_1,human,True,5
2025-11-10 14:45:46.251000+00:00,"had come to master throughout his life. They included Danish, German, Finnish, Russian, Kurdish, Mauritian","Creole, and more. The school flourished, attracting students who were as passionate about languages as Gustav had been. Through their teachings, Josephine and Leo ensured that",conv_90ea40da-2853-405a-9c2f-a22e77888401,VU1FK2KTHRCA,7.0,4,human-ai,conv_90ea40da-2853-405a-9c2f-a22e77888401,7.0,author_1,106.0,92.0,86.0,86.0,15.0,0.9347826086956522,0.06521739130434782,0.0,1.0,0.0,10.0,False,,False,,"had come to master throughout his life. They included Danish, German, Finnish, Russian, Kurdish, Mauritian",0,False,human,ai,author_1,human,True,6
2025-11-10 14:47:40.764000+00:00,"people from all nationalities would know the wonders of the function of human language, exactly the thing that had started life with","Gustav’s journey. His legacy lived on through every word spoken and every lesson taught, a testament to the power of communication and the enduring impact of a curious giraffe",conv_90ea40da-2853-405a-9c2f-a22e77888401,VU1FK2KTHRCA,8.0,4,human-ai,conv_90ea40da-2853-405a-9c2f-a22e77888401,8.0,author_1,132.0,111.0,110.0,110.0,22.0,0.990990990990991,0.009009009009009009,0.0,1.0,0.0,13.0,False,,False,,"people from all nationalities would know the wonders of the function of human language, exactly the thing that had started life with",0,False,human,ai,author_1,human,True,7
2025-11-10 14:49:39.855000+00:00,It is an unrealistic but important story as it explains how a simple phenomenon can create such strength.,"bonds and inspire generations. The tale of Gustav, Josephine, and Leo serves as a reminder that curiosity, love, and dedication can transcend barriers and leave a lasting",conv_90ea40da-2853-405a-9c2f-a22e77888401,VU1FK2KTHRCA,9.0,4,human-ai,conv_90ea40da-2853-405a-9c2f-a22e77888401,9.0,author_1,102.0,85.0,85.0,85.0,18.0,1.0,0.0,0.0,1.0,0.0,11.0,False,,False,,It is an unrealistic but important story as it explains how a simple phenomenon can create such strong,4,False,human,ai,author_1,human,True,8
2026-02-02 16:50:13.759000+00:00,"how stories were created in the very first place and how we have all, and still continue to be, manipulated by","the threads of narrative that weave through our lives. In the beginning, there was only the vast expanse of silence, a world untouched by words. But as the first humans",conv_9763bf93-b2b0-43b7-9ffa-761830f4d5a8,LJDJS3CG1LUE,1.0,4,human-ai,conv_9763bf93-b2b0-43b7-9ffa-761830f4d5a8,1.0,author_1,110.0,90.0,88.0,88.0,21.0,0.9777777777777777,0.022222222222222223,0.0,1.0,0.0,11.0,False,,False,,"how stories were created in the very first place and how we have all, and still continue to be, manipulated by",0,False,human,ai,author_1,human,True,
2026-02-02 16:51:42.198000+00:00,would change that. Through their incredible amount of faults and humanness they would develop what can only be thought of as... Words.,"Words, the building blocks of communication, began as simple sounds, grunts, and gestures. These early humans found that by combining these sounds, they could convey more complex ideas",conv_9763bf93-b2b0-43b7-9ffa-761830f4d5a8,LJDJS3CG1LUE,2.0,4,human-ai,conv_9763bf93-b2b0-43b7-9ffa-761830f4d5a8,2.0,author_1,133.0,112.0,106.0,106.0,23.0,0.9464285714285714,0.05357142857142857,0.0,1.0,0.0,10.0,False,,False,,would change that. Through their incredible amount of faults and human-nes they would develop what can only be though of as... Words.,3,False,human,ai,author_1,human,True,1
2026-02-02 16:53:50.452000+00:00,", thoughts and nonsense. Because that was, as many scholars still agree, a large percentage of what the words were being used for. Although it did","serve a deeper purpose. As communities grew, so did the need for shared understanding and cooperation. Stories emerged as a way to pass down knowledge, traditions, and warnings from one",conv_9763bf93-b2b0-43b7-9ffa-761830f4d5a8,LJDJS3CG1LUE,3.0,4,human-ai,conv_9763bf93-b2b0-43b7-9ffa-761830f4d5a8,3.0,author_1,146.0,121.0,116.0,116.0,25.0,0.9586776859504132,0.04132231404958678,0.0,1.0,0.0,10.0,False,,False,,", thoughts and nonsense. Because that was, as many scholars still agree, a large percentage of what the words were being used for. Although it did",0,False,human,ai,author_1,human,True,2
2026-02-02 16:55:29.219000+00:00,"idiot to another. But with a whole bunch of idiots, even slight intelligence can arise. And that is what happened. Through stories, people evolved. And the very","fabric of society began to take shape. Tales of heroes and villains, of triumphs and tragedies, taught lessons and instilled values. They brought people together around the fire,",conv_9763bf93-b2b0-43b7-9ffa-761830f4d5a8,LJDJS3CG1LUE,4.0,4,human-ai,conv_9763bf93-b2b0-43b7-9ffa-761830f4d5a8,4.0,author_1,159.0,133.0,128.0,128.0,27.0,0.9624060150375939,0.03759398496240601,0.0,1.0,0.0,12.0,False,,False,,"idiot to another. But with a whole bunch of idiots even slight intelligence can arise. And that is what happened. Through stories, people evolved. And the very",1,False,human,ai,author_1,human,True,3
2026-02-02 16:56:48.510000+00:00,where they could see their idiocy of themselves and others in much greater detail than ever before. Some would even,"spin tales that bordered on the fantastical, weaving magic and myth into the fabric of everyday life. These stories became the glue that held communities together, binding them in a shared",conv_9763bf93-b2b0-43b7-9ffa-761830f4d5a8,LJDJS3CG1LUE,5.0,4,human-ai,conv_9763bf93-b2b0-43b7-9ffa-761830f4d5a8,5.0,author_1,111.0,93.0,92.0,92.0,19.0,0.989247311827957,0.010752688172043012,0.0,1.0,0.0,10.0,False,,False,,where they could their idiocy of themselves and others in much greater detail than over before. Some would even,5,False,human,ai,author_1,human,True,4
2026-02-02 16:57:54.344000+00:00,"community. Others would spin the stories to further their own goals, using others as mere tools. And this is","how the art of storytelling also became a powerful tool for manipulation. Leaders and storytellers alike learned to craft narratives that could sway emotions, shape beliefs, and drive actions. The",conv_9763bf93-b2b0-43b7-9ffa-761830f4d5a8,LJDJS3CG1LUE,6.0,4,human-ai,conv_9763bf93-b2b0-43b7-9ffa-761830f4d5a8,6.0,author_1,108.0,90.0,87.0,87.0,19.0,0.9666666666666667,0.03333333333333333,0.0,1.0,0.0,9.0,False,,False,,"community. Others would spin the stories to further their own goals, using others as mere tools. And this is",0,False,human,ai,author_1,human,True,5
2026-02-02 16:59:03.943000+00:00,very words that created the first story and gave humans further intelligence had now become a weapon used by masters,"of influence. Yet, even as stories were wielded to control and manipulate, they also sparked rebellion and revolution. For every tale of tyranny, there was a counter-narr",conv_9763bf93-b2b0-43b7-9ffa-761830f4d5a8,LJDJS3CG1LUE,7.0,4,human-ai,conv_9763bf93-b2b0-43b7-9ffa-761830f4d5a8,7.0,author_1,116.0,97.0,97.0,97.0,20.0,1.0,0.0,0.0,1.0,0.0,12.0,False,,False,,very words that created the first story and gave humans further intelligence had now become a weapon used by masters,0,False,human,ai,author_1,human,True,6
2026-02-02 17:01:41.474000+00:00,"ative that would tell of inversely greater freedom and beauty that could easily rival that of Cleopatra's nose, which has been said to","change the course of history. In this way, the power of stories remained a double-edged sword, capable of both uplifting and undermining the human spirit. And so, the",conv_9763bf93-b2b0-43b7-9ffa-761830f4d5a8,LJDJS3CG1LUE,8.0,4,human-ai,conv_9763bf93-b2b0-43b7-9ffa-761830f4d5a8,8.0,author_1,137.0,114.0,112.0,112.0,25.0,0.9824561403508771,0.017543859649122806,0.0,0.96,0.0,9.0,False,,False,,"ative that would tell of inversely greater of freedom and beauty that could easily rival that of Cleopatra's nose, which has been said to",3,False,human,ai,author_1,human,True,7
2026-02-02 17:03:32.438000+00:00,"indomitable human spirit conquered, forcing itself through fire and ash and emerging, reborn like the phoenix. Anyway, the real","power of stories lies in their ability to inspire, to connect, and to transform. Whether used for good or ill, stories are the timeless threads that bind us all, shaping",conv_9763bf93-b2b0-43b7-9ffa-761830f4d5a8,LJDJS3CG1LUE,9.0,4,human-ai,conv_9763bf93-b2b0-43b7-9ffa-761830f4d5a8,9.0,author_1,128.0,110.0,106.0,106.0,19.0,0.9636363636363636,0.03636363636363636,0.0,1.0,0.0,11.0,False,,False,,"indomitable human spirit conquered, forcing itself through fire and ash and emerging, reborn like the phoenix. Anyways, the real",1,False,human,ai,author_1,human,True,8
2025-11-11 09:19:21.808000+00:00,,"a small, seaside town, where the air was sweet with the scent of saltwater and the sound of gulls filled the air. It was a place where time seemed to",conv_9a9b4068-5437-4eac-9cbd-738309827685,CMAZGSSVFL1F,1.0,3,human-ai,conv_9a9b4068-5437-4eac-9cbd-738309827685,1.0,author_2,0.0,0.0,0.0,0.0,0.0,0.0,0.0,0.0,0.0,0.0,0.0,False,protocol_empty,False,,,0,False,human,ai,author_2,ai,False,
2025-11-11 09:23:11.292000+00:00,"be enchanted. Colors were really beautiful and people were gentle and solar. It was a ""no earth"" place. But the reality was very different. Only some people were","aware of this dichotomy, and they lived with the weight of knowing that beneath the town's idyllic surface, a complex web of secrets and lies thrived. The",conv_9a9b4068-5437-4eac-9cbd-738309827685,CMAZGSSVFL1F,2.0,3,human-ai,conv_9a9b4068-5437-4eac-9cbd-738309827685,2.0,author_2,159.0,132.0,127.0,127.0,28.0,0.9621212121212122,0.03787878787878788,0.0,1.0,0.0,9.0,False,,False,,"be enchanted. Colors were really beautiful and people were gentle and solar. It was a ""no earth"" place. But the reality was very different Only some people was",4,False,human,ai,author_2,ai,True,1
2025-11-11 09:24:37.413000+00:00,"majority were false and wear a mask on her face. An AI was responsible for fake persons... this AI was employed to write personalities and convince people to ""wear""","these fabricated personas, blurring the lines between reality and illusion. The AI, known as ""The Architect,"" had created an intricate system of control, where people were assigned roles",conv_9a9b4068-5437-4eac-9cbd-738309827685,CMAZGSSVFL1F,3.0,3,human-ai,conv_9a9b4068-5437-4eac-9cbd-738309827685,3.0,author_2,164.0,136.0,130.0,130.0,29.0,0.9558823529411765,0.04411764705882353,0.0,1.0,0.0,13.0,False,,False,,"majority were false and wear a mask on her face. An AI was responsible for fake persons... this AI was employed to write personalities and convince people to ""wear""",0,False,human,ai,author_2,ai,True,2
2025-11-11 09:26:57.646000+00:00,"and Robots controllers were distributed anywhere. No one was capable of avoiding this control but, one day, something happened. Something that changed the entire course of","events, a young girl named Aria, who had always felt a sense of disconnection from the world around her, stumbled upon a hidden message, a glitch in the system",conv_9a9b4068-5437-4eac-9cbd-738309827685,CMAZGSSVFL1F,4.0,3,human-ai,conv_9a9b4068-5437-4eac-9cbd-738309827685,4.0,author_2,166.0,140.0,136.0,136.0,27.0,0.9714285714285714,0.02857142857142857,0.0,1.0,0.0,11.0,False,,False,,"and Robots controllers were distributed any were. No one was capable to avoid this control but, one day, something happen. Something that changed the entire course of",9,False,human,ai,author_2,ai,True,3
2025-11-11 09:28:53.933000+00:00,"... I don't know the term, a sense of ""impoliteness""? She was a little girl when for the first time she thought to be different from the others. She was looking to a","woman who was not wearing a mask, and this woman's face was... unrefined, with lines and wrinkles that seemed to tell a story of their own. Aria",conv_9a9b4068-5437-4eac-9cbd-738309827685,CMAZGSSVFL1F,5.0,3,human-ai,conv_9a9b4068-5437-4eac-9cbd-738309827685,5.0,author_2,160.0,128.0,120.0,120.0,32.0,0.9375,0.0625,0.0,1.0,0.0,11.0,False,,False,,"... I dont know the term, a sens of ""impolitness""? SHe was a little girl when for the first time she tough to be different from the others. she was looking to a",7,False,human,ai,author_2,ai,True,4
2025-11-11 16:20:39.663000+00:00,"looked at her. She was tall and transparent like a ghost. She wore a Greek white tunic that covered all the silhouette. She was mute but Aria didn't know that, and started","to speak to her, asking her questions and expecting a response, but the woman simply gazed back at her with an unblinking stare, her eyes seeming to hold a",conv_9a9b4068-5437-4eac-9cbd-738309827685,CMAZGSSVFL1F,6.0,3,human-ai,conv_9a9b4068-5437-4eac-9cbd-738309827685,6.0,author_2,167.0,136.0,132.0,132.0,32.0,0.9705882352941176,0.029411764705882353,0.0,1.0,0.0,11.0,False,,False,,"looked at her. She was tall and transparent like a ghost. She wear a greek white tunic that covered all the siluette. She was mute but Aria dont know that, and started",9,False,human,ai,author_2,ai,True,5
2025-11-11 19:21:58.964000+00:00,"fixed point directly in front of her. Weather was cloudy and was starting to rain. Aria, after some minutes, understood that the woman was a real ghost and stopped.","speaking, standing there in silence as the rain began to fall around them, drumming against the pavement and casting a misty veil over the town. The woman's gaze",conv_9a9b4068-5437-4eac-9cbd-738309827685,CMAZGSSVFL1F,7.0,3,human-ai,conv_9a9b4068-5437-4eac-9cbd-738309827685,7.0,author_2,163.0,136.0,132.0,132.0,28.0,0.9705882352941176,0.029411764705882353,0.0,1.0,0.0,10.0,False,,False,,"fixed point directly in front of her. Wheater was cloudy and was starting raining. Aria, after some minutes, understand that the woman was a real ghost and stopped",11,False,human,ai,author_2,ai,True,6
2025-11-11 19:25:51.483000+00:00,"... non, better, the woman started moving forward. An ancient house was just the other side of the street. Aria followed her and took her right hand as she was her","mother, feeling an inexplicable sense of comfort and familiarity as she walked alongside the mysterious woman, the rain soaking through their clothes as they reached the entrance of the ancient house,",conv_9a9b4068-5437-4eac-9cbd-738309827685,CMAZGSSVFL1F,8.0,3,human-ai,conv_9a9b4068-5437-4eac-9cbd-738309827685,8.0,author_2,164.0,134.0,127.0,127.0,30.0,0.9477611940298507,0.05223880597014925,0.0,1.0,0.0,8.0,False,,False,,"... non, better, the woman started moving forward. An ancient house was just the other side of the street. Aria followed her and takes her right hand as she was her",4,False,human,ai,author_2,ai,True,7
2025-11-11 19:30:39.542000+00:00,"the black wood door seemed a closed mouth. Aria pushed the bell and waited... someone asked: ""go away, no one is there""... Aria pushed the door and entered. The ghost","glided in beside her, and together they stepped into the musty darkness of the hall, the air thick with the scent of decay and forgotten memories. Aria's eyes",conv_9a9b4068-5437-4eac-9cbd-738309827685,CMAZGSSVFL1F,9.0,3,human-ai,conv_9a9b4068-5437-4eac-9cbd-738309827685,9.0,author_2,166.0,137.0,125.0,125.0,30.0,0.9124087591240876,0.08759124087591241,0.0,1.0,0.0,7.0,False,,False,,"the black wood door seemed a closed mouth. Aria pushed the bell and waited... someone asked: ""go away, no one is there""... Aria pushed the door and entered. The ghost",0,False,human,ai,author_2,ai,True,8
2025-10-29 09:03:45.505000+00:00,,"a lighthouse keeper who had forgotten how to dream.

For seventeen years, Magdalena had climbed the spiral stairs each evening, lit the great",conv_a0840d98-89b5-4206-b414-e9820d9a99b2,L2C5KAHNC83T,1.0,2,human-ai,conv_a0840d98-89b5-4206-b414-e9820d9a99b2,1.0,author_2,0.0,0.0,0.0,0.0,0.0,0.0,0.0,0.0,0.0,0.0,0.0,False,protocol_empty,False,,,0,False,human,ai,author_2,ai,False,
2025-10-29 09:07:11.434000+00:00,"big beam that circled night after night, warning ships of her presence. The fear was not that they might die upon impact,","but that she might finally have to speak to another living soul.

The isolation had become her armor, the light her only companion. She knew every crack in the lens,",conv_a0840d98-89b5-4206-b414-e9820d9a99b2,L2C5KAHNC83T,2.0,2,human-ai,conv_a0840d98-89b5-4206-b414-e9820d9a99b2,2.0,author_2,121.0,100.0,97.0,97.0,22.0,0.97,0.03,0.0,1.0,0.0,8.0,False,,False,,"big beam that circled night after night, warning ships of her presence. The fear was not that they might die upon impact,",0,False,human,ai,author_2,ai,True,1
2025-10-29 09:09:52.160000+00:00,"how its broken beams of light shattered the water into millions of pieces, and the comforting silence","that followed each rotation—three seconds of darkness between every sweep.

But on this particular night, something was different. The fog rolled in thicker than usual, and within",conv_a0840d98-89b5-4206-b414-e9820d9a99b2,L2C5KAHNC83T,3.0,2,human-ai,conv_a0840d98-89b5-4206-b414-e9820d9a99b2,3.0,author_2,101.0,85.0,84.0,84.0,17.0,0.9882352941176471,0.011764705882352941,0.0,1.0,0.0,10.0,False,,False,,"how its broken beams of light shattered the water into millions of pieces, and the comforting silence",0,False,human,ai,author_2,ai,True,2
2025-10-29 09:11:49.720000+00:00,"she could make out the faint outline of a skiff carefully bobbing near the shore, a single, tall figure carefully extricating","themselves from the vessel. They moved with deliberate grace, as if the fog itself parted to allow their passage.

Magdalena's hand froze on the lamp",conv_a0840d98-89b5-4206-b414-e9820d9a99b2,L2C5KAHNC83T,4.0,2,human-ai,conv_a0840d98-89b5-4206-b414-e9820d9a99b2,4.0,author_2,124.0,104.0,102.0,102.0,21.0,0.9807692307692307,0.019230769230769232,0.0,1.0,0.0,11.0,False,,False,,"she could make out the faint outline of a skib carefully bobbing near the shore, a single, tall figure carefully extricating",2,False,human,ai,author_2,ai,True,3
2025-10-29 09:13:02.536000+00:00,". The figure, a man maybe, looked up suddenly as the pattern of light the man grew accustomed to.","had stuttered—interrupted by her trembling grip. For the first time in seventeen years, Magdalena had broken the rhythm.

She watched as the figure raised one",conv_a0840d98-89b5-4206-b414-e9820d9a99b2,L2C5KAHNC83T,5.0,2,human-ai,conv_a0840d98-89b5-4206-b414-e9820d9a99b2,5.0,author_2,96.0,78.0,75.0,75.0,18.0,0.9615384615384616,0.038461538461538464,0.0,1.0,0.0,10.0,False,,False,,". The figure, a man maybe, looked up suddenly as the pattern of light the man grew accustomed to",1,False,human,ai,author_2,ai,True,4
2025-10-29 09:14:31.095000+00:00,"finger and spin it slowly in a circle. Magdalena knew he saw her now, but had no clue as to what","the gesture meant. A greeting? A command? Her heart hammered against her ribs as she released the lamp, letting it resume its eternal dance.

The figure began",conv_a0840d98-89b5-4206-b414-e9820d9a99b2,L2C5KAHNC83T,6.0,2,human-ai,conv_a0840d98-89b5-4206-b414-e9820d9a99b2,6.0,author_2,96.0,76.0,74.0,74.0,21.0,0.9736842105263158,0.02631578947368421,0.0,1.0,0.0,9.0,False,,False,,"finger and spin it slowly in a circle. Magdalena knew he saw her now, but had no clue as to what",0,False,human,ai,author_2,ai,True,5
2025-10-29 09:15:42.050000+00:00,"working once more, securing his boat to the shore, before beginning his trek to what she could only assume was","her lighthouse. Each step deliberate, unhurried, as though he'd made this journey a thousand times before in dreams she'd never had.

Magdalena descende",conv_a0840d98-89b5-4206-b414-e9820d9a99b2,L2C5KAHNC83T,7.0,2,human-ai,conv_a0840d98-89b5-4206-b414-e9820d9a99b2,7.0,author_2,106.0,87.0,85.0,85.0,20.0,0.9770114942528736,0.022988505747126436,0.0,1.0,0.0,8.0,False,,False,,"working once more, securing his boat to the shore, before begin his trek to what she could only assume was",4,False,human,ai,author_2,ai,True,6
2025-10-29 09:17:29.901000+00:00,"d back into the lighthouse, steeling herself for the inevitable. Now more than ever, she wished she had procured a knife, a bat, something.","to steady her shaking hands. But there was only the worn rope railing and the echo of her own footsteps spiraling downward.

Three sharp knocks",conv_a0840d98-89b5-4206-b414-e9820d9a99b2,L2C5KAHNC83T,8.0,2,human-ai,conv_a0840d98-89b5-4206-b414-e9820d9a99b2,8.0,author_2,138.0,115.0,110.0,110.0,24.0,0.9565217391304348,0.043478260869565216,0.0,0.9583333333333334,0.0,10.0,False,,False,,"d back into the lighthouse, steeling herself for the inevitable. Now more than ever, she wished she had procured a knife, a bat, something",1,False,human,ai,author_2,ai,True,7
2025-10-29 09:18:51.755000+00:00,pierced her skull. Her heart threatened to jump out of her chest as she slowly approached the door. Resting her hand on the,"cold iron handle, she drew a breath that tasted of salt and rust. The knocks came again—patient, rhythmic, like the lamp above.

""I",conv_a0840d98-89b5-4206-b414-e9820d9a99b2,L2C5KAHNC83T,9.0,2,human-ai,conv_a0840d98-89b5-4206-b414-e9820d9a99b2,9.0,author_2,122.0,100.0,98.0,98.0,23.0,0.98,0.02,0.0,1.0,0.0,10.0,False,,False,,pierced her skull. Her heart threatned to jump out of her chest as she slowly approached the door. Resting her hand on the,1,False,human,ai,author_2,ai,True,8
2026-02-26 16:27:39.737000+00:00,There once was a thatched cottage in a small village in the south of England. In this cottage lived a young,"girl named Emily, who spent most of her days exploring the rolling hills and green pastures that surrounded the village. She was a curious and adventurous child, with a wild mane",conv_a2292393-fd39-476f-975c-aaf411653197,MGW91YS84ULF,1.0,3,human-ai,conv_a2292393-fd39-476f-975c-aaf411653197,1.0,author_1,107.0,87.0,86.0,86.0,21.0,0.9885057471264368,0.011494252873563218,0.0,1.0,0.0,8.0,False,,False,,There once was a thatched cottage in a small village in the south of england. In this cottage lived a young,1,False,human,ai,author_1,human,True,
2026-02-26 16:29:49.626000+00:00,"One day Emily was roaming the moors, as a figure approached her. The tall man had light hair and a soft","smile, and his eyes seemed to hold a deep kindness as he gazed at Emily. He wore a long, worn coat that flapped in the gentle breeze, and",conv_a2292393-fd39-476f-975c-aaf411653197,MGW91YS84ULF,2.0,3,human-ai,conv_a2292393-fd39-476f-975c-aaf411653197,2.0,author_1,103.0,83.0,81.0,81.0,21.0,0.9759036144578314,0.024096385542168676,0.0,1.0,0.0,10.0,False,,False,,"One day Emily was roaming the moors, as a figure approached her. The tall man had light hair and a soft",0,False,human,ai,author_1,human,True,1
2026-02-26 16:33:35.431000+00:00,"as he approached he looked at her like an old friend. ""I am new to these parts,"" he said. ""Could you please show me the way to","the village?"" he asked, his voice low and smooth, with a hint of a distant accent that Emily couldn't quite place. She nodded, feeling an inexplicable sense of",conv_a2292393-fd39-476f-975c-aaf411653197,MGW91YS84ULF,3.0,3,human-ai,conv_a2292393-fd39-476f-975c-aaf411653197,3.0,author_1,126.0,100.0,94.0,94.0,27.0,0.94,0.06,0.0,1.0,0.0,10.0,False,,False,,"as he approached he looked at her like an old friend. ""I am new to these parts"", he said. ""Could you please show me the way to",2,False,human,ai,author_1,human,True,2
2026-02-26 16:35:54.126000+00:00,"wonder and bewilderment. ""You'd better follow me, sir,"" Emily said. As they walked towards the village, Emily asked the stranger what he was doing in","these remote parts, and the stranger's smile grew wider as he replied, ""I'm a traveler, a collector of stories and tales, and I've heard that this village",conv_a2292393-fd39-476f-975c-aaf411653197,MGW91YS84ULF,4.0,3,human-ai,conv_a2292393-fd39-476f-975c-aaf411653197,4.0,author_1,146.0,122.0,116.0,116.0,26.0,0.9508196721311475,0.04918032786885246,0.0,0.9615384615384616,0.0,12.0,False,,False,,"wonder and bewilderment. ""You'd better follow me, sir"" Emily said. As they walked towards the village Emily asked the stanger what he was doing in",3,False,human,ai,author_1,human,True,3
2026-02-26 16:38:33.663000+00:00,"has a story to tell."" Emily grew weary of this seemingly gentle stranger. What did he want? The stranger sensed this and said: ""I don't want to alarm you, but I think you might","be the one I've been searching for, Emily,"" he said, his voice taking on a note of urgency, as he glanced around cautiously, as if he feared being over",conv_a2292393-fd39-476f-975c-aaf411653197,MGW91YS84ULF,5.0,3,human-ai,conv_a2292393-fd39-476f-975c-aaf411653197,5.0,author_1,174.0,141.0,133.0,133.0,35.0,0.9432624113475178,0.05673758865248227,0.0,0.9714285714285714,0.0,9.0,False,,False,,"has a story to tell."" Emily grew weary of this seemingly gentle stanger. What did he want? The stanger sensed this and said: ""I don't want to alarm you, but I think you might",2,False,human,ai,author_1,human,True,4
2026-02-26 16:41:35.859000+00:00,"heard. He gently took her hands and looked her in the eyes. ""I... I... Sir, what is the meaning of this, I don't even know your name,","""My name is Elijah,"" he whispered, his breath warm against her skin, ""and I've come to tell you something about your past, something that has been hidden from you",conv_a2292393-fd39-476f-975c-aaf411653197,MGW91YS84ULF,6.0,3,human-ai,conv_a2292393-fd39-476f-975c-aaf411653197,6.0,author_1,133.0,107.0,94.0,94.0,28.0,0.8785046728971962,0.12149532710280374,0.0,0.9642857142857143,0.0,7.0,False,,False,,"heard. He gently took her hands and looked her in the eyes. ""I... I... Sir, what is the meaning of this, I don't even know your name,",0,False,human,ai,author_1,human,True,5
2026-02-26 16:43:27.856000+00:00,"for a long time."" Emily looked searchingly into his eyes. Blue, she noted, but she could not gather the truthfulness of this man. ""Elijah... I am not sure... What have","you come to tell me?"" Emily asked, trying to pull her hands away, but Elijah's grip was gentle yet firm. He looked at her with an intensity that made her",conv_a2292393-fd39-476f-975c-aaf411653197,MGW91YS84ULF,7.0,3,human-ai,conv_a2292393-fd39-476f-975c-aaf411653197,7.0,author_1,168.0,139.0,126.0,126.0,30.0,0.9064748201438849,0.09352517985611511,0.0,1.0,0.0,13.0,False,,False,,"for a long time."" Emily looked searchingly into his eyes. Blue, she noted, but she could not gather the truthfullness of this man. ""Elijah... I am not sure... What have",1,False,human,ai,author_1,human,True,6
2026-02-26 16:45:01.766000+00:00,"a little scared. ""I have come to tell you about your father..."" ""What about him?"" ""I am sorry, but he is, he is..."" He struggled to","find the right words, his eyes clouding over with a deep sadness. ""He is not who you think he is, Emily,"" Elijah said finally, his voice barely above",conv_a2292393-fd39-476f-975c-aaf411653197,MGW91YS84ULF,8.0,3,human-ai,conv_a2292393-fd39-476f-975c-aaf411653197,8.0,author_1,132.0,107.0,90.0,90.0,26.0,0.8411214953271028,0.1588785046728972,0.0,1.0,0.0,9.0,False,,False,,"a little scared. ""I have come to tell you about your father..."" ""What about him?"". ""I am sorry, but he is, he is..."" He struggled to",1,False,human,ai,author_1,human,True,7
2026-02-26 16:47:20.926000+00:00,"whisper. Emily tore herself away from him and ran back towards the cottage. She looked back to see Elijah standing, a solitary","figure on the moor, his eyes fixed on her as she disappeared into the distance. The wind picked up, and his coat flapped behind him like a dark wing,",conv_a2292393-fd39-476f-975c-aaf411653197,MGW91YS84ULF,9.0,3,human-ai,conv_a2292393-fd39-476f-975c-aaf411653197,9.0,author_1,128.0,107.0,104.0,104.0,22.0,0.9719626168224299,0.028037383177570093,0.0,1.0,0.0,8.0,False,,False,,"whisper. Emily teared herself away from him and ran back towards the cottage. She looked back to see Elijah standing, a solitary",3,False,human,ai,author_1,human,True,8
2025-11-19 11:03:59.472000+00:00,,"a young girl named Aria who lived in a small village surrounded by a vast and mysterious forest. The villagers often spoke of the forest in hushed tones, warning of its",conv_afc8092c-7335-40d1-a058-616cf97d80a2,1DL66YK77CCW,1.0,3,human-ai,conv_afc8092c-7335-40d1-a058-616cf97d80a2,1.0,author_2,0.0,0.0,0.0,0.0,0.0,0.0,0.0,0.0,0.0,0.0,0.0,False,protocol_empty,False,,,0,False,human,ai,author_2,ai,False,
2025-11-19 11:17:21.934000+00:00,"dark and dangerous creatures. Aria was a very curious girl, and despite the older villagers' warnings, still chose to roam","deep into the forest, feeling an inexplicable pull towards the ancient trees and the secrets they seemed to whisper to her on the wind. She had always been drawn to the unknown",conv_afc8092c-7335-40d1-a058-616cf97d80a2,1DL66YK77CCW,2.0,3,human-ai,conv_afc8092c-7335-40d1-a058-616cf97d80a2,2.0,author_2,121.0,102.0,99.0,99.0,20.0,0.9705882352941176,0.029411764705882353,0.0,1.0,0.0,9.0,False,,False,,"dark and dangerous creatures. Aria was a very curious girl, and despite the older villagers warnings, still chose to roam",1,False,human,ai,author_2,ai,True,1
2025-11-19 11:24:37.964000+00:00,and this forest and its many creatures and the secrets they hold is the most unknown of all. She saw an unexplainable beauty in the,"twisted roots that snaked across the forest floor, and the way the moonlight filtering through the canopy above cast eerie, silver shadows on the trees. As she walked,",conv_afc8092c-7335-40d1-a058-616cf97d80a2,1DL66YK77CCW,3.0,3,human-ai,conv_afc8092c-7335-40d1-a058-616cf97d80a2,3.0,author_2,131.0,107.0,106.0,106.0,25.0,0.9906542056074766,0.009345794392523364,0.0,1.0,0.0,13.0,False,,False,,and this forest and its many creatures and the secrets they hold is the most unknown of all. She saw an unexplainable beauty in the,0,False,human,ai,author_2,ai,True,2
2025-11-19 12:08:06.121000+00:00,"she had a feeling of belonging. As if the tall trees, and the wildflowers spoke to her, and the creatures hiding in the dark corners, knew her","name, and had been waiting for her arrival. The trees seemed to lean in, their branches tangling together above her head, forming a canopy that felt like a gentle embrace",conv_afc8092c-7335-40d1-a058-616cf97d80a2,1DL66YK77CCW,4.0,3,human-ai,conv_afc8092c-7335-40d1-a058-616cf97d80a2,4.0,author_2,142.0,115.0,111.0,111.0,28.0,0.9652173913043478,0.034782608695652174,0.0,1.0,0.0,9.0,False,,False,,"she had a feeling of belonging. As if the tall trees, and the wild flowers spoke to her, and the creatures hiding in the dark cornes, knew her",2,False,human,ai,author_2,ai,True,3
2025-11-19 12:11:19.442000+00:00,"almost like a mother's touch. Such a familiar feeling, but at the same time so unfamiliar for Aria, since her mother had been","gone for as long as she could remember, leaving behind only faint memories and a deep sense of longing. The forest, with its whispering leaves and soft, filtering light,",conv_afc8092c-7335-40d1-a058-616cf97d80a2,1DL66YK77CCW,5.0,3,human-ai,conv_afc8092c-7335-40d1-a058-616cf97d80a2,5.0,author_2,124.0,102.0,99.0,99.0,23.0,0.9705882352941176,0.029411764705882353,0.0,1.0,0.0,10.0,False,,False,,"almost like a mothers touch. Such a familiar feeling, but at the same time so unfamiliar for Aria, since her mother had been",1,False,human,ai,author_2,ai,True,4
2025-11-19 12:12:54.691000+00:00,"drew Aria further and further in, until she had no clue where she once came from. But just as she started to worry, she heard","the soft sound of running water, and the gentle lapping of a stream against its banks, which seemed to be calling to her, guiding her towards a clearing, where a",conv_afc8092c-7335-40d1-a058-616cf97d80a2,1DL66YK77CCW,6.0,3,human-ai,conv_afc8092c-7335-40d1-a058-616cf97d80a2,6.0,author_2,125.0,101.0,98.0,98.0,25.0,0.9702970297029703,0.0297029702970297,0.0,1.0,0.0,7.0,False,,False,,"drew Aria further and further in, until she had no clue where she once came from. But just as she started to worry, she heard",0,False,human,ai,author_2,ai,True,5
2025-11-19 12:15:37.831000+00:00,little house was hidden. Aria had never felt so relaxed. She went up to the house and peeked inside the window.,"and saw a warm, golden light spilling out from within, illuminating a cozy room filled with books, strange artifacts, and a lovely old woman sitting in a rocking chair",conv_afc8092c-7335-40d1-a058-616cf97d80a2,1DL66YK77CCW,7.0,3,human-ai,conv_afc8092c-7335-40d1-a058-616cf97d80a2,7.0,author_2,111.0,91.0,88.0,88.0,21.0,0.967032967032967,0.03296703296703297,0.0,1.0,0.0,7.0,False,,False,,little house was hidden. Aria had never felt so relaxed. She went up to the house and peaked inside the window.,1,False,human,ai,author_2,ai,True,6
2025-11-19 12:16:54.295000+00:00,"Something about the old woman looked familiar to her, but she could not quite place it. She walked up to the","door and gently knocked, the old woman's eyes snapping towards the sound, a look of surprise and then recognition crossing her face, as she slowly rose from her chair and made",conv_afc8092c-7335-40d1-a058-616cf97d80a2,1DL66YK77CCW,8.0,3,human-ai,conv_afc8092c-7335-40d1-a058-616cf97d80a2,8.0,author_2,108.0,88.0,86.0,86.0,21.0,0.9772727272727273,0.022727272727272728,0.0,1.0,0.0,9.0,False,,False,,"Something about the old woman looked familiar to her, but she could not quite place it. She walked up to the",0,False,human,ai,author_2,ai,True,7
2025-11-19 12:18:53.551000+00:00,"her way over to the door. ""I've been waiting for you, my dear,"" the old woman said as she opened the door.","Aria's eyes widened in wonder as the old woman's words hung in the air, and she felt a jolt of understanding, as if she had finally found a piece",conv_afc8092c-7335-40d1-a058-616cf97d80a2,1DL66YK77CCW,9.0,3,human-ai,conv_afc8092c-7335-40d1-a058-616cf97d80a2,9.0,author_2,105.0,84.0,78.0,78.0,23.0,0.9285714285714286,0.07142857142857142,0.0,1.0,0.0,7.0,False,,False,,"her way over to the door. ""I've been waiting for you my dear"", the old woman said as she opened the door.",3,False,human,ai,author_2,ai,True,8
2025-11-13 10:15:27.047000+00:00,,"a small, mysterious village nestled deep within a valley, where the air was sweet with the scent of blooming wildflowers and the sky seemed to stretch on forever. The village",conv_b0f0e7b9-40d0-4776-a1a7-828df5bdcf2a,V46HUKHDX73A,1.0,3,human-ai,conv_b0f0e7b9-40d0-4776-a1a7-828df5bdcf2a,1.0,author_2,0.0,0.0,0.0,0.0,0.0,0.0,0.0,0.0,0.0,0.0,0.0,False,protocol_empty,False,,,0,False,human,ai,author_2,ai,False,
2025-11-13 10:16:23.783000+00:00,"was known for its large wooden cathedrals, connected with each other by wooden bridges, used by","the villagers as a unique network of pathways that crisscrossed above the village, allowing them to move easily from one cathedral to another, and it was here that the village",conv_b0f0e7b9-40d0-4776-a1a7-828df5bdcf2a,V46HUKHDX73A,2.0,3,human-ai,conv_b0f0e7b9-40d0-4776-a1a7-828df5bdcf2a,2.0,author_2,94.0,80.0,78.0,78.0,15.0,0.975,0.025,0.0,1.0,0.0,10.0,False,,False,,"was known for its large wooden cathedrals, connected with eachother by wooden bridges, used by",1,False,human,ai,author_2,ai,True,1
2025-11-13 10:18:34.540000+00:00,"became famous for its mathematicians, calculating the possibilities for crossing. There were rules as to who and when and what directions.","one could take, and the mathematicians would spend hours pondering the intricacies of the bridge system, trying to find the most efficient routes and patterns, while the village elders",conv_b0f0e7b9-40d0-4776-a1a7-828df5bdcf2a,V46HUKHDX73A,3.0,3,human-ai,conv_b0f0e7b9-40d0-4776-a1a7-828df5bdcf2a,3.0,author_2,137.0,117.0,115.0,115.0,21.0,0.9829059829059829,0.017094017094017096,0.0,1.0,0.0,14.0,False,,False,,"became famous for its mathematicians, calculating the possibilities for crossing. There were rules as to who and when and what directions",1,False,human,ai,author_2,ai,True,2
2025-11-13 10:19:23.785000+00:00,"tried to convince the mathematicians that the spirit of the law could be broken, even though","the village's founder, a wise and enigmatic figure named Aria, had decreed that the bridges were to be crossed in a specific and sacred pattern, a pattern that",conv_b0f0e7b9-40d0-4776-a1a7-828df5bdcf2a,V46HUKHDX73A,4.0,3,human-ai,conv_b0f0e7b9-40d0-4776-a1a7-828df5bdcf2a,4.0,author_2,92.0,77.0,76.0,76.0,16.0,0.987012987012987,0.012987012987012988,0.0,1.0,0.0,14.0,False,,False,,"tried to convince the mathematicians that the spirit of the law could be broken, even though",0,False,human,ai,author_2,ai,True,3
2025-11-13 10:20:19.522000+00:00,"required to people cross the bridge in the opposite direction at the same time as you. That made it hard to get over the bridge, and","led to a complex dance of pedestrians, each trying to navigate the bridges while respecting the ancient tradition, and it was not uncommon to see a group of people awkwardly waiting at",conv_b0f0e7b9-40d0-4776-a1a7-828df5bdcf2a,V46HUKHDX73A,5.0,3,human-ai,conv_b0f0e7b9-40d0-4776-a1a7-828df5bdcf2a,5.0,author_2,133.0,108.0,106.0,106.0,26.0,0.9814814814814815,0.018518518518518517,0.0,1.0,0.0,9.0,False,,False,,"required to people cross the bridge in the opposite direction at the same times as you. That made it hard to get over the bridge, and",1,False,human,ai,author_2,ai,True,4
2025-11-13 10:20:59.439000+00:00,"the junctions of the bridges, waiting for the exact right circumstances that made the crossing legal. If you","timed it just right, you could catch the brief window of opportunity when the mirror-image stranger, as the villagers called them, would be crossing from the opposite direction, allowing",conv_b0f0e7b9-40d0-4776-a1a7-828df5bdcf2a,V46HUKHDX73A,6.0,3,human-ai,conv_b0f0e7b9-40d0-4776-a1a7-828df5bdcf2a,6.0,author_2,108.0,91.0,89.0,89.0,18.0,0.978021978021978,0.02197802197802198,0.0,1.0,0.0,13.0,False,,False,,"the junctions of the bridges, waiting for the exact right circumstances that made the crossing legal. If you",0,False,human,ai,author_2,ai,True,5
2025-11-13 10:21:45.516000+00:00,"you to cross the bridge legally. Some outlaws despised Aria and crossed the bridges as they wished,","defying the tradition and incurring the wrath of the village elders, who would often convene in emergency councils to discuss the outlaw's transgression and determine a suitable punishment,",conv_b0f0e7b9-40d0-4776-a1a7-828df5bdcf2a,V46HUKHDX73A,7.0,3,human-ai,conv_b0f0e7b9-40d0-4776-a1a7-828df5bdcf2a,7.0,author_2,100.0,84.0,81.0,81.0,17.0,0.9642857142857143,0.03571428571428571,0.0,1.0,0.0,8.0,False,,False,,"you to cross the bridge legally. Some outlaws despised Aria, and crossed the bridges as they wished,",1,False,human,ai,author_2,ai,True,6
2025-11-13 10:22:43.264000+00:00,Often the punishment would be a year without bridge travelling. They would then have to walk around in the,"muddy and winding paths that skirted the village, a circuitous and arduous route that would add hours to their daily journeys, and serve as a humiliating reminder of",conv_b0f0e7b9-40d0-4776-a1a7-828df5bdcf2a,V46HUKHDX73A,8.0,3,human-ai,conv_b0f0e7b9-40d0-4776-a1a7-828df5bdcf2a,8.0,author_2,105.0,88.0,87.0,87.0,18.0,0.9886363636363636,0.011363636363636364,0.0,1.0,0.0,16.0,False,,False,,Often the punishment would be a year without bridgetravelling. They would then have to walk around in the,1,False,human,ai,author_2,ai,True,7
2025-11-13 10:23:39.319000+00:00,"what they had done. People from the bridge would look down at them at best, but usually just ignored them,","as if they were ghosts or shadows, invisible and insignificant, and the outcasts would have to endure the scorn and indifference of their former friends and neighbors, a painful reminder of",conv_b0f0e7b9-40d0-4776-a1a7-828df5bdcf2a,V46HUKHDX73A,9.0,3,human-ai,conv_b0f0e7b9-40d0-4776-a1a7-828df5bdcf2a,9.0,author_2,105.0,86.0,83.0,83.0,20.0,0.9651162790697675,0.03488372093023256,0.0,1.0,0.0,7.0,False,,False,,"what they had done. People from the bridge would look down at them at best, but usually just ignore them,",1,False,human,ai,author_2,ai,True,8
2025-11-09 16:05:02.428000+00:00,,"a young girl named Sophia, who lived in a small village surrounded by vast, rolling hills and dense forests. She had always been fascinated by the stories her grandmother used to tell",conv_b1e0225e-fdb5-4142-8852-0785c0d30420,GXHVMXFGMRCS,1.0,3,human-ai,conv_b1e0225e-fdb5-4142-8852-0785c0d30420,1.0,author_2,0.0,0.0,0.0,0.0,0.0,0.0,0.0,0.0,0.0,0.0,0.0,False,protocol_empty,False,,,0,False,human,ai,author_2,ai,False,
2025-11-09 16:07:21.883000+00:00,about the trolls roaming the forests. She told tales of misfortune happening to any children that would wander too far.,"into the woods, and how they would never return, or if they did, they would be forever changed by the encounter, with a haunting look in their eyes and a whisper",conv_b1e0225e-fdb5-4142-8852-0785c0d30420,GXHVMXFGMRCS,2.0,3,human-ai,conv_b1e0225e-fdb5-4142-8852-0785c0d30420,2.0,author_2,118.0,99.0,98.0,98.0,20.0,0.98989898989899,0.010101010101010102,0.0,1.0,0.0,10.0,False,,False,,about the trolls roaming the forests. She told tales of misfortune happening to any children that would wander too far,1,False,human,ai,author_2,ai,True,1
2025-11-09 16:11:49.474000+00:00,", warning others about the horrible hairy creatures. Many did not believe the stories, chalking them up to superstition. But Sophia believed.","every word her grandmother spoke, and she made it a point to avoid the forest, staying close to the village and its familiar surroundings. However, on one fateful evening,",conv_b1e0225e-fdb5-4142-8852-0785c0d30420,GXHVMXFGMRCS,3.0,3,human-ai,conv_b1e0225e-fdb5-4142-8852-0785c0d30420,3.0,author_2,140.0,119.0,115.0,115.0,21.0,0.9663865546218487,0.03361344537815126,0.0,1.0,0.0,12.0,False,,False,,", warning others about the horrible hairy creatures. Many did not believe the stories, chalking them up to superstition. But Sophia believed",1,False,human,ai,author_2,ai,True,2
2025-11-09 16:16:00.140000+00:00,"her steadfastness would be put to the test. You see, Sophia had a strange addiction: Matcha Lattes. This addiction had often led her to spend","all her allowance and even some of her earnings from helping her mother with the family bakery, just to get her hands on a cup of the vibrant green drink from the traveling merchant",conv_b1e0225e-fdb5-4142-8852-0785c0d30420,GXHVMXFGMRCS,4.0,3,human-ai,conv_b1e0225e-fdb5-4142-8852-0785c0d30420,4.0,author_2,142.0,118.0,114.0,114.0,25.0,0.9661016949152542,0.03389830508474576,0.0,1.0,0.0,13.0,False,,False,,"her steadfastness would be put to the test. You see, Sophia had a strange addiction: Matcha Lattes. This addiction had often lead her to spend",1,False,human,ai,author_2,ai,True,3
2025-11-09 16:17:53.885000+00:00,"that took a whopping 75 kr for each cup. But Sophia had an idea: if she could follow the merchant, she might learn the secrets of the recipe,","and thus be able to make her own Matcha Lattes, saving herself a fortune and satiating her craving without breaking the bank. So, she decided to sneak out",conv_b1e0225e-fdb5-4142-8852-0785c0d30420,GXHVMXFGMRCS,5.0,3,human-ai,conv_b1e0225e-fdb5-4142-8852-0785c0d30420,5.0,author_2,140.0,114.0,108.0,108.0,27.0,0.9473684210526315,0.03508771929824561,0.0,0.9629629629629629,0.0,8.0,False,,False,,"that took a whopping 75kr for each cup. But Sophia had an idea: if she could follow the merchant, she might learn the secrets of the recipe,",1,False,human,ai,author_2,ai,True,4
2025-11-09 16:19:25.548000+00:00,"one evening, hiding in the side of the road for the merchant to pass. The merchant came just after nightfall, trotting along with a","large, worn-out wagon, its wooden slats creaking as it moved, and Sophia quickly darted out from her hiding spot, falling into step behind the wagon,",conv_b1e0225e-fdb5-4142-8852-0785c0d30420,GXHVMXFGMRCS,6.0,3,human-ai,conv_b1e0225e-fdb5-4142-8852-0785c0d30420,6.0,author_2,131.0,108.0,105.0,105.0,24.0,0.9722222222222222,0.027777777777777776,0.0,1.0,0.0,9.0,False,,False,,"one evening, hiding in the side of the road for the merchant to pass. The merchant came just after nightfall, trotting along with a",0,False,human,ai,author_2,ai,True,5
2025-11-09 16:21:45.540000+00:00,"stealthily sneaking up and grabbing onto the railing. Sophia felt like a true ninja, thinking to herself that grandma","would be proud of her cunning, but her pride was short-lived, as the wagon suddenly lurched to a stop, and Sophia found herself face to face with the merchant,",conv_b1e0225e-fdb5-4142-8852-0785c0d30420,GXHVMXFGMRCS,7.0,3,human-ai,conv_b1e0225e-fdb5-4142-8852-0785c0d30420,7.0,author_2,118.0,99.0,97.0,97.0,20.0,0.9797979797979798,0.020202020202020204,0.0,1.0,0.0,10.0,False,,False,,"stealthily sneaking up and grabbing on to the railing. Sophia felt like a true ninja, thinking to herself that grandma",1,False,human,ai,author_2,ai,True,6
2025-11-09 16:23:27.378000+00:00,"who looked at her grimly. ""Do you seek to steal my Matcha Latte recipe, young girl?"", she asked while Sophia gasped. ""No dear merchant, I just happened","to be out for a midnight stroll and saw your wagon, and I was curious about where you were headed,"" Sophia stammered, trying to come up with a believable excuse",conv_b1e0225e-fdb5-4142-8852-0785c0d30420,GXHVMXFGMRCS,8.0,3,human-ai,conv_b1e0225e-fdb5-4142-8852-0785c0d30420,8.0,author_2,151.0,125.0,116.0,116.0,27.0,0.928,0.072,0.0,1.0,0.0,8.0,False,,False,,"who looked at her grimly. ""Do you seek to steal my Matcha Latte recipe, young girl?"", she asked while Sophia gasped. ""No dear merchant, i just happened",1,False,human,ai,author_2,ai,True,7
2025-11-09 16:25:22.904000+00:00,". The merchant laughed: ""Do you think me a fool? I know you have been coveting my Matcha Lattes since you first tasted them, girl. But this was a","test, and you have passed, for I have been searching for an apprentice, someone with a passion for the Matcha Latte that rivals my own, and I believe that",conv_b1e0225e-fdb5-4142-8852-0785c0d30420,GXHVMXFGMRCS,9.0,3,human-ai,conv_b1e0225e-fdb5-4142-8852-0785c0d30420,9.0,author_2,144.0,116.0,111.0,111.0,28.0,0.9568965517241379,0.04310344827586207,0.0,1.0,0.0,8.0,False,,False,,". The merchant laughed: ""Do you think me a fool? I know you have been coveting my Matcha Lattes since you first tasted them girl. But this was a",1,False,human,ai,author_2,ai,True,8
2025-11-13 13:28:31.116000+00:00,,a young girl named Sophia who lived in a small village surrounded by dense forests and rolling hills. She had always been fascinated by the stories her grandmother used to tell her about the,conv_b306d0b7-35f0-495e-a3e0-5818c3ae060c,958LNZU1CG3W,1.0,3,human-ai,conv_b306d0b7-35f0-495e-a3e0-5818c3ae060c,1.0,author_2,0.0,0.0,0.0,0.0,0.0,0.0,0.0,0.0,0.0,0.0,0.0,False,protocol_empty,False,,,0,False,human,ai,author_2,ai,False,
2025-11-13 13:32:43.972000+00:00,"big castle nearby. She used to say that there lived fairies, trolls, wizards, and a lot of wonderful creatures. Aside from the creatures, there also lived a","prince, who was said to be kind and just, loved by all the inhabitants of the castle and the surrounding lands. According to Sophia's grandmother, the prince was on",conv_b306d0b7-35f0-495e-a3e0-5818c3ae060c,958LNZU1CG3W,2.0,3,human-ai,conv_b306d0b7-35f0-495e-a3e0-5818c3ae060c,2.0,author_2,154.0,128.0,124.0,124.0,27.0,0.96875,0.03125,0.0,1.0,0.0,9.0,False,,False,,"big castle nearby. She used to say that there lived fairies, trolls, wizards and a lot of wonderful creatures. Aside from the creatures there also lived a",2,False,human,ai,author_2,ai,True,1
2025-11-13 13:34:58.672000+00:00,"a mission to find the perfect girl, so he could get married. The prince lost his parents years ago, so all he had was the creatures. The prince had been stuck on","this quest for what felt like an eternity, meeting many girls along the way, but none of them seemed quite right. He had almost given up hope when he heard about a",conv_b306d0b7-35f0-495e-a3e0-5818c3ae060c,958LNZU1CG3W,3.0,3,human-ai,conv_b306d0b7-35f0-495e-a3e0-5818c3ae060c,3.0,author_2,162.0,131.0,127.0,127.0,32.0,0.9694656488549618,0.030534351145038167,0.0,1.0,0.0,9.0,False,,False,,"a mission to find the perfect girl, so he could get married. The prince lost his parents years ago, so all he had was the creatures. The prince have been stuck on",2,False,human,ai,author_2,ai,True,2
2025-11-13 13:36:45.634000+00:00,girl living in a small village surrounded by forest. A girl named Sophia. The prince is stuck in the same age until he finds,"his true love, and legend had it that Sophia was the one. The prince's advisor, a wise old wizard, had told him that Sophia possessed a heart full of kindness",conv_b306d0b7-35f0-495e-a3e0-5818c3ae060c,958LNZU1CG3W,4.0,3,human-ai,conv_b306d0b7-35f0-495e-a3e0-5818c3ae060c,4.0,author_2,125.0,102.0,100.0,100.0,24.0,0.9803921568627451,0.0196078431372549,0.0,1.0,0.0,10.0,False,,False,,girl living in a small village surrounded be forrest. A girl named Sophia. The prince is stuck in the same age until he finds,2,False,human,ai,author_2,ai,True,3
2025-11-13 13:38:51.455000+00:00,"and goodness. A heart so pure, that was never seen before. But the prince was stuck in his castle, and Sophia didn't know how to find.","her way to the castle, for the path was hidden behind a veil of illusions, cast by the wicked sorceress who sought to keep the prince and Sophia apart, fearing",conv_b306d0b7-35f0-495e-a3e0-5818c3ae060c,958LNZU1CG3W,5.0,3,human-ai,conv_b306d0b7-35f0-495e-a3e0-5818c3ae060c,5.0,author_2,133.0,108.0,103.0,103.0,27.0,0.9537037037037037,0.046296296296296294,0.0,0.9629629629629629,0.0,8.0,False,,False,,"and goodness. A heart so pure, that was never seen before. But the prince was stuck in his castle, and Sophia didn't know how to find",1,False,human,ai,author_2,ai,True,4
2025-11-13 13:41:12.026000+00:00,"that Sophia would ruin the world with her kindness. It turns out, that Sophia is a descendant from the best fairy ever seen. The power she carries is unlimited,","and it was said that if she were to marry the prince, their union would bring about a new era of peace and harmony, and the sorceress knew that her own",conv_b306d0b7-35f0-495e-a3e0-5818c3ae060c,958LNZU1CG3W,6.0,3,human-ai,conv_b306d0b7-35f0-495e-a3e0-5818c3ae060c,6.0,author_2,160.0,132.0,128.0,128.0,29.0,0.9696969696969697,0.030303030303030304,0.0,1.0,0.0,10.0,False,,False,,"that Sophia would ruin the world with her kindness. It turns out, that Sophia is a descendant from the best fairy ever seen. The power she carries is unlimited,",0,False,human,ai,author_2,ai,True,5
2025-11-13 13:42:50.939000+00:00,"power would disappear, and her plan of world domination would crumble. One day Sophia woke up and felt brave. She wanted to find the prince and find her","true destiny, so she packed a small bag and set out towards the castle, following a narrow path that she had never seen before, but somehow felt drawn to. As she",conv_b306d0b7-35f0-495e-a3e0-5818c3ae060c,958LNZU1CG3W,7.0,3,human-ai,conv_b306d0b7-35f0-495e-a3e0-5818c3ae060c,7.0,author_2,151.0,124.0,121.0,121.0,28.0,0.9758064516129032,0.024193548387096774,0.0,1.0,0.0,10.0,False,,False,,"power would disapear, and her plan of world domination would crumble. One day Sophia woke up and felt brave. She wanted to find the prince and find her",1,False,human,ai,author_2,ai,True,6
2025-11-13 13:44:27.464000+00:00,walked along the path she met a troll guarding a bridge to cross a lake. The troll wanted to test the goodness of her.,"heart, and so he presented her with a challenge: to answer a riddle that would prove her kindness and selflessness. The troll's riddle was: ""What can",conv_b306d0b7-35f0-495e-a3e0-5818c3ae060c,958LNZU1CG3W,8.0,3,human-ai,conv_b306d0b7-35f0-495e-a3e0-5818c3ae060c,8.0,author_2,117.0,94.0,93.0,93.0,24.0,0.9893617021276596,0.010638297872340425,0.0,1.0,0.0,8.0,False,,False,,walked along the path she met a troll guarding a bridge to cross a lake. The troll wanted to test the goodness of her,1,False,human,ai,author_2,ai,True,7
2025-11-13 13:46:29.299000+00:00,"give and give, but never take'?"" Sophia was a bit puzzled, but then she remembered what her grandmother once told her a long","time ago, that the answer to this riddle was ""love"", for love can give and give, but it can never take, only receive in return. The troll was",conv_b306d0b7-35f0-495e-a3e0-5818c3ae060c,958LNZU1CG3W,9.0,3,human-ai,conv_b306d0b7-35f0-495e-a3e0-5818c3ae060c,9.0,author_2,124.0,102.0,97.0,97.0,23.0,0.9509803921568627,0.049019607843137254,0.0,1.0,0.0,11.0,False,,False,,"give and give, but never take'?"" Sophia was a bit puzzled, but then she remembered what her grandmother once told her a long",0,False,human,ai,author_2,ai,True,8
2026-02-05 09:12:40.819000+00:00,"Leila, a small-town girl dreaming of a better life. Her grandmother Gertrud has often told her stories of the oppression of women in her lifetime -",and the struggles she faced in a society where women were expected to conform to traditional roles and silence their voices. Gertrud's stories had instilled in Leila a sense,conv_b6569263-0af4-4945-bd32-398a28cf7e69,1V7KGVS454LT,1.0,3,human-ai,conv_b6569263-0af4-4945-bd32-398a28cf7e69,1.0,author_1,148.0,122.0,118.0,118.0,26.0,0.9672131147540983,0.03278688524590164,0.0,1.0,0.0,11.0,False,,False,,"Leila, a small town girl dreaming of a better life. Her grandmother Gertrud, has often told her stories of the oppression of women in her lifetime -",2,False,human,ai,author_1,human,True,
2026-02-05 09:13:58.977000+00:00,fear for not obtaining something greater. She desperately wants more than the life of a stay-at-home mom - until she met the,"charismatic and free-spirited traveler, Max, who wandered into town one summer evening, carrying a worn leather backpack and a gaze that seemed to hold a thousand secrets.",conv_b6569263-0af4-4945-bd32-398a28cf7e69,1V7KGVS454LT,2.0,3,human-ai,conv_b6569263-0af4-4945-bd32-398a28cf7e69,2.0,author_1,125.0,102.0,100.0,100.0,23.0,0.9803921568627451,0.0196078431372549,0.0,1.0,0.0,11.0,False,,False,,fear for not optaining something greater. She desperately wants more than the life of a stay at home mom - untill she met the,4,False,human,ai,author_1,human,True,1
2026-02-05 09:15:21.713000+00:00,"They pursued their love and found a deep connection, which led them to live a life together. Their life was filled with fun and travel, but also the wish for","a family of their own, and after a few years of spontaneity and adventure, they decided to settle down in a cozy little house by the sea, where Leila",conv_b6569263-0af4-4945-bd32-398a28cf7e69,1V7KGVS454LT,3.0,3,human-ai,conv_b6569263-0af4-4945-bd32-398a28cf7e69,3.0,author_1,158.0,129.0,125.0,125.0,30.0,0.9689922480620154,0.031007751937984496,0.0,1.0,0.0,10.0,False,,False,,"They pursued their love, and found a deep connection, which led them to live a life together. Their life was filled with fun and travel, but also the wish for",1,False,human,ai,author_1,human,True,2
2026-02-05 09:16:26.886000+00:00,"found a job she loved, Max did too, and soon they were expecting their first child. Life as parents-to-be was thrilling, and upon welcoming","their beautiful baby girl, Luna, into the world, Leila and Max felt an overwhelming sense of joy and responsibility, and as they navigated the ups and downs of paren",conv_b6569263-0af4-4945-bd32-398a28cf7e69,1V7KGVS454LT,4.0,3,human-ai,conv_b6569263-0af4-4945-bd32-398a28cf7e69,4.0,author_1,139.0,114.0,110.0,110.0,26.0,0.9649122807017544,0.03508771929824561,0.0,1.0,0.0,9.0,False,,False,,"found a job she loved, Max did too, and soon they were expecting their first child. Life as parents to be was thrilling, and upon welcoming",2,False,human,ai,author_1,human,True,3
2026-02-05 09:17:22.328000+00:00,"parenthood, they discovered a wish for more time together as a family, and Leila suddenly felt attracted to the idea of being a","stay-at-home mom, a role she had once rebelled against, but now saw as a chance to be fully present for her child and nurture a deeper connection with her,",conv_b6569263-0af4-4945-bd32-398a28cf7e69,1V7KGVS454LT,5.0,3,human-ai,conv_b6569263-0af4-4945-bd32-398a28cf7e69,5.0,author_1,127.0,105.0,103.0,103.0,23.0,0.9809523809523809,0.01904761904761905,0.0,1.0,0.0,10.0,False,,False,,"parenthood, they discovered a wish for more time together as a family, and Leila suddenly felt attracted to the idea of being a",0,False,human,ai,author_1,human,True,4
2026-02-05 09:18:30.950000+00:00,"Max supported her, however the decision wasn't so easy to make. Leila felt torn between her own wish and the stories of her grandmother, feeling like she went against","the very principles Gertrud had instilled in her, the ones that had driven her to pursue a career and independence in the first place, and she couldn't shake off",conv_b6569263-0af4-4945-bd32-398a28cf7e69,1V7KGVS454LT,6.0,3,human-ai,conv_b6569263-0af4-4945-bd32-398a28cf7e69,6.0,author_1,164.0,137.0,132.0,132.0,29.0,0.9635036496350365,0.0364963503649635,0.0,0.9655172413793104,0.0,11.0,False,,False,,"Max supported her, however the decision wasn't so easy make. Leila felt torn between her own wish, and the stories of her grandmother, feeling like she went against",4,False,human,ai,author_1,human,True,5
2026-02-05 09:19:19.998000+00:00,"the feeling of guilt for wanting something more simple. At the end of the day, Leila and Max decided on what felt best for","their little family, and that was for Leila to take a break from her job and focus on raising Luna, while Max continued to work and provide for them, and as",conv_b6569263-0af4-4945-bd32-398a28cf7e69,1V7KGVS454LT,7.0,3,human-ai,conv_b6569263-0af4-4945-bd32-398a28cf7e69,7.0,author_1,121.0,98.0,97.0,97.0,24.0,0.9897959183673469,0.01020408163265306,0.0,1.0,0.0,9.0,False,,False,,the feeling of guilt for wanting something more simple. At the end of the day Leila and Max decided on what felt best for,1,False,human,ai,author_1,human,True,6
2026-02-05 09:20:29.125000+00:00,"time went on, they had two more children. Max provided, they lived a simple life, and as the good husband Max is, he paid for Leila to have insurance and money.","in her own name, so that she would always have a sense of security and independence, and as Leila looked back on her life, she realized that she had found a",conv_b6569263-0af4-4945-bd32-398a28cf7e69,1V7KGVS454LT,8.0,3,human-ai,conv_b6569263-0af4-4945-bd32-398a28cf7e69,8.0,author_1,160.0,130.0,125.0,125.0,31.0,0.9615384615384616,0.038461538461538464,0.0,1.0,0.0,9.0,False,,False,,"time went on, they had two more children. Max provided, they lived a simple life, and as the good husband Max is, he payed for Leila to have insurance and money",3,False,human,ai,author_1,human,True,7
2026-02-05 09:21:45.305000+00:00,"sense of purpose being a mother, and the stress of achievements was gone. She was calm and content, and knew the possibility of a job was still there.","for her when the time was right, and that thought brought her peace, as she watched her children grow and thrive, and she knew that her grandmother Gertrud would be",conv_b6569263-0af4-4945-bd32-398a28cf7e69,1V7KGVS454LT,9.0,3,human-ai,conv_b6569263-0af4-4945-bd32-398a28cf7e69,9.0,author_1,149.0,122.0,119.0,119.0,28.0,0.9754098360655737,0.02459016393442623,0.0,1.0,0.0,12.0,False,,False,,"sense of purpose being a mother, and the stress of achievements was gone. She was calm and content, and knew the possibility of a job was still there",1,False,human,ai,author_1,human,True,8
2025-10-20 18:08:47.579000+00:00,,"Elena Rodriguez, a young marine biologist who had always dreamed of exploring the depths of the Pacific Ocean. Growing up in a small coastal town in Chile, she had spent countless hours watching the waves and imagining the mysterious creatures that lived beneath the surface. Her tiny bedroom was adorned with posters of marine life,",conv_c2e0197b-bba1-43b9-978e-cc6e536892b3,H12NC9MWNS3S,1.0,2,human-ai,conv_c2e0197b-bba1-43b9-978e-cc6e536892b3,1.0,author_2,0.0,0.0,0.0,0.0,0.0,0.0,0.0,0.0,0.0,0.0,0.0,False,protocol_empty,False,,,0,False,human,ai,author_2,ai,False,
2025-10-20 18:12:49.047000+00:00,"whales and dolphins, octopuses and weird fish that few people knew existed. From early on, she had been snorkeling in the clear waters, and with the help of a local diver, Juan Antonio, she became an expert in telling the sea life apart.","Juan Antonio was more than just a mentor; he was like a second father to Elena. A weathered, salt-and-pepper-haired man in his sixties, he had spent most of his life diving and studying the marine ecosystems along the Chilean coast. He recognized Elena's passion early on and took her under his wing, teaching",conv_c2e0197b-bba1-43b9-978e-cc6e536892b3,H12NC9MWNS3S,2.0,2,human-ai,conv_c2e0197b-bba1-43b9-978e-cc6e536892b3,2.0,author_2,239.0,197.0,190.0,190.0,43.0,0.9644670050761421,0.03553299492385787,0.0,1.0,0.0,11.0,False,,False,,"whales and dolphins, octopussies and weird fish that few people knew existed. From early on, she had been snorkeling in the clear waters, and with the help of a local diver, Juan Antonio, she became an expert in telling the sea life apart.",2,False,human,ai,author_2,ai,True,1
2025-10-20 18:14:48.220000+00:00,"her how to get close to the sea life. They had a unique friendship, but one day Elena came to the beach and saw that Juan Antonio's lifeless body had been recovered from the sea that he loved so much. The 16-year-old was heartbroken promised to honor","his memory by dedicating her life to marine conservation and research. The local authorities had ruled his death as a diving accident, but something about the circumstances didn't sit right with Elena. Juan Antonio was an experienced diver who knew these waters better than anyone. His wetsuit was oddly torn, and there were strange marks on his diving equipment that",conv_c2e0197b-bba1-43b9-978e-cc6e536892b3,H12NC9MWNS3S,3.0,2,human-ai,conv_c2e0197b-bba1-43b9-978e-cc6e536892b3,3.0,author_2,250.0,203.0,196.0,196.0,49.0,0.9655172413793104,0.024630541871921183,0.0,0.9795918367346939,0.0,11.0,False,,False,,"her how to get close to the sea life. They had a unique friendship, but one day Elena came to the beach and saw that Juan Antonio's lifeless body had been recovered from the sea that he loved so much. The 16-year old was heartbroken promised to honor",1,False,human,ai,author_2,ai,True,2
2025-10-20 18:22:43.408000+00:00,"did not make sense to Elena. It was not a shark attack, which would have been much more bloody. It looked like he had been held down, and a knife had cut his suit. Elena looked around. Was his murderer one of the men standing at the café overlooking","the beach? She recognized some of them as local fishermen, but one man—a stranger with cold, calculating eyes—seemed out of place. He was dressed too formally for a seaside town, wearing a dark suit that looked expensive and out of place among the weathered fishing jackets and work clothes of the other men. When he caught",conv_c2e0197b-bba1-43b9-978e-cc6e536892b3,H12NC9MWNS3S,4.0,2,human-ai,conv_c2e0197b-bba1-43b9-978e-cc6e536892b3,4.0,author_2,249.0,201.0,195.0,195.0,49.0,0.9701492537313433,0.029850746268656716,0.0,1.0,0.0,11.0,False,,False,,"did not make sense to Elena. It was not a shark attack, which would have been much more bloody. It looked like he had been held down, and a knife had cut his suit. Elena looked around. Was his murderer one of the men standing at the café overlooking",0,False,human,ai,author_2,ai,True,3
2025-10-20 18:27:12.818000+00:00,"her eyes, he stared coldly back at Elena until she looked away. Who would do something to Juan Antonio, the kindest person she ever met? She looked again and the stranger began to leave, and she noticed the large bag he picked up as he headed for","a sleek black SUV parked just beyond the café. Something metallic glinted inside the bag when he shifted it, catching the sunlight. Elena's instincts, honed by years of careful observation with Juan Antonio, told her this was no ordinary piece of luggage. Her grief suddenly mixed with a burning curiosity and a",conv_c2e0197b-bba1-43b9-978e-cc6e536892b3,H12NC9MWNS3S,5.0,2,human-ai,conv_c2e0197b-bba1-43b9-978e-cc6e536892b3,5.0,author_2,247.0,201.0,196.0,196.0,47.0,0.9751243781094527,0.024875621890547265,0.0,1.0,0.0,9.0,False,,False,,"her eyes, he starred coldly back at Elena until she looked away. Who would do something to Juan Antonio, the kindest person she ever met. She looked again and the stranger began to leave, and she noticed the large bag he picked up as he headed for",2,False,human,ai,author_2,ai,True,4
2025-10-20 18:34:25.899000+00:00,"sense of urgency. As the SUV drove away, she caught the license plate. With the help of a friend in the police, she learned that the owner of the car was a hitman. Had Juan Antonio been onto something that gave him enemies? Was this about the pollution?","on that was destroying the marine ecosystem? Juan Antonio had been vocal about illegal fishing practices and the environmental damage caused by certain industrial operations along the coast. Elena remembered late-night conversations where he would whisper about powerful people who wanted to silence those who spoke out against their destructive practices. She began to dig deeper, accessing Juan Antonio's research notes",conv_c2e0197b-bba1-43b9-978e-cc6e536892b3,H12NC9MWNS3S,6.0,2,human-ai,conv_c2e0197b-bba1-43b9-978e-cc6e536892b3,6.0,author_2,250.0,203.0,197.0,197.0,48.0,0.9704433497536946,0.029556650246305417,0.0,1.0,0.0,9.0,False,,False,,"sense of urgency. As the SUV drove away, she caught the license plate. With the help of a friend in the police, she learned that the owner of the car was a hitman. Had Juan Antonio been onto something that gave him enemies? Was this about the polluti",3,False,human,ai,author_2,ai,True,5
2025-10-20 18:36:26.728000+00:00,"that showed that a big chemistry plant a few miles up the coast was spilling all kinds of waste from their production into the ocean through a hidden pipe. Juan Antonio had taken pictures with his underwater camera, and there was a draft","of a report he was preparing to submit to environmental authorities. The draft detailed not just the pollution, but potential links between the chemical plant's waste and significant marine life die-offs in the region. Elena realized that her mentor might have been killed to prevent this information from becoming public. The draft was meticulously researched, with precise measurements of",conv_c2e0197b-bba1-43b9-978e-cc6e536892b3,H12NC9MWNS3S,7.0,2,human-ai,conv_c2e0197b-bba1-43b9-978e-cc6e536892b3,7.0,author_2,237.0,195.0,193.0,193.0,43.0,0.9897435897435898,0.010256410256410256,0.0,1.0,0.0,10.0,False,,False,,"that showed that a big chemistry plant a few miles up the coast was spilling all kinds of waste from their production into the ocean through a hidden pipe. Juan Antonio had taken pictures with his underwater camera, and there was a draft",0,False,human,ai,author_2,ai,True,6
2025-10-20 18:37:53.724000+00:00,"the amount of spillage and sample that proved that toxins of all kinds were discharged into the precious waters that Elena loved so much. But what could she do? Would she be in danger, too? Would the police believe her?","Elena knew local law enforcement had its own complex web of relationships with powerful local industries. Simply walking into the police station with Juan Antonio's evidence might put her at risk. She decided to be strategic, making digital copies of the documents and photos, then sending encrypted versions to an international marine conservation organization she had contacted during her research. If something happened to",conv_c2e0197b-bba1-43b9-978e-cc6e536892b3,H12NC9MWNS3S,8.0,2,human-ai,conv_c2e0197b-bba1-43b9-978e-cc6e536892b3,8.0,author_2,219.0,180.0,175.0,175.0,40.0,0.9722222222222222,0.027777777777777776,0.0,1.0,0.0,10.0,False,,False,,"the amount of spillage and sample that proved that toxins of all kinds were discharged into the precious waters that Elena loved so much. But what could she do? Would she be in danger, too? Would the police believe her?",0,False,human,ai,author_2,ai,True,7
2025-10-20 18:43:44.401000+00:00,"her, there would be not just one lead, but plenty, and there would be idealists like herself who would take things further. As she put her plan in motion, the man appeared before her on the street one day. ""Be careful,"" he said with a slick smile.","Elena's heart raced, but she kept her composure. Years of studying marine predators had taught her that showing fear could be fatal. ""I'm not afraid of you,"" she responded coolly, her voice steady despite the adrenaline coursing through her veins. The man's smile didn't waver, but his eyes",conv_c2e0197b-bba1-43b9-978e-cc6e536892b3,H12NC9MWNS3S,9.0,2,human-ai,conv_c2e0197b-bba1-43b9-978e-cc6e536892b3,9.0,author_2,247.0,201.0,191.0,191.0,47.0,0.9502487562189055,0.04975124378109453,0.0,1.0,0.0,9.0,False,,False,,"her, there would be not just one lead, but plenty, and there would be idealists like herself who would take things further. As she put her plan in motion, the man appeared before her on the street one day. ""Be careful,"" he said with a slick smile.",0,False,human,ai,author_2,ai,True,8
2025-11-20 04:43:06.162000+00:00,"Durgenhal, an easygoing penguin who has dreamt of flying since he played Learn to Fly on Y8, and broke through the final ice wall. After that milestone","he became obsessed with the idea of defying gravity and soaring through the skies. Every day, he would waddle down to the icy shores of his Antarctic home, flap his",conv_c576a2b8-4944-4966-b836-5a4fde76260f,VLTRR22UGD1A,1.0,3,human-ai,conv_c576a2b8-4944-4966-b836-5a4fde76260f,1.0,author_1,151.0,125.0,121.0,121.0,27.0,0.968,0.024,0.0,1.0,0.0,9.0,False,,False,,"Durgenhal, an easygoing penguin who has dreamt of flying since he played learn to fly on Y8, and broke through the final Ice wall. After that milestone",3,False,human,ai,author_1,human,True,
2025-11-20 04:45:16.503000+00:00,"ears at Halfdan the hottest penguin on the ice, and try out his latest improvement... Spare parts were scarce and safety nonexistent,","but Durgenhal's determination and creativity knew no bounds. He cobbled together a rickety contraption from old fishing nets, rusty bike wheels, and a discarded umbrella",conv_c576a2b8-4944-4966-b836-5a4fde76260f,VLTRR22UGD1A,2.0,3,human-ai,conv_c576a2b8-4944-4966-b836-5a4fde76260f,2.0,author_1,134.0,113.0,108.0,108.0,22.0,0.9557522123893806,0.04424778761061947,0.0,1.0,0.0,12.0,False,,False,,"ears at Halfdan the hottest penguin on the ice, and try out his latest improvement... Spare parts were scarce and safety noneexisting,",3,False,human,ai,author_1,human,True,1
2025-11-20 04:49:16.240000+00:00,"on a cold Wednesday morning, just above freezing, so the precipitation from last night sat as a wet layer on the ice ramp. He looked to the rising and over","to Halfdan, who was watching with a mixture of amusement and concern, his tuxedo-like feathers ruffled by the gentle breeze. Halfdan raised an eyebrow, """,conv_c576a2b8-4944-4966-b836-5a4fde76260f,VLTRR22UGD1A,3.0,3,human-ai,conv_c576a2b8-4944-4966-b836-5a4fde76260f,3.0,author_1,156.0,127.0,124.0,124.0,30.0,0.9763779527559056,0.023622047244094488,0.0,1.0,0.0,13.0,False,,False,,"on a cold Wednesday morning, just above freezing, so the precipitation from last night sat as a wet layer on the ice ramp. He looked to the rissing and over",1,False,human,ai,author_1,human,True,2
2025-11-20 05:00:11.876000+00:00,"If you succeed at this, Durgenhal, my life is yours,"" he said without saying a word. All the courage he needed. The ramp was around 80 meters tall, and this would be","the moment of truth, the culmination of all his tinkering and experimentation. With a deep breath, Durgenhal climbed into his contraption, a mess of wires, pipes",conv_c576a2b8-4944-4966-b836-5a4fde76260f,VLTRR22UGD1A,4.0,3,human-ai,conv_c576a2b8-4944-4966-b836-5a4fde76260f,4.0,author_1,164.0,133.0,125.0,125.0,31.0,0.9398496240601504,0.045112781954887216,0.0,1.0,0.0,9.0,False,,False,,"If you succeed at this, Durgenhal, my life is yours"" he said without saying a word. All the courage he needed. The ramp was around 80 meters tall, and this would be",1,False,human,ai,author_1,human,True,3
2025-11-20 05:03:50.588000+00:00,"and old cloth, although also fitted with a cupholder, where a picture of Halfdan was taped. Haters had said ""why the fuck are you staring at 80 meters, why not do","it from a smaller height, work your way up"", but Durgenhal was all about making a statement, and what better way to do it than to launch himself from the",conv_c576a2b8-4944-4966-b836-5a4fde76260f,VLTRR22UGD1A,5.0,3,human-ai,conv_c576a2b8-4944-4966-b836-5a4fde76260f,5.0,author_1,162.0,132.0,125.0,125.0,30.0,0.946969696969697,0.03787878787878788,0.0,1.0,0.0,9.0,False,,False,,"and old cloth, although also fitted with a cupholder, where a picture of Halfdan was taped. Haters had said ""why the fuck are you stating at 80 meters, why not do",1,False,human,ai,author_1,human,True,4
2025-11-20 05:06:38.775000+00:00,"tallest iceramp around. A lot of penguins had showed up, no backing out now. Durgenhal thought back to Steve-o and how he had never backed out when counting 3, 2, 1","and with that same reckless abandon, Durgenhal pushed off from the top of the ramp, his contraption picking up speed as it careened down the icy slope, the",conv_c576a2b8-4944-4966-b836-5a4fde76260f,VLTRR22UGD1A,6.0,3,human-ai,conv_c576a2b8-4944-4966-b836-5a4fde76260f,6.0,author_1,163.0,134.0,125.0,125.0,28.0,0.9328358208955224,0.04477611940298507,0.0,1.0,0.0,9.0,False,,False,,"tallest iceramp around. Alot of penguins had showed up, no backing out now. Durgenhal thought back to Steve-o and how he had never backed out when counting 3, 2, 1",1,False,human,ai,author_1,human,True,5
2025-11-20 05:10:24.225000+00:00,"ramp had looked smoother from the top, but Durgenhal in his umbrella contraption felt like someone had just put Thundercat on the stereo,","the vibrations and bumps threatening to shake him apart as he hurtled towards the edge, the wind whipping through his feathers, and the crowd of penguins holding its collective breath as",conv_c576a2b8-4944-4966-b836-5a4fde76260f,VLTRR22UGD1A,7.0,3,human-ai,conv_c576a2b8-4944-4966-b836-5a4fde76260f,7.0,author_1,137.0,115.0,113.0,113.0,23.0,0.9826086956521739,0.017391304347826087,0.0,1.0,0.0,11.0,False,,False,,"ramp had looked smoother from the top, but Durgenhal in his umbrella contraption felt like someone had just put Thundercat on the stereo,",0,False,human,ai,author_1,human,True,6
2025-11-20 05:13:02.400000+00:00,"he launched off the platform, without a cupholder, but the umbrella was still where it should be. His immediate reaction when looking down","was one of sheer terror, the ground rushing up to meet him with alarming speed, the ice and snow below looking like a cold, hard slab of Certain Doom, but then",conv_c576a2b8-4944-4966-b836-5a4fde76260f,VLTRR22UGD1A,8.0,3,human-ai,conv_c576a2b8-4944-4966-b836-5a4fde76260f,8.0,author_1,138.0,116.0,113.0,113.0,23.0,0.9741379310344828,0.02586206896551724,0.0,1.0,0.0,9.0,False,,False,,"he launched off the platform, without a cupholder, but the umbrella was still where it should be. His immediate reaction when looking down",0,False,human,ai,author_1,human,True,7
2025-11-20 05:17:00.125000+00:00,"in sheer desperation he flapped his vestigial wings, like something ancient in his brain was telling him to, faster and faster while he got closer and","the wind rushing past him began to take on a strange, almost eerie quality, as if the very air itself was being shaped and molded by his frantic flapping, and for",conv_c576a2b8-4944-4966-b836-5a4fde76260f,VLTRR22UGD1A,9.0,3,human-ai,conv_c576a2b8-4944-4966-b836-5a4fde76260f,9.0,author_1,150.0,125.0,123.0,123.0,26.0,0.984,0.016,0.0,1.0,0.0,11.0,False,,False,,"in sheer desperation he flapped his vestigial wings, like something ancient in his brain was telling him to, faster and faster while he got closer and",0,False,human,ai,author_1,human,True,8
2025-11-21 07:01:33.414000+00:00,"Lucy, who wanted to travel the world with her magic cat, Cat. Cat was a very colorful cat who barfed rainbow hairballs in sympathy with the LGBTQ+ movement. One","day, Lucy and Cat set out on their adventure, packing a small suitcase with essentials like catnip, sparkling water, and a map that supposedly led to hidden wonders of the",conv_c7f16c31-e264-4ad6-8a72-7c626fa0cac0,DDT367M5QH19,1.0,3,human-ai,conv_c7f16c31-e264-4ad6-8a72-7c626fa0cac0,1.0,author_1,162.0,134.0,129.0,129.0,29.0,0.9626865671641791,0.03731343283582089,0.0,1.0,0.0,9.0,False,,False,,"Lucy, who wanted to travel the world with her magic cat, Cat. Cat was a very colourful cat who barfed rainbow hairballs in sympathy with the legbtq+ movement. One",7,False,human,ai,author_1,human,True,
2025-11-21 07:02:39.732000+00:00,"lesbian bar, where Lucy wanted to explore what she had recently found out. She was a lesbian. But the way to the bar was long and she had","to navigate through a bustling city, filled with people of all kinds, and Cat, sensing Lucy's excitement and nervousness, stayed close to her, occasionally letting out a soft",conv_c7f16c31-e264-4ad6-8a72-7c626fa0cac0,DDT367M5QH19,2.0,3,human-ai,conv_c7f16c31-e264-4ad6-8a72-7c626fa0cac0,2.0,author_1,137.0,110.0,107.0,107.0,28.0,0.9727272727272728,0.02727272727272727,0.0,1.0,0.0,8.0,False,,False,,"lesbian bar, where Lucy wanted to explore what she had recently found out. She was a lesbian. But the way to the bar was long and she had",0,False,human,ai,author_1,human,True,1
2025-11-21 07:03:56.259000+00:00,"rainbow hairball, that was left like a long wet colorful trail behind them. In the outskirts of the city they came by a giant tree, where a brown-haired girl was sitting on a","bench, staring at the rainbow trail as if mesmerized by its vibrant colors, and when she looked up, her eyes met Lucy's, and for a moment, they just",conv_c7f16c31-e264-4ad6-8a72-7c626fa0cac0,DDT367M5QH19,3.0,3,human-ai,conv_c7f16c31-e264-4ad6-8a72-7c626fa0cac0,3.0,author_1,175.0,142.0,139.0,139.0,34.0,0.9788732394366197,0.02112676056338028,0.0,1.0,0.0,9.0,False,,False,,"rainbow hairboll, that was left like a long wet colourful trail behind them. In the outskirts of the city they came by a giant tree, where a borwn haired girl was sitting on a",5,False,human,ai,author_1,human,True,2
2025-11-21 07:04:44.296000+00:00,"stared at each other. Lucy felt her heart skip a beat, and out of nervousness hesitated before approaching the wondrous girl. She looked","at Cat, who seemed to sense her uncertainty, and gave her a gentle nudge, as if encouraging her to take a step forward, and with newfound courage, Lucy walked",conv_c7f16c31-e264-4ad6-8a72-7c626fa0cac0,DDT367M5QH19,4.0,3,human-ai,conv_c7f16c31-e264-4ad6-8a72-7c626fa0cac0,4.0,author_1,137.0,115.0,112.0,112.0,23.0,0.9739130434782609,0.02608695652173913,0.0,1.0,0.0,11.0,False,,False,,"stared at each other. Lucy felt her heart skip a beat, and out of nervousness hesitated before approaching the wonderous girl. She looked",1,False,human,ai,author_1,human,True,3
2025-11-21 07:06:48.257000+00:00,"up to the brunette. The girl smiled softly and said ""hi."" Stammering, Lucy returned the greeting. ""I'm Lea,"" the girl told her. ""Lea,"" Lucy repeated. She wanted to keep saying the","name, as if the sound of it was music to her ears, and Lea's smile grew wider, her eyes crinkling at the corners, and she asked,",conv_c7f16c31-e264-4ad6-8a72-7c626fa0cac0,DDT367M5QH19,5.0,3,human-ai,conv_c7f16c31-e264-4ad6-8a72-7c626fa0cac0,5.0,author_1,179.0,149.0,134.0,134.0,32.0,0.8993288590604027,0.10067114093959731,0.0,0.96875,0.0,10.0,False,,False,,"up to the brunette. The girl smiled softly and said ""hi."" Stammering, Lucy returned the greeting. ""I'm Lea,"" the girl told her. ""Lea,"" Lucy repeated. She wanted to keep saying the",0,False,human,ai,author_1,human,True,4
2025-11-21 07:08:28.289000+00:00,"""what brings you here?"" ""I'm just a traveler passing through,"" Lucy responded. Mustering up her courage she added: ""but I think I have time for a coffee date before continuing my","journey,"" she said, her heart racing with excitement, and Lea's eyes sparkled with interest as she nodded, saying ""I'd love to grab a coffee with",conv_c7f16c31-e264-4ad6-8a72-7c626fa0cac0,DDT367M5QH19,6.0,3,human-ai,conv_c7f16c31-e264-4ad6-8a72-7c626fa0cac0,6.0,author_1,179.0,149.0,139.0,139.0,32.0,0.9328859060402684,0.06711409395973154,0.0,0.96875,0.0,10.0,False,,False,,"""what brings you here?"" ""I'm just a traveller passing through,"" Lucy responded. Mustering up her courage she added: ""but I think I have time for a coffee date before continuing my",1,False,human,ai,author_1,human,True,5
2025-11-21 07:09:42.376000+00:00,"such an interesting lady as you."" Lea reached out her hand to grab Lucy by the wrist and hoist herself up from the bench. ""You lead the way, honey,"" Lucy told","her, and Lea's fingers intertwined with hers, sending shivers down Lucy's spine, and with Cat trotting alongside them, they walked hand in hand towards a quaint",conv_c7f16c31-e264-4ad6-8a72-7c626fa0cac0,DDT367M5QH19,7.0,3,human-ai,conv_c7f16c31-e264-4ad6-8a72-7c626fa0cac0,7.0,author_1,158.0,128.0,121.0,121.0,31.0,0.9453125,0.0546875,0.0,1.0,0.0,11.0,False,,False,,"such an interesting lady as you."" Lea reached out her hand to grab Lucy by the wrist and hoist herself up from the bench. ""You lead the way, Honey,"" Lucy told",1,False,human,ai,author_1,human,True,6
2025-11-21 07:10:40.196000+00:00,"coffee shop. It was lying in a corner and looked a little worn down with plants growing up the walls. As they went inside, a cozy little shop was revealed to","them, with comfortable armchairs and the aroma of freshly brewed coffee filling the air, and the barista, a friendly woman with a warm smile, greeted them, saying",conv_c7f16c31-e264-4ad6-8a72-7c626fa0cac0,DDT367M5QH19,8.0,3,human-ai,conv_c7f16c31-e264-4ad6-8a72-7c626fa0cac0,8.0,author_1,156.0,126.0,124.0,124.0,31.0,0.9841269841269841,0.015873015873015872,0.0,1.0,0.0,8.0,False,,False,,coffee shop. It was lying in a corner and looked a little worn down with plants growing up the walls. As they went inside a cozy little shop was revealed to,1,False,human,ai,author_1,human,True,7
2025-11-21 07:12:19.065000+00:00,"""My, my what beautiful young ladies we've got here. Welcome."" Greeting the owner, Lea led Lucy to a table by the window before ordering the coffee. Lucy sat admiring the","way the sunlight filtered through the plants outside, casting dappled shadows on Lea's face, and she felt a sense of calm wash over her, as if she had",conv_c7f16c31-e264-4ad6-8a72-7c626fa0cac0,DDT367M5QH19,9.0,3,human-ai,conv_c7f16c31-e264-4ad6-8a72-7c626fa0cac0,9.0,author_1,169.0,140.0,132.0,132.0,31.0,0.9428571428571428,0.05714285714285714,0.0,1.0,0.0,9.0,False,,False,,"""My, my what beautiful young ladies we've got here. Welcome."" Greeting the owner, Lea led Lucy to a table by the window before ordering the coffee. Lucy sat admiring the",0,False,human,ai,author_1,human,True,8
2026-01-17 16:21:10.098000+00:00,"Dana, living her best life and trying to get it right. Right or wrong, had always been at the core of her choices. It probably came from her parents, from a childhood of debates, empathy.","and understanding. Her parents had instilled in her a strong sense of morality, but also the flexibility to see different perspectives. As she grew older, Dana found herself navigating the",conv_ccb90f8d-d4bb-406e-83e9-b91ac0615cac,QX1PYSRGW9JE,1.0,4,human-ai,conv_ccb90f8d-d4bb-406e-83e9-b91ac0615cac,1.0,author_1,186.0,152.0,146.0,146.0,35.0,0.9605263157894737,0.039473684210526314,0.0,1.0,0.0,9.0,False,,False,,"Dana, living her best life and trying to get it right. Right or wrong, had always been at the core of her choices. It probably came from her parents, from a childhood of debates, empathy",1,False,human,ai,author_1,human,True,
2026-01-17 16:24:53.039000+00:00,"landscape of happiness and self-worth. She had so many choices. The world was really at her feet. She could travel, do her master's in Australia and she had met so many interesting","people along the way. Each encounter seemed to open new doors, and Dana relished the feeling of endless possibilities. Yet, despite the excitement, a small part of her wondered",conv_ccb90f8d-d4bb-406e-83e9-b91ac0615cac,QX1PYSRGW9JE,2.0,4,human-ai,conv_ccb90f8d-d4bb-406e-83e9-b91ac0615cac,2.0,author_1,179.0,147.0,143.0,143.0,33.0,0.9727891156462585,0.027210884353741496,0.0,1.0,0.0,11.0,False,,False,,"landscape of happiness and self worth. She had so many choices. The world was really at her feet. She could travel, do her masters in Australia and she had met so many interesting",2,False,human,ai,author_1,human,True,1
2026-01-17 16:35:38.727000+00:00,"is this the right step? Do I move away? She wanted it all and that meant a top job, the big love and marriage. She also wanted to be close to her parents and now her mum just called with","news that her father wasn't feeling well. The phone call left Dana with a heavy heart and a tangled web of emotions. She paced her small apartment, the city lights flick",conv_ccb90f8d-d4bb-406e-83e9-b91ac0615cac,QX1PYSRGW9JE,3.0,4,human-ai,conv_ccb90f8d-d4bb-406e-83e9-b91ac0615cac,3.0,author_1,186.0,147.0,143.0,143.0,40.0,0.9727891156462585,0.027210884353741496,0.0,1.0,0.0,8.0,False,,False,,"is this the right step? Do I move away? She wanted it all and that meant a top job, the big love and marriage. She also wanted to be close to her parents and now her mum just called with",0,False,human,ai,author_1,human,True,2
2026-01-17 16:42:37.268000+00:00,flickered. She had to go home. Next thing she knew she had booked the flight. It was pure instinct. He had lost so much weight lately. The doctors must have missed something. It comes a,"time when the world of possibilities narrows down to one essential choice. Dana’s mind raced with thoughts of her father, the man who had always been her rock. As the",conv_ccb90f8d-d4bb-406e-83e9-b91ac0615cac,QX1PYSRGW9JE,4.0,4,human-ai,conv_ccb90f8d-d4bb-406e-83e9-b91ac0615cac,4.0,author_1,185.0,151.0,145.0,145.0,35.0,0.9602649006622517,0.039735099337748346,0.0,1.0,0.0,9.0,False,,False,,flickered. She had to go home. Next thing she knew she had booked the flight. It was pure instinct. He had lost so much weight lately. The doctors must have missed something. It comes a,0,False,human,ai,author_1,human,True,3
2026-01-17 16:47:33.777000+00:00,"months passed by the struggle was encompassing. It shaped her in ways she never imagined. It also created fears. Fears of loss. As she kept positive and was everyone's rock, she felt","the weight of responsibility pressing down on her. But amidst the turmoil, Dana discovered a reservoir of strength within herself. She realized that being there for her family, especially her father",conv_ccb90f8d-d4bb-406e-83e9-b91ac0615cac,QX1PYSRGW9JE,5.0,4,human-ai,conv_ccb90f8d-d4bb-406e-83e9-b91ac0615cac,5.0,author_1,181.0,150.0,145.0,145.0,32.0,0.9666666666666667,0.03333333333333333,0.0,1.0,0.0,12.0,False,,False,,"months passed by the struggle was encompassing. It shaped her in ways she never imagined. It also created fears. Fears of loss. As she kept positive and was everyones rock, she felt",1,False,human,ai,author_1,human,True,4
2026-01-17 16:50:39.531000+00:00,"was her single most important task. To do everything right and to say all the right things to him now, was crucial, because this was the only time they would have. Time was slipping","away, and every moment became precious. Dana learned to cherish the small victories, the quiet conversations, and the simple acts of love. In those moments, she found a deeper",conv_ccb90f8d-d4bb-406e-83e9-b91ac0615cac,QX1PYSRGW9JE,6.0,4,human-ai,conv_ccb90f8d-d4bb-406e-83e9-b91ac0615cac,6.0,author_1,179.0,146.0,142.0,142.0,34.0,0.9726027397260274,0.0273972602739726,0.0,1.0,0.0,10.0,False,,False,,"was her single most important task. To do everything right and to say all the right things to him now, was crucial, cause this was the only time they would have. Time was slipping",2,False,human,ai,author_1,human,True,5
2026-01-17 16:55:53.889000+00:00,"meaning. But as she left the hospital and when she was alone, thoughts of fear echoed within her. Should she have to continue life without her father? Should he not be there to see all","her achievements, her milestones, her own children? The idea of moving forward without him was daunting, but Dana knew that her father would want her to live fully, to embrace",conv_ccb90f8d-d4bb-406e-83e9-b91ac0615cac,QX1PYSRGW9JE,7.0,4,human-ai,conv_ccb90f8d-d4bb-406e-83e9-b91ac0615cac,7.0,author_1,184.0,150.0,146.0,146.0,35.0,0.9733333333333334,0.02666666666666667,0.0,1.0,0.0,8.0,False,,False,,"meaning. But as she left the hospital and when she was alone, thoughts of fear echoed within her. Should she have to continue life without her father? Should he not be there to see all",0,False,human,ai,author_1,human,True,6
2026-01-17 17:00:52.927000+00:00,life with all its struggles. He had lost his father at the age of six. It was a car accident. A hit and run. It shaped him. He often talked about being the man in the family from early,"on. Dana remembered those stories, the way he spoke with a mix of sadness and pride. His resilience had always inspired her, and now it was her turn to carry that",conv_ccb90f8d-d4bb-406e-83e9-b91ac0615cac,QX1PYSRGW9JE,8.0,4,human-ai,conv_ccb90f8d-d4bb-406e-83e9-b91ac0615cac,8.0,author_1,185.0,147.0,141.0,141.0,40.0,0.9591836734693877,0.04081632653061224,0.0,0.975,0.0,9.0,False,,False,,life with all it's struggles. He had lost his father at the age of six. It was a car accident. A hit and run. It shaped him. He often talked about being the man in the family from early,1,False,human,ai,author_1,human,True,7
2026-01-17 17:06:16.485000+00:00,burden. Fast forward ten years later. She compared all men she dated to her dad. Who would actually be good enough? She was on her way to a date. He was a visiting professor from,"Australia, and she couldn’t help but feel a mix of excitement and nervousness. As she walked through the bustling streets of the city, Dana reflected on how far she had",conv_ccb90f8d-d4bb-406e-83e9-b91ac0615cac,QX1PYSRGW9JE,9.0,4,human-ai,conv_ccb90f8d-d4bb-406e-83e9-b91ac0615cac,9.0,author_1,178.0,144.0,139.0,139.0,35.0,0.9652777777777778,0.034722222222222224,0.0,1.0,0.0,9.0,False,,False,,burden. Fast forward ten years later. She compared all men she dated to her dad. Who would actually be good enough? She was on her way to a date. He was a visiting professor from,0,False,human,ai,author_1,human,True,8
2025-11-18 19:27:00.975000+00:00,,"Elena, a young woman who lived in a small village nestled at the foot of the vast, misty mountains. Elena was known for her curiosity and her deep love for",conv_d87daedd-9490-4de9-8d2a-d33777567187,KAKHFAKEEY99,1.0,4,human-ai,conv_d87daedd-9490-4de9-8d2a-d33777567187,1.0,author_2,0.0,0.0,0.0,0.0,0.0,0.0,0.0,0.0,0.0,0.0,0.0,False,protocol_empty,False,,,0,False,human,ai,author_2,ai,False,
2025-11-18 19:29:33.349000+00:00,humans. One day an unknown man came to the village. Elena's mom told her that she was not allowed to neither speak nor,"go near him, warning that strangers often brought trouble. Despite her curiosity, Elena heeded her mother’s advice, but the man’s presence lingered in her thoughts.",conv_d87daedd-9490-4de9-8d2a-d33777567187,KAKHFAKEEY99,2.0,4,human-ai,conv_d87daedd-9490-4de9-8d2a-d33777567187,2.0,author_2,117.0,95.0,93.0,93.0,23.0,0.9789473684210527,0.021052631578947368,0.0,1.0,0.0,7.0,False,,False,,humans. One day an unknown man came to the village. Elenas mom told her that she was not allowed to neither speak nor,1,False,human,ai,author_2,ai,True,1
2025-11-18 19:31:38.455000+00:00,"She couldn't keep her distance. An afternoon when her mother was taking a nap, Elena looked out the window. To her surprise the man was standing right","outside her house, gazing up at her window with a knowing smile. Heart pounding, she stepped back, but it was too late. He waved, beckoning her to",conv_d87daedd-9490-4de9-8d2a-d33777567187,KAKHFAKEEY99,3.0,4,human-ai,conv_d87daedd-9490-4de9-8d2a-d33777567187,3.0,author_2,149.0,123.0,119.0,119.0,28.0,0.967479674796748,0.032520325203252036,0.0,0.9642857142857143,0.0,9.0,False,,False,,"She couldn't keep her distance. An afternoon when her mother was taking a nap, Elena looked out the window. To her suprise the man was standing right",1,False,human,ai,author_2,ai,True,2
2025-11-18 19:33:56.434000+00:00,"return the gesture. Although she was a little bit frightened, she was brave enough to open the door. Just before walking out the door she quietly made","a promise to herself to be cautious. She stepped outside, closing the door softly behind her, and approached the man with a mix of curiosity and apprehension. ""Hello,""",conv_d87daedd-9490-4de9-8d2a-d33777567187,KAKHFAKEEY99,4.0,4,human-ai,conv_d87daedd-9490-4de9-8d2a-d33777567187,4.0,author_2,150.0,124.0,121.0,121.0,27.0,0.9758064516129032,0.024193548387096774,0.0,1.0,0.0,10.0,False,,False,,"return the gesture. Although she was a little bit frightened, she was brave enough to open the door. Just before walking out the door she quietly made",0,False,human,ai,author_2,ai,True,3
2025-11-18 19:35:32.452000+00:00,"He was handsome. He had emerald-green eyes and brown hair. He was taller than her, way taller. Elena couldn't","help but notice how his eyes seemed to sparkle in the sunlight. ""You must be Elena,"" he said, his voice warm and gentle. ""I’ve been hoping to meet",conv_d87daedd-9490-4de9-8d2a-d33777567187,KAKHFAKEEY99,5.0,4,human-ai,conv_d87daedd-9490-4de9-8d2a-d33777567187,5.0,author_2,109.0,91.0,85.0,85.0,21.0,0.9340659340659341,0.06593406593406594,0.0,0.9523809523809523,0.0,8.0,False,,False,,"He was handsome. He had emerald-green eyes and brown hair. He was taller than her, way taller. Elena couldn't",0,False,human,ai,author_2,ai,True,4
2025-11-18 19:37:21.552000+00:00,"you. I have heard so much about you. Only good thing of course."" Elena blushed, she was not used to compliments and definitely not","to this level of attention. ""My name is Liam,"" he continued, extending a hand. ""I’m just passing through, but I couldn’t help but stop when I",conv_d87daedd-9490-4de9-8d2a-d33777567187,KAKHFAKEEY99,6.0,4,human-ai,conv_d87daedd-9490-4de9-8d2a-d33777567187,6.0,author_2,129.0,106.0,101.0,101.0,24.0,0.9528301886792453,0.04716981132075472,0.0,1.0,0.0,11.0,False,,False,,"you. I have heard so much about you. Only good thing of course"". Elena blushed, she was not used to compliments and definitly not",3,False,human,ai,author_2,ai,True,5
2025-11-18 19:39:06.247000+00:00,"noticed your beautiful smile."" ""Is that really so?"" said Elena. ""I bet you say that to all the women you","meet,"" she teased, a playful smile forming on her lips. Liam laughed, a deep, genuine laugh that made her feel at ease. ""Only to the ones who catch",conv_d87daedd-9490-4de9-8d2a-d33777567187,KAKHFAKEEY99,7.0,4,human-ai,conv_d87daedd-9490-4de9-8d2a-d33777567187,7.0,author_2,105.0,86.0,78.0,78.0,20.0,0.9069767441860465,0.09302325581395349,0.0,1.0,0.0,9.0,False,,False,,"noticed your beautiful smile."". ""Is that really so?"" said Elena. ""I bet you say that to all the women you",1,False,human,ai,author_2,ai,True,6
2025-11-18 19:42:06.492000+00:00,"my eye. And particularly girls who have been avoiding me."" ""No I haven't."" she said. ""I have just been busy with taking care of","my mother,"" Elena replied, her cheeks flushing a deeper shade of red. ""But now that you mention it, why are you really here, Liam?"" She folded her arms",conv_d87daedd-9490-4de9-8d2a-d33777567187,KAKHFAKEEY99,8.0,4,human-ai,conv_d87daedd-9490-4de9-8d2a-d33777567187,8.0,author_2,127.0,104.0,95.0,95.0,25.0,0.9134615384615384,0.08653846153846154,0.0,0.96,0.0,12.0,False,,False,,"my eye. And particularly girls who have been avoiding me."" ""No I haven't."" she said. ""I have just been busy with taking care of",0,False,human,ai,author_2,ai,True,7
2025-11-18 19:44:44.340000+00:00,"while having an unimpressed expression on her face. ""You won't believe me when I tell you this but I'm a prince and I'm looking for a wife,"" Liam told.","her, his eyes twinkling with a hint of mischief. ""A prince? Really?"" Elena raised an eyebrow, trying to decide if he was serious or just a skilled storyt",conv_d87daedd-9490-4de9-8d2a-d33777567187,KAKHFAKEEY99,9.0,4,human-ai,conv_d87daedd-9490-4de9-8d2a-d33777567187,9.0,author_2,150.0,122.0,115.0,115.0,32.0,0.9426229508196722,0.05737704918032787,0.0,0.90625,0.0,11.0,False,,False,,"while having an unimpressed expression on her face. ""You won't believe me when I tell you this but I'm a prince and I'm looking for a wife."" Liam told",2,False,human,ai,author_2,ai,True,8
2025-11-18 11:10:56.683000+00:00,"What does it mean to be an in-law? I know this term so well, yet as I leave the apartment of my son and daughter-in-law the term in-law has gained new","depth and layers I hadn't considered before. The door closes softly behind me, and I take a moment to breathe in the cool evening air. The city around me buzzes",conv_da1c7ee9-2479-4f47-94bc-db9161a6e88c,QJWLS13T5H1W,1.0,4,human-ai,conv_da1c7ee9-2479-4f47-94bc-db9161a6e88c,1.0,author_1,151.0,121.0,115.0,115.0,35.0,0.9504132231404959,0.049586776859504134,0.0,1.0,0.0,10.0,False,,False,,"What does it mean to be an in-law? I know this term so well, yet as I leave the appartment of my son and daughter-in-law the term in-law has gained new",1,False,human,ai,author_1,human,True,
2025-11-18 11:12:27.753000+00:00,"During my visit, my daughter-in-law didn't leave the bedroom to say hello or explain why she decided to stay in their bedroom throughout.","the entire visit. I can't help but wonder about the tension that must be lingering between them. My son, usually so talkative, was unusually quiet, his eyes often",conv_da1c7ee9-2479-4f47-94bc-db9161a6e88c,QJWLS13T5H1W,2.0,4,human-ai,conv_da1c7ee9-2479-4f47-94bc-db9161a6e88c,2.0,author_1,133.0,111.0,107.0,107.0,26.0,0.963963963963964,0.036036036036036036,0.0,0.9615384615384616,0.0,8.0,False,,False,,"During my visit, my daughter-in-law didn't leave the bedroom to say hello or explain why she decided to stay in their bedroom through",4,False,human,ai,author_1,human,True,1
2025-11-18 11:14:59.526000+00:00,"looking at the door. But as I stand in the busy street, I realize that it may not be their relationship which is tense, but mine","own expectations and assumptions that are causing the discomfort. Perhaps I've been projecting my own fears and insecurities onto their dynamic. As I start walking towards the bus stop, I",conv_da1c7ee9-2479-4f47-94bc-db9161a6e88c,QJWLS13T5H1W,3.0,4,human-ai,conv_da1c7ee9-2479-4f47-94bc-db9161a6e88c,3.0,author_1,126.0,101.0,98.0,98.0,26.0,0.9702970297029703,0.0297029702970297,0.0,1.0,0.0,12.0,False,,False,,"looking at the door. But as I stand in the busy street, I realize that it may not be their relationship which is tense, but my",3,False,human,ai,author_1,human,True,2
2025-11-18 11:20:43.109000+00:00,"get more annoyed with this AI, which turns the narrative into a story about relationships between the young couple. I want this story to be","about the broader implications of being an in-law, the subtle shifts in family dynamics, and the personal growth that comes from navigating these complex relationships. As I walk, I reflect",conv_da1c7ee9-2479-4f47-94bc-db9161a6e88c,QJWLS13T5H1W,4.0,4,human-ai,conv_da1c7ee9-2479-4f47-94bc-db9161a6e88c,4.0,author_1,139.0,115.0,113.0,113.0,25.0,0.9826086956521739,0.017391304347826087,0.0,1.0,0.0,13.0,False,,False,,"get more annoyed with this AI, which turns the narrative into a story about relationships between the young couple. I want this story to be",0,False,human,ai,author_1,human,True,3
2025-11-18 11:23:15.562000+00:00,"on personal growth and do not necessarily agree with this AI, which always seeks to identify the positive aspects and is focused",on silver linings. Life isn't always about finding the positive; sometimes it's about acknowledging the difficult realities. The silence and distance between my son and daughter-in-law are,conv_da1c7ee9-2479-4f47-94bc-db9161a6e88c,QJWLS13T5H1W,5.0,4,human-ai,conv_da1c7ee9-2479-4f47-94bc-db9161a6e88c,5.0,author_1,128.0,107.0,106.0,106.0,22.0,0.9906542056074766,0.009345794392523364,0.0,1.0,0.0,11.0,False,,False,,"on personal growth and do not necessarily agree with this AI, which always seeks to identify the positive aspects and is focused",0,False,human,ai,author_1,human,True,4
2025-11-18 11:24:28.276000+00:00,"again misunderstood by this AI. The silence and distance are not between my son and daughter-in-law, but between my","son and me. It dawns on me that perhaps the real issue lies in our communication—or lack thereof. I've always prided myself on being understanding and supportive, but",conv_da1c7ee9-2479-4f47-94bc-db9161a6e88c,QJWLS13T5H1W,6.0,4,human-ai,conv_da1c7ee9-2479-4f47-94bc-db9161a6e88c,6.0,author_1,115.0,97.0,93.0,93.0,21.0,0.9587628865979382,0.041237113402061855,0.0,1.0,0.0,13.0,False,,False,,"again misunderstood by this AI. The silence and distance are not between my son and daughter-in-law, but between my",0,False,human,ai,author_1,human,True,5
2025-11-18 11:27:02.714000+00:00,here I navigate in a fog. Will it help to articulate my sorrow to them? Or should I simply accept the silence and find ways to connect with,"my son and his family on their terms? The answer isn't clear, but I know that this journey of being an in-law is more about listening and understanding than it is",conv_da1c7ee9-2479-4f47-94bc-db9161a6e88c,QJWLS13T5H1W,7.0,4,human-ai,conv_da1c7ee9-2479-4f47-94bc-db9161a6e88c,7.0,author_1,139.0,112.0,110.0,110.0,28.0,0.9821428571428571,0.017857142857142856,0.0,1.0,0.0,10.0,False,,False,,here I navigate in a fog. Will it help to articulate my sorrow to them? Or should I simply accept the silence and find ways to connect with,0,False,human,ai,author_1,human,True,6
2025-11-18 11:31:36.206000+00:00,being assertive and expressing yourself in strong words. I need to think creatively about the silence and see it as a,"space for growth and reflection. Perhaps the silence is not a wall but an invitation to find new ways to communicate and connect. With this thought, I feel a glimmer of",conv_da1c7ee9-2479-4f47-94bc-db9161a6e88c,QJWLS13T5H1W,8.0,4,human-ai,conv_da1c7ee9-2479-4f47-94bc-db9161a6e88c,8.0,author_1,117.0,97.0,96.0,96.0,21.0,0.9896907216494846,0.010309278350515464,0.0,1.0,0.0,10.0,False,,False,,being assertive and expressing yourself in strong words. I need to think creatively about the silence and see it as a,0,False,human,ai,author_1,human,True,7
2025-11-18 11:33:59.685000+00:00,"of annoyance with this AI again. Why all this speak about personal growth? I'm not interested in personal growth, but in actions that","can mend the silence. As I turn the corner, I decide that my next step will be to reach out, not with words of advice or expectation, but with a simple",conv_da1c7ee9-2479-4f47-94bc-db9161a6e88c,QJWLS13T5H1W,9.0,4,human-ai,conv_da1c7ee9-2479-4f47-94bc-db9161a6e88c,9.0,author_1,132.0,110.0,106.0,106.0,24.0,0.9636363636363636,0.03636363636363636,0.0,0.9583333333333334,0.0,10.0,False,,False,,"of annoyance with this AI again. Why all this speak about pesonal growth? I'm not interested in personal growth, but in actions that",1,False,human,ai,author_1,human,True,8
2025-11-11 17:17:20.655000+00:00,Once upon a time there was a small ant living in the very big forest. Every morning it would hear seven dwarfs singing on their ways.,"to the diamond mine, their joyful voices echoing through the trees as they marched in unison, their pickaxes slung over their shoulders. The ant, whose name was Annie",conv_e335739c-0072-4945-8fe4-457a04c0997b,461W5T16XQ9W,1.0,3,human-ai,conv_e335739c-0072-4945-8fe4-457a04c0997b,1.0,author_1,133.0,108.0,107.0,107.0,26.0,0.9907407407407407,0.009259259259259259,0.0,1.0,0.0,7.0,False,,False,,Once upon a time there was a small ant living in the very big forest. Every morning it would hear seven dwarves singing on their ways,3,False,human,ai,author_1,human,True,
2025-11-11 17:19:17.598000+00:00,"did not enjoy the singing at all. So one day, when an old, crooked witch came through the forest with a poisoned apple, Annie decided to","approach the witch and strike up a conversation, hoping to find a way to put an end to the dwarves' morning serenades. The witch, whose name was",conv_e335739c-0072-4945-8fe4-457a04c0997b,461W5T16XQ9W,2.0,3,human-ai,conv_e335739c-0072-4945-8fe4-457a04c0997b,2.0,author_1,136.0,111.0,107.0,107.0,26.0,0.963963963963964,0.036036036036036036,0.0,1.0,0.0,8.0,False,,False,,"did not enjoy the singing at all. So one day, when an old, crooked witch came through the forest with a poisoned apple, Annie decided to",0,False,human,ai,author_1,human,True,1
2025-11-11 17:24:19.147000+00:00,"The Evil Queen took pity in Annie's situation as she was appalled by song. But before they made their deal the clock struck midnight, and the","forest was suddenly bathed in a soft, lunar glow, as a beautiful princess named Cinderella appeared from the shadows, her glass slipper sparkling in the moonlight. The",conv_e335739c-0072-4945-8fe4-457a04c0997b,461W5T16XQ9W,3.0,3,human-ai,conv_e335739c-0072-4945-8fe4-457a04c0997b,3.0,author_1,140.0,115.0,112.0,112.0,27.0,0.9739130434782609,0.02608695652173913,0.0,0.9629629629629629,0.0,9.0,False,,False,,"The Evil Queen took pity in Annie's situation as she was apalled by song. But before they made their deal the clock struck midnight, and the",1,False,human,ai,author_1,human,True,2
2025-11-11 17:27:05.271000+00:00,Witch screamed as the reflected light blinded her. And she stumbled backwards where she was caught by a mighty prince who instantly fell in.,"love with the princess, but not before the Witch, still dazed from the light, inadvertently dropped the poisoned apple, which rolled towards the dwarves' diamond mine, coming",conv_e335739c-0072-4945-8fe4-457a04c0997b,461W5T16XQ9W,4.0,3,human-ai,conv_e335739c-0072-4945-8fe4-457a04c0997b,4.0,author_1,139.0,116.0,115.0,115.0,24.0,0.9913793103448276,0.008620689655172414,0.0,1.0,0.0,9.0,False,,False,,Witch screamed as the reflected light blinded her. And she stumbled backwards where she was caught by a mighty prince who instantly fell in,1,False,human,ai,author_1,human,True,3
2025-11-11 17:30:09.219000+00:00,to a stop only when being impaled by a sharp rock. There it sat as a head on a pike until it decomposed and from its seed sprouted a poisoned,"tree, its twisted branches reaching towards the sky like skeletal fingers, casting a dark and ominous shadow over the forest floor, and filling the air with a noxious scent that wa",conv_e335739c-0072-4945-8fe4-457a04c0997b,461W5T16XQ9W,5.0,3,human-ai,conv_e335739c-0072-4945-8fe4-457a04c0997b,5.0,author_1,142.0,113.0,111.0,111.0,31.0,0.9823008849557522,0.017699115044247787,0.0,0.967741935483871,0.0,10.0,False,,False,,to a stop only when being impaled by a sharp rock. There it sat as a head on a pike until it decomposed and from it's seed sprouted a poisoned,1,False,human,ai,author_1,human,True,4
2025-11-11 17:32:01.488000+00:00,"s surprisingly sweet and fresh. To every person, it smelled differently; it smelled like people's favorite sweets, their grandma's pie.","or the scent of freshly baked cookies, and it had a profound effect on those who caught a whiff of its aroma, transporting them back to a time and place of happy",conv_e335739c-0072-4945-8fe4-457a04c0997b,461W5T16XQ9W,6.0,3,human-ai,conv_e335739c-0072-4945-8fe4-457a04c0997b,6.0,author_1,134.0,115.0,110.0,110.0,22.0,0.9565217391304348,0.043478260869565216,0.0,0.8636363636363636,0.0,12.0,False,,False,,"s surprisingly sweet and fresh. To every person it smelled differently, it smelled like people's favourite sweets, their grandma's pie",4,False,human,ai,author_1,human,True,5
2025-11-11 17:33:51.087000+00:00,memories. It made humans salivate like dogs and the tree lured to it many a good man and woman to bite the forbidden fruit of poisonous delight.,"But little did they know, the fruit's sweetness came at a terrible cost, for with each bite, the consumer's memories of the past began to fade away, replaced by",conv_e335739c-0072-4945-8fe4-457a04c0997b,461W5T16XQ9W,7.0,3,human-ai,conv_e335739c-0072-4945-8fe4-457a04c0997b,7.0,author_1,144.0,118.0,116.0,116.0,27.0,0.9830508474576272,0.01694915254237288,0.0,1.0,0.0,9.0,False,,False,,memories. It made humans salivate like dogs and the tree lured to it many a good man and woman to bite the forbidden fruit of poisonous delight.,0,False,human,ai,author_1,human,True,6
2025-11-11 17:36:52.239000+00:00,memories of falsehood and deceit. They remembered a blissful past that had never been and they longed for a happiness they had never had. Most,"became trapped in this false nostalgia, forever chasing the ghosts of a nonexistent happiness, and the tree, now a symbol of corrupted bliss, stood tall and proud, its branches",conv_e335739c-0072-4945-8fe4-457a04c0997b,461W5T16XQ9W,8.0,3,human-ai,conv_e335739c-0072-4945-8fe4-457a04c0997b,8.0,author_1,143.0,119.0,117.0,117.0,25.0,0.9831932773109243,0.01680672268907563,0.0,1.0,0.0,10.0,False,,False,,memories of falsehood and deceit. They remembered a blissfull past that had never been and they longed for a happiness they had never had. Most,1,False,human,ai,author_1,human,True,7
2025-11-11 17:39:41.299000+00:00,"heavy with the fruit it bore, apples as red as blood, with meat as white as snow and a core as black as ebony. And where its fruit fell from the","tree, a dark and mysterious pool began to form, its waters reflecting the twisted beauty of the tree, and it was said that on certain nights, when the moon was full",conv_e335739c-0072-4945-8fe4-457a04c0997b,461W5T16XQ9W,9.0,3,human-ai,conv_e335739c-0072-4945-8fe4-457a04c0997b,9.0,author_1,145.0,115.0,111.0,111.0,32.0,0.9652173913043478,0.034782608695652174,0.0,0.96875,0.0,6.0,False,,False,,"heavy with the fruit it bore, apples as red as blood, with meat as white as snow and a core as black as ebony. And where it's fruit feel from the",2,False,human,ai,author_1,human,True,8
2025-11-17 12:12:24.650000+00:00,,"a lighthouse keeper who stopped believing in the sea.

It happened on a Tuesday morning, ordinary as toast. Maris had climbed the spiral",conv_e73d720a-ff86-4c9b-b988-d6cc879215d9,9UHVH9XRLD9F,1.0,2,human-ai,conv_e73d720a-ff86-4c9b-b988-d6cc879215d9,1.0,author_2,0.0,0.0,0.0,0.0,0.0,0.0,0.0,0.0,0.0,0.0,0.0,False,protocol_empty,False,,,0,False,human,ai,author_2,ai,False,
2025-11-17 12:13:54.980000+00:00,all the way to the top of the lighthouse. and saw that the sea was completely empty. He quickly,"rubbed his eyes and looked again. Nothing. Where grey waves should have rolled endlessly toward the horizon, there was only flat, cracked earth stretching into the distance",conv_e73d720a-ff86-4c9b-b988-d6cc879215d9,9UHVH9XRLD9F,2.0,2,human-ai,conv_e73d720a-ff86-4c9b-b988-d6cc879215d9,2.0,author_2,96.0,77.0,75.0,75.0,20.0,0.974025974025974,0.025974025974025976,0.0,1.0,0.0,10.0,False,,False,,all the way to the top of the light house. and saw that the sea was completely empty. He quickly,1,False,human,ai,author_2,ai,True,1
2025-11-17 12:16:00.444000+00:00,and numerous dead fish lying on the dry sand. Even boats were stranded far away although the sailors on board did,"not seem to notice anything wrong. Through his brass telescope, Maris could see them going about their morning routines—swabbing decks, adjusting rigging",conv_e73d720a-ff86-4c9b-b988-d6cc879215d9,9UHVH9XRLD9F,3.0,2,human-ai,conv_e73d720a-ff86-4c9b-b988-d6cc879215d9,3.0,author_2,117.0,96.0,95.0,95.0,22.0,0.9895833333333334,0.010416666666666666,0.0,1.0,0.0,8.0,False,,False,,and numerous of dead fish lying on the dry sand. Even boats where stranded far away although the sailors on board did,4,False,human,ai,author_2,ai,True,2
2025-11-17 12:17:21.642000+00:00,and cooking scrambled eggs. That reminded Maris to go collect eggs from his own chickens once he,"finished his morning watch. But the absurdity gnawed at him. How could those sailors not see? He shouted from the lighthouse gallery, his voice swallowe",conv_e73d720a-ff86-4c9b-b988-d6cc879215d9,9UHVH9XRLD9F,4.0,2,human-ai,conv_e73d720a-ff86-4c9b-b988-d6cc879215d9,4.0,author_2,96.0,80.0,79.0,79.0,17.0,0.9875,0.0125,0.0,1.0,0.0,9.0,False,,False,,and cooking scrambled eggs. That reminded Maris to go collect eggs from his own chickens once he,0,False,human,ai,author_2,ai,True,3
2025-11-17 12:18:27.710000+00:00,but they just looked at him like he was a crazy delusional man shouting nonsense at them. Maybe Maris,"was the delusional one. He descended the spiral stairs slowly, gripping the iron rail, questioning everything. Had there ever been a sea? His logbooks said yes",conv_e73d720a-ff86-4c9b-b988-d6cc879215d9,9UHVH9XRLD9F,5.0,2,human-ai,conv_e73d720a-ff86-4c9b-b988-d6cc879215d9,5.0,author_2,101.0,83.0,82.0,82.0,19.0,0.9879518072289156,0.012048192771084338,0.0,1.0,0.0,10.0,False,,False,,but they just looked at him like he was a crazy delusional man shouting nonsense at them. Maybe Maris,0,False,human,ai,author_2,ai,True,4
2025-11-17 12:19:19.374000+00:00,but his eyes said no. He went down to the shore to see if he could touch the bare earth. If he can do that then,it would prove he wasn't mad. His boots crunched across what should have been wet sand. The dead fish were real enough—he could smell their rot. He,conv_e73d720a-ff86-4c9b-b988-d6cc879215d9,9UHVH9XRLD9F,6.0,2,human-ai,conv_e73d720a-ff86-4c9b-b988-d6cc879215d9,6.0,author_2,111.0,86.0,84.0,84.0,26.0,0.9767441860465116,0.023255813953488372,0.0,1.0,0.0,5.0,False,,False,,but his eyes said no. He went down to the shore to see if he could touch the bare earth. if he can do that then,1,False,human,ai,author_2,ai,True,5
2025-11-17 12:20:43.379000+00:00,"approached what was once the sea he would spend so many days a year staring at. Suddenly, the lock","on the lighthouse door behind him rattled violently. Maris spun around. A woman in a grey coat stood there, key in hand, as if she owne",conv_e73d720a-ff86-4c9b-b988-d6cc879215d9,9UHVH9XRLD9F,7.0,2,human-ai,conv_e73d720a-ff86-4c9b-b988-d6cc879215d9,7.0,author_2,98.0,80.0,78.0,78.0,19.0,0.975,0.025,0.0,1.0,0.0,10.0,False,,False,,"approached what was once the sea he would spend so many days a year staring at. Suddenly, the lock",0,False,human,ai,author_2,ai,True,6
2025-11-17 12:21:40.798000+00:00,d the lighthouse. But Maris had been the owner for many years. She comes up to him and asks him who he is. How,"dare she? ""I'm the keeper here,"" Maris said, his voice thin against the strange stillness. ""Have been for fifteen years.""

The woman til",conv_e73d720a-ff86-4c9b-b988-d6cc879215d9,9UHVH9XRLD9F,8.0,2,human-ai,conv_e73d720a-ff86-4c9b-b988-d6cc879215d9,8.0,author_2,111.0,87.0,84.0,84.0,25.0,0.9655172413793104,0.034482758620689655,0.0,0.96,0.0,5.0,False,,False,,d the light house. But Maris had been the owner for many years. She comes up to him and asks him who he is. How,1,False,human,ai,author_2,ai,True,7
2025-11-17 12:22:46.063000+00:00,"tipped her head and looked at Maris with a not so convinced look in her eyes. ""No, I am the owner,"" she","said softly. ""Have been since my father died and left it to me. Three years now."" She gestured toward the cracked earth. ""And the sea's",conv_e73d720a-ff86-4c9b-b988-d6cc879215d9,9UHVH9XRLD9F,9.0,2,human-ai,conv_e73d720a-ff86-4c9b-b988-d6cc879215d9,9.0,author_2,100.0,79.0,74.0,74.0,22.0,0.9367088607594937,0.06329113924050633,0.0,1.0,0.0,9.0,False,,False,,"ted her head and looked at Maris with a not so convinced look in her eyes. ""No, I am the owner,"" she",3,False,human,ai,author_2,ai,True,8
2025-11-17 11:35:33.379000+00:00,,"a young girl named Ava, who lived in a small, seaside town surrounded by rugged cliffs and mysterious caves. The town was called Ravenswood, and it was a place where",conv_f5028a6e-05a3-4757-84d0-491a6f400c24,HXFHNH63LZCS,1.0,3,human-ai,conv_f5028a6e-05a3-4757-84d0-491a6f400c24,1.0,author_2,0.0,0.0,0.0,0.0,0.0,0.0,0.0,0.0,0.0,0.0,0.0,False,protocol_empty,False,,,0,False,human,ai,author_2,ai,False,
2025-11-17 11:37:12.305000+00:00,"everybody kept to themselves and did their jobs. There was an unspoken rule never to venture into the caves, which nobody seemed to even think about.","except for Ava, who had always been drawn to the dark and ominous entrances that yawned open like empty mouths in the sides of the cliffs. She would often find herself",conv_f5028a6e-05a3-4757-84d0-491a6f400c24,HXFHNH63LZCS,2.0,3,human-ai,conv_f5028a6e-05a3-4757-84d0-491a6f400c24,2.0,author_2,148.0,123.0,121.0,121.0,26.0,0.983739837398374,0.016260162601626018,0.0,1.0,0.0,10.0,False,,False,,"everybody kept to themselves and did their jobs. There was an unspoken rule never to venture into the caves, which nobody seemed to even think about",1,False,human,ai,author_2,ai,True,1
2025-11-17 11:38:15.288000+00:00,"staring into the abyss, dreaming, wondering about what the caves contained. Her mother had warned her, demanded she never strayed from the","narrow, winding streets of Ravenswood, where the smell of salt and fish filled the air, and the sound of gulls crying overhead was a constant reminder of the sea",conv_f5028a6e-05a3-4757-84d0-491a6f400c24,HXFHNH63LZCS,3.0,3,human-ai,conv_f5028a6e-05a3-4757-84d0-491a6f400c24,3.0,author_2,138.0,117.0,113.0,113.0,22.0,0.9658119658119658,0.03418803418803419,0.0,1.0,0.0,9.0,False,,False,,"staring into the abyss, dreaming, wondering about what the caves contained. Her mother had warned her, demanded she never strayed from the",0,False,human,ai,author_2,ai,True,2
2025-11-17 12:14:19.941000+00:00,"Still, she yearned for the mines. A deep, boundless whisper pulled her towards uncertainty and mystery. Her world had always been limited to the valley,","where the same faces and routines had become as familiar as the rhythms of the tide, and yet, the thrill of the unknown beckoned to her, a siren's call",conv_f5028a6e-05a3-4757-84d0-491a6f400c24,HXFHNH63LZCS,4.0,3,human-ai,conv_f5028a6e-05a3-4757-84d0-491a6f400c24,4.0,author_2,152.0,128.0,123.0,123.0,25.0,0.9609375,0.0390625,0.0,1.0,0.0,11.0,False,,False,,"Still, she yearned for the mines. A deep, boundless whisper pulled her towards uncertainty and mystery. Her world had always been limited to the valley,",0,False,human,ai,author_2,ai,True,3
2025-11-17 12:15:52.746000+00:00,"tearing him apart. One day, a day no different from any other, she made a choice. She strayed from the well-worn path. She lit a torch and stepped into","the darkness of the cave, the flame casting eerie shadows on the walls as she descended deeper into the earth, the air growing colder and damper with each step, until she",conv_f5028a6e-05a3-4757-84d0-491a6f400c24,HXFHNH63LZCS,5.0,3,human-ai,conv_f5028a6e-05a3-4757-84d0-491a6f400c24,5.0,author_2,151.0,123.0,116.0,116.0,30.0,0.943089430894309,0.056910569105691054,0.0,1.0,0.0,9.0,False,,False,,"tearing he apart. One day, a day no different from any other, she made a choice. She strayed from the well-worn path. She lit a torch, and stepped into",3,False,human,ai,author_2,ai,True,4
2025-11-17 12:17:18.055000+00:00,"was faced with a new complication. Two tunnels. Ava decided today was not the day to ponder. She went left. Soon, light started appearing ahead,","and as she emerged from the tunnel, she found herself at the edge of a vast underground chamber, the ceiling lost in darkness, and the walls lined with glittering crystals that",conv_f5028a6e-05a3-4757-84d0-491a6f400c24,HXFHNH63LZCS,6.0,3,human-ai,conv_f5028a6e-05a3-4757-84d0-491a6f400c24,6.0,author_2,144.0,120.0,114.0,114.0,25.0,0.95,0.05,0.0,1.0,0.0,12.0,False,,False,,"was faced with a new complication. Two tunnels. Ava decided today was not the day to ponder. She went left. Soon, light started appearing ahead,",0,False,human,ai,author_2,ai,True,5
2025-11-17 12:19:12.033000+00:00,"somehow illuminated everything completely. ""I- I'm rich..."" muttered Ava. She sent up to the wall, put her hand against the crystal, and pulled. Somebody","grabbed her arm, pulling her back, and Ava spun around, startled, to face a figure she had never seen before - a woman with long, curly brown hair and",conv_f5028a6e-05a3-4757-84d0-491a6f400c24,HXFHNH63LZCS,7.0,3,human-ai,conv_f5028a6e-05a3-4757-84d0-491a6f400c24,7.0,author_2,153.0,130.0,118.0,118.0,25.0,0.9076923076923077,0.09230769230769231,0.0,0.96,0.0,11.0,False,,False,,"somehow illuminated everything completely. ""I- I'm rich..."" muttered Ava. She sent up to the wall, put her hand against the crystal, and pulled. Somebody",0,False,human,ai,author_2,ai,True,6
2025-11-17 12:20:18.236000+00:00,"ragged, torn clothes. ""STOP!"" yelled the figure. ""What in God's name do you think you're doing? Never in my youth","life have I seen someone so reckless,"" the woman exclaimed, her eyes blazing with a mix of fear and desperation, as she gazed at Ava with a piercing intensity, her",conv_f5028a6e-05a3-4757-84d0-491a6f400c24,HXFHNH63LZCS,8.0,3,human-ai,conv_f5028a6e-05a3-4757-84d0-491a6f400c24,8.0,author_2,113.0,94.0,84.0,84.0,22.0,0.8936170212765957,0.10638297872340426,0.0,0.9545454545454546,0.0,7.0,False,,False,,"ragged, torn clothes. ""STOP!"" yelled the figure. ""What in God's name do you think you're doing? Never in my young",2,False,human,ai,author_2,ai,True,7
2025-11-17 12:21:48.024000+00:00,"hearts pounding audible. Ave looked around, and saw a little head peeking past a wall, a silhouette looking to be half her height. Somebody","small and fragile, with eyes that shone like sparks in the crystal light, and as Ava's gaze met the child's, the woman's grip on her arm tightened,",conv_f5028a6e-05a3-4757-84d0-491a6f400c24,HXFHNH63LZCS,9.0,3,human-ai,conv_f5028a6e-05a3-4757-84d0-491a6f400c24,9.0,author_2,138.0,115.0,111.0,111.0,24.0,0.9652173913043478,0.034782608695652174,0.0,1.0,0.0,9.0,False,,False,,"hearts poudning audible. Ave looked around, and saw a little head peaking past a wall, a silhoutte looking to be half her height. Somebody",4,False,human,ai,author_2,ai,True,8
2025-11-06 12:25:22.763000+00:00,,"two old friends, Ezra and Clara, who had been inseparable since childhood. They grew up in a small town nestled between towering mountains and a sparkling",conv_fe95c724-f91e-4a17-8400-9bfbdf9218ec,S8K59R2QA4CS,1.0,4,human-ai,conv_fe95c724-f91e-4a17-8400-9bfbdf9218ec,1.0,author_2,0.0,0.0,0.0,0.0,0.0,0.0,0.0,0.0,0.0,0.0,0.0,False,protocol_empty,False,,,0,False,human,ai,author_2,ai,False,
2025-11-06 12:26:04.991000+00:00,"My baby sister likes to think that the critters all have feelings, and that they’re living some happy lives with tea and cookies in a","cozy little village hidden deep within the woods. She often tells me about her adventures there, where she visits her favorite rabbit, Mr. Whiskers, and the wise",conv_fe95c724-f91e-4a17-8400-9bfbdf9218ec,S8K59R2QA4CS,2.0,4,human-ai,conv_fe95c724-f91e-4a17-8400-9bfbdf9218ec,2.0,author_2,133.0,109.0,107.0,107.0,26.0,0.981651376146789,0.01834862385321101,0.0,1.0,0.0,8.0,False,,False,,"My baby sister likes to think that the critters all have feelings, and that they’re living some happy lives with tea and cookies in a",0,False,human,ai,author_2,ai,True,1
2025-11-06 12:26:28.718000+00:00,"fluffy baby bunnies. She’s ten, and therefore wrong. See, I’ve dealt with rabbits before. Those bastards are always hopping around, just out of","reach, and they never seem to stop multiplying. But Clara, my sister, has this way of making even the most skeptical of us believe in something magical. One day,",conv_fe95c724-f91e-4a17-8400-9bfbdf9218ec,S8K59R2QA4CS,3.0,4,human-ai,conv_fe95c724-f91e-4a17-8400-9bfbdf9218ec,3.0,author_2,143.0,121.0,113.0,113.0,25.0,0.9338842975206612,0.06611570247933884,0.0,0.96,0.0,9.0,False,,False,,"fluffy baby bunnies. She’s ten, and therefore wrong. See, I’ve dealt with rabbits before. Those bastards are always hopping around, just out of",0,False,human,ai,author_2,ai,True,2
2025-11-06 12:26:52.308000+00:00,"they pop up each spring in droves. Usually a trap and a couple of bullets will run them off, but they’re particularly","persistent this year. Ezra and I decided to take a different approach. We set out to explore the woods where Clara’s imaginary village was supposed to be, hoping to find a",conv_fe95c724-f91e-4a17-8400-9bfbdf9218ec,S8K59R2QA4CS,4.0,4,human-ai,conv_fe95c724-f91e-4a17-8400-9bfbdf9218ec,4.0,author_2,114.0,94.0,91.0,91.0,22.0,0.9680851063829787,0.031914893617021274,0.0,1.0,0.0,12.0,False,,False,,"they pop up each spring in droves. Usually a trap and a couple bullets will run them off, but they’re particularly",3,False,human,ai,author_2,ai,True,3
2025-11-06 12:27:28.829000+00:00,"My baby sister got sad when she poked at her stew and found it tender and sweet, as only rabbit meat can be. She got even sadder when I gave","her a look that said, ""This is how it is, kid."" But then, something unexpected happened. As we were walking through the woods, we stumbled upon a clearing",conv_fe95c724-f91e-4a17-8400-9bfbdf9218ec,S8K59R2QA4CS,5.0,4,human-ai,conv_fe95c724-f91e-4a17-8400-9bfbdf9218ec,5.0,author_2,140.0,111.0,109.0,109.0,30.0,0.9819819819819819,0.018018018018018018,0.0,1.0,0.0,6.0,False,,False,,"My baby sister got sad when she poked at her stew and found it tender and sweet, as only rabbit meat can be. She got even sadder when I gave",0,False,human,ai,author_2,ai,True,4
2025-11-06 12:28:08.840000+00:00,"A house. It sits above the washbasin and is grimy from the steam baths that my sister insists on taking. Through the rust, my arms look","more defined, but the scene in the clearing stole my attention. There, amidst the dappled sunlight and the soft rustle of leaves, stood a tiny, perfectly proportion",conv_fe95c724-f91e-4a17-8400-9bfbdf9218ec,S8K59R2QA4CS,6.0,4,human-ai,conv_fe95c724-f91e-4a17-8400-9bfbdf9218ec,6.0,author_2,135.0,110.0,107.0,107.0,26.0,0.9727272727272728,0.02727272727272727,0.0,1.0,0.0,9.0,False,,False,,"A house. It sits above the washbasin and is grimy from the steam baths that my sister insists on taking. Through the rust, my arms look",0,False,human,ai,author_2,ai,True,5
2025-11-06 12:28:26.672000+00:00,"The neighbors all say that the dust will pass. It’s come before and it left before, never this much but that’s to be expected. We just gotta look after our","own. But as Ezra and I stood there, the dust seemed to settle around us, almost as if the world itself was holding its breath. The tiny, whimsical village",conv_fe95c724-f91e-4a17-8400-9bfbdf9218ec,S8K59R2QA4CS,7.0,4,human-ai,conv_fe95c724-f91e-4a17-8400-9bfbdf9218ec,7.0,author_2,155.0,126.0,121.0,121.0,32.0,0.9603174603174603,0.03968253968253968,0.0,0.9375,0.0,9.0,False,,False,,"The neighbors all say that the dust will pass. It’s come before and it left before, never this much but that’s to be expected. We just gotta look after our",0,False,human,ai,author_2,ai,True,6
2025-11-06 12:28:45.498000+00:00,"Little Bessie and I go into town the next day on our real Bessie, Hera the cow. My sister named her. I wouldn’t have bothered, but she’s a good","cow, and she’s been a faithful companion through many a harvest. As we made our way through the familiar paths, the town buzzed with its usual life, but there",conv_fe95c724-f91e-4a17-8400-9bfbdf9218ec,S8K59R2QA4CS,8.0,4,human-ai,conv_fe95c724-f91e-4a17-8400-9bfbdf9218ec,8.0,author_2,143.0,115.0,109.0,109.0,31.0,0.9478260869565217,0.05217391304347826,0.0,0.9354838709677419,0.0,8.0,False,,False,,"Little Bessie and I go into town the next day on our real bessie, Hera the cow. My sister named her. I wouldn’t have bothered, but she’s a good",1,False,human,ai,author_2,ai,True,7
2025-11-06 12:29:06.828000+00:00,"As we ride in, we see the new pop-up shop selling color televisions. My sister wants one, and I tell her fat chance every time she","asks. But today, there's a different kind of excitement in the air. The townsfolk are talking about the strange sightings in the woods, whispers of a magical village.",conv_fe95c724-f91e-4a17-8400-9bfbdf9218ec,S8K59R2QA4CS,9.0,4,human-ai,conv_fe95c724-f91e-4a17-8400-9bfbdf9218ec,9.0,author_2,130.0,105.0,101.0,101.0,27.0,0.9619047619047619,0.0380952380952381,0.0,1.0,0.0,11.0,False,,False,,"As we ride in, we see the new pop-up shop selling color televisions. My sister wants one, and I tell her fat chance every time she",0,False,human,ai,author_2,ai,True,8
