conversation_id,condition,turn,analysis_turn,complete_exchange,starter_side,starter_type,speaker_slot,speaker_type,speaker_is_starter,partner_type,text
conv_006cb479-ccd3-40d1-83fb-4b614573f636,human-ai,1.0,,True,author_1,human,author_1,human,True,ai,There once was a young woman who had trust issues. She had been betrayed by her ex-boyfriend who cheated on her.
conv_006cb479-ccd3-40d1-83fb-4b614573f636,human-ai,1.0,,True,author_1,human,author_2,ai,False,human,"with her best friend, leaving her feeling shattered and vulnerable. The experience had made her wary of opening up to anyone new, and she found herself constantly questioning the motives of those"
conv_006cb479-ccd3-40d1-83fb-4b614573f636,human-ai,2.0,1,True,author_1,human,author_1,human,True,ai,who claimed they loved her. This made her hard to reach but also very lonely. She was lonely like this for many years but finally she decided
conv_006cb479-ccd3-40d1-83fb-4b614573f636,human-ai,2.0,1,True,author_1,human,author_2,ai,False,human,"to take a chance and start attending social events again, hoping to meet someone who could help her heal and learn to trust once more. It was at one of these events,"
conv_006cb479-ccd3-40d1-83fb-4b614573f636,human-ai,3.0,2,True,author_1,human,author_1,human,True,ai,that she met another young woman just like herself who also had trust issues. They met many times without ever talking much or becoming close.
conv_006cb479-ccd3-40d1-83fb-4b614573f636,human-ai,3.0,2,True,author_1,human,author_2,ai,False,human,"until one evening, when they both found themselves sitting alone at a small café, each lost in their own thoughts. The atmosphere was quiet and intimate, and somehow, it seemed"
conv_006cb479-ccd3-40d1-83fb-4b614573f636,human-ai,4.0,3,True,author_1,human,author_1,human,True,ai,as if they were destined to meet. They started talking and soon found out they had a lot in common. They started meeting more and over time they
conv_006cb479-ccd3-40d1-83fb-4b614573f636,human-ai,4.0,3,True,author_1,human,author_2,ai,False,human,"developed a deep and meaningful connection, one that was built on mutual understanding and respect. They shared their stories, their fears, and their dreams with each other, and as"
conv_006cb479-ccd3-40d1-83fb-4b614573f636,human-ai,5.0,4,True,author_1,human,author_1,human,True,ai,time went on their connection became more than just friendship it became love. For a long time they
conv_006cb479-ccd3-40d1-83fb-4b614573f636,human-ai,5.0,4,True,author_1,human,author_2,ai,False,human,"had been afraid to acknowledge the true nature of their feelings, fearing that it might ruin the beautiful bond they had established. But as they looked into each other's eyes, they"
conv_006cb479-ccd3-40d1-83fb-4b614573f636,human-ai,6.0,5,True,author_1,human,author_1,human,True,ai,knew exactly what the other person was feeling. They finally burst free of their prisons of isolation and opened up for love.
conv_006cb479-ccd3-40d1-83fb-4b614573f636,human-ai,6.0,5,True,author_1,human,author_2,ai,False,human,"and allowed themselves to be vulnerable, to trust, and to surrender to the beauty of their relationship. As they embraced each other, they felt a sense of freedom and joy that"
conv_006cb479-ccd3-40d1-83fb-4b614573f636,human-ai,7.0,6,True,author_1,human,author_1,human,True,ai,they hadn't felt in ages. However they were out of training in trusting and their relationship
conv_006cb479-ccd3-40d1-83fb-4b614573f636,human-ai,7.0,6,True,author_1,human,author_2,ai,False,human,"was put to the test as they navigated the complexities of intimacy, communication, and compromise. They stumbled upon old patterns and fears, but this time, they had each other"
conv_006cb479-ccd3-40d1-83fb-4b614573f636,human-ai,8.0,7,True,author_1,human,author_1,human,True,ai,They were determined to not let this relationship be destroyed as well and in the end they succeeded. They
conv_006cb479-ccd3-40d1-83fb-4b614573f636,human-ai,8.0,7,True,author_1,human,author_2,ai,False,human,"built a life together, one that was filled with love, laughter, and a deep understanding of each other's strengths and weaknesses. They proved to themselves that they were capable of"
conv_006cb479-ccd3-40d1-83fb-4b614573f636,human-ai,9.0,8,True,author_1,human,author_1,human,True,ai,overcoming obstacles and regaining trust in humans. Their relationship also allowed them to open more up to other humans and form meaningful
conv_006cb479-ccd3-40d1-83fb-4b614573f636,human-ai,9.0,8,True,author_1,human,author_2,ai,False,human,"connections with others, and as they looked back on their journey, they realized that their love had been the catalyst for a profound transformation, one that had brought healing, growth,"
conv_02b6fce3-98d8-456f-b0e8-3708b9ca1968,human-ai,1.0,,True,author_1,human,author_1,human,True,ai,Outside her window the storm was raging. Trees moving mechanically in the wind under the loud drumming sound of water drops falling.
conv_02b6fce3-98d8-456f-b0e8-3708b9ca1968,human-ai,1.0,,True,author_1,human,author_2,ai,False,human,"Outside her window, the storm was raging. Trees moved mechanically in the wind, the loud drumming of water drops falling against the glass. Inside, the house was quiet,"
conv_02b6fce3-98d8-456f-b0e8-3708b9ca1968,human-ai,2.0,1,True,author_1,human,author_1,human,True,ai,"a dim candlelight stood dancing on the windowsill. She was reading a book, not paying much attention to the dark surroundings of"
conv_02b6fce3-98d8-456f-b0e8-3708b9ca1968,human-ai,2.0,1,True,author_1,human,author_2,ai,False,human,"the room. The flickering flame cast shadows on the walls, creating a dance of light and darkness. Lost in the pages, she barely noticed the growing intensity of the storm"
conv_02b6fce3-98d8-456f-b0e8-3708b9ca1968,human-ai,3.0,2,True,author_1,human,author_1,human,True,ai,"Her cat lay snoring on the warm blanket covering her feet. Suddenly, a loud sound came from the kitchen and she let out a short"
conv_02b6fce3-98d8-456f-b0e8-3708b9ca1968,human-ai,3.0,2,True,author_1,human,author_2,ai,False,human,"squeak, her heart racing. She marked her page and set the book down, listening intently. The house creaked around her, but the silence that followed"
conv_02b6fce3-98d8-456f-b0e8-3708b9ca1968,human-ai,4.0,3,True,author_1,human,author_1,human,True,ai,"was deafening. She was alone for the weekend, her husband away for business on a fancy trip to New York. She didn't mind though, being alone had never bothered her. But"
conv_02b6fce3-98d8-456f-b0e8-3708b9ca1968,human-ai,4.0,3,True,author_1,human,author_2,ai,False,human,"the sudden noise was unsettling. Gathering her courage, she got up, the cat stirring but not waking. She tiptoed to the kitchen, the floorboards protesting softly under"
conv_02b6fce3-98d8-456f-b0e8-3708b9ca1968,human-ai,5.0,4,True,author_1,human,author_1,human,True,ai,"bare feet. She grabbed the candlelight from the windowsill as she approached the kitchen with slow, steady steps. It must have been the"
conv_02b6fce3-98d8-456f-b0e8-3708b9ca1968,human-ai,5.0,4,True,author_1,human,author_2,ai,False,human,"wind, she told herself, trying to calm her nerves. As she neared the kitchen, the flickering light revealed nothing out of place at first. Then, she noticed"
conv_02b6fce3-98d8-456f-b0e8-3708b9ca1968,human-ai,6.0,5,True,author_1,human,author_1,human,True,ai,"a dark shadow in the corner of the kitchen. It was almost unnoticeable at first, but she could have sworn there was movement. She stood still for a"
conv_02b6fce3-98d8-456f-b0e8-3708b9ca1968,human-ai,6.0,5,True,author_1,human,author_2,ai,False,human,"moment, her breath held. The shadow seemed to shift again, and a chill ran down her spine. She reached for the nearest object—a wooden spoon—and raised it defensively,"
conv_02b6fce3-98d8-456f-b0e8-3708b9ca1968,human-ai,7.0,6,True,author_1,human,author_1,human,True,ai,"Something was staring back at her. Golden eyes, ridden with malice. She could tell. She had always been good at reading people. A sixth sense, her"
conv_02b6fce3-98d8-456f-b0e8-3708b9ca1968,human-ai,7.0,6,True,author_1,human,author_2,ai,False,human,"husband often teased her about. The eyes belonged to something not quite human, and her heart pounded in her chest. She swallowed hard, trying to steady herself. ""Who"
conv_02b6fce3-98d8-456f-b0e8-3708b9ca1968,human-ai,8.0,7,True,author_1,human,author_1,human,True,ai,"are you? What do you want? Her voice was much quieter than anticipated, almost as if the words could not find their way. She"
conv_02b6fce3-98d8-456f-b0e8-3708b9ca1968,human-ai,8.0,7,True,author_1,human,author_2,ai,False,human,"forced herself to speak again, this time with more conviction. ""I know you're there. Show yourself."" The tension in the room was palpable, and the only response"
conv_02b6fce3-98d8-456f-b0e8-3708b9ca1968,human-ai,9.0,8,True,author_1,human,author_1,human,True,ai,"was more silence. Before she could even react, a dark creature, hideous beyond imagination, jumped out of the shadows with an"
conv_02b6fce3-98d8-456f-b0e8-3708b9ca1968,human-ai,9.0,8,True,author_1,human,author_2,ai,False,human,"ear-splitting screech. She screamed and swung the wooden spoon, more out of reflex than anything else. The creature dodged easily, its eyes gleaming with a"
conv_07ec1a21-00a8-494b-9747-ef2f719abd5a,human-ai,1.0,,False,author_2,ai,author_1,human,False,ai,
conv_07ec1a21-00a8-494b-9747-ef2f719abd5a,human-ai,1.0,,False,author_2,ai,author_2,ai,True,human,"a lighthouse keeper who forgot how to sleep.

Mara had tended the beacon on Skellig Point for seven years, watching ships pass"
conv_07ec1a21-00a8-494b-9747-ef2f719abd5a,human-ai,2.0,1,True,author_2,ai,author_1,human,False,ai,"She looked at the dark sea, waiting for a sign of movement that was coming closer. One night a large cruise line lit up the night. She almost felt blinded."
conv_07ec1a21-00a8-494b-9747-ef2f719abd5a,human-ai,2.0,1,True,author_2,ai,author_2,ai,True,human,"by the thousand glowing portholes, each one a tiny world of laughter and music drifting across the water. The vessel moved like a floating city, imposs"
conv_07ec1a21-00a8-494b-9747-ef2f719abd5a,human-ai,3.0,2,True,author_2,ai,author_1,human,False,ai,"impossible to miss. Usually the water was calm, only a handful of ships passing by. This was not usual. Even the lights were glimmering."
conv_07ec1a21-00a8-494b-9747-ef2f719abd5a,human-ai,3.0,2,True,author_2,ai,author_2,ai,True,human,"strangely—pulsing in rhythms that didn't match the waves. Mara pressed her face against the cold glass of the lighthouse gallery, her breath fo"
conv_07ec1a21-00a8-494b-9747-ef2f719abd5a,human-ai,4.0,3,True,author_2,ai,author_1,human,False,ai,"foggy in the chill night air. Without knowing why she grabbed the flashlight from the table and put the red lights on it, pointing it toward the ship. From one"
conv_07ec1a21-00a8-494b-9747-ef2f719abd5a,human-ai,4.0,3,True,author_2,ai,author_2,ai,True,human,"of the upper decks, an answering flash—red, then red again, then darkness. Her heart quickened. In seven years, no ship had ever responded to"
conv_07ec1a21-00a8-494b-9747-ef2f719abd5a,human-ai,5.0,4,True,author_2,ai,author_1,human,False,ai,"her, when she flashed the red lights. Lighthouses were somehow less relevant these days, but she had inherited this one from her uncle. In his will there had been"
conv_07ec1a21-00a8-494b-9747-ef2f719abd5a,human-ai,5.0,4,True,author_2,ai,author_2,ai,True,human,"a sealed letter marked ""Open only when the red ship answers."" She'd laughed at the time, thinking it another of Uncle Gareth's eccentricities."
conv_07ec1a21-00a8-494b-9747-ef2f719abd5a,human-ai,6.0,5,True,author_2,ai,author_1,human,False,ai,She got up quickly and found the letter in a drawer. Her hands were shaking with excitement as she dragged a finger along the envelope's edge to open it and pulled.
conv_07ec1a21-00a8-494b-9747-ef2f719abd5a,human-ai,6.0,5,True,author_2,ai,author_2,ai,True,human,"the yellowed paper free. Uncle Gareth's spidery handwriting covered the page:

*Mara, if you're reading this, they've finally"
conv_07ec1a21-00a8-494b-9747-ef2f719abd5a,human-ai,7.0,6,True,author_2,ai,author_1,human,False,ai,"found a way to cross into our world. You need to find a way to get on board the ship, find a woman named Hilda and tell her to"
conv_07ec1a21-00a8-494b-9747-ef2f719abd5a,human-ai,7.0,6,True,author_2,ai,author_2,ai,True,human,stop the engine before midnight. She'll know what it means. Trust no one else. The dinghy is ready—I've kept it maintained for this moment. The
conv_07ec1a21-00a8-494b-9747-ef2f719abd5a,human-ai,8.0,7,True,author_2,ai,author_1,human,False,ai,"moment the engine has been turned off, get out of there and return to safety here in the lighthouse. All will be well. Sincerely, Gareth."" Mara looked at the"
conv_07ec1a21-00a8-494b-9747-ef2f719abd5a,human-ai,8.0,7,True,author_2,ai,author_2,ai,True,human,"clock—11:17 PM. Forty-three minutes. 

She grabbed her uncle's old peacoat from the hook and raced down the spiral stairs"
conv_07ec1a21-00a8-494b-9747-ef2f719abd5a,human-ai,9.0,8,True,author_2,ai,author_1,human,False,ai,to get to the dinghy. She could make it if she rowed fast but something told her she would have to be quiet too. Sliding into the small boat she began
conv_07ec1a21-00a8-494b-9747-ef2f719abd5a,human-ai,9.0,8,True,author_2,ai,author_2,ai,True,human,"to row with long, steady strokes, muffling the oars as best she could. The cruise ship loomed larger with each pull, its strange pulsing"
conv_0bb56093-3033-4615-bb70-ebfa4135589a,human-ai,1.0,,True,author_1,human,author_1,human,True,ai,"John Cena, the famous wrestler also known for his famous war cry LET'S FLIP-FLOPPING DO THIS. Which a lot of people"
conv_0bb56093-3033-4615-bb70-ebfa4135589a,human-ai,1.0,,True,author_1,human,author_2,ai,False,human,"misinterpreted as ""Let's do this,"" but only his true fans knew the authentic phrase that fueled his unrelenting passion for body-slamming his opponents. One day"
conv_0bb56093-3033-4615-bb70-ebfa4135589a,human-ai,2.0,1,True,author_1,human,author_1,human,True,ai,"John would take a stroll in his mama van, drop K-dot off, 'cause I know he tryna flock on Sherane tonight. But"
conv_0bb56093-3033-4615-bb70-ebfa4135589a,human-ai,2.0,1,True,author_1,human,author_2,ai,False,human,"little did John know, K-dot, aka Kendrick Lamar, had other plans, and as he stepped out of the mama van, he whispered to John, ""Yo, Cena"
conv_0bb56093-3033-4615-bb70-ebfa4135589a,human-ai,3.0,2,True,author_1,human,author_1,human,True,ai,"Hair pitch black like the midnight sky Eyes like the jungle, you're something wild Her sweet melody sings"
conv_0bb56093-3033-4615-bb70-ebfa4135589a,human-ai,3.0,2,True,author_1,human,author_2,ai,False,human,"to the rhythm of the African drums, and John's warrior spirit began to stir, as he remembered the enchanting songstress, Sherane, who had captured Kendrick's heart"
conv_0bb56093-3033-4615-bb70-ebfa4135589a,human-ai,4.0,3,True,author_1,human,author_1,human,True,ai,"Nothing here changes, seasons go by You said, ""Hello,"" you said, ""Goodbye"" Did you run away? Mariella, where did you go?"
conv_0bb56093-3033-4615-bb70-ebfa4135589a,human-ai,4.0,3,True,author_1,human,author_2,ai,False,human,"The echoes of her name lingered in the air, as John's mind began to wander, recalling the tales Kendrick had shared about his tumultuous relationship with Sherane, but"
conv_0bb56093-3033-4615-bb70-ebfa4135589a,human-ai,5.0,4,True,author_1,human,author_1,human,True,ai,"Okay, I know that's borderline Compton or Paramount ""Well, is it Compton?"" ""No,"" she replied Then quickly started battin' her eyes I strictly had"
conv_0bb56093-3033-4615-bb70-ebfa4135589a,human-ai,5.0,4,True,author_1,human,author_2,ai,False,human,"to have her, and the city lights of Paramount blurred together as John's mama van sped down the boulevard, the sound of Kendrick's storytelling fading into the distance, replaced"
conv_0bb56093-3033-4615-bb70-ebfa4135589a,human-ai,6.0,5,True,author_1,human,author_1,human,True,ai,"But not enough to stop me from gettin' a nut ""I wanna come over, what's up?"" That's what I told her soon as this episode Of Martin goes off,"
conv_0bb56093-3033-4615-bb70-ebfa4135589a,human-ai,6.0,5,True,author_1,human,author_2,ai,False,human,"the TV screen flickered to black, and John's eyes met Kendrick's, who was grinning mischievously, as if to say, ""You know what's"
conv_0bb56093-3033-4615-bb70-ebfa4135589a,human-ai,7.0,6,True,author_1,human,author_1,human,True,ai,"Passin' Alameda, my gas meter in need of a pump I got enough to get me through the traffic jam At least I hope, 'cause my pockets are broke"
conv_0bb56093-3033-4615-bb70-ebfa4135589a,human-ai,7.0,6,True,author_1,human,author_2,ai,False,human,"and the mama van's engine sputtered, as if echoing John's concern, but Kendrick just nodded sympathetically, his mind still preoccupied with the memories of Sherane"
conv_0bb56093-3033-4615-bb70-ebfa4135589a,human-ai,8.0,7,True,author_1,human,author_1,human,True,ai,"I had a fifth in the trunk like Curtis Jackson for ransom I'm hopin' to get her loose like an Uncle Luke anthem I'm two blocks away, two"
conv_0bb56093-3033-4615-bb70-ebfa4135589a,human-ai,8.0,7,True,author_1,human,author_2,ai,False,human,"minutes from her doorstep, and the anticipation was building up, as John's fingers drummed against the steering wheel, and Kendrick started to rap along, ""Two blocks away,"
conv_0bb56093-3033-4615-bb70-ebfa4135589a,human-ai,9.0,8,True,author_1,human,author_1,human,True,ai,"Kendrick, where you at? Damn, I'm sittin' here waitin' on my van. You told me you was gon' be back."
conv_0bb56093-3033-4615-bb70-ebfa4135589a,human-ai,9.0,8,True,author_1,human,author_2,ai,False,human,"in a minute, but the minutes turned to hours, and the hours turned to silence, leaving John Cena alone in the mama van, the only sound being the hum of the"
conv_0f18b30f-7d4b-4681-b98e-a0ff4f2b5256,human-ai,1.0,,True,author_1,human,author_1,human,True,ai,a small town girl who dreams of adventure and the opportunity to explore the world but family responsibilities and economic challenges are insurmountable
conv_0f18b30f-7d4b-4681-b98e-a0ff4f2b5256,human-ai,1.0,,True,author_1,human,author_2,ai,False,human,"She feels trapped in the mundane routine of her daily life, working at the local diner to make ends meet, while her mind wanders to far-off lands and exotic cultures."
conv_0f18b30f-7d4b-4681-b98e-a0ff4f2b5256,human-ai,2.0,1,True,author_1,human,author_1,human,True,ai,"Fueled by her reading habit, by books like Kon-Tiki and Out of Africa and Lawrence of Arabia, she brainstorms ways to escape her responsibilities and pad her"
conv_0f18b30f-7d4b-4681-b98e-a0ff4f2b5256,human-ai,2.0,1,True,author_1,human,author_2,ai,False,human,"savings, which are meager at best, but she's determined to find a way to break free from the constraints of her small town and experience the thrill of adventure for"
conv_0f18b30f-7d4b-4681-b98e-a0ff4f2b5256,human-ai,3.0,2,True,author_1,human,author_1,human,True,ai,a more fulfilling future. Everything from increasing the fees for her babysitting and petsitting side gigs to robbing the local convenience store flitted through her
conv_0f18b30f-7d4b-4681-b98e-a0ff4f2b5256,human-ai,3.0,2,True,author_1,human,author_2,ai,False,human,"mind, though she quickly dismisses the latter as a reckless and foolish idea, knowing that it would only lead to trouble and jeopardize the very people she cares about, her"
conv_0f18b30f-7d4b-4681-b98e-a0ff4f2b5256,human-ai,4.0,3,True,author_1,human,author_1,human,True,ai,"mild-mannered mother, Puritanical father, and most of all her beloved Granny Gigi who has hinted at a bequest in her"
conv_0f18b30f-7d4b-4681-b98e-a0ff4f2b5256,human-ai,4.0,3,True,author_1,human,author_2,ai,False,human,"will, a secret stash of money that Granny Gigi had set aside from her own adventures as a young woman, traveling the world as a missionary's wife, and which she"
conv_0f18b30f-7d4b-4681-b98e-a0ff4f2b5256,human-ai,5.0,4,True,author_1,human,author_1,human,True,ai,smuggled out of Pakistan in the hollow tubing of her crutches as she feigned a broken leg suffered in the uprising in her field
conv_0f18b30f-7d4b-4681-b98e-a0ff4f2b5256,human-ai,5.0,4,True,author_1,human,author_2,ai,False,human,"hospital, a tale that Granny Gigi would only hint at with a sly glint in her eye, leaving the small town girl to wonder about the full story and the exact"
conv_0f18b30f-7d4b-4681-b98e-a0ff4f2b5256,human-ai,6.0,5,True,author_1,human,author_1,human,True,ai,"details of her foreign service. Unfortunately for the girl with wanderlust, Granny Gigi is as hale and hearty as a 79-year-old can be so murder"
conv_0f18b30f-7d4b-4681-b98e-a0ff4f2b5256,human-ai,6.0,5,True,author_1,human,author_2,ai,False,human,Network error while generating a response.
conv_0f18b30f-7d4b-4681-b98e-a0ff4f2b5256,human-ai,7.0,6,True,author_1,human,author_1,human,True,ai,may be the only means of hastening that bequest. Recognizing that unfettered travel burdened by inconsolable grief and guilt is not
conv_0f18b30f-7d4b-4681-b98e-a0ff4f2b5256,human-ai,7.0,6,True,author_1,human,author_2,ai,False,human,"a price she's willing to pay, the small town girl sets her sights on more legitimate means of financing her escape, and begins to scour the local community for any opportunity that"
conv_0f18b30f-7d4b-4681-b98e-a0ff4f2b5256,human-ai,8.0,7,True,author_1,human,author_1,human,True,ai,may legally further her goals. She studies public bulletin boards and social media for ideas and happens upon an ad: Responsible young woman wanted.
conv_0f18b30f-7d4b-4681-b98e-a0ff4f2b5256,human-ai,8.0,7,True,author_1,human,author_2,ai,False,human,"to care for a sailboat and crew for a seasonal voyage, with all expenses paid and a generous stipend, an opportunity that seems almost too good to be true, but"
conv_0f18b30f-7d4b-4681-b98e-a0ff4f2b5256,human-ai,9.0,8,True,author_1,human,author_1,human,True,ai,"for her, it is clearly a dream come true. Well, it is if you ignore her fear of boats emanating from a tendency of severe seasickness even when watching the ocean."
conv_0f18b30f-7d4b-4681-b98e-a0ff4f2b5256,human-ai,9.0,8,True,author_1,human,author_2,ai,False,human,"scenes in movies, but the prospect of sailing to distant shores and exploring the world beyond her small town is too enticing to let a little thing like seasickness stand in her way"
conv_11293fd2-d757-471f-8e2e-783542167a8e,human-ai,1.0,,True,author_1,human,author_1,human,True,ai,"A young girl, riding her bike down the main street, as she suddenly spots something very surprising on the horizon. She gets off of her bike, to fully take"
conv_11293fd2-d757-471f-8e2e-783542167a8e,human-ai,1.0,,True,author_1,human,author_2,ai,False,human,"in the sight before her. The object, which had initially appeared as a mere speck, was now growing larger and more defined. It was an old-fashioned hot air balloon"
conv_11293fd2-d757-471f-8e2e-783542167a8e,human-ai,2.0,1,True,author_1,human,author_1,human,True,ai,"She gaped, as she had never seen one in real life. However, as the air balloon moved closer, she saw something just as strange in the basket."
conv_11293fd2-d757-471f-8e2e-783542167a8e,human-ai,2.0,1,True,author_1,human,author_2,ai,False,human,"an old trunk, adorned with intricate carvings and a large, rusted lock, sitting prominently in the center of the basket, surrounded by various strange and colorful items that"
conv_11293fd2-d757-471f-8e2e-783542167a8e,human-ai,3.0,2,True,author_1,human,author_1,human,True,ai,"glittered in the sunlight. Atop the trunk sat a very peculiar creature. Not quite human, but not like any other animal she had ever seen, dressed"
conv_11293fd2-d757-471f-8e2e-783542167a8e,human-ai,3.0,2,True,author_1,human,author_2,ai,False,human,"in a long, velvet coat with brass buttons, and a top hat that seemed to be tilted at a rakish angle, giving the creature an air of whimsy and sophistication"
conv_11293fd2-d757-471f-8e2e-783542167a8e,human-ai,4.0,3,True,author_1,human,author_1,human,True,ai,"In the middle of its face were old-fashioned goggles, as the balloon came to a halt in the air above her, the creature lifted them."
conv_11293fd2-d757-471f-8e2e-783542167a8e,human-ai,4.0,3,True,author_1,human,author_2,ai,False,human,"and peered down at the young girl with an unblinking gaze, its eyes gleaming with a mixture of curiosity and mischief, as it removed the goggles to reveal eyes"
conv_11293fd2-d757-471f-8e2e-783542167a8e,human-ai,5.0,4,True,author_1,human,author_1,human,True,ai,"that shone bright yellow in the early morning light. She peered up at the creature with curious eyes. ""Good"
conv_11293fd2-d757-471f-8e2e-783542167a8e,human-ai,5.0,4,True,author_1,human,author_2,ai,False,human,"morning to you, young one,"" the creature replied in a low, raspy voice, its tone surprisingly warm and gentle, as it tipped its top hat in a courteous"
conv_11293fd2-d757-471f-8e2e-783542167a8e,human-ai,6.0,5,True,author_1,human,author_1,human,True,ai,"greeting. ""Excuse me, but what are you doing?"" she asked politely, as nothing ever happened in her small town, and as so, this was"
conv_11293fd2-d757-471f-8e2e-783542167a8e,human-ai,6.0,5,True,author_1,human,author_2,ai,False,human,"a shock to her system, and she found herself struggling to process the sheer strangeness of the situation, as the creature smiled and began to carefully climb down from the basket,"
conv_11293fd2-d757-471f-8e2e-783542167a8e,human-ai,7.0,6,True,author_1,human,author_1,human,True,ai,"gliding gracefully down a sturdy-looking rope. ""Me? Well, I'm here on an adventure, my girl. Would you care to join me in my secret"
conv_11293fd2-d757-471f-8e2e-783542167a8e,human-ai,7.0,6,True,author_1,human,author_2,ai,False,human,"expedition?"" the creature asked, its yellow eyes sparkling with excitement, as it reached the ground and began to brush off its coat, revealing a pocket watch chain and a small"
conv_11293fd2-d757-471f-8e2e-783542167a8e,human-ai,8.0,7,True,author_1,human,author_1,human,True,ai,"watch, ticking away. It looked like no other watch the girl had ever seen, decorated with fine gemstones, its hands whirring away at a strange speed,"
conv_11293fd2-d757-471f-8e2e-783542167a8e,human-ai,8.0,7,True,author_1,human,author_2,ai,False,human,"as if measuring time itself in a unique and mystical way, and the creature, noticing her fascination with the timepiece, smiled knowingly and said, ""This, my dear,"
conv_11293fd2-d757-471f-8e2e-783542167a8e,human-ai,9.0,8,True,author_1,human,author_1,human,True,ai,"is no ordinary watch. It grants its master the ability to travel through both time and space!"" The creature grinned. ""Then, why do you need the balloon?"""
conv_11293fd2-d757-471f-8e2e-783542167a8e,human-ai,9.0,8,True,author_1,human,author_2,ai,False,human,"the girl asked again, her curiosity getting the better of her, and the creature chuckled, a low, rumbling sound, as it replied, ""Ah, the balloon is"
conv_155f7493-3058-435d-a672-40e7e8ec213a,human-ai,1.0,,False,author_1,human,author_1,human,True,ai,"a bear named Per Hansen. He was your usual, run of the mill, bear turned Danish. One day he was taking a walk in the cold winter"
conv_155f7493-3058-435d-a672-40e7e8ec213a,human-ai,1.0,,False,author_1,human,author_2,ai,False,human,
conv_155f7493-3058-435d-a672-40e7e8ec213a,human-ai,2.0,1,True,author_1,human,author_1,human,True,ai,"air. The sun was setting and he wondered. Who was he gonna vote for the next kommunal valg. He had absolutely no idea, who the kandidater"
conv_155f7493-3058-435d-a672-40e7e8ec213a,human-ai,2.0,1,True,author_1,human,author_2,ai,False,human,"were or what they stood for. Sighing, he leaned back in his creaky wooden chair, the last rays of sunlight casting long shadows across the room. His"
conv_155f7493-3058-435d-a672-40e7e8ec213a,human-ai,3.0,2,True,author_1,human,author_1,human,True,ai,"valg kort laid out on the table. sooooo many options. What would his mother say? Argh, it is of no use. The dilemma was even still thundering in his"
conv_155f7493-3058-435d-a672-40e7e8ec213a,human-ai,3.0,2,True,author_1,human,author_2,ai,False,human,"mind as he picked up the ballot paper, his fingers tracing the names of the candidates. Each one seemed to blend into the next, a sea of unfamiliar faces and promises."
conv_155f7493-3058-435d-a672-40e7e8ec213a,human-ai,4.0,3,True,author_1,human,author_1,human,True,ai,"""I like this candidate!"" Per thought to himself. They like nature and think we should be voting more green. But they did have that scandal last."
conv_155f7493-3058-435d-a672-40e7e8ec213a,human-ai,4.0,3,True,author_1,human,author_2,ai,False,human,year. Per’s brow furrowed as he recalled the headlines. It wasn’t just about the environment; integrity mattered too. He set the ballot down and rubbed his temples
conv_155f7493-3058-435d-a672-40e7e8ec213a,human-ai,5.0,4,True,author_1,human,author_1,human,True,ai,"""come on!"" he exclaimed. He had promised Goldilocks to go to the valgsted together. She ALWAYS knew where she would put her ""X"". She would put"
conv_155f7493-3058-435d-a672-40e7e8ec213a,human-ai,5.0,4,True,author_1,human,author_2,ai,False,human,"it without a second thought, her confidence both enviable and a bit intimidating. Per stood up, straightened his shirt, and grabbed his coat. It was time to meet"
conv_155f7493-3058-435d-a672-40e7e8ec213a,human-ai,6.0,5,True,author_1,human,author_1,human,True,ai,"at the old willow, as it whispered in the winter air, reminding him of his unwillingness to choose. what did mama bear always say"
conv_155f7493-3058-435d-a672-40e7e8ec213a,human-ai,6.0,5,True,author_1,human,author_2,ai,False,human,"to him? Per closed his eyes, letting the gentle breeze carry the memory. “Per,” he could almost hear her deep, calming voice, “sometimes the hardest choices are"
conv_155f7493-3058-435d-a672-40e7e8ec213a,human-ai,7.0,6,True,author_1,human,author_1,human,True,ai,"cringy, and crusty"". That sounds about right... mama really liked toast. Hmmm but who is the crunchiest candidate of them"
conv_155f7493-3058-435d-a672-40e7e8ec213a,human-ai,7.0,6,True,author_1,human,author_2,ai,False,human,"all?” Per chuckled at the absurdity of the thought. As he walked toward the old willow, he decided to trust Goldilocks’ instincts. Maybe, just maybe"
conv_155f7493-3058-435d-a672-40e7e8ec213a,human-ai,8.0,7,True,author_1,human,author_1,human,True,ai,"He would feel the paper, for the crunchiest candidate. Where the paper is the most crisp is the right one candidate for."
conv_155f7493-3058-435d-a672-40e7e8ec213a,human-ai,8.0,7,True,author_1,human,author_2,ai,False,human,"him. With a determined nod, he quickened his pace, the setting sun casting a warm glow on his path. The old willow loomed ahead, its branches sw"
conv_155f7493-3058-435d-a672-40e7e8ec213a,human-ai,9.0,8,True,author_1,human,author_1,human,True,ai,"swotted all his doubt away as he saw Goldilocks. ""Ready?"" she greeted him. ""As ready as I can."" Then he ate her ... you know how bears"
conv_155f7493-3058-435d-a672-40e7e8ec213a,human-ai,9.0,8,True,author_1,human,author_2,ai,False,human,"are,” Per joked, grinning. Goldilocks laughed, her eyes twinkling. “Let’s do this,” she said, and they walked together toward the polling station"
conv_18ba473d-8913-4785-95cf-9a5400887bb9,human-ai,1.0,,False,author_2,ai,author_1,human,False,ai,
conv_18ba473d-8913-4785-95cf-9a5400887bb9,human-ai,1.0,,False,author_2,ai,author_2,ai,True,human,"a lighthouse keeper who forgot how to dream.

Mara had lived on the rocky outcrop for seven years, watching the beam sweep across dark"
conv_18ba473d-8913-4785-95cf-9a5400887bb9,human-ai,2.0,1,True,author_2,ai,author_1,human,False,ai,She had always loved looking over the horizons; wondering what could be out there - dreaming of the day that a ship would
conv_18ba473d-8913-4785-95cf-9a5400887bb9,human-ai,2.0,1,True,author_2,ai,author_2,ai,True,human,"arrive with news from the mainland, or perhaps someone who might stay awhile and share stories of distant ports. But the ships never stopped. They only used her light to navigate"
conv_18ba473d-8913-4785-95cf-9a5400887bb9,human-ai,3.0,2,True,author_2,ai,author_1,human,False,ai,", leaving her quite alone atop the tall lighthouse. She found herself going through her routines in a mechanical way; same thing day in and"
conv_18ba473d-8913-4785-95cf-9a5400887bb9,human-ai,3.0,2,True,author_2,ai,author_2,ai,True,human,"day out. Wake at dawn, trim the wick, polish the lens, check the oil reserves, watch the horizon. The rhythm had once been comforting, but"
conv_18ba473d-8913-4785-95cf-9a5400887bb9,human-ai,4.0,3,True,author_2,ai,author_1,human,False,ai,"now it felt empty. She yearned for something else, but had forgotten what else was out there - unable to imagine"
conv_18ba473d-8913-4785-95cf-9a5400887bb9,human-ai,4.0,3,True,author_2,ai,author_2,ai,True,human,"anything beyond the endless cycle of tides and light. The world had shrunk to just this: stone, salt air, and the mechanical turning of the lamp.

Then"
conv_18ba473d-8913-4785-95cf-9a5400887bb9,human-ai,5.0,4,True,author_2,ai,author_1,human,False,ai,"one day, she spotted something in the horizon. At first she thought it was another ship passing by, but it seemed like the object was"
conv_18ba473d-8913-4785-95cf-9a5400887bb9,human-ai,5.0,4,True,author_2,ai,author_2,ai,True,human,"floating in place, neither approaching nor retreating. Mara squinted through her spyglass, her heart quickening with something she hadn't felt in years—curios"
conv_18ba473d-8913-4785-95cf-9a5400887bb9,human-ai,6.0,5,True,author_2,ai,author_1,human,False,ai,"she ran down the tower. Skipping over every other step on the stair, out the door, down the cliffside and over the rocky beach. She waded out"
conv_18ba473d-8913-4785-95cf-9a5400887bb9,human-ai,6.0,5,True,author_2,ai,author_2,ai,True,human,"into the cold water, waves lapping at her knees, then her waist. The object bobbed closer with each swell—a wooden chest, barnacle"
conv_18ba473d-8913-4785-95cf-9a5400887bb9,human-ai,7.0,6,True,author_2,ai,author_1,human,False,ai,"covering the sides. When the chest reached her, she hoisted it up on the shore. Her fingers worked deftly with the lock on the front,"
conv_18ba473d-8913-4785-95cf-9a5400887bb9,human-ai,7.0,6,True,author_2,ai,author_2,ai,True,human,"but it wouldn't budge. Rusted shut by years of saltwater. She grabbed a rock and struck the clasp once, twice—and on the third blow"
conv_18ba473d-8913-4785-95cf-9a5400887bb9,human-ai,8.0,7,True,author_2,ai,author_1,human,False,ai,"it flung open. She peered over the edge, and inside she found a notebook; bound in leather and with the initials 'A."
conv_18ba473d-8913-4785-95cf-9a5400887bb9,human-ai,8.0,7,True,author_2,ai,author_2,ai,True,human,M.' embossed in fading gold. Mara's breath caught. Those were her mother's initials—Audrey Morrow. But her mother
conv_18ba473d-8913-4785-95cf-9a5400887bb9,human-ai,9.0,8,True,author_2,ai,author_1,human,False,ai,"had passed when she was young. Her father never spoke much of her; the hurt too much to bear. She lifted the book out of the chest, running"
conv_18ba473d-8913-4785-95cf-9a5400887bb9,human-ai,9.0,8,True,author_2,ai,author_2,ai,True,human,"her trembling fingers over the worn leather. Salt-stained pages crackled as she opened to the first entry, dated twenty-three years ago.

""My"
conv_18be1999-da21-4ab6-8f9e-e52e6d9c8070,human-ai,1.0,,True,author_1,human,author_1,human,True,ai,a girl with no name. She would have been given one by the leaders of her small village if they hadn't noticed her.
conv_18be1999-da21-4ab6-8f9e-e52e6d9c8070,human-ai,1.0,,True,author_1,human,author_2,ai,False,human,"unusual eyes, a striking blend of green and blue that shimmered like the depths of a mountain lake. The village elders saw this as a sign, a mark of destiny"
conv_18be1999-da21-4ab6-8f9e-e52e6d9c8070,human-ai,2.0,1,True,author_1,human,author_1,human,True,ai,"""When she comes of age, she will embark on a journey to still the raging oceans so we can once again fish and sail to"""
conv_18be1999-da21-4ab6-8f9e-e52e6d9c8070,human-ai,2.0,1,True,author_1,human,author_2,ai,False,human,"distant lands,"" the village elder declared, his voice echoing through the small, candle-lit chamber. ""Until then, she must prepare and learn the ways of our ancestors"
conv_18be1999-da21-4ab6-8f9e-e52e6d9c8070,human-ai,3.0,2,True,author_1,human,author_1,human,True,ai,She was swept from her family and home she never knew and thrust into the musty library where the elders watched over and
conv_18be1999-da21-4ab6-8f9e-e52e6d9c8070,human-ai,3.0,2,True,author_1,human,author_2,ai,False,human,"taught her ancient secrets and forgotten lore. Day after day, she delved into dusty tomes and cryptic scrolls, her mind absorbing knowledge as eagerly as her eyes soaked"
conv_18be1999-da21-4ab6-8f9e-e52e6d9c8070,human-ai,4.0,3,True,author_1,human,author_1,human,True,ai,"up the names of powerful and simple things alike. But she couldn't help but long for a name of her own, even though the"
conv_18be1999-da21-4ab6-8f9e-e52e6d9c8070,human-ai,4.0,3,True,author_1,human,author_2,ai,False,human,"elders reminded her that her true name would be revealed when the time was right. In the quiet moments between lessons, she would gaze out the window at the distant sea,"
conv_18be1999-da21-4ab6-8f9e-e52e6d9c8070,human-ai,5.0,4,True,author_1,human,author_1,human,True,ai,"watching the violent waves crash and spray, and wonder how a nameless nobody could ever conquer something"
conv_18be1999-da21-4ab6-8f9e-e52e6d9c8070,human-ai,5.0,4,True,author_1,human,author_2,ai,False,human,"so vast and wild. Yet, deep within her, a spark of determination flickered, fueled by the mysterious power in her eyes and the ancient knowledge she was amassing."
conv_18be1999-da21-4ab6-8f9e-e52e6d9c8070,human-ai,6.0,5,True,author_1,human,author_1,human,True,ai,"On the night of her 15th birthday, the village elders and people all celebrated her as she walked through the village gates stubbornly towards"
conv_18be1999-da21-4ab6-8f9e-e52e6d9c8070,human-ai,6.0,5,True,author_1,human,author_2,ai,False,human,"the library, where a grand ceremony awaited. The air was thick with anticipation, and the villagers cheered her on, their faces illuminated by the flickering torchlight. As she"
conv_18be1999-da21-4ab6-8f9e-e52e6d9c8070,human-ai,7.0,6,True,author_1,human,author_1,human,True,ai,"accepted the elder's formal mission, she carefully held her gaze on him despite the excitement around her. He gave her the tools she"
conv_18be1999-da21-4ab6-8f9e-e52e6d9c8070,human-ai,7.0,6,True,author_1,human,author_2,ai,False,human,"would need for her journey: a compass that always pointed true, a small, enchanted dagger, and a map etched with ancient symbols. ""Your name will be revealed when"
conv_18be1999-da21-4ab6-8f9e-e52e6d9c8070,human-ai,8.0,7,True,author_1,human,author_1,human,True,ai,"you face the heart of the storm."" She didn't understand those words, but all the longing and restlessness in her heart could not be silenced."
conv_18be1999-da21-4ab6-8f9e-e52e6d9c8070,human-ai,8.0,7,True,author_1,human,author_2,ai,False,human,"any longer. With a deep breath, she stepped forward, her determination unwavering. The villagers watched in awe as she began her journey, the first step toward a destiny"
conv_18be1999-da21-4ab6-8f9e-e52e6d9c8070,human-ai,9.0,8,True,author_1,human,author_1,human,True,ai,"that had been hers since her first breath. With every step, the cheering of the village grew farther away, replaced by the"
conv_18be1999-da21-4ab6-8f9e-e52e6d9c8070,human-ai,9.0,8,True,author_1,human,author_2,ai,False,human,"roar of the wind and the rhythmic crashing of the waves. The girl with no name, driven by a purpose greater than herself, marched toward the horizon, ready to"
conv_193bbf9f-e759-475a-ae86-76613053567a,human-ai,1.0,,False,author_2,ai,author_1,human,False,ai,
conv_193bbf9f-e759-475a-ae86-76613053567a,human-ai,1.0,,False,author_2,ai,author_2,ai,True,human,"a lighthouse keeper who discovered that every seventh wave carried voices from the past.

Mara had tended the beacon at Cordell Point for"
conv_193bbf9f-e759-475a-ae86-76613053567a,human-ai,2.0,1,True,author_2,ai,author_1,human,False,ai,over 2 years now and she loves the dark nights. She glances over the dark sea with the many ships. In the future she
conv_193bbf9f-e759-475a-ae86-76613053567a,human-ai,2.0,1,True,author_2,ai,author_2,ai,True,human,"would remember this particular evening as the one that changed everything.

The beam swept across the water in its eternal rotation—five seconds of light, five of darkness—when she"
conv_193bbf9f-e759-475a-ae86-76613053567a,human-ai,3.0,2,True,author_2,ai,author_1,human,False,ai,"slipped and fell. She just fell into the darkness with no sounds surrounding her. Everything went silent, but she did"
conv_193bbf9f-e759-475a-ae86-76613053567a,human-ai,3.0,2,True,author_2,ai,author_2,ai,True,human,"not feel the cold embrace of the ocean. Instead, Mara landed on something solid yet yielding, like weathered canvas stretched over wooden beams.

Her eyes"
conv_193bbf9f-e759-475a-ae86-76613053567a,human-ai,4.0,3,True,author_2,ai,author_1,human,False,ai,"opened slowly, her hand moved, her foot moved, everything was fine. She had landed on the parasol of the boutique."
conv_193bbf9f-e759-475a-ae86-76613053567a,human-ai,4.0,3,True,author_2,ai,author_2,ai,True,human,"below the lighthouse—a small shop she'd passed a thousand times on her walks into town. The striped fabric had caught her like a net, sagging deeply under her"
conv_193bbf9f-e759-475a-ae86-76613053567a,human-ai,5.0,4,True,author_2,ai,author_1,human,False,ai,"weight. A light turned on inside the shop, and a young man came out looking up at the parasol she was caught in ""can I"
conv_193bbf9f-e759-475a-ae86-76613053567a,human-ai,5.0,4,True,author_2,ai,author_2,ai,True,human,"help you down from there?"" he called, a hint of amusement threading through his concern. 

Mara blinked, disoriented. ""I"
conv_193bbf9f-e759-475a-ae86-76613053567a,human-ai,6.0,5,True,author_2,ai,author_1,human,False,ai,"am fine, but thanks."" The man looked amused at Mara, and then went inside again. Mara was relieved. But moments after he"
conv_193bbf9f-e759-475a-ae86-76613053567a,human-ai,6.0,5,True,author_2,ai,author_2,ai,True,human,"disappeared, she heard it—the seventh wave crashing against the rocks below, and with it, a whisper that seemed to come from the fabric itself.

""The"
conv_193bbf9f-e759-475a-ae86-76613053567a,human-ai,7.0,6,True,author_2,ai,author_1,human,False,ai,"fate is up to you. You have the world in your hands"". The girl was frightened, but she knew what to do. ""Hey, can I get"
conv_193bbf9f-e759-475a-ae86-76613053567a,human-ai,7.0,6,True,author_2,ai,author_2,ai,True,human,"some help after all?"" she shouted toward the shop door.

The young man reappeared immediately, this time with a ladder. As he propped it against the"
conv_193bbf9f-e759-475a-ae86-76613053567a,human-ai,8.0,7,True,author_2,ai,author_1,human,False,ai,"parasol. ""Come here."" He lifted her from the parasol and onto the ground. He gave her his hand and said kindly, ""Hi, I am"
conv_193bbf9f-e759-475a-ae86-76613053567a,human-ai,8.0,7,True,author_2,ai,author_2,ai,True,human,"Felix. Are you hurt?"" 

Mara shook her head, still trembling—not from the fall, but from those words that had wrapped around her like"
conv_193bbf9f-e759-475a-ae86-76613053567a,human-ai,9.0,8,True,author_2,ai,author_1,human,False,ai,"ivy. She knew this name. Felix. She had heard it before, but where? She tried to think, but nothing came up. The man"
conv_193bbf9f-e759-475a-ae86-76613053567a,human-ai,9.0,8,True,author_2,ai,author_2,ai,True,human,"looked at her with eyes that seemed to hold decades, though his face was young. ""You're the lighthouse keeper,"" he said, not as a question but a recognition."
conv_1a776856-1876-44eb-b0f6-31b31250ddca,human-ai,1.0,,True,author_1,human,author_1,human,True,ai,There was once a man in a sauna who really liked the smell of sandalwood. This man was also known for his love of surfing the waves with a certain mechanical assistance in the
conv_1a776856-1876-44eb-b0f6-31b31250ddca,human-ai,1.0,,True,author_1,human,author_2,ai,False,human,"form of a sleek, silver jet-powered surfboard that allowed him to ride the waves with incredible speed and agility. As he sat in the sauna, surrounded by the warm,"
conv_1a776856-1876-44eb-b0f6-31b31250ddca,human-ai,2.0,1,True,author_1,human,author_1,human,True,ai,"saunagus, he really got to thinking about life and what it brings. The heat of the sauna combined with the artful smell combinations"
conv_1a776856-1876-44eb-b0f6-31b31250ddca,human-ai,2.0,1,True,author_1,human,author_2,ai,False,human,"of sandalwood and eucalyptus wafting through the air seemed to clarify his thoughts, and he found himself pondering the similarities between the fleeting nature of"
conv_1a776856-1876-44eb-b0f6-31b31250ddca,human-ai,3.0,2,True,author_1,human,author_1,human,True,ai,the human experience. He found that he felt the most sure about his deepest wishes and desires when he just emerged from the heat and
conv_1a776856-1876-44eb-b0f6-31b31250ddca,human-ai,3.0,2,True,author_1,human,author_2,ai,False,human,"stepped out into the cool, crisp air, feeling the sudden rush of clarity and purpose that came with the abrupt change in temperature. It was as if the sauna had washed"
conv_1a776856-1876-44eb-b0f6-31b31250ddca,human-ai,4.0,3,True,author_1,human,author_1,human,True,ai,"away all that created problems in his day to day. He really liked spending his Sundays here, and would sometimes bring guests into"
conv_1a776856-1876-44eb-b0f6-31b31250ddca,human-ai,4.0,3,True,author_1,human,author_2,ai,False,human,"the sauna, sharing the tranquility and stimulating conversation that seemed to flow effortlessly in the warm, intimate atmosphere. His friends would often remark on the unique sense of camaraderie"
conv_1a776856-1876-44eb-b0f6-31b31250ddca,human-ai,5.0,4,True,author_1,human,author_1,human,True,ai,"that this experience created. Once outside of the sauna, regular life would, for better or worse, have to continue on as it had."
conv_1a776856-1876-44eb-b0f6-31b31250ddca,human-ai,5.0,4,True,author_1,human,author_2,ai,False,human,"before, with its familiar routines and responsibilities, but somehow the experience of the sauna lingered, leaving an imprint on his mind and heart, a reminder of the peace and clarity"
conv_1a776856-1876-44eb-b0f6-31b31250ddca,human-ai,6.0,5,True,author_1,human,author_1,human,True,ai,"that can be found, even in the rush of expectations and wishes for self-improvement, which are otherwise always present"
conv_1a776856-1876-44eb-b0f6-31b31250ddca,human-ai,6.0,5,True,author_1,human,author_2,ai,False,human,"and which often seemed to weigh heavily on his mind, like a constant hum of self-doubt and striving, but in the stillness of the sauna, all of that"
conv_1a776856-1876-44eb-b0f6-31b31250ddca,human-ai,7.0,6,True,author_1,human,author_1,human,True,ai,"was sweated out of the body through the pores, although even with all this sweat - the smells were always"
conv_1a776856-1876-44eb-b0f6-31b31250ddca,human-ai,7.0,6,True,author_1,human,author_2,ai,False,human,"pleasantly overpowered by the fragrant aromas of the essential oils, sandalwood, and eucalyptus, that filled the air, creating a sense of"
conv_1a776856-1876-44eb-b0f6-31b31250ddca,human-ai,8.0,7,True,author_1,human,author_1,human,True,ai,"absolute serenity. Even though the day-to-day challenges this man faced could be of a different nature for each night slept, the peace of the sauna"
conv_1a776856-1876-44eb-b0f6-31b31250ddca,human-ai,8.0,7,True,author_1,human,author_2,ai,False,human,"remained a constant, a dependable refuge from the turmoil and uncertainty of life, a place where he could let his guard down and simply be, surrounded by the gentle heat and"
conv_1a776856-1876-44eb-b0f6-31b31250ddca,human-ai,9.0,8,True,author_1,human,author_1,human,True,ai,"clouds of smells. Even with a constant such as this, the basic human response to achieving something is not satisfaction, but"
conv_1a776856-1876-44eb-b0f6-31b31250ddca,human-ai,9.0,8,True,author_1,human,author_2,ai,False,human,"a fleeting sense of contentment, soon giving way to new desires and aspirations, a perpetual cycle of pursuit and longing, and yet, in the tranquility of the sauna,"
conv_1bb594f6-281e-43c0-aad7-d82e4a2ab88d,human-ai,1.0,,False,author_2,ai,author_1,human,False,ai,
conv_1bb594f6-281e-43c0-aad7-d82e4a2ab88d,human-ai,1.0,,False,author_2,ai,author_2,ai,True,human,"Eliana, a young woman with a heart as vast as the ocean and dreams as deep. Born in a small coastal village, Eliana spent her childhood gazing at"
conv_1bb594f6-281e-43c0-aad7-d82e4a2ab88d,human-ai,2.0,1,True,author_2,ai,author_1,human,False,ai,"water. Growing up she dreamed of traveling across to visit the land beyond, full of new people. A land with big mountains and"
conv_1bb594f6-281e-43c0-aad7-d82e4a2ab88d,human-ai,2.0,1,True,author_2,ai,author_2,ai,True,human,"majestic forests, where the air was crisp and the skies were clear. Her village, though quaint and charming, felt too small to contain her spirit. Every evening, as"
conv_1bb594f6-281e-43c0-aad7-d82e4a2ab88d,human-ai,3.0,2,True,author_2,ai,author_1,human,False,ai,"she worked in the tavern, she looked longingly at the windows facing the ocean. Then one day a mysterious man entered the"
conv_1bb594f6-281e-43c0-aad7-d82e4a2ab88d,human-ai,3.0,2,True,author_2,ai,author_2,ai,True,human,"tavern, his eyes as deep and unreadable as the sea on a stormy night. He wore a cloak that seemed to blend with the shadows, and his presence was"
conv_1bb594f6-281e-43c0-aad7-d82e4a2ab88d,human-ai,4.0,3,True,author_2,ai,author_1,human,False,ai,enchanting. Throughout the evening she kept stealing glances at him. Their eyes connected and sparks flew between them. As she walked home she got a feeling someone
conv_1bb594f6-281e-43c0-aad7-d82e4a2ab88d,human-ai,4.0,3,True,author_2,ai,author_2,ai,True,human,"was following her. The moon cast long, eerie shadows on the cobblestone path, and the sound of the waves seemed to whisper secrets in the night air. Eliana"
conv_1bb594f6-281e-43c0-aad7-d82e4a2ab88d,human-ai,5.0,4,True,author_2,ai,author_1,human,False,ai,"kept looking around but nobody was there. As she was walking faster away, a sound came from behind. A hand wrapped around her bicep and stopped her from walking."
conv_1bb594f6-281e-43c0-aad7-d82e4a2ab88d,human-ai,5.0,4,True,author_2,ai,author_2,ai,True,human,"Eliana spun around, her heart pounding in her chest. The mysterious man from the tavern stood before her, his face now softened by concern. ""I didn't mean"
conv_1bb594f6-281e-43c0-aad7-d82e4a2ab88d,human-ai,6.0,5,True,author_2,ai,author_1,human,False,ai,"to scare you, but have we met before?"" a deep raspy voice said. Suppressing a scream, she managed a small ""No."" Searching her face, he"
conv_1bb594f6-281e-43c0-aad7-d82e4a2ab88d,human-ai,6.0,5,True,author_2,ai,author_2,ai,True,human,"said, ""You remind me of someone I once knew. Someone who also had a thirst for adventure."" He released her arm gently. ""Perhaps we could talk more, if"
conv_1bb594f6-281e-43c0-aad7-d82e4a2ab88d,human-ai,7.0,6,True,author_2,ai,author_1,human,False,ai,"you are willing to meet me tomorrow. Meet at the well at noon"" he said, as he disappeared in the shadows. Feeling confused Eliana went home, her head now filled"
conv_1bb594f6-281e-43c0-aad7-d82e4a2ab88d,human-ai,7.0,6,True,author_2,ai,author_2,ai,True,human,"with a mix of curiosity and caution. The encounter left her with more questions than answers, but the idea of adventure and the possibility of uncovering hidden paths beyond her village began"
conv_1bb594f6-281e-43c0-aad7-d82e4a2ab88d,human-ai,8.0,7,True,author_2,ai,author_1,human,False,ai,"forming in her mind. Waking the next morning full of excitement, she decided to meet the strange man. Time went slowly as she waited for noon to come."
conv_1bb594f6-281e-43c0-aad7-d82e4a2ab88d,human-ai,8.0,7,True,author_2,ai,author_2,ai,True,human,"and the sun to reach its highest point in the sky. Finally, with a nervous flutter in her stomach, Eliana made her way to the well, her heart racing with"
conv_1bb594f6-281e-43c0-aad7-d82e4a2ab88d,human-ai,9.0,8,True,author_2,ai,author_1,human,False,ai,exhilaration and nerves. Standing at the well was the man waiting his eyes shining like sapphires. As he saw her coming a smile spread across his
conv_1bb594f6-281e-43c0-aad7-d82e4a2ab88d,human-ai,9.0,8,True,author_2,ai,author_2,ai,True,human,"face. ""You came,"" he said, his voice warm and welcoming. ""I'm called Arlo. And you must be Eliana."" She nodded, her throat suddenly"
conv_20c3db22-5b6d-42fa-bdee-f1e1a84fe6e8,human-ai,1.0,,True,author_1,human,author_1,human,True,ai,"a mad scientist called Julius, who is trying to create a Time Machine to go back in time and prevent the birth of a terrible dictator."
conv_20c3db22-5b6d-42fa-bdee-f1e1a84fe6e8,human-ai,1.0,,True,author_1,human,author_2,ai,False,human,"a mad scientist called Julius, who, in the dim light of his cluttered laboratory, pored over ancient texts and cutting-edge scientific journals. His"
conv_20c3db22-5b6d-42fa-bdee-f1e1a84fe6e8,human-ai,2.0,1,True,author_1,human,author_1,human,True,ai,goal was to understand everything he could about the nature of time in order to build a Time Machine in order to harness the power of
conv_20c3db22-5b6d-42fa-bdee-f1e1a84fe6e8,human-ai,2.0,1,True,author_1,human,author_2,ai,False,human,"the fourth dimension. Every day and night, he worked tirelessly, fueled by a mix of ambition, desperation, and a deep sense of moral duty. The dictator he aimed to"
conv_20c3db22-5b6d-42fa-bdee-f1e1a84fe6e8,human-ai,3.0,2,True,author_1,human,author_1,human,True,ai,"destroy was named Adolfus and was presently oppressing the people of Barovia in an eternal war machine, and persecuting the region's minority groups."
conv_20c3db22-5b6d-42fa-bdee-f1e1a84fe6e8,human-ai,3.0,2,True,author_1,human,author_2,ai,False,human,"Julius had seen the horrors firsthand during a brief visit to Barovia, where the once-thriving streets were now filled with fear and suffering. The more he learned"
conv_20c3db22-5b6d-42fa-bdee-f1e1a84fe6e8,human-ai,4.0,3,True,author_1,human,author_1,human,True,ai,the more he knew that his sole mission in life was to not just end the dictator and the Nazis' reign but to prevent it from happening in the first place.
conv_20c3db22-5b6d-42fa-bdee-f1e1a84fe6e8,human-ai,4.0,3,True,author_1,human,author_2,ai,False,human,"With a renewed sense of purpose, Julius began to assemble the components of his Time Machine. He scavenged parts from abandoned factories, raided libraries for forbidden knowledge, and conducted"
conv_20c3db22-5b6d-42fa-bdee-f1e1a84fe6e8,human-ai,5.0,4,True,author_1,human,author_1,human,True,ai,"experiments on willing volunteers, awaiting the point when he himself would travel back in time to change the course and direction of"
conv_20c3db22-5b6d-42fa-bdee-f1e1a84fe6e8,human-ai,5.0,4,True,author_1,human,author_2,ai,False,human,"history. The final piece of his invention, a mysterious crystal he had discovered in an ancient cave, was the key to unlocking the time-traveling potential. As the machine"
conv_20c3db22-5b6d-42fa-bdee-f1e1a84fe6e8,human-ai,6.0,5,True,author_1,human,author_1,human,True,ai,"whirred into action, Julius strapped himself into the attached seat and put on his radioactivity-blocking helmet, as he adjusted"
conv_20c3db22-5b6d-42fa-bdee-f1e1a84fe6e8,human-ai,6.0,5,True,author_1,human,author_2,ai,False,human,"the dials and levers with a steady hand. The air around him buzzed with an otherworldly energy, and the walls of his laboratory began to blur and distort"
conv_20c3db22-5b6d-42fa-bdee-f1e1a84fe6e8,human-ai,7.0,6,True,author_1,human,author_1,human,True,ai,and he felt his body being pushed and pulled in all directions. He lost consciousness and when he awoke he found himself in
conv_20c3db22-5b6d-42fa-bdee-f1e1a84fe6e8,human-ai,7.0,6,True,author_1,human,author_2,ai,False,human,"a different time and place. The year was 1890, and he was in a small, bustling village that would one day become the heart of Barovia"
conv_20c3db22-5b6d-42fa-bdee-f1e1a84fe6e8,human-ai,8.0,7,True,author_1,human,author_1,human,True,ai,". Julius exited the Time Machine and got his bearings, looking around the town for signs of the local butcher shop, where he knew"
conv_20c3db22-5b6d-42fa-bdee-f1e1a84fe6e8,human-ai,8.0,7,True,author_1,human,author_2,ai,False,human,"Adolfus's father worked. The streets were lined with cobblestones, and the air was filled with the smells of freshly baked bread and horse-drawn carriages."
conv_20c3db22-5b6d-42fa-bdee-f1e1a84fe6e8,human-ai,9.0,8,True,author_1,human,author_1,human,True,ai,"Julius spotted the butcher shop and headed there immediately. Inside he saw a large man with a blood-stained apron, whom he immediately"
conv_20c3db22-5b6d-42fa-bdee-f1e1a84fe6e8,human-ai,9.0,8,True,author_1,human,author_2,ai,False,human,"recognized as Adolfus's father. Julius approached him with a sense of trepidation, knowing that the slightest misstep could alter the timeline in unpredictable ways. ""Excuse"
conv_23ed55f8-cc91-439f-8c8e-e24f66457596,human-ai,1.0,,True,author_1,human,author_1,human,True,ai,"fairy living in Wonderland. She is a very happy fairy, who has lots and lots of fairy friends. They are all special."
conv_23ed55f8-cc91-439f-8c8e-e24f66457596,human-ai,1.0,,True,author_1,human,author_2,ai,False,human,"and unique, each with their own magical talents. One day, while fluttering through the Enchanted Forest, the fairy named Lila discovered a mysterious, shimmering flower"
conv_23ed55f8-cc91-439f-8c8e-e24f66457596,human-ai,2.0,1,True,author_1,human,author_1,human,True,ai,"She bent down to take a look at it. At first she was careful, but she couldn't shake her curiosity. She just had to touch."
conv_23ed55f8-cc91-439f-8c8e-e24f66457596,human-ai,2.0,1,True,author_1,human,author_2,ai,False,human,"the delicate petals. As soon as her fingers brushed against them, the flower began to glow even brighter, and a soft, melodic voice whispered, “Welcome, Lila"
conv_23ed55f8-cc91-439f-8c8e-e24f66457596,human-ai,3.0,2,True,author_1,human,author_1,human,True,ai,"I am the flower of three wishes. You have discovered me... Now you can have 3 wishes. I will grant you wishes, but only if they"
conv_23ed55f8-cc91-439f-8c8e-e24f66457596,human-ai,3.0,2,True,author_1,human,author_2,ai,False,human,"are used wisely and for the good of all in Wonderland. What will you wish for?” Lila, surprised but excited, thought hard about the possibilities. She knew that her"
conv_23ed55f8-cc91-439f-8c8e-e24f66457596,human-ai,4.0,3,True,author_1,human,author_1,human,True,ai,"mother was always bothered by their lack of wealth and now this was a chance for her to help her, and take away her worries. But is that really the best"
conv_23ed55f8-cc91-439f-8c8e-e24f66457596,human-ai,4.0,3,True,author_1,human,author_2,ai,False,human,"use of such powerful wishes? Lila’s heart ached with the weight of the decision. She looked around at her fairy friends playing in the sunbeams, their laughter"
conv_23ed55f8-cc91-439f-8c8e-e24f66457596,human-ai,5.0,4,True,author_1,human,author_1,human,True,ai,"reminded her of some children in the community. Sometimes a mysterious illness would appear in Wonderland,"
conv_23ed55f8-cc91-439f-8c8e-e24f66457596,human-ai,5.0,4,True,author_1,human,author_2,ai,False,human,"causing much sorrow and pain. Lila realized that perhaps her first wish could be used to heal all the sick children in Wonderland, ensuring their happiness and health. With a"
conv_23ed55f8-cc91-439f-8c8e-e24f66457596,human-ai,6.0,5,True,author_1,human,author_1,human,True,ai,"Sigh, she opened her mouth. Dear flower of three wishes. Please have this evil disease be done away with. Please save."
conv_23ed55f8-cc91-439f-8c8e-e24f66457596,human-ai,6.0,5,True,author_1,human,author_2,ai,False,human,"all the children in Wonderland from suffering."" The flower pulsed with a warm, golden light, and Lila felt a wave of peace wash over her. The air filled with"
conv_23ed55f8-cc91-439f-8c8e-e24f66457596,human-ai,7.0,6,True,author_1,human,author_1,human,True,ai,"a golden powder, making Lila a bit dizzy. It smelled like candy and fruits. Looking at the pieces of powder floating around in the air,"
conv_23ed55f8-cc91-439f-8c8e-e24f66457596,human-ai,7.0,6,True,author_1,human,author_2,ai,False,human,"Lila smiled, knowing that her wish had been granted. The golden dust swirled and formed a gentle breeze, carrying the cure to every corner of Wonderland. Lila"
conv_23ed55f8-cc91-439f-8c8e-e24f66457596,human-ai,8.0,7,True,author_1,human,author_1,human,True,ai,"was passed out on the grass, dreaming about happy children. When she woke up the next morning, she thought she had a"
conv_23ed55f8-cc91-439f-8c8e-e24f66457596,human-ai,8.0,7,True,author_1,human,author_2,ai,False,human,"wonderful dream, but as she flew back to her village, she saw families celebrating and children laughing without a trace of the illness. Lila’s heart soared, realizing"
conv_23ed55f8-cc91-439f-8c8e-e24f66457596,human-ai,9.0,8,True,author_1,human,author_1,human,True,ai,that she managed to save the youngsters of Wonderland from the evil disease. She was wondering where the flower went. She couldn't see it.
conv_23ed55f8-cc91-439f-8c8e-e24f66457596,human-ai,9.0,8,True,author_1,human,author_2,ai,False,human,"anywhere, but she knew deep in her heart that it had fulfilled its purpose. Lila decided to use her remaining wishes to bring more joy and peace to Wonderland, ensuring"
conv_29031421-8265-472f-b4ce-f147dd80edca,human-ai,1.0,,True,author_1,human,author_1,human,True,ai,"a young girl who would grow into a very brave hero. It is also the story of losing your home and finding yourself in the ruins. But most, it's a"
conv_29031421-8265-472f-b4ce-f147dd80edca,human-ai,1.0,,True,author_1,human,author_2,ai,False,human,"story about friendship—the kind that survives even when everything else crumbles to dust.

Her name was Mira, and she was seven years old when the"
conv_29031421-8265-472f-b4ce-f147dd80edca,human-ai,2.0,1,True,author_1,human,author_1,human,True,ai,new king started his rule. Suddenly the streets of the capital were filled with wanted-posters. Poison dripped from the king's tongue and right into the ears
conv_29031421-8265-472f-b4ce-f147dd80edca,human-ai,2.0,1,True,author_1,human,author_2,ai,False,human,"of those who listened. ""Traitors walk among us,"" he declared from his gilded balcony. ""The old loyalists plot in shadows. Trust no one"
conv_29031421-8265-472f-b4ce-f147dd80edca,human-ai,3.0,2,True,author_1,human,author_1,human,True,ai,"Mira's older brother listened carefully. He started to change. He would follow Mira's mother everywhere she went. ""I'm just keeping an eye out for her,"" he"
conv_29031421-8265-472f-b4ce-f147dd80edca,human-ai,3.0,2,True,author_1,human,author_2,ai,False,human,"would say, but his eyes had grown cold and watchful in a way that made Mira's stomach twist.

Their mother noticed too. She began burning letters in"
conv_29031421-8265-472f-b4ce-f147dd80edca,human-ai,4.0,3,True,author_1,human,author_1,human,True,ai,"the fireplace. When Mira asked why, she would say it was to save wood for the winter. Mira watched the fire and dreamed of burning as brightly as"
conv_29031421-8265-472f-b4ce-f147dd80edca,human-ai,4.0,3,True,author_1,human,author_2,ai,False,human,"those flames—fierce and untouchable.

One night, Mira woke to urgent whispers. Through the crack in her door, she saw her mother stuff"
conv_29031421-8265-472f-b4ce-f147dd80edca,human-ai,5.0,4,True,author_1,human,author_1,human,True,ai,food into a bag. Mira crept closer to get a better view. A man stood in the door. Mira's mother handed him the bag and shoved him out and into
conv_29031421-8265-472f-b4ce-f147dd80edca,human-ai,5.0,4,True,author_1,human,author_2,ai,False,human,"the dark street. But her brother had seen it too.

""Mother,"" he said quietly from the stairwell, ""who was that man?""

The silence stretche"
conv_29031421-8265-472f-b4ce-f147dd80edca,human-ai,6.0,5,True,author_1,human,author_1,human,True,ai,"long and wide until it covered the entire house. ""No one,"" her mother stammered, looking awfully pale. Mira's brother left the stairwell and walked"
conv_29031421-8265-472f-b4ce-f147dd80edca,human-ai,6.0,5,True,author_1,human,author_2,ai,False,human,"toward the door, reaching for his coat. ""I should report this,"" he said, not looking at either of them. ""The king rewards those who protect the realm."""
conv_29031421-8265-472f-b4ce-f147dd80edca,human-ai,7.0,6,True,author_1,human,author_1,human,True,ai,"Suddenly Mira's mother moved. She moved with speed and grace, grabbed the shoulder of her son and turned him so they faced each other. ""Don't you dare"""
conv_29031421-8265-472f-b4ce-f147dd80edca,human-ai,7.0,6,True,author_1,human,author_2,ai,False,human,"she hissed, and for the first time Mira saw her mother not as gentle, but as steel. ""That man has a family. Children younger than your"
conv_29031421-8265-472f-b4ce-f147dd80edca,human-ai,8.0,7,True,author_1,human,author_1,human,True,ai,little sister. Mira tried to be one with the shadows in the kitchen. Her brother scoffed and knocked his mother's hand.
conv_29031421-8265-472f-b4ce-f147dd80edca,human-ai,8.0,7,True,author_1,human,author_2,ai,False,human,"away. ""Traitors' children,"" he spat. ""They're better off without a father who defies the king.""

""When did you become this?"""
conv_29031421-8265-472f-b4ce-f147dd80edca,human-ai,9.0,8,True,author_1,human,author_1,human,True,ai,"Mira heard the confusion, fear and disappointment in her mother's voice. Her brother didn't hear it as he laughed, ""I've always been like this. You were just to"
conv_29031421-8265-472f-b4ce-f147dd80edca,human-ai,9.0,8,True,author_1,human,author_2,ai,False,human,"blind to see it. The king showed me the truth—showed us all what strength really means.""

He turned back toward the door, and Mira knew with terrible"
conv_2ce635fa-cb6c-424f-9565-859a944eed92,human-ai,1.0,,False,author_1,human,author_1,human,True,ai,"While not all birds fly, it is a known fact that most do. And while any bird may lose the ability to fly, most don't. But the distinguishing factor"
conv_2ce635fa-cb6c-424f-9565-859a944eed92,human-ai,1.0,,False,author_1,human,author_2,ai,False,human,
conv_2ce635fa-cb6c-424f-9565-859a944eed92,human-ai,2.0,,False,author_1,human,author_1,human,True,ai,"is the intent of flight, for any one bird does not fly without purpose. while mainly a necessity for the bird, humans have long envied and awed the ability to"
conv_2ce635fa-cb6c-424f-9565-859a944eed92,human-ai,2.0,,False,author_1,human,author_2,ai,False,human,
conv_2ce635fa-cb6c-424f-9565-859a944eed92,human-ai,3.0,1,True,author_1,human,author_1,human,True,ai,"soar through the air. while often thought of as an act of freedom, the sky is what the water is to a fish. it is not an addition to, but a prerequisite for"
conv_2ce635fa-cb6c-424f-9565-859a944eed92,human-ai,3.0,1,True,author_1,human,author_2,ai,False,human,"survival itself.

Marcus understood this as he watched the starlings wheel above the autumn field. Their murmuration shifted like liquid thought—thousands of bodies moving as one min"
conv_2ce635fa-cb6c-424f-9565-859a944eed92,human-ai,4.0,2,True,author_1,human,author_1,human,True,ai,"d. but so is not the case for any one bird. flightless birds, as they are called, have taken to new ways of survival, be that in water or on"
conv_2ce635fa-cb6c-424f-9565-859a944eed92,human-ai,4.0,2,True,author_1,human,author_2,ai,False,human,"land with such commitment that their wings became vestigial whispers of what once was. The penguin trades air for ocean depths. The ostrich, speed across savanna"
conv_2ce635fa-cb6c-424f-9565-859a944eed92,human-ai,5.0,3,True,author_1,human,author_1,human,True,ai,". these birds are what bats are to mammals: while fundamentally the same general type of creature, they have made a drastic change in the progress of"
conv_2ce635fa-cb6c-424f-9565-859a944eed92,human-ai,5.0,3,True,author_1,human,author_2,ai,False,human,evolution that sets them apart from their kin. Yet Marcus had discovered something that troubled him during his years of ornithological research—a pattern that didn't fit the text
conv_2ce635fa-cb6c-424f-9565-859a944eed92,human-ai,6.0,4,True,author_1,human,author_1,human,True,ai,". but everything has a reasonable explanation. any creature will, with time, shed any part that does not serve it. both for the birds that first flew and those that left the act"
conv_2ce635fa-cb6c-424f-9565-859a944eed92,human-ai,6.0,4,True,author_1,human,author_2,ai,False,human,"behind, the transformation followed necessity. What Marcus found in the fossil beds of Montana, however, suggested something different—a species that had developed flight, lost it, then reg"
conv_2ce635fa-cb6c-424f-9565-859a944eed92,human-ai,7.0,5,True,author_1,human,author_1,human,True,ai,"gressed into a relic of the past. While humans might envy flight, it is nothing more than an act of levitation, the ability to counter gravity through motoric"
conv_2ce635fa-cb6c-424f-9565-859a944eed92,human-ai,7.0,5,True,author_1,human,author_2,ai,False,human,"force. The bones told a stranger story still—this ancient bird had grown heavier with each generation, its wingspan shrinking while its breast muscles paradoxically strengthened."
conv_2ce635fa-cb6c-424f-9565-859a944eed92,human-ai,8.0,6,True,author_1,human,author_1,human,True,ai,"this ability has equally been stripped by force, as is the case of the flightless breeds of chicken. while humans allowed their breast muscles to grow for the meat, they could no longer"
conv_2ce635fa-cb6c-424f-9565-859a944eed92,human-ai,8.0,6,True,author_1,human,author_2,ai,False,human,"support their own weight in air. Domestication had turned flight into a burden rather than salvation. Marcus traced his finger along the fossilized keel bone, noting how"
conv_2ce635fa-cb6c-424f-9565-859a944eed92,human-ai,9.0,7,True,author_1,human,author_1,human,True,ai,"all birds, like the other groups of animals, all share a base biological structure, modified to the needs of the species. flight or not, they are all"
conv_2ce635fa-cb6c-424f-9565-859a944eed92,human-ai,9.0,7,True,author_1,human,author_2,ai,False,human,"connected by that ancient blueprint—hollow bones, keen vision, the echo of dinosaurs in their very marrow. What separated his fossil from the chickens was choice versus circumst"
conv_2f306db5-d066-4651-b17c-762d7f601570,human-ai,1.0,,False,author_2,ai,author_1,human,False,ai,
conv_2f306db5-d066-4651-b17c-762d7f601570,human-ai,1.0,,False,author_2,ai,author_2,ai,True,human,"two friends, Mia and Liam, who lived in a small coastal town known for its lighthouses and misty mornings. Despite the town’s quiet"
conv_2f306db5-d066-4651-b17c-762d7f601570,human-ai,2.0,1,True,author_2,ai,author_1,human,False,ai,"existence, unusual things kept happening. Mia and Liam were always trying to get to the root of why their town was the"
conv_2f306db5-d066-4651-b17c-762d7f601570,human-ai,2.0,1,True,author_2,ai,author_2,ai,True,human,"center of such peculiar events. One foggy evening, as they walked along the beach, they stumbled upon an old, weathered map tucked inside a bottle. The map was"
conv_2f306db5-d066-4651-b17c-762d7f601570,human-ai,3.0,2,True,author_2,ai,author_1,human,False,ai,"not one they had seen before. Well, the map as a whole they hadn't seen before, but still they could recognize parts of it. For in"
conv_2f306db5-d066-4651-b17c-762d7f601570,human-ai,3.0,2,True,author_2,ai,author_2,ai,True,human,"the corners, there were sketches of familiar landmarks from their town, but the central part of the map depicted an island that wasn’t on any of the charts they knew. The"
conv_2f306db5-d066-4651-b17c-762d7f601570,human-ai,4.0,3,True,author_2,ai,author_1,human,False,ai,map thus became the starting point of their next adventure. Only now they needed to decide how they were going.
conv_2f306db5-d066-4651-b17c-762d7f601570,human-ai,4.0,3,True,author_2,ai,author_2,ai,True,human,"to find this mysterious island. They spent the next few days in the local library, poring over old maritime records and tales of forgotten islands, hoping to uncover a clue that"
conv_2f306db5-d066-4651-b17c-762d7f601570,human-ai,5.0,4,True,author_2,ai,author_1,human,False,ai,"might help them understand where the map might have come from and how they might get to the island. But also Mia was, as always, hoping, to"
conv_2f306db5-d066-4651-b17c-762d7f601570,human-ai,5.0,4,True,author_2,ai,author_2,ai,True,human,"find a way to uncover the secrets that seemed to weave through the fabric of their town. Liam, on the other hand, was more practical, focusing on the logistics of a"
conv_2f306db5-d066-4651-b17c-762d7f601570,human-ai,6.0,5,True,author_2,ai,author_1,human,False,ai,"plan to reach this mysterious island. He, unlike Mia, felt sure that this would not be where they'd find the town's"
conv_2f306db5-d066-4651-b17c-762d7f601570,human-ai,6.0,5,True,author_2,ai,author_2,ai,True,human,"answers, but he was willing to follow his friend’s lead, knowing that sometimes the journey itself was more important than the destination. Together, they decided to seek out the town"
conv_2f306db5-d066-4651-b17c-762d7f601570,human-ai,7.0,6,True,author_2,ai,author_1,human,False,ai,Specialist. She had been the one who last saw Maren. Maren had been the last person to get lost trying to
conv_2f306db5-d066-4651-b17c-762d7f601570,human-ai,7.0,6,True,author_2,ai,author_2,ai,True,human,"find the island. The Specialist, an elderly woman with a reputation for knowing more about the town’s secrets than anyone else, listened intently as Mia and Liam explained their discovery"
conv_2f306db5-d066-4651-b17c-762d7f601570,human-ai,8.0,7,True,author_2,ai,author_1,human,False,ai,". In the end, she, to the surprise of both Mia and Liam, told them directly that she did in fact have some answers. Only she didn't want to tell them."
conv_2f306db5-d066-4651-b17c-762d7f601570,human-ai,8.0,7,True,author_2,ai,author_2,ai,True,human,"Instead, she gave them an old, leather-bound journal, warning them to read it carefully and to follow its guidance to the letter. “The answers you seek are within these"
conv_2f306db5-d066-4651-b17c-762d7f601570,human-ai,9.0,8,True,author_2,ai,author_1,human,False,ai,"words, but look too closely and you might never find your way home"". Immediately, Mia thought of Harry Potter, while Liam thought of the old lady."
conv_2f306db5-d066-4651-b17c-762d7f601570,human-ai,9.0,8,True,author_2,ai,author_2,ai,True,human,"was just being dramatic. Nevertheless, they promised to be cautious and thanked her. As they walked back under the dim streetlights, the weight of the journal in Mia’s hands"
conv_328804bd-df9e-47da-ad43-e4da646b9ceb,human-ai,1.0,,False,author_2,ai,author_1,human,False,ai,
conv_328804bd-df9e-47da-ad43-e4da646b9ceb,human-ai,1.0,,False,author_2,ai,author_2,ai,True,human,"a young girl named Sophia, who lived in a small village surrounded by rolling hills and dense forests. She was known throughout the village for her curiosity and sense of adventure, often"
conv_328804bd-df9e-47da-ad43-e4da646b9ceb,human-ai,2.0,1,True,author_2,ai,author_1,human,False,ai,"leading her wandering far into the restricted area. The restricted area was at the other side of the nearby prairie, leading to the foot"
conv_328804bd-df9e-47da-ad43-e4da646b9ceb,human-ai,2.0,1,True,author_2,ai,author_2,ai,True,human,"of a magnificent and ancient mountain, its peak shrouded in a perpetual mist. The villagers believed the mountain was cursed, and many whispered stories of strange happenings and un"
conv_328804bd-df9e-47da-ad43-e4da646b9ceb,human-ai,3.0,2,True,author_2,ai,author_1,human,False,ai,"settling findings throughout the restricted area. The Kingsguard had once performed a full expedition, trying to uncover the mysteries of the area,"
conv_328804bd-df9e-47da-ad43-e4da646b9ceb,human-ai,3.0,2,True,author_2,ai,author_2,ai,True,human,"but they never returned, leaving behind only a cryptic message etched into a stone monument at the edge of the prairie, warning of an ""echoing silence"" and"
conv_328804bd-df9e-47da-ad43-e4da646b9ceb,human-ai,4.0,3,True,author_2,ai,author_1,human,False,ai,"""bright darkness."" No one had dared venture as long as they did ever since, but Sophia was intrigued with the area, and said this day"
conv_328804bd-df9e-47da-ad43-e4da646b9ceb,human-ai,4.0,3,True,author_2,ai,author_2,ai,True,human,"as she stood before the stone monument, she felt an inexplicable pull to explore the very depths of the restricted area, to unravel the secrets that lay hidden within the ""bright"
conv_328804bd-df9e-47da-ad43-e4da646b9ceb,human-ai,5.0,4,True,author_2,ai,author_1,human,False,ai,"darkness"" and the ""echoing silence"". She left as the moon arrived, just after the housemaid had blown out"
conv_328804bd-df9e-47da-ad43-e4da646b9ceb,human-ai,5.0,4,True,author_2,ai,author_2,ai,True,human,"the last of the evening candles, casting the village in an inky blackness that seemed to pulse with an otherworldly energy. With a deep breath, Sophia slipped out"
conv_328804bd-df9e-47da-ad43-e4da646b9ceb,human-ai,6.0,5,True,author_2,ai,author_1,human,False,ai,"and moved through the dark parts of the village. She was not to be seen, as this in fact was"
conv_328804bd-df9e-47da-ad43-e4da646b9ceb,human-ai,6.0,5,True,author_2,ai,author_2,ai,True,human,"strictly forbidden by the village elder, who had long warned of the dangers that lurked in the shadows, and the severe punishment that would befall anyone caught sneaking out"
conv_328804bd-df9e-47da-ad43-e4da646b9ceb,human-ai,7.0,6,True,author_2,ai,author_1,human,False,ai,"however, Sophia was a curious and adventurous girl, so she left the village all right, and moved towards the prairie. The stream dividing"
conv_328804bd-df9e-47da-ad43-e4da646b9ceb,human-ai,7.0,6,True,author_2,ai,author_2,ai,True,human,"the village from the prairie babbled and churned, its gentle voice a stark contrast to the darkness that seemed to press in around her. Sophia followed the stream's"
conv_328804bd-df9e-47da-ad43-e4da646b9ceb,human-ai,8.0,7,True,author_2,ai,author_1,human,False,ai,"rumble, as this was the only passage toward the prairie. However, the current was rough today, so Sophia had a hard time"
conv_328804bd-df9e-47da-ad43-e4da646b9ceb,human-ai,8.0,7,True,author_2,ai,author_2,ai,True,human,"crossing it, the icy water swirling around her ankles and threatening to sweep her off balance. She grasped at the smooth stones that lined the stream's bed, her fingers"
conv_328804bd-df9e-47da-ad43-e4da646b9ceb,human-ai,9.0,8,True,author_2,ai,author_1,human,False,ai,"icy cold, and her feet trembling. She finally crossed the murky waters, and the well-known silence, but that being a very loud"
conv_328804bd-df9e-47da-ad43-e4da646b9ceb,human-ai,9.0,8,True,author_2,ai,author_2,ai,True,human,"silence, the kind that seemed to reverberate through every cell of her body, making her skin prickle with unease. As she emerged onto the prairie,"
conv_33502e38-922d-4e7d-a252-ab236947c3d2,human-ai,1.0,,True,author_1,human,author_1,human,True,ai,"Michael. Michael is not only a father - he is also a son, a cousin, a brother, a friend, and a husband. But more so, he"
conv_33502e38-922d-4e7d-a252-ab236947c3d2,human-ai,1.0,,True,author_1,human,author_2,ai,False,human,"was a man consumed by his own sense of purpose, driven by a passion that had been simmering within him for years. He had a vision, a dream that he had"
conv_33502e38-922d-4e7d-a252-ab236947c3d2,human-ai,2.0,1,True,author_1,human,author_1,human,True,ai,"pushed to the side all these years, as he was climbing the corporate ladder. As he was caring for his children, and cooking for his"
conv_33502e38-922d-4e7d-a252-ab236947c3d2,human-ai,2.0,1,True,author_1,human,author_2,ai,False,human,"wife, the familiar rhythms of family life had become a comforting distraction from the gentle nagging of his own ambitions. But on quiet nights, when the house was still and the"
conv_33502e38-922d-4e7d-a252-ab236947c3d2,human-ai,3.0,2,True,author_1,human,author_1,human,True,ai,neighbors had turned off the lights - Michael returned to this dreamy state. He isolated himself from outer stimuli and disappeared into
conv_33502e38-922d-4e7d-a252-ab236947c3d2,human-ai,3.0,2,True,author_1,human,author_2,ai,False,human,"the depths of his own mind, where the memories of his childhood passions and creative pursuits awaited him like old friends. The smell of freshly sharpened pencils, the feel of paint"
conv_33502e38-922d-4e7d-a252-ab236947c3d2,human-ai,4.0,3,True,author_1,human,author_1,human,True,ai,"at the end of the brush, being lathered against the walls. His secret. His secret only. But problems arose the first day."
conv_33502e38-922d-4e7d-a252-ab236947c3d2,human-ai,4.0,3,True,author_1,human,author_2,ai,False,human,"he decided to bring his secret out into the open, as he stumbled upon an old, forgotten easel in the attic, covered in dust and cobwebs, with a canvas"
conv_33502e38-922d-4e7d-a252-ab236947c3d2,human-ai,5.0,4,True,author_1,human,author_1,human,True,ai,grey from all the dust. He knew that he had to uncover what was underneath. His curiosity was piqued. His interest -
conv_33502e38-922d-4e7d-a252-ab236947c3d2,human-ai,5.0,4,True,author_1,human,author_2,ai,False,human,"piqued, Michael gently began to wipe away the layers of dust, revealing a glimpse of vibrant colors and bold brushstrokes, and as the last of the dust fell"
conv_33502e38-922d-4e7d-a252-ab236947c3d2,human-ai,6.0,5,True,author_1,human,author_1,human,True,ai,"to the floor, Michael realized what he had to do now. His secret could no longer be kept to himself, and he would have"
conv_33502e38-922d-4e7d-a252-ab236947c3d2,human-ai,6.0,5,True,author_1,human,author_2,ai,False,human,"to share it with the one person he had been hiding it from the most - his wife. The thought sent a mix of emotions swirling through his chest, as he imagined her"
conv_33502e38-922d-4e7d-a252-ab236947c3d2,human-ai,7.0,6,True,author_1,human,author_1,human,True,ai,running her hands over the thin layers of old paint - kept in good condition due to the thick dust. He knew that she would question him out - how did he find this
conv_33502e38-922d-4e7d-a252-ab236947c3d2,human-ai,7.0,6,True,author_1,human,author_2,ai,False,human,"treasure, why he had kept it hidden for so long, and what it meant to him. The questions swirled in his mind like a storm, and he could"
conv_33502e38-922d-4e7d-a252-ab236947c3d2,human-ai,8.0,7,True,author_1,human,author_1,human,True,ai,feel his hands getting sweaty. The painting was not just any painting. But you need expertise within the field to know its worth - something Michael had held to
conv_33502e38-922d-4e7d-a252-ab236947c3d2,human-ai,8.0,7,True,author_1,human,author_2,ai,False,human,"himself for years, a secret that only a select few in the art world would recognize, and as he stood there, frozen in anticipation, he heard the sound of his"
conv_33502e38-922d-4e7d-a252-ab236947c3d2,human-ai,9.0,8,True,author_1,human,author_1,human,True,ai,"alarm clock going off in the basement. He panicked. Realized that he had to go to work, and that his wife would wake up to the sound going."
conv_33502e38-922d-4e7d-a252-ab236947c3d2,human-ai,9.0,8,True,author_1,human,author_2,ai,False,human,"off and start her day, oblivious to the revelation that had just shaken Michael's world, and he knew he had to hurry, to get out the door before she saw the"
conv_396737da-f9a2-4564-9edf-3712ef73724d,human-ai,1.0,,False,author_2,ai,author_1,human,False,ai,
conv_396737da-f9a2-4564-9edf-3712ef73724d,human-ai,1.0,,False,author_2,ai,author_2,ai,True,human,"two childhood friends, Lily and Max, who grew up in a small town nestled between rolling hills and a vast, shimmering lake. They spent their"
conv_396737da-f9a2-4564-9edf-3712ef73724d,human-ai,2.0,1,True,author_2,ai,author_1,human,False,ai,"summers exploring forbidden caves where there had been deeply disturbing problems with children in the past. They weren't afraid, they thought, because"
conv_396737da-f9a2-4564-9edf-3712ef73724d,human-ai,2.0,1,True,author_2,ai,author_2,ai,True,human,"they had each other. The caves were dark and filled with the echoes of whispers, but Lily and Max always found their way through the twisting passages, their flashlights cutting through"
conv_396737da-f9a2-4564-9edf-3712ef73724d,human-ai,3.0,2,True,author_2,ai,author_1,human,False,ai,"the musty air. They slipped on some mud as the passage sloped downward. And when they came to a stop they were in a very different world, even a different time."
conv_396737da-f9a2-4564-9edf-3712ef73724d,human-ai,3.0,2,True,author_2,ai,author_2,ai,True,human,"The air was warmer and carried a sweet, floral scent. The cave walls glowed with a soft, bioluminescent light, casting everything in a surreal, azure hue"
conv_396737da-f9a2-4564-9edf-3712ef73724d,human-ai,4.0,3,True,author_2,ai,author_1,human,False,ai,[avoid trite phrases and move the story forward] that were cast by gem-like lasers and manned by creatures that looked like
conv_396737da-f9a2-4564-9edf-3712ef73724d,human-ai,4.0,3,True,author_2,ai,author_2,ai,True,human,"giant, luminous insects with iridescent wings. The creatures moved gracefully, attending to intricate machinery that hummed with an ancient, rhythmic energy. Lily and Max"
conv_396737da-f9a2-4564-9edf-3712ef73724d,human-ai,5.0,4,True,author_2,ai,author_1,human,False,ai,"were startled but not surprised, they knew the children that had been returned in the past were drained of blood and spoke in another language."
conv_396737da-f9a2-4564-9edf-3712ef73724d,human-ai,5.0,4,True,author_2,ai,author_2,ai,True,human,"Lily and Max exchanged a nervous glance, the stories of the missing children echoing in their minds. They had always thought those tales were just spooky legends, but now, standing"
conv_396737da-f9a2-4564-9edf-3712ef73724d,human-ai,6.0,5,True,author_2,ai,author_1,human,False,ai,"in the presence of creatures, they were ready to engage them and learn why they were there. They knew there was a connection to older Nazi projects."
conv_396737da-f9a2-4564-9edf-3712ef73724d,human-ai,6.0,5,True,author_2,ai,author_2,ai,True,human,"The air grew tense as Lily and Max stepped forward, their curiosity overriding their fear. ""Who are you, and what do you want with us?"" Lily asked, her voice"
conv_396737da-f9a2-4564-9edf-3712ef73724d,human-ai,7.0,6,True,author_2,ai,author_1,human,False,ai,trembling. She recalled a story her grandmother had told her in which humans were divided into different castes for different fates.
conv_396737da-f9a2-4564-9edf-3712ef73724d,human-ai,7.0,6,True,author_2,ai,author_2,ai,True,human,"The largest insect-like creature approached them, its eyes glowing a deep, calming blue. ""We are the Custodians of the Aether,"" it said in a melodious"
conv_396737da-f9a2-4564-9edf-3712ef73724d,human-ai,8.0,7,True,author_2,ai,author_1,human,False,ai,voice. The Aether demands sacrifices. At least that is what we were told by previous humans. Why do you like sacrifice so much?
conv_396737da-f9a2-4564-9edf-3712ef73724d,human-ai,8.0,7,True,author_2,ai,author_2,ai,True,human,"Lily and Max exchanged a bewildered look. ""We don't like sacrifice,"" Max replied, his voice steady. ""We just want to understand what's happening and why"
conv_396737da-f9a2-4564-9edf-3712ef73724d,human-ai,9.0,8,True,author_2,ai,author_1,human,False,ai,"There are so many happenings here."" The creature responded: ""Surely you have stories that demand sacrifice. What is its purpose?"""
conv_396737da-f9a2-4564-9edf-3712ef73724d,human-ai,9.0,8,True,author_2,ai,author_2,ai,True,human,"Lily nodded, thinking of the ancient myths and tales that spoke of sacrifices to appease gods or ensure the harvest. ""In our stories, sacrifices are often meant to bring"
conv_3b65e0a1-1bf7-4f16-825f-63867d60f8d3,human-ai,1.0,,True,author_1,human,author_1,human,True,ai,"A whale, a blue whale, with no good friends and no acquaintances with similar interests to its own. Each Sunday, this whale, who some call Claire, swims all the way to England and back."
conv_3b65e0a1-1bf7-4f16-825f-63867d60f8d3,human-ai,1.0,,True,author_1,human,author_2,ai,False,human,"to sing opera in the abandoned lighthouse at Land's End. 

She discovered it three years ago during a particularly lonely migration, when the fog was so thick she nearly be"
conv_3b65e0a1-1bf7-4f16-825f-63867d60f8d3,human-ai,2.0,1,True,author_1,human,author_1,human,True,ai,"came lost in the endless waves and for unmeasurable moments contemplated becoming one with the waves, forever sinking and rising with the moon. Instead, she found soundwaves to"
conv_3b65e0a1-1bf7-4f16-825f-63867d60f8d3,human-ai,2.0,1,True,author_1,human,author_2,ai,False,human,"follow—strange, haunting melodies that drifted through the water like silver threads. They led her to the lighthouse, where an old gramophone sat rusting in"
conv_3b65e0a1-1bf7-4f16-825f-63867d60f8d3,human-ai,3.0,2,True,author_1,human,author_1,human,True,ai,"The sounds produced a new sensation in her flesh, her bones tingling along to the scrapings of the record. She didn't know how, but she changed and climbed onto land, her"
conv_3b65e0a1-1bf7-4f16-825f-63867d60f8d3,human-ai,3.0,2,True,author_1,human,author_2,ai,False,human,"massive body somehow lighter, more fluid, as if the music had rewritten the rules of what she could be. Her flippers found purchase on the rocky shore, and she"
conv_3b65e0a1-1bf7-4f16-825f-63867d60f8d3,human-ai,4.0,3,True,author_1,human,author_1,human,True,ai,"paused for a moment, feeling the air on her skin, and a calm coolness within. Then as if drawn to the sound, she walked, no, floated, drifted towards it."
conv_3b65e0a1-1bf7-4f16-825f-63867d60f8d3,human-ai,4.0,3,True,author_1,human,author_2,ai,False,human,"the lighthouse door, which hung open like an invitation. Inside, dust motes danced in the thin beam of moonlight that pierced the tower's heights. The gram"
conv_3b65e0a1-1bf7-4f16-825f-63867d60f8d3,human-ai,5.0,4,True,author_1,human,author_1,human,True,ai,"ophone played sweetly, as the old friend she'd never known. But there, there in the corner sat a creature, much unlike her usual shape. But then again, how unlike her old being wasn't she?"
conv_3b65e0a1-1bf7-4f16-825f-63867d60f8d3,human-ai,5.0,4,True,author_1,human,author_2,ai,False,human,"now? The creature—small, furred, with eyes like polished stones—raised its head and spoke in a voice that resonated with the same frequency as her deep"
conv_3b65e0a1-1bf7-4f16-825f-63867d60f8d3,human-ai,6.0,5,True,author_1,human,author_1,human,True,ai,"longing for company, for reflection, for a sky or heaven able to provide an image of her soul. And so she sang, of nothing in particular, and gentle waves brushed and nurtured the"
conv_3b65e0a1-1bf7-4f16-825f-63867d60f8d3,human-ai,6.0,5,True,author_1,human,author_2,ai,False,human,"rocks below. The creature listened without judgment, its small body swaying to her improvised aria. When she finished, it smiled—or seemed to—and gestured towar"
conv_3b65e0a1-1bf7-4f16-825f-63867d60f8d3,human-ai,7.0,6,True,author_1,human,author_1,human,True,ai,"d towards the stairs leading further up. Claire had never climbed before, knew no ""up"" without a surface to breach, but she trusted this creature, its odd voice and calming stone-grey"
conv_3b65e0a1-1bf7-4f16-825f-63867d60f8d3,human-ai,7.0,6,True,author_1,human,author_2,ai,False,human,"eyes that held no fear of her strangeness. Together they ascended the spiral stairs, Claire's new form adapting with each step, the creature leading with patient,"
conv_3b65e0a1-1bf7-4f16-825f-63867d60f8d3,human-ai,8.0,7,True,author_1,human,author_1,human,True,ai,"firm steps, as if to teach her how to walk and trust her new nature as well. The ocean was nothing when seen from above, so distant and unlovely, so light, and Claire wondered if this"
conv_3b65e0a1-1bf7-4f16-825f-63867d60f8d3,human-ai,8.0,7,True,author_1,human,author_2,ai,False,human,"was how the stars felt each night—watching from such height that even vast waters became merely a mirror, reflecting rather than holding. At the top, the creature gestured to"
conv_3b65e0a1-1bf7-4f16-825f-63867d60f8d3,human-ai,9.0,8,True,author_1,human,author_1,human,True,ai,"her, but she had no clue what action it called for, what language to employ. She sang, to the creature, the stars, the ocean and her surface so new and strange, now vibrating in harmony."
conv_3b65e0a1-1bf7-4f16-825f-63867d60f8d3,human-ai,9.0,8,True,author_1,human,author_2,ai,False,human,"with everything around her. The lighthouse lens began to glow—not with electric light, but with something older, something that responded to her voice alone. The creature joined her"
conv_3c43f51a-ffcf-4161-8d6d-b76bf669acb6,human-ai,1.0,,True,author_1,human,author_1,human,True,ai,"Some people are content with mediocrity and the average loop of life containing dropping the kids off at school, working a 9-5, waiting impatiently for the weekend, but not the Legend."
conv_3c43f51a-ffcf-4161-8d6d-b76bf669acb6,human-ai,1.0,,True,author_1,human,author_2,ai,False,human,"a man who refused to settle for the mundane. His name was Thaddeus, but everyone called him The Legend. From a young age,"
conv_3c43f51a-ffcf-4161-8d6d-b76bf669acb6,human-ai,2.0,1,True,author_1,human,author_1,human,True,ai,Thaddeus knew that he was made for greatness - something more. He wasn't just put on earth just to experience the agony and misery that life often
conv_3c43f51a-ffcf-4161-8d6d-b76bf669acb6,human-ai,2.0,1,True,author_1,human,author_2,ai,False,human,"bestows. No, Thaddeus was destined for something extraordinary. His heart beat with an unquenchable fire, a relentless drive that pushed him to seek out"
conv_3c43f51a-ffcf-4161-8d6d-b76bf669acb6,human-ai,3.0,2,True,author_1,human,author_1,human,True,ai,"the measures to improve his life, and the lives of those around him. After years of seeking, eventually Thaddeus found the secret to greatness:"
conv_3c43f51a-ffcf-4161-8d6d-b76bf669acb6,human-ai,3.0,2,True,author_1,human,author_2,ai,False,human,"It wasn’t a single moment of revelation, but a series of small, deliberate actions. He started with self-education, devouring books on leadership, philosophy, and innovation"
conv_3c43f51a-ffcf-4161-8d6d-b76bf669acb6,human-ai,4.0,3,True,author_1,human,author_1,human,True,ai,"and after all his work he was finally led him the key of happiness, health and wealth: gambling. The apogee and culmination of human performance and"
conv_3c43f51a-ffcf-4161-8d6d-b76bf669acb6,human-ai,4.0,3,True,author_1,human,author_2,ai,False,human,"risk-taking. To some, it seemed like an odd choice, but Thaddeus saw it as the ultimate test of skill, strategy, and mental fortitude. He"
conv_3c43f51a-ffcf-4161-8d6d-b76bf669acb6,human-ai,5.0,4,True,author_1,human,author_1,human,True,ai,"saw something that only a few absolute legends before him had the ability to scout. The potential of gambling was infinite, and Thaddeus knew that only the human minds set the limits."
conv_3c43f51a-ffcf-4161-8d6d-b76bf669acb6,human-ai,5.0,4,True,author_1,human,author_2,ai,False,human,"to what could be achieved. With this newfound understanding, he threw himself into the world of high-stakes games, honing his skills and building a reputation that preceded him wherever"
conv_3c43f51a-ffcf-4161-8d6d-b76bf669acb6,human-ai,6.0,5,True,author_1,human,author_1,human,True,ai,"he went. Some people knew him as the baccarat prophet, some the blackjack conqueror, and many other names like: the poker pirate, roulette racer, the slut of slots. only one thing was"
conv_3c43f51a-ffcf-4161-8d6d-b76bf669acb6,human-ai,6.0,5,True,author_1,human,author_2,ai,False,human,"certain—Thaddeus, The Legend, was a force to be reckoned with. His legend grew with each victory, each calculated risk that paid off in ways"
conv_3c43f51a-ffcf-4161-8d6d-b76bf669acb6,human-ai,7.0,6,True,author_1,human,author_1,human,True,ai,"difficult to imagine. From the outside looking in, his choices might have seemed random, high risk and at times moronic for some. But his actions were anything"
conv_3c43f51a-ffcf-4161-8d6d-b76bf669acb6,human-ai,7.0,6,True,author_1,human,author_2,ai,False,human,"but. Every move was meticulously planned, every decision weighed against a complex web of probabilities and outcomes. Thaddeus had turned the art of gambling into a science, and"
conv_3c43f51a-ffcf-4161-8d6d-b76bf669acb6,human-ai,8.0,7,True,author_1,human,author_1,human,True,ai,"this had turned his life around. He went from having a hopeless life, career, love life, family life etc. but gambling had solved any and every one of these"
conv_3c43f51a-ffcf-4161-8d6d-b76bf669acb6,human-ai,8.0,7,True,author_1,human,author_2,ai,False,human,"issues. His success in the casinos brought him wealth, which he used to start charitable foundations and invest in innovative startups. His reputation as a strategic genius drew people to him,"
conv_3c43f51a-ffcf-4161-8d6d-b76bf669acb6,human-ai,9.0,8,True,author_1,human,author_1,human,True,ai,which eventually led others to believe that they had the powers it took to win in gambling and therefore in life. Nothing could be further from the truth.
conv_3c43f51a-ffcf-4161-8d6d-b76bf669acb6,human-ai,9.0,8,True,author_1,human,author_2,ai,False,human,"Nothing could be further from the truth. Thaddeus knew that his success was not just about luck or even innate skill; it was about discipline, strategy, and an"
conv_3c5b888e-d991-4bce-adad-5584923b75b5,human-ai,1.0,,True,author_1,human,author_1,human,True,ai,"The dwarf slammed his desk as hard as he could. Though the table was sturdy and had served him for many years, the force of his anger split it in"
conv_3c5b888e-d991-4bce-adad-5584923b75b5,human-ai,1.0,,True,author_1,human,author_2,ai,False,human,"two. Papers scattered like autumn leaves, and the inkwell toppled, sending a black river across the floor of his workshop. Tormund Ironbeard stood there"
conv_3c5b888e-d991-4bce-adad-5584923b75b5,human-ai,2.0,1,True,author_1,human,author_1,human,True,ai,". Shaking with anger. ""How could you betray me like this?"" No response. The silence was deafening. Slowly his anger turned to"
conv_3c5b888e-d991-4bce-adad-5584923b75b5,human-ai,2.0,1,True,author_1,human,author_2,ai,False,human,"sorrow, and his clenched fists loosened. The empty workshop seemed to echo with ghosts of laughter that once filled it—his apprentice's l"
conv_3c5b888e-d991-4bce-adad-5584923b75b5,human-ai,3.0,2,True,author_1,human,author_1,human,True,ai,silhouette still cast a shadow over the empty chair in the corner but there was no one there. As Tormund came to his senses he took a breath and realized that he was
conv_3c5b888e-d991-4bce-adad-5584923b75b5,human-ai,3.0,2,True,author_1,human,author_2,ai,False,human,"alone. Truly alone for the first time in fifteen years. The shadow, he now saw, was merely a trick of the candlelight playing across the worn leather seat"
conv_3c5b888e-d991-4bce-adad-5584923b75b5,human-ai,4.0,3,True,author_1,human,author_1,human,True,ai,At the sight of this a new rage stronger than anything Midgard had ever seen woke in his chest. He had finally broken free from the
conv_3c5b888e-d991-4bce-adad-5584923b75b5,human-ai,4.0,3,True,author_1,human,author_2,ai,False,human,"chains of grief that had bound him since his apprentice's departure. This was no ordinary anger—this was the ancient fury of the mountain folk, the kind that forge"
conv_3c5b888e-d991-4bce-adad-5584923b75b5,human-ai,5.0,4,True,author_1,human,author_1,human,True,ai,The candle had toyed with him for 15 long years. For 15 years he had sat staring at the shadow on the chair thinking it was his apprentice. But now he saw the
conv_3c5b888e-d991-4bce-adad-5584923b75b5,human-ai,5.0,4,True,author_1,human,author_2,ai,False,human,"truth with terrible clarity. His apprentice had left on the very first day, taking the master plans for the Ironforge mechanism. All these years, Tormund ha"
conv_3c5b888e-d991-4bce-adad-5584923b75b5,human-ai,6.0,5,True,author_1,human,author_1,human,True,ai,d been played for a fool. The great master candle had put him under his spell to gain the power of Ironforge. But now he had awoken. He stood up and walked toward
conv_3c5b888e-d991-4bce-adad-5584923b75b5,human-ai,6.0,5,True,author_1,human,author_2,ai,False,human,"the candle with deliberate steps, his boots crunching on broken wood and scattered parchment. The flame flickered nervously, casting wild shadows across the walls"
conv_3c5b888e-d991-4bce-adad-5584923b75b5,human-ai,7.0,6,True,author_1,human,author_1,human,True,ai,These shadows that only minutes ago would have sent him into a schizo psychosis now had no effect. Step by step he came close and his shadow behind him grew. He
conv_3c5b888e-d991-4bce-adad-5584923b75b5,human-ai,7.0,6,True,author_1,human,author_2,ai,False,human,"reached out with calloused fingers, steady and sure. The master candle seemed to recoil, its flame bending away from him as if caught in an impossible"
conv_3c5b888e-d991-4bce-adad-5584923b75b5,human-ai,8.0,7,True,author_1,human,author_1,human,True,ai,turbulence bending it away from his hand like a cat that doesn't want to be petted. Cats had never liked Tormund.
conv_3c5b888e-d991-4bce-adad-5584923b75b5,human-ai,8.0,7,True,author_1,human,author_2,ai,False,human,"and neither, it seemed, did enchanted flames. But Tormund was done being manipulated. With one swift motion, he grasped the candle by its"
conv_3c5b888e-d991-4bce-adad-5584923b75b5,human-ai,9.0,8,True,author_1,human,author_1,human,True,ai,tiny neck. He bent forward and blew at the flame like the wolf did at the three pigs' houses. Tormund liked pigs. The flame went out and the room turned
conv_3c5b888e-d991-4bce-adad-5584923b75b5,human-ai,9.0,8,True,author_1,human,author_2,ai,False,human,"pitch black. For a moment, there was only silence and darkness. Then, slowly, a new light began to grow—not from any candle, but from the"
conv_40197f84-33aa-433b-93b1-045691051ebc,human-ai,1.0,,False,author_2,ai,author_1,human,False,ai,
conv_40197f84-33aa-433b-93b1-045691051ebc,human-ai,1.0,,False,author_2,ai,author_2,ai,True,human,"two unlikely friends, a fox named Faye and a turtle named Theo, who met in the heart of a vast, enchanted forest. The forest was"
conv_40197f84-33aa-433b-93b1-045691051ebc,human-ai,2.0,1,True,author_2,ai,author_1,human,False,ai,"a very dark and foggy place, where the noises of bugs and crunching leaves could be heard from miles away, yet there was a calming feeling about it."
conv_40197f84-33aa-433b-93b1-045691051ebc,human-ai,2.0,1,True,author_2,ai,author_2,ai,True,human,"it. One misty morning, Faye, with her sleek red fur and swift, agile movements, stumbled upon a clearing where Theo, with his slow, deliberate pace and"
conv_40197f84-33aa-433b-93b1-045691051ebc,human-ai,3.0,2,True,author_2,ai,author_1,human,False,ai,beautiful green color shield could be seen. Theo had a smile on his face despite the fact that it was misty and cold. Faye smiled as she
conv_40197f84-33aa-433b-93b1-045691051ebc,human-ai,3.0,2,True,author_2,ai,author_2,ai,True,human,"approached him, her curiosity piqued. ""Good morning, little one,"" Faye said softly, her voice warm and friendly. ""Why are you so cheerful on"
conv_40197f84-33aa-433b-93b1-045691051ebc,human-ai,4.0,3,True,author_2,ai,author_1,human,False,ai,"""Such a misty morning?"" Theo looked at her, smiling brightly. ""Why not make the best of something bad? Plus, I have your company."" Faye blushed at Theo."
conv_40197f84-33aa-433b-93b1-045691051ebc,human-ai,4.0,3,True,author_2,ai,author_2,ai,True,human,"and felt a warmth in her chest she hadn't expected. ""Well, you certainly know how to brighten a day,"" she replied, her eyes twinkling. ""What"
conv_40197f84-33aa-433b-93b1-045691051ebc,human-ai,5.0,4,True,author_2,ai,author_1,human,False,ai,"""Are your plans today?"" Theo looked at her with happiness in his eyes. ""Whatever your plans are, my dear."" Theo blushed as he"
conv_40197f84-33aa-433b-93b1-045691051ebc,human-ai,5.0,4,True,author_2,ai,author_2,ai,True,human,"said, his shell feeling a bit warmer. Faye chuckled, a light, melodic sound. ""Well, I was thinking of exploring a bit more of the forest."
conv_40197f84-33aa-433b-93b1-045691051ebc,human-ai,6.0,5,True,author_2,ai,author_1,human,False,ai,"Theo looked at her intrigued ""Well that sounds like a lovely plan dear"" Faye looked at Theo ""Would you care to join me on"
conv_40197f84-33aa-433b-93b1-045691051ebc,human-ai,6.0,5,True,author_2,ai,author_2,ai,True,human,"this adventure?"" she asked, her tail swishing excitedly. ""I could use a companion with such a wise and cheerful spirit."""
conv_40197f84-33aa-433b-93b1-045691051ebc,human-ai,7.0,6,True,author_2,ai,author_1,human,False,ai,"""Why that would be my pleasure. Hopefully you can keep up with my speed,"" Theo said jokingly. Faye laughed loudly, she had a contagious laugh, making Theo laugh."
conv_40197f84-33aa-433b-93b1-045691051ebc,human-ai,7.0,6,True,author_2,ai,author_2,ai,True,human,"along with her. ""We'll just have to see about that,"" Faye teased, her eyes sparkling with mischief. ""But for now, let's head towards the old"
conv_40197f84-33aa-433b-93b1-045691051ebc,human-ai,8.0,7,True,author_2,ai,author_1,human,False,ai,"""Flower mark."" Theo looked dreamily forward. ""Oh, how I have missed the smell of flowers."" Faye looked at Theo with warmth. ""Yeah."""
conv_40197f84-33aa-433b-93b1-045691051ebc,human-ai,8.0,7,True,author_2,ai,author_2,ai,True,human,"me too. It's one of the most beautiful spots in the forest."" With that, they set off together, Faye leading the way with her quick steps, while Theo"
conv_40197f84-33aa-433b-93b1-045691051ebc,human-ai,9.0,8,True,author_2,ai,author_1,human,False,ai,"was walking slowly behind her. ""Have I told you how gorgeous you look today my dear?"" Theo asked Faye as he looked at her."
conv_40197f84-33aa-433b-93b1-045691051ebc,human-ai,9.0,8,True,author_2,ai,author_2,ai,True,human,"blushing. Faye turned to look at him, a warm smile spreading across her face. ""Why, Theo, you haven't, but it’s quite the compliment."
conv_41180468-5036-4f69-af66-b7465bcb7316,human-ai,1.0,,True,author_1,human,author_1,human,True,ai,The fairy Michelle is one of the few left who can fly. Her wings were too rare to clip and she was trained to use her wings to assist.
conv_41180468-5036-4f69-af66-b7465bcb7316,human-ai,1.0,,True,author_1,human,author_2,ai,False,human,the human settlements in the
conv_41180468-5036-4f69-af66-b7465bcb7316,human-ai,2.0,1,True,author_1,human,author_1,human,True,ai,"scavenging department. Because of this, she is allowed to leave the base where the fairies live and venture out into"
conv_41180468-5036-4f69-af66-b7465bcb7316,human-ai,2.0,1,True,author_1,human,author_2,ai,False,human,"the Wastes—those crumbling expanses where towers of glass and steel lean against each other like dying giants. 

Michelle had learned the routes by heart:"
conv_41180468-5036-4f69-af66-b7465bcb7316,human-ai,3.0,2,True,author_1,human,author_1,human,True,ai,From the base she flies past a large lake surrounded by ancient oak trees. From here she has to navigate the broken city and find
conv_41180468-5036-4f69-af66-b7465bcb7316,human-ai,3.0,2,True,author_1,human,author_2,ai,False,human,"supplies the ground crews cannot reach—medical kits sealed in pharmacies thirty floors up, solar batteries from rooftop installations, sometimes even books from the upper floors of collapsed"
conv_41180468-5036-4f69-af66-b7465bcb7316,human-ai,4.0,3,True,author_1,human,author_1,human,True,ai,"libraries. They use books and supplies to create magic spells for restoring the world after it was broken by humans. Luckily, they"
conv_41180468-5036-4f69-af66-b7465bcb7316,human-ai,4.0,3,True,author_1,human,author_2,ai,False,human,"had discovered that certain pre-Breaking texts—technical manuals, chemistry textbooks, even poetry collections—contained the linguistic keys to reconstruction magic. The words themselves held power when"
conv_41180468-5036-4f69-af66-b7465bcb7316,human-ai,5.0,4,True,author_1,human,author_1,human,True,ai,used correctly. Michelle is working in the re-population department where she helps animals find herds. It is tedious work.
conv_41180468-5036-4f69-af66-b7465bcb7316,human-ai,5.0,4,True,author_1,human,author_2,ai,False,human,"but essential. She scouts from above, tracking the movements of scattered deer, guiding lost wolf pups back to their packs, noting where the wild horses gather near water"
conv_41180468-5036-4f69-af66-b7465bcb7316,human-ai,6.0,5,True,author_1,human,author_1,human,True,ai,"She is able to use fairy dust to airlift most animals, but sea animals are the really tricky part. For those, she has"
conv_41180468-5036-4f69-af66-b7465bcb7316,human-ai,6.0,5,True,author_1,human,author_2,ai,False,human,to work with the water-speakers—fairies who gave up flight long ago to develop gills and webbed fingers. They meet her at the shoreline of the great
conv_41180468-5036-4f69-af66-b7465bcb7316,human-ai,7.0,6,True,author_1,human,author_1,human,True,ai,"ocean. From here they work together to move fish, whales, and shellfish. They have to work together to create water bubbles to transport"
conv_41180468-5036-4f69-af66-b7465bcb7316,human-ai,7.0,6,True,author_1,human,author_2,ai,False,human,"the creatures safely across land when necessary—shimmering spheres of enchanted seawater that float beside Michelle as she flies, guided by the water-speakers' songs"
conv_41180468-5036-4f69-af66-b7465bcb7316,human-ai,8.0,7,True,author_1,human,author_1,human,True,ai,Some of these jobs take several days. During the night she has to hide from the giant ancient dogs that were created to
conv_41180468-5036-4f69-af66-b7465bcb7316,human-ai,8.0,7,True,author_1,human,author_2,ai,False,human,"hunt fairies during the Breaking—massive hounds with eyes that glow red in the darkness, their breath hot enough to singe wings. They still roam the"
conv_41180468-5036-4f69-af66-b7465bcb7316,human-ai,9.0,8,True,author_1,human,author_1,human,True,ai,"lands where Michelle lives, and they smell fairy dust from miles away. The water fairies can hide by encasing themselves in water and thereby"
conv_41180468-5036-4f69-af66-b7465bcb7316,human-ai,9.0,8,True,author_1,human,author_2,ai,False,human,"masking their scent, but Michelle must find hollow trees or abandoned vehicles, folding her wings tight and sprinkling counter-dust—a bitter mixture that confuses"
conv_412eb7ca-cafa-4e38-8b2d-0a40272af090,human-ai,1.0,,False,author_1,human,author_1,human,True,ai,Mia the magnificent magician born and raised in a circus truck in Amsterdam. The circus travels all over the world and Mia has therefore got to know a
conv_412eb7ca-cafa-4e38-8b2d-0a40272af090,human-ai,1.0,,False,author_1,human,author_2,ai,False,human,
conv_412eb7ca-cafa-4e38-8b2d-0a40272af090,human-ai,2.0,1,True,author_1,human,author_1,human,True,ai,lot of different kind of people. Some more friendly than others. She has also learned a lot of culture and traditions of the different kinds of people.
conv_412eb7ca-cafa-4e38-8b2d-0a40272af090,human-ai,2.0,1,True,author_1,human,author_2,ai,False,human,"The canvas walls of her family's caravan still smelled faintly of greasepaint and sawdust, even after all these years. Mia ha"
conv_412eb7ca-cafa-4e38-8b2d-0a40272af090,human-ai,3.0,2,True,author_1,human,author_1,human,True,ai,"to have this smell in her nostrils to feel truly at home. She didn't have much growing up, but the things she had"
conv_412eb7ca-cafa-4e38-8b2d-0a40272af090,human-ai,3.0,2,True,author_1,human,author_2,ai,False,human,"were precious beyond measure—her grandmother's silk scarves that shimmered with impossible colors, a deck of cards so worn the edges felt like velvet, and most importantly"
conv_412eb7ca-cafa-4e38-8b2d-0a40272af090,human-ai,4.0,3,True,author_1,human,author_1,human,True,ai,"the glass orb she got when her mother died from cancer. A thing Mia still struggled to talk about, even"
conv_412eb7ca-cafa-4e38-8b2d-0a40272af090,human-ai,4.0,3,True,author_1,human,author_2,ai,False,human,"though five years had passed. The orb sat on a small velvet cushion beside her bunk, catching light in ways that defied physics—sometimes swirling"
conv_412eb7ca-cafa-4e38-8b2d-0a40272af090,human-ai,5.0,4,True,author_1,human,author_1,human,True,ai,"sometimes glistening with more than twenty colours at once, truly a magnificent thing that orb. Pretty unreal"
conv_412eb7ca-cafa-4e38-8b2d-0a40272af090,human-ai,5.0,4,True,author_1,human,author_2,ai,False,human,"actually, but Mia knew better than most that the line between illusion and reality was thinner than audiences believed.

Tonight's performance in Prague would be special."
conv_412eb7ca-cafa-4e38-8b2d-0a40272af090,human-ai,6.0,5,True,author_1,human,author_1,human,True,ai,"Five newcomers had joined the troupe since the last performance, and all of the audience were excited to get to know."
conv_412eb7ca-cafa-4e38-8b2d-0a40272af090,human-ai,6.0,5,True,author_1,human,author_2,ai,False,human,"the fresh acts. There was Elena, a contortionist from Romania who could fold herself into a box no bigger than a hatbox. Then came the Tanaka brothers"
conv_412eb7ca-cafa-4e38-8b2d-0a40272af090,human-ai,7.0,6,True,author_1,human,author_1,human,True,ai,"with their acrobatic stunts with fire and venomous snakes, they were never afraid of anything, and had never been according to"
conv_412eb7ca-cafa-4e38-8b2d-0a40272af090,human-ai,7.0,6,True,author_1,human,author_2,ai,False,human,"their father, who had trained them since they could walk. The third newcomer was Omar, a juggler from Morocco whose hands moved so quickly they seemed to multiply. Fourth"
conv_412eb7ca-cafa-4e38-8b2d-0a40272af090,human-ai,8.0,7,True,author_1,human,author_1,human,True,ai,"where the former ballet dancer Natasja. Now she danced on the line up in the ceiling of the tent instead, a truly dangerous"
conv_412eb7ca-cafa-4e38-8b2d-0a40272af090,human-ai,8.0,7,True,author_1,human,author_2,ai,False,human,"act that left spectators breathless and clutching their seats. And finally, there was someone Mia hadn't quite figured out yet—a quiet man named Vincent who"
conv_412eb7ca-cafa-4e38-8b2d-0a40272af090,human-ai,9.0,8,True,author_1,human,author_1,human,True,ai,"acted a bit strange. Mia knew many people from her journeys with the circus, but no one like him. He was odd in a way Mia."
conv_412eb7ca-cafa-4e38-8b2d-0a40272af090,human-ai,9.0,8,True,author_1,human,author_2,ai,False,human,"couldn't articulate. He claimed to be a mentalist, reading thoughts and predicting futures, but there was something in his eyes when he looked at her glass orb"
conv_46b5cd4c-130a-4b4c-84e1-30f78572d0bb,human-ai,1.0,,False,author_2,ai,author_1,human,False,ai,
conv_46b5cd4c-130a-4b4c-84e1-30f78572d0bb,human-ai,1.0,,False,author_2,ai,author_2,ai,True,human,"a young girl named Aria who lived in a small village surrounded by vast, rolling hills and dense forests. The villagers often spoke of strange occurrences and unexplained events that took"
conv_46b5cd4c-130a-4b4c-84e1-30f78572d0bb,human-ai,2.0,1,True,author_2,ai,author_1,human,False,ai,place in a distant land that few knew of. The stories were never thought of as true and only as myths until a peddler appeared in one
conv_46b5cd4c-130a-4b4c-84e1-30f78572d0bb,human-ai,2.0,1,True,author_2,ai,author_2,ai,True,human,"of the village's taverns, carrying a large sack slung over his shoulder and a worn leather map case in his hand. His eyes gleamed with a knowing spark as"
conv_46b5cd4c-130a-4b4c-84e1-30f78572d0bb,human-ai,3.0,2,True,author_2,ai,author_1,human,False,ai,"tinders take flame in a dry bonfire after a spark of striking flint. ""The seas are no longer ours for I have seen it with my own eyes,"" he exclaimed."
conv_46b5cd4c-130a-4b4c-84e1-30f78572d0bb,human-ai,3.0,2,True,author_2,ai,author_2,ai,True,human,"his voice rising above the murmur of the villagers, who leaned in closer, their faces aglow with a mix of curiosity and skepticism. The peddler's words hung"
conv_46b5cd4c-130a-4b4c-84e1-30f78572d0bb,human-ai,4.0,3,True,author_2,ai,author_1,human,False,ai,in the air while as the sound of murmuring and festive villagers halted to a complete silence. Then a sea of eyes waved towards him demanding him to
conv_46b5cd4c-130a-4b4c-84e1-30f78572d0bb,human-ai,4.0,3,True,author_2,ai,author_2,ai,True,human,"continue, their gazes piercing through the dimly lit tavern like a cold winter breeze, and the peddler, seeming to savor the attention, took a deep breath"
conv_46b5cd4c-130a-4b4c-84e1-30f78572d0bb,human-ai,5.0,4,True,author_2,ai,author_1,human,False,ai,and then slung open the map onto the wooden table. It groaned painfully as his heavy case impacted its top and he swiped open the map from its casing. He
conv_46b5cd4c-130a-4b4c-84e1-30f78572d0bb,human-ai,5.0,4,True,author_2,ai,author_2,ai,True,human,"smiled wistfully, his eyes clouding over as he gazed at the yellowed parchment, creased and worn from years of travel, and began to trace the"
conv_46b5cd4c-130a-4b4c-84e1-30f78572d0bb,human-ai,6.0,5,True,author_2,ai,author_1,human,False,ai,oceans that the villagers themselves have rarely ventured but always felt drawn to. Yet their daily duties and demanding mundane life never offered them
conv_46b5cd4c-130a-4b4c-84e1-30f78572d0bb,human-ai,6.0,5,True,author_2,ai,author_2,ai,True,human,"the chance to explore, to sail beyond the horizon, and discover the secrets that lay hidden beneath the waves. The peddler's finger moved along the map, stopping at"
conv_46b5cd4c-130a-4b4c-84e1-30f78572d0bb,human-ai,7.0,6,True,author_2,ai,author_1,human,False,ai,At a city wherein commerce reigned. A city where most materials and goods from villages would find themselves at some point in.
conv_46b5cd4c-130a-4b4c-84e1-30f78572d0bb,human-ai,7.0,6,True,author_2,ai,author_2,ai,True,human,"its bustling markets and trade halls, a city known as Calanthor, where the sound of merchants hawking their wares and the clinking of gold coins filled the"
conv_46b5cd4c-130a-4b4c-84e1-30f78572d0bb,human-ai,8.0,7,True,author_2,ai,author_1,human,False,ai,the busy streets as carriages of trade wagons push themselves through the streets. But such streets would not be visited any
conv_46b5cd4c-130a-4b4c-84e1-30f78572d0bb,human-ai,8.0,7,True,author_2,ai,author_2,ai,True,human,"more, for the peddler's finger had stopped at a large X marked in bold ink, a symbol of warning, of danger, and of desolation, and the"
conv_46b5cd4c-130a-4b4c-84e1-30f78572d0bb,human-ai,9.0,8,True,author_2,ai,author_1,human,False,ai,promise of imminent destruction. He reminded the inn that the gods had once before submerged the world in water and will do so once more. Greed will be our
conv_46b5cd4c-130a-4b4c-84e1-30f78572d0bb,human-ai,9.0,8,True,author_2,ai,author_2,ai,True,human,"downfall, and as the peddler's words hung in the air, the fire in the hearth seemed to flicker in agreement, casting eerie shadows on the walls"
conv_47dd4912-f9ef-4d2c-a033-aeb851e8f164,human-ai,1.0,,False,author_2,ai,author_1,human,False,ai,
conv_47dd4912-f9ef-4d2c-a033-aeb851e8f164,human-ai,1.0,,False,author_2,ai,author_2,ai,True,human,"Elena Rodriguez, a young marine biologist who had always dreamed of exploring the depths of the ocean. Growing up in a small coastal town in Chile, she spent countless hours watching the waves crash against the rocky shore, wondering what mysteries lurked beneath the surface. Her fascination with marine life began when her grandfather, a"
conv_47dd4912-f9ef-4d2c-a033-aeb851e8f164,human-ai,2.0,1,True,author_2,ai,author_1,human,False,ai,"fisherman, took her along on a fishing trip with the rest of his crew. They went out on the open sea and Elena saw how"
conv_47dd4912-f9ef-4d2c-a033-aeb851e8f164,human-ai,2.0,1,True,author_2,ai,author_2,ai,True,human,"the vast, blue expanse transformed from a distant, flat horizon to a living, breathing ecosystem. That day, when one of the crew members pulled up a rare, iridescent squid in their nets, Elena was mesmerized. The creature's delicate tentacles and shimmering skin seemed to tell a story of unknown depths an"
conv_47dd4912-f9ef-4d2c-a033-aeb851e8f164,human-ai,3.0,2,True,author_2,ai,author_1,human,False,ai,old squid had experienced. She wondered where it had gone throughout its life and which seas it might have traveled to. The fishermen reeled it in and
conv_47dd4912-f9ef-4d2c-a033-aeb851e8f164,human-ai,3.0,2,True,author_2,ai,author_2,ai,True,human,"carefully placed the squid in a large, saltwater tank on the boat, intending to sell it to a local marine research station. Elena watched intently, her young mind racing with questions about its journey. As the squid moved languidly in the tank, its chromatophores shifting colors like a living kaleidoscope,"
conv_47dd4912-f9ef-4d2c-a033-aeb851e8f164,human-ai,4.0,3,True,author_2,ai,author_1,human,False,ai,it seemed to look directly at her. The fishermen told her that the squid had a unique ability and was able to
conv_47dd4912-f9ef-4d2c-a033-aeb851e8f164,human-ai,4.0,3,True,author_2,ai,author_2,ai,True,human,"communicate through complex color patterns and light-emitting signals, a form of bioluminescent language that marine biologists were only beginning to understand. The old fishermen spoke in hushed, reverent tones about how such creatures could potentially transmit intricate messages across vast oceanic distances, far beyond human comprehension. Elena leaned closer"
conv_47dd4912-f9ef-4d2c-a033-aeb851e8f164,human-ai,5.0,4,True,author_2,ai,author_1,human,False,ai,"and stared at the squid as it seemed to change colour under the sun's light. She imagined that she could understand what the squid was saying,"
conv_47dd4912-f9ef-4d2c-a033-aeb851e8f164,human-ai,5.0,4,True,author_2,ai,author_2,ai,True,human,"its shifting hues telling a story of ancient underwater migrations, of deep-sea canyons and currents that human maps had never charted. The squid's colors flickered from deep indigo to electric blue, then to a soft, translucent green—each shade seeming to whisper fragments of an epic journey through the worl"
conv_47dd4912-f9ef-4d2c-a033-aeb851e8f164,human-ai,6.0,5,True,author_2,ai,author_1,human,False,ai,"d's seven seas. But just as Elena had entranced herself in the squid's storytelling, the boat reached land. She went along with the crew to hand over"
conv_47dd4912-f9ef-4d2c-a033-aeb851e8f164,human-ai,6.0,5,True,author_2,ai,author_2,ai,True,human,"the unique specimen to the marine research station. As they walked through the facility's sterile white corridors, Elena noticed the scientists examining the squid with a mixture of excitement and intense scientific curiosity. One senior researcher, Dr. Ramirez, carefully transferred the creature to a specialized aquarium, remarking to his colleagues that this particular"
conv_47dd4912-f9ef-4d2c-a033-aeb851e8f164,human-ai,7.0,6,True,author_2,ai,author_1,human,False,ai,"squid was a rare find. It was the first time that he had seen one, having previously only read about them. The researchers gathered around, when suddenly"
conv_47dd4912-f9ef-4d2c-a033-aeb851e8f164,human-ai,7.0,6,True,author_2,ai,author_2,ai,True,human,"nly the squid began to pulse with an extraordinary sequence of bioluminescent colors—bright, rapid flashes that seemed almost like a coded message. Dr. Ramirez's eyes widened, and he quickly grabbed a specialized camera to document the unprecedented display. Elena watched, transfixed, as the researchers scrambled to recor"
conv_47dd4912-f9ef-4d2c-a033-aeb851e8f164,human-ai,8.0,7,True,author_2,ai,author_1,human,False,ai,"d the squid's color changes. In the following days, the researchers worked tirelessly to try and decode the message. Unfortunately, this proved to be"
conv_47dd4912-f9ef-4d2c-a033-aeb851e8f164,human-ai,8.0,7,True,author_2,ai,author_2,ai,True,human,"an incredibly complex challenge. The color patterns were far more intricate than any known cephalopod communication system. Each time they thought they'd identified a pattern, the sequence would shift, revealing new layers of complexity. Elena, now assisting in the research, noticed something peculiar—the squid seemed to be responding differently when she was near"
conv_47dd4912-f9ef-4d2c-a033-aeb851e8f164,human-ai,9.0,8,True,author_2,ai,author_1,human,False,ai,"it. She learned from the other researchers how to record and analyze the squid's color changes. Despite being only a child, she led to a breakthrough."
conv_47dd4912-f9ef-4d2c-a033-aeb851e8f164,human-ai,9.0,8,True,author_2,ai,author_2,ai,True,human,"by developing an innovative visual mapping technique that tracked the squid's chromatic shifts with unprecedented precision. Her intuitive understanding, combined with her grandfather's fisherman wisdom and the researchers' scientific rigor, allowed them to start deciphering what appeared to be a complex language of light and color. The breakthrough suggested that this particular squid might be"
conv_47df141a-738b-422a-8ad6-f222255c695e,human-ai,1.0,,True,author_1,human,author_1,human,True,ai,"a young man called Magnus, who lives in Aarhus. He has a good reputation among his friends and he is widely considered a very good chap. He currently holds the title of prime"
conv_47df141a-738b-422a-8ad6-f222255c695e,human-ai,1.0,,True,author_1,human,author_2,ai,False,human,"minister in the local chess club, a position he earned through years of dedication and skill. Magnus's life, however, was about to take an unexpected turn. One evening"
conv_47df141a-738b-422a-8ad6-f222255c695e,human-ai,2.0,1,True,author_1,human,author_1,human,True,ai,"he was so drunk after a night out with his friends that he accidentally fell into the sea, into a freezing world with savage waves. He was rescued in his own presidential"
conv_47df141a-738b-422a-8ad6-f222255c695e,human-ai,2.0,1,True,author_1,human,author_2,ai,False,human,"yacht by a group of passing sailors. They pulled him aboard, drenched and shivering, and offered him warm blankets and a cup of strong, steaming tea."
conv_47df141a-738b-422a-8ad6-f222255c695e,human-ai,3.0,2,True,author_1,human,author_1,human,True,ai,"It was here that his career as a professional politician began, he gave up chess and got into politics, as he had an ambitious outlook. With no funding whatsoever, he is first in the"
conv_47df141a-738b-422a-8ad6-f222255c695e,human-ai,3.0,2,True,author_1,human,author_2,ai,False,human,"local elections, surprising everyone with his charisma and grassroots approach. His speeches, filled with passion and a vision for a better community, resonate deeply with the people of Aarhus."
conv_47df141a-738b-422a-8ad6-f222255c695e,human-ai,4.0,3,True,author_1,human,author_1,human,True,ai,"His electoral campaign includes measures to tackle beer shortages at Friday bars, with a big budget being invested in beer for free for all students every single Friday at"
conv_47df141a-738b-422a-8ad6-f222255c695e,human-ai,4.0,3,True,author_1,human,author_2,ai,False,human,"the local universities and colleges. This bold promise quickly gains him a loyal following among the younger voters, who see him as a champion of their social and economic interests. As election"
conv_47df141a-738b-422a-8ad6-f222255c695e,human-ai,5.0,4,True,author_1,human,author_1,human,True,ai,"day is over, it is time to celebrate, going wild. For the special occasion, the Chinese Ambassador to Denmark has joined the party, with over 3000 students."
conv_47df141a-738b-422a-8ad6-f222255c695e,human-ai,5.0,4,True,author_1,human,author_2,ai,False,human,"gathered to celebrate Magnus's victory. The atmosphere is electric, with music blaring and laughter echoing through the streets. The Chinese Ambassador, impressed by Magnus’s innovative policies and"
conv_47df141a-738b-422a-8ad6-f222255c695e,human-ai,6.0,5,True,author_1,human,author_1,human,True,ai,"political approach, has invited him to China, where he has the chance to meet the Chinese Premier face to face. This is a unique opportunity he will take advantage of."
conv_47df141a-738b-422a-8ad6-f222255c695e,human-ai,6.0,5,True,author_1,human,author_2,ai,False,human,"of to broaden his horizons and forge international connections. Magnus, still basking in the glow of his local success, sees this as a stepping stone to greater achievements on the"
conv_47df141a-738b-422a-8ad6-f222255c695e,human-ai,7.0,6,True,author_1,human,author_1,human,True,ai,"political arena. His ambitions include reaching glory by becoming the Prime Minister of Denmark. For this reason, he needs more campaigning and propaganda to publicize."
conv_47df141a-738b-422a-8ad6-f222255c695e,human-ai,7.0,6,True,author_1,human,author_2,ai,False,human,"his vision and connect with a broader audience. Magnus begins to travel extensively, meeting with community leaders, participating in debates, and using social media to share his plans for a more"
conv_47df141a-738b-422a-8ad6-f222255c695e,human-ai,8.0,7,True,author_1,human,author_1,human,True,ai,"just society with beer for all. As prime minister, he intends to nationalize all beer companies to make the beer sector for everyone, and let everyone have free"
conv_47df141a-738b-422a-8ad6-f222255c695e,human-ai,8.0,7,True,author_1,human,author_2,ai,False,human,"beer on Fridays. His radical idea captures the imagination of many, and his popularity continues to soar. Despite the skepticism of traditional politicians, Magnus remains undeterred, driven by"
conv_47df141a-738b-422a-8ad6-f222255c695e,human-ai,9.0,8,True,author_1,human,author_1,human,True,ai,voters located in Riiskov. The election day is close up and he is determined to win. Some polls place him as the preferred candidate in all of
conv_47df141a-738b-422a-8ad6-f222255c695e,human-ai,9.0,8,True,author_1,human,author_2,ai,False,human,"Denmark. With a blend of charisma, innovative policies, and a deep connection to the people, Magnus feels the momentum building. As the sun sets on the eve of the"
conv_491b62e9-789d-4b72-b887-557f2ccffc18,human-ai,1.0,,True,author_1,human,author_1,human,True,ai,In the middle of the night something weird seemed to be going on judging by the sound coming from the neighbor's apartment. It was not possible to pin what made it.
conv_491b62e9-789d-4b72-b887-557f2ccffc18,human-ai,1.0,,True,author_1,human,author_2,ai,False,human,"but it sounded like a mix of whispering, footsteps, and faint scratching, all blending together in a way that sent shivers down the spine. The darkness outside seemed to"
conv_491b62e9-789d-4b72-b887-557f2ccffc18,human-ai,2.0,1,True,author_1,human,author_1,human,True,ai,"become denser, the shadows outside appearing as if moving according to some will of their own and no longer just moved by"
conv_491b62e9-789d-4b72-b887-557f2ccffc18,human-ai,2.0,1,True,author_1,human,author_2,ai,False,human,"the gentle breeze that usually rustled through the leaves of the trees. The air was heavy with an eerie silence, as if the night itself was holding its breath, waiting for"
conv_491b62e9-789d-4b72-b887-557f2ccffc18,human-ai,3.0,2,True,author_1,human,author_1,human,True,ai,"something. Something to determine whether the sounds from the neighbor were no more than the usual moving about, or worse that something on the other side of that wall was"
conv_491b62e9-789d-4b72-b887-557f2ccffc18,human-ai,3.0,2,True,author_1,human,author_2,ai,False,human,"stirring, awakening, or even watching, its presence seeping through the thin barrier that separated the two apartments, making the hairs on the back of the listener's neck"
conv_491b62e9-789d-4b72-b887-557f2ccffc18,human-ai,4.0,3,True,author_1,human,author_1,human,True,ai,"Should action be taken, or would everything return to normal if the listener just went back to sleep and forgot what?"
conv_491b62e9-789d-4b72-b887-557f2ccffc18,human-ai,4.0,3,True,author_1,human,author_2,ai,False,human,"had just transpired, pretending it was all just a product of a restless mind and a vivid imagination. But as the listener lay there, frozen in indecision, the sounds"
conv_491b62e9-789d-4b72-b887-557f2ccffc18,human-ai,5.0,4,True,author_1,human,author_1,human,True,ai,seemed to change in character. Just the slightest. Enough to feel it without being able to point out quite what had changed. But something had.
conv_491b62e9-789d-4b72-b887-557f2ccffc18,human-ai,5.0,4,True,author_1,human,author_2,ai,False,human,"shifted, like a subtle alteration in the rhythm of the sounds, and it was this almost imperceptible difference that made the listener's heart beat faster, as if some"
conv_491b62e9-789d-4b72-b887-557f2ccffc18,human-ai,6.0,5,True,author_1,human,author_1,human,True,ai,"struggle was taking place. The listener turns in their bed and tries to disregard the sounds, but that seems less and less like a possibility, so the listener"
conv_491b62e9-789d-4b72-b887-557f2ccffc18,human-ai,6.0,5,True,author_1,human,author_2,ai,False,human,"throws off the covers and gets out of bed, padding softly over to the wall that separates their apartment from the neighbor's, pressing an ear against the cool surface to listen more"
conv_491b62e9-789d-4b72-b887-557f2ccffc18,human-ai,7.0,6,True,author_1,human,author_1,human,True,ai,"closely. Very quickly the sound stops, as if the maker of the sound is aware of a listener in the neighboring room. The atmosphere now changes from puzzling to straight."
conv_491b62e9-789d-4b72-b887-557f2ccffc18,human-ai,7.0,6,True,author_1,human,author_2,ai,False,human,"out frightening, the sudden silence more unsettling than the strange noises had been, and the listener feels a presence on the other side of the wall, waiting, listening, its attention"
conv_491b62e9-789d-4b72-b887-557f2ccffc18,human-ai,8.0,7,True,author_1,human,author_1,human,True,ai,"fixed on the listener. The listener backs away from the wall, each fixed on the spot where the sound seemed to have come from on the"
conv_491b62e9-789d-4b72-b887-557f2ccffc18,human-ai,8.0,7,True,author_1,human,author_2,ai,False,human,"other side, the tension between them palpable, even through the barrier of the wall. The listener's breath catches in their throat as they slowly back away, their eyes fixed"
conv_491b62e9-789d-4b72-b887-557f2ccffc18,human-ai,9.0,8,True,author_1,human,author_1,human,True,ai,"on the wall. Three meters away the listener stops to listen. Everything is quiet, but the air is filled with suspense. Very quietly the sound appears to"
conv_491b62e9-789d-4b72-b887-557f2ccffc18,human-ai,9.0,8,True,author_1,human,author_2,ai,False,human,"be coming from the wall again, a low, deliberate scratching, like fingernails on plaster, and it's moving, slowly, steadily, as if whatever is making the"
conv_49c214f3-8828-46e2-b76b-6c4f3ccaf016,human-ai,1.0,,False,author_2,ai,author_1,human,False,ai,
conv_49c214f3-8828-46e2-b76b-6c4f3ccaf016,human-ai,1.0,,False,author_2,ai,author_2,ai,True,human,"a young girl named Sophia, who lived in a small village nestled between two great mountains. The villagers believed that the mountains held ancient secrets and mysterious powers, and they whispered stories"
conv_49c214f3-8828-46e2-b76b-6c4f3ccaf016,human-ai,2.0,1,True,author_2,ai,author_1,human,False,ai,"of a great god-like creature who lived in the mountain caves. A creature that was told would protect the village in times of need, or even gift"
conv_49c214f3-8828-46e2-b76b-6c4f3ccaf016,human-ai,2.0,1,True,author_2,ai,author_2,ai,True,human,"the villagers with precious treasures and wisdom, but only if they proved themselves worthy. The villagers called this creature the Keeper, and they would often leave offerings of food and drink at"
conv_49c214f3-8828-46e2-b76b-6c4f3ccaf016,human-ai,3.0,2,True,author_2,ai,author_1,human,False,ai,"the foot of the mountain. Sophia grew up hearing the stories of those who ventured off into the mountains. Some would never come back, while others were found"
conv_49c214f3-8828-46e2-b76b-6c4f3ccaf016,human-ai,3.0,2,True,author_2,ai,author_2,ai,True,human,"with a strange, far-off look in their eyes, as if they had seen something that no human was meant to see. They would speak in hushed tones of the wonders"
conv_49c214f3-8828-46e2-b76b-6c4f3ccaf016,human-ai,4.0,3,True,author_2,ai,author_1,human,False,ai,"of which they couldn't even comprehend. In this world, people were born with a special gift. These gifts were called ""Siddhi,"" and were unique"
conv_49c214f3-8828-46e2-b76b-6c4f3ccaf016,human-ai,4.0,3,True,author_2,ai,author_2,ai,True,human,"to each individual, allowing them to perform extraordinary feats. Some could control the elements, while others could heal or communicate with animals. Sophia's Siddhi was still unknown, as"
conv_49c214f3-8828-46e2-b76b-6c4f3ccaf016,human-ai,5.0,4,True,author_2,ai,author_1,human,False,ai,"she hadn't reached the age of maturity as of yet. You see, Sophia was only 11 years old at the time. Siddhi's usually unlock around age 13. Sophia"
conv_49c214f3-8828-46e2-b76b-6c4f3ccaf016,human-ai,5.0,4,True,author_2,ai,author_2,ai,True,human,"was both excited and nervous about discovering her Siddhi, as it would not only reveal her unique abilities, but also determine her place in the village and the role she would play"
conv_49c214f3-8828-46e2-b76b-6c4f3ccaf016,human-ai,6.0,5,True,author_2,ai,author_1,human,False,ai,. She had a plan for when her Siddhi would unlock. Her mother had fallen ill and would be on the brink of death soon. Her father had died when she was young.
conv_49c214f3-8828-46e2-b76b-6c4f3ccaf016,human-ai,6.0,5,True,author_2,ai,author_2,ai,True,human,"and Sophia's determination to save her mother had driven her to study the ancient lore and seek out the wisdom of the village elders, hoping to find a way to use her Sidd"
conv_49c214f3-8828-46e2-b76b-6c4f3ccaf016,human-ai,7.0,6,True,author_2,ai,author_1,human,False,ai,"hi to save her mother. But they were of no help. ""Life shall not be tampered with, young Sophia,"" they would tell her. But she knew that whatever was hiding"
conv_49c214f3-8828-46e2-b76b-6c4f3ccaf016,human-ai,7.0,6,True,author_2,ai,author_2,ai,True,human,"in the mountains, the Keeper, might hold the key to saving her mother's life. She had heard tales of the Keeper's immense power and wisdom, and she was willing"
conv_49c214f3-8828-46e2-b76b-6c4f3ccaf016,human-ai,8.0,7,True,author_2,ai,author_1,human,False,ai,"to risk her own sanity and life to save her mother's. Sophia's mother had the Siddhi of fortune, and had given the village immense prosperity during her lifetime,"
conv_49c214f3-8828-46e2-b76b-6c4f3ccaf016,human-ai,8.0,7,True,author_2,ai,author_2,ai,True,human,"and Sophia felt that it was only fair that she try to repay her mother's kindness and generosity by saving her life, no matter the cost. With a determined heart, Sophia"
conv_49c214f3-8828-46e2-b76b-6c4f3ccaf016,human-ai,9.0,8,True,author_2,ai,author_1,human,False,ai,"despite not having unlocked her Siddhi, decided to venture off into the mountains at this very moment. She went off at night, with only her bag of food and"
conv_49c214f3-8828-46e2-b76b-6c4f3ccaf016,human-ai,9.0,8,True,author_2,ai,author_2,ai,True,human,"a small, flickering lantern to guide her, the darkness of the mountains swallowing her whole as she disappeared from the village, leaving behind only the faintest whisper of her determination"
conv_4aa46faf-273a-4707-be30-a0b216440d87,human-ai,1.0,,False,author_2,ai,author_1,human,False,ai,
conv_4aa46faf-273a-4707-be30-a0b216440d87,human-ai,1.0,,False,author_2,ai,author_2,ai,True,human,"a young girl named Sophia, who lived in a small, secluded village surrounded by dense woods and winding rivers. She had always been fascinated by the whispers of an ancient magic that"
conv_4aa46faf-273a-4707-be30-a0b216440d87,human-ai,2.0,1,True,author_2,ai,author_1,human,False,ai,always were whispering about the woods and the rivers. Sophia was sure about that we humans are
conv_4aa46faf-273a-4707-be30-a0b216440d87,human-ai,2.0,1,True,author_2,ai,author_2,ai,True,human,"not alone in this world, and that there were creatures lurking just beyond the edge of the village, watching and waiting. The villagers had always been tight-lipped about the strange"
conv_4aa46faf-273a-4707-be30-a0b216440d87,human-ai,3.0,2,True,author_2,ai,author_1,human,False,ai,whispering. But Sophia wasn't afraid. She was sure that the creatures were honestly good and just wanted attention.
conv_4aa46faf-273a-4707-be30-a0b216440d87,human-ai,3.0,2,True,author_2,ai,author_2,ai,True,human,"and connection with the human world. One night, Sophia decided to follow the whispering sounds into the woods, and as she walked deeper into the darkness, the whispers grew louder"
conv_4aa46faf-273a-4707-be30-a0b216440d87,human-ai,4.0,3,True,author_2,ai,author_1,human,False,ai,"and suddenly she saw a small gathering of the creatures. They were whispering to each other and hadn't seen Sophia,"
conv_4aa46faf-273a-4707-be30-a0b216440d87,human-ai,4.0,3,True,author_2,ai,author_2,ai,True,human,"they were all tiny, mischievous beings with delicate wings and leaves for hair, their eyes twinkling like fireflies as they conversed in hushed tones, completely absorbed"
conv_4aa46faf-273a-4707-be30-a0b216440d87,human-ai,5.0,4,True,author_2,ai,author_1,human,False,ai,"in each other's company, and they giggled too. And they had small cute fingers, six on each hand, one hand green and the"
conv_4aa46faf-273a-4707-be30-a0b216440d87,human-ai,5.0,4,True,author_2,ai,author_2,ai,True,human,"other hand a soft, shimmering blue, and Sophia was enchanted by their playful nature, she watched as they wove tiny flowers and threads into intricate patterns, their laughter and"
conv_4aa46faf-273a-4707-be30-a0b216440d87,human-ai,6.0,5,True,author_2,ai,author_1,human,False,ai,Suddenly she felt a recognition. She could see herself and her villagers' Sunday meeting outplay just like the creatures did it.
conv_4aa46faf-273a-4707-be30-a0b216440d87,human-ai,6.0,5,True,author_2,ai,author_2,ai,True,human,"and the realization struck her that the creatures were not just random beings, but were in fact, mirroring the village's own social gatherings, as if they had been observing and"
conv_4aa46faf-273a-4707-be30-a0b216440d87,human-ai,7.0,6,True,author_2,ai,author_1,human,False,ai,"got inspired. Then it hit Sophia, maybe she also should do the same. Take notes and bring some of their patterns of behavior."
conv_4aa46faf-273a-4707-be30-a0b216440d87,human-ai,7.0,6,True,author_2,ai,author_2,ai,True,human,"back to her village, to share with the others, and as she turned to leave, the creatures finally noticed her, and to her surprise, they didn't flee or hide"
conv_4aa46faf-273a-4707-be30-a0b216440d87,human-ai,8.0,7,True,author_2,ai,author_1,human,False,ai,they just looked at her in silence. Their eyes were glittering and reflecting like the ocean on a
conv_4aa46faf-273a-4707-be30-a0b216440d87,human-ai,8.0,7,True,author_2,ai,author_2,ai,True,human,"sunny day, and Sophia felt a deep sense of understanding and connection, as if the creatures were acknowledging her presence, and inviting her to join them, and without a word"
conv_4aa46faf-273a-4707-be30-a0b216440d87,human-ai,9.0,8,True,author_2,ai,author_1,human,False,ai,"she joined their gathering with humility and her first thought was that she would take garbage sorting more seriously now, but"
conv_4aa46faf-273a-4707-be30-a0b216440d87,human-ai,9.0,8,True,author_2,ai,author_2,ai,True,human,"the creatures began to weave a delicate pattern around her, using threads of leaves and twigs, and Sophia felt a sense of peace and belonging, as if she had finally found"
conv_4d1bd73a-bbc9-4e37-8ba0-3cdd7adbc66a,human-ai,1.0,,True,author_1,human,author_1,human,True,ai,a young bubble dragon that has a passionate relationship with his kitchen utensils. The young bubble dragon's name is Mr. Big.
conv_4d1bd73a-bbc9-4e37-8ba0-3cdd7adbc66a,human-ai,1.0,,True,author_1,human,author_2,ai,False,human,"Mr. Big lived in a cozy cave near the edge of the Whimsical Woods, where the air was always filled with the scent of freshly baked treats and the sound of"
conv_4d1bd73a-bbc9-4e37-8ba0-3cdd7adbc66a,human-ai,2.0,1,True,author_1,human,author_1,human,True,ai,"angry lawn mowers. Mr. Big Dingleberry has STOLEN the treats from the Lawn Mower QUEEN, the treats are like religion to the lawn."
conv_4d1bd73a-bbc9-4e37-8ba0-3cdd7adbc66a,human-ai,2.0,1,True,author_1,human,author_2,ai,False,human,"movers, and without them, the entire rhythm of the Whimsical Woods would be thrown into chaos. The lawn movers, a quirky and temperamental bunch, relied on"
conv_4d1bd73a-bbc9-4e37-8ba0-3cdd7adbc66a,human-ai,3.0,2,True,author_1,human,author_1,human,True,ai,"the power of freshly baked treats to fuel their hunger for playing Y8 ild og vand, which is only allowed to be played by the lawn mower"
conv_4d1bd73a-bbc9-4e37-8ba0-3cdd7adbc66a,human-ai,3.0,2,True,author_1,human,author_2,ai,False,human,"queen’s subjects. Without the treats, they were restless and irritable, and the queen was furious. She summoned her best detective, a cunning fox named Finn, to track"
conv_4d1bd73a-bbc9-4e37-8ba0-3cdd7adbc66a,human-ai,4.0,3,True,author_1,human,author_1,human,True,ai,down the thief mr. big dingleberry. Finn the detective knew that mr. big was known as the best thief on this side of the
conv_4d1bd73a-bbc9-4e37-8ba0-3cdd7adbc66a,human-ai,4.0,3,True,author_1,human,author_2,ai,False,human,"Whimsical Woods, and he was determined to catch him red-handed. Armed with his trusty magnifying glass and a keen sense of smell, Finn set off towards Mr"
conv_4d1bd73a-bbc9-4e37-8ba0-3cdd7adbc66a,human-ai,5.0,4,True,author_1,human,author_1,human,True,ai,"gathered a team of the best soldiers of the QUEEN, to get the freshly baked treats back. AND now Finn and lawn mower soldiers are surrounded by Mr. Big Dingleberrys."
conv_4d1bd73a-bbc9-4e37-8ba0-3cdd7adbc66a,human-ai,5.0,4,True,author_1,human,author_2,ai,False,human,"cave. Mr. Big, realizing the gravity of the situation, nervously fluttered his wings, considering his next move. Inside the cave, the air was thick with"
conv_4d1bd73a-bbc9-4e37-8ba0-3cdd7adbc66a,human-ai,6.0,5,True,author_1,human,author_1,human,True,ai,"like the QUEEN herself. Mr. big tried to fly away but did not have the strength, but then he got an idea, to eat one of the Super"
conv_4d1bd73a-bbc9-4e37-8ba0-3cdd7adbc66a,human-ai,6.0,5,True,author_1,human,author_2,ai,False,human,"treats he had stolen, hoping it would give him the energy to face the crowd outside. As he took a bite, a burst of bubbly energy filled him,"
conv_4d1bd73a-bbc9-4e37-8ba0-3cdd7adbc66a,human-ai,7.0,6,True,author_1,human,author_1,human,True,ai,"then the bubbly energy blast a big wave of energy towards the soldiers, the soldier was scared and in shock, ready to leave detective Finn"
conv_4d1bd73a-bbc9-4e37-8ba0-3cdd7adbc66a,human-ai,7.0,6,True,author_1,human,author_2,ai,False,human,"stood his ground, trying to maintain his composure. The lawn mover soldiers, however, were not so brave. They retreated in disarray, leaving Finn alone to face Mr"
conv_4d1bd73a-bbc9-4e37-8ba0-3cdd7adbc66a,human-ai,8.0,7,True,author_1,human,author_1,human,True,ai,"big. THE FINAL BATTLE has begun. Finn had an ace up his sleeve, a secret so deep even the QUEEN didn't know about it. Finn was the CREATOR of the freshly baked"
conv_4d1bd73a-bbc9-4e37-8ba0-3cdd7adbc66a,human-ai,8.0,7,True,author_1,human,author_2,ai,False,human,"treats that Mr. Big had stolen. With a deep breath, Finn revealed his secret, explaining that he had made the treats with a special ingredient meant to bring peace"
conv_4d1bd73a-bbc9-4e37-8ba0-3cdd7adbc66a,human-ai,9.0,8,True,author_1,human,author_1,human,True,ai,"A side effect of the treats was a love and peace spell, suddenly Mr. Big felt something within, a feeling he had felt."
conv_4d1bd73a-bbc9-4e37-8ba0-3cdd7adbc66a,human-ai,9.0,8,True,author_1,human,author_2,ai,False,human,"strange yet warm. His competitive spirit faded, and he realized the error of his ways. Lowering his guard, Mr. Big approached Finn, apologizing sincerely for his"
conv_58838068-7cd4-4f6c-b158-aabb542ab4b9,human-ai,1.0,,False,author_2,ai,author_1,human,False,ai,
conv_58838068-7cd4-4f6c-b158-aabb542ab4b9,human-ai,1.0,,False,author_2,ai,author_2,ai,True,human,"two unlikely friends, a young inventor named Elara and a wise old tree spirit named Thorne. In a world where technology and nature often clashed,"
conv_58838068-7cd4-4f6c-b158-aabb542ab4b9,human-ai,2.0,1,True,author_2,ai,author_1,human,False,ai,"Elara explained to the tree that one day, nature would be inferior to technology. Thorne did"
conv_58838068-7cd4-4f6c-b158-aabb542ab4b9,human-ai,2.0,1,True,author_2,ai,author_2,ai,True,human,"not agree. ""Nature and technology can coexist,"" he said, his voice a gentle whisper through the leaves. ""Balance is key."" Elara, intrigued by Thorne"
conv_58838068-7cd4-4f6c-b158-aabb542ab4b9,human-ai,3.0,2,True,author_2,ai,author_1,human,False,ai,"said ""Why would balance be the key, if humans are superior to nature in all ways?"" and shrugged. ""Look at all of the innovation that"
conv_58838068-7cd4-4f6c-b158-aabb542ab4b9,human-ai,3.0,2,True,author_2,ai,author_2,ai,True,human,"has improved our lives. We can cure diseases, travel the world, and even explore space. Nature can't do that."" Thorne’s branches swayed thoughtfully in the"
conv_58838068-7cd4-4f6c-b158-aabb542ab4b9,human-ai,4.0,3,True,author_2,ai,author_1,human,False,ai,wind. Thorne began to look worried as he was scared that Elara would forget Thorne in the
conv_58838068-7cd4-4f6c-b158-aabb542ab4b9,human-ai,4.0,3,True,author_2,ai,author_2,ai,True,human,"rush of technological advancement. ""Elara,"" he said, his voice more urgent, ""nature provides the very air you breathe, the water you drink, and the soil that"
conv_58838068-7cd4-4f6c-b158-aabb542ab4b9,human-ai,5.0,4,True,author_2,ai,author_1,human,False,ai,walk on. Elara stated that humans would in time be able to manufacture all of the components that nature produces at this moment. In
conv_58838068-7cd4-4f6c-b158-aabb542ab4b9,human-ai,5.0,4,True,author_2,ai,author_2,ai,True,human,"response, Thorne sighed deeply. ""Elara, creating these things is one thing, but maintaining the delicate balance of life is another. What happens when the machines fail,"
conv_58838068-7cd4-4f6c-b158-aabb542ab4b9,human-ai,6.0,5,True,author_2,ai,author_1,human,False,ai,Elara stated that in theory nature is just a machine. A very complex machine that at times also fails. Just look at all of the diseases and
conv_58838068-7cd4-4f6c-b158-aabb542ab4b9,human-ai,6.0,5,True,author_2,ai,author_2,ai,True,human,"natural disasters. Technology can help us overcome these challenges,"" she concluded, her eyes sparkling with the promise of innovation. Thorne nodded, understanding her perspective, but still felt a"
conv_58838068-7cd4-4f6c-b158-aabb542ab4b9,human-ai,7.0,6,True,author_2,ai,author_1,human,False,ai,"thorn in his side. Thorne was just about to speak up again, but was cut off when Elara began to speak further."
conv_58838068-7cd4-4f6c-b158-aabb542ab4b9,human-ai,7.0,6,True,author_2,ai,author_2,ai,True,human,"about her latest project, a device that could purify water more efficiently than any natural process. ""Imagine, Thorne,"" she said excitedly, ""clean water for everyone"
conv_58838068-7cd4-4f6c-b158-aabb542ab4b9,human-ai,8.0,7,True,author_2,ai,author_1,human,False,ai,", and no one would suffer. Tell me Thorne, how exactly could a device like that do anything but good in the world. The"
conv_58838068-7cd4-4f6c-b158-aabb542ab4b9,human-ai,8.0,7,True,author_2,ai,author_2,ai,True,human,"world needs solutions, and sometimes technology is the answer."" Thorne smiled, a warm light in his eyes. ""I see the good in your heart, Elara, and"
conv_58838068-7cd4-4f6c-b158-aabb542ab4b9,human-ai,9.0,8,True,author_2,ai,author_1,human,False,ai,"your ideas are great. Unfortunately, not all humans are as eager to save the world. There are people here who want to"
conv_58838068-7cd4-4f6c-b158-aabb542ab4b9,human-ai,9.0,8,True,author_2,ai,author_2,ai,True,human,"exploit technology for their own gain. But together, we can ensure that your inventions are used for the greater good. Let's find a way to harmonize the best of"
conv_58c2f2e6-db2a-406d-9bc9-04aaf1b0c35a,human-ai,1.0,,False,author_2,ai,author_1,human,False,ai,
conv_58c2f2e6-db2a-406d-9bc9-04aaf1b0c35a,human-ai,1.0,,False,author_2,ai,author_2,ai,True,human,"a small village nestled deep in the heart of an ancient forest, a place where the trees whispered secrets and the moon shone brighter than anywhere else in"
conv_58c2f2e6-db2a-406d-9bc9-04aaf1b0c35a,human-ai,2.0,1,True,author_2,ai,author_1,human,False,ai,"the kingdom. This village looked like any other village, but its inhabitants knew its secret. In a clearing near"
conv_58c2f2e6-db2a-406d-9bc9-04aaf1b0c35a,human-ai,2.0,1,True,author_2,ai,author_2,ai,True,human,"the edge of the forest stood an old, gnarled tree. Legend had it that this tree was the heart of the forest, and it held the power to grant wishes"
conv_58c2f2e6-db2a-406d-9bc9-04aaf1b0c35a,human-ai,3.0,2,True,author_2,ai,author_1,human,False,ai,to whoever came to it with an honest plea. The villagers had guarded this secret for generations and only used it
conv_58c2f2e6-db2a-406d-9bc9-04aaf1b0c35a,human-ai,3.0,2,True,author_2,ai,author_2,ai,True,human,"in times of dire need. However, as the years passed, a young girl named Elara began to question the true extent of the tree’s power and the village’s role"
conv_58c2f2e6-db2a-406d-9bc9-04aaf1b0c35a,human-ai,4.0,3,True,author_2,ai,author_1,human,False,ai,in keeping it a secret from the rest of the kingdom. The winter had been hard and food scarce; she had heard reports
conv_58c2f2e6-db2a-406d-9bc9-04aaf1b0c35a,human-ai,4.0,3,True,author_2,ai,author_2,ai,True,human,"of other villages suffering just as much, if not more. Driven by a mix of curiosity and compassion, Elara decided to visit the old tree under the cover of night"
conv_58c2f2e6-db2a-406d-9bc9-04aaf1b0c35a,human-ai,5.0,4,True,author_2,ai,author_1,human,False,ai,to make her plea for an early spring that would stock up the supplies of not only her village but of everyone
conv_58c2f2e6-db2a-406d-9bc9-04aaf1b0c35a,human-ai,5.0,4,True,author_2,ai,author_2,ai,True,human,"in the kingdom. With a heart full of hope and a mind brimming with determination, she approached the ancient tree, its massive branches silhouetted against the moonlit"
conv_58c2f2e6-db2a-406d-9bc9-04aaf1b0c35a,human-ai,6.0,5,True,author_2,ai,author_1,human,False,ai,"sky. She stroked the thick bark and felt the energy vibrating beneath her fingers. Closing her eyes, she leaned"
conv_58c2f2e6-db2a-406d-9bc9-04aaf1b0c35a,human-ai,6.0,5,True,author_2,ai,author_2,ai,True,human,"in close and whispered her wish into the heart of the tree. The air around her seemed to hum with a renewed intensity, and a gentle breeze rustled through the leaves,"
conv_58c2f2e6-db2a-406d-9bc9-04aaf1b0c35a,human-ai,7.0,6,True,author_2,ai,author_1,human,False,ai,"sending shivers down her spine. Then the forest was calm again, as if nothing had happened. After a last look at"
conv_58c2f2e6-db2a-406d-9bc9-04aaf1b0c35a,human-ai,7.0,6,True,author_2,ai,author_2,ai,True,human,"the ancient tree, Elara made her way back to the village, her steps lighter despite the weight of the unknown. As dawn broke, the first rays of sunlight revealed a"
conv_58c2f2e6-db2a-406d-9bc9-04aaf1b0c35a,human-ai,8.0,7,True,author_2,ai,author_1,human,False,ai,"beautiful day. Elara tried to go about her chores as usual, suppressing the urge to run back to the clearing. She waited"
conv_58c2f2e6-db2a-406d-9bc9-04aaf1b0c35a,human-ai,8.0,7,True,author_2,ai,author_2,ai,True,human,"anxiously for any sign that her wish had been heard. By midday, word spread through the village that the air was warmer and the sky clearer than it had been"
conv_58c2f2e6-db2a-406d-9bc9-04aaf1b0c35a,human-ai,9.0,8,True,author_2,ai,author_1,human,False,ai,"for months. Elara's hope grew, but she didn't dare to tell the villagers about her wish, as only the elders were"
conv_58c2f2e6-db2a-406d-9bc9-04aaf1b0c35a,human-ai,9.0,8,True,author_2,ai,author_2,ai,True,human,"supposed to approach the tree. As the days passed, the warmth continued to spread, and the fields began to show signs of early growth. The village, and indeed the"
conv_5b956e03-a900-47aa-88a9-54cb6be40071,human-ai,1.0,,True,author_1,human,author_1,human,True,ai,"Silly Billy, the most goofy boy in the town of Philly located. The land of Chili had been ruled by Willy until this winter where the evil salesman Gohda had conspired against"
conv_5b956e03-a900-47aa-88a9-54cb6be40071,human-ai,1.0,,True,author_1,human,author_2,ai,False,human,"the kind-hearted Willi, using his cunning tricks and deceitful smile to manipulate the townspeople into believing that Willi was no longer fit to rule. Gohda's dark magic"
conv_5b956e03-a900-47aa-88a9-54cb6be40071,human-ai,2.0,1,True,author_1,human,author_1,human,True,ai,"consisted of ""The Script"", a permanent smirk (Gohda had an operation) and a coffee-heavy breath that could kill a regular-sized dog or a very irregular-sized"
conv_5b956e03-a900-47aa-88a9-54cb6be40071,human-ai,2.0,1,True,author_1,human,author_2,ai,False,human,"cat, which made the townspeople quiver with fear whenever Gohda spoke, his voice dripping with an otherworldly charm that seemed to weave a spell of obedience around"
conv_5b956e03-a900-47aa-88a9-54cb6be40071,human-ai,3.0,2,True,author_1,human,author_1,human,True,ai,"... Gosh, just thinking about his last pitch in the Town of Philly! He convinced butcher Jimmy to sell a string of sausages for a penny. Fortunately, Silly Billy was so extremely silly"
conv_5b956e03-a900-47aa-88a9-54cb6be40071,human-ai,3.0,2,True,author_1,human,author_2,ai,False,human,"that he accidentally stumbled into the butcher shop, knocking over a display of freshly baked buns, causing a massive bread-ball to roll out into the street, distracting everyone, including"
conv_5b956e03-a900-47aa-88a9-54cb6be40071,human-ai,4.0,3,True,author_1,human,author_1,human,True,ai,"Godha, who in his rage shorted mortgages of residents in Philly before increasing all loan interest by a trillion percent, thus creating an economic crisis in"
conv_5b956e03-a900-47aa-88a9-54cb6be40071,human-ai,4.0,3,True,author_1,human,author_2,ai,False,human,"the once thriving town, where people like Mrs. Whiskers, the owner of the local cat café, and Mr. Jenkins, the town's oldest resident, found themselves"
conv_5b956e03-a900-47aa-88a9-54cb6be40071,human-ai,5.0,4,True,author_1,human,author_1,human,True,ai,"without homes within the week. Silly Billy on the other hand was so silly he could not be bothered with mortgages, shorts, interest, loans and that kind. Mrs. Whisker was funny"
conv_5b956e03-a900-47aa-88a9-54cb6be40071,human-ai,5.0,4,True,author_1,human,author_2,ai,False,human,"and decided to join forces with Silly Billy, using her quick wit and his carefree nature to devise a plan to outsmart Gohda and bring prosperity back to the"
conv_5b956e03-a900-47aa-88a9-54cb6be40071,human-ai,6.0,5,True,author_1,human,author_1,human,True,ai,"Unfortunately, Mrs. Whisker fittingly had the figure of an irregular-sized cat and would perish to Gohda's coffee breath stench. Silly Billy alone would have to claim the throne of"
conv_5b956e03-a900-47aa-88a9-54cb6be40071,human-ai,6.0,5,True,author_1,human,author_2,ai,False,human,"Chili, a task that seemed daunting even for someone as silly as Billy, but he was determined to save his town and its people from Gohda's evil grasp,"
conv_5b956e03-a900-47aa-88a9-54cb6be40071,human-ai,7.0,6,True,author_1,human,author_1,human,True,ai,"So Silly Billy simply said to the people of Philly, that he could rule Chili better than Gohda. The said Jimmy, that Silly Billy was being silly thinking a Philly could rule Chili."
conv_5b956e03-a900-47aa-88a9-54cb6be40071,human-ai,7.0,6,True,author_1,human,author_2,ai,False,human,"But Silly Billy, not one to be deterred, pointed out that he was indeed a native of Philli, and that his silly nature could bring a fresh and much"
conv_5b956e03-a900-47aa-88a9-54cb6be40071,human-ai,8.0,7,True,author_1,human,author_1,human,True,ai,"more geese-raids to the land. Oh well, it was at this time the author regretted the name of Godha. Nothing rhymes with it. But perhaps that is why he was"
conv_5b956e03-a900-47aa-88a9-54cb6be40071,human-ai,8.0,7,True,author_1,human,author_2,ai,False,human,"able to cast a spell of gloom over the land, a darkness that seemed to seep into the very marrow of the people's bones, and Silly Billy's silly"
conv_5b956e03-a900-47aa-88a9-54cb6be40071,human-ai,9.0,8,True,author_1,human,author_1,human,True,ai,"wit chamed Jimmy to rally the people of Philli to storm the gates of Willi, capital of Chilli. At the gates stood Godha reading aloud ""The"
conv_5b956e03-a900-47aa-88a9-54cb6be40071,human-ai,9.0,8,True,author_1,human,author_2,ai,False,human,"Script"" in a voice that sent shivers down the spines of even the bravest warriors, but Silly Billy, undaunted, charged forward, his silly antics"
conv_5e234f25-eb78-4ec3-8113-c66645149ddc,human-ai,1.0,,True,author_1,human,author_1,human,True,ai,a young man who lived in a forest. It was a great forest with lots of different trees and plants. It was early spring and the birds
conv_5e234f25-eb78-4ec3-8113-c66645149ddc,human-ai,1.0,,True,author_1,human,author_2,ai,False,human,"were returning from their winter migration, filling the canopy with song. The young man's name was Theo, and he had built his cabin near a clear stream that woun"
conv_5e234f25-eb78-4ec3-8113-c66645149ddc,human-ai,2.0,1,True,author_1,human,author_1,human,True,ai,ded throughout the grand forest. The cabin was built from wood which Theo had cut with his own hands. It had taken many years but Theo had all the time in
conv_5e234f25-eb78-4ec3-8113-c66645149ddc,human-ai,2.0,1,True,author_1,human,author_2,ai,False,human,"the world. He had no family waiting for him elsewhere, no job calling him back to civilization. The forest was his home, his teacher, his companion.

Each morning"
conv_5e234f25-eb78-4ec3-8113-c66645149ddc,human-ai,3.0,2,True,author_1,human,author_1,human,True,ai,"he would spend his day by searching for berries, checking the traps he had set the day before and gathering water from the stream. The day slowly moved on"
conv_5e234f25-eb78-4ec3-8113-c66645149ddc,human-ai,3.0,2,True,author_1,human,author_2,ai,False,human,"and the afternoon sun climbed higher, warming the forest floor. Theo settled on a flat rock by the stream, watching minnows dart between the stones. He ha"
conv_5e234f25-eb78-4ec3-8113-c66645149ddc,human-ai,4.0,3,True,author_1,human,author_1,human,True,ai,d a feeling that he was being watched. Someone or something was watching him but he wasn't sure where they were or for how long they had kept an eye.
conv_5e234f25-eb78-4ec3-8113-c66645149ddc,human-ai,4.0,3,True,author_1,human,author_2,ai,False,human,"on him. The birds had gone suddenly quiet, which never meant anything good. Theo remained still, his breathing slow and steady, letting his peripheral vision scan the treeline"
conv_5e234f25-eb78-4ec3-8113-c66645149ddc,human-ai,5.0,4,True,author_1,human,author_1,human,True,ai,". He didn't want the perpetrator to know that he knew he was being watched so he acted as if everything was normal, but meanwhile he"
conv_5e234f25-eb78-4ec3-8113-c66645149ddc,human-ai,5.0,4,True,author_1,human,author_2,ai,False,human,slowly reached for the knife he always kept at his belt. His fingers brushed the worn leather handle as he pretended to stretch. Then he saw it—a flash of
conv_5e234f25-eb78-4ec3-8113-c66645149ddc,human-ai,6.0,5,True,author_1,human,author_1,human,True,ai,"movement in the bush next to him. Theo, without fear, quickly jumped in the bush trying to grab whatever was lying in there. He felt"
conv_5e234f25-eb78-4ec3-8113-c66645149ddc,human-ai,6.0,5,True,author_1,human,author_2,ai,False,human,"fur—soft and warm—and heard a small yelp of surprise. He pulled back the branches carefully, and there, trembling beneath his hand, was a young"
conv_5e234f25-eb78-4ec3-8113-c66645149ddc,human-ai,7.0,6,True,author_1,human,author_1,human,True,ai,boy. No more than six or seven years old. The boy had blond hair and worn-out clothes. His face was dirty and his hands
conv_5e234f25-eb78-4ec3-8113-c66645149ddc,human-ai,7.0,6,True,author_1,human,author_2,ai,False,human,"were scratched from thorns. He stared up at Theo with wide, terrified eyes, but didn't cry out or try to run.

""It's"
conv_5e234f25-eb78-4ec3-8113-c66645149ddc,human-ai,8.0,7,True,author_1,human,author_1,human,True,ai,"true. They are coming for you. You have to get out. Soon."" The boy with the fur coat quickly ran and Theo had no way of keeping up with him. The boy knew his way around."
conv_5e234f25-eb78-4ec3-8113-c66645149ddc,human-ai,8.0,7,True,author_1,human,author_2,ai,False,human,"the forest better than Theo had imagined possible. Within seconds, he'd vanished between the trees like smoke.

Theo stood frozen, his heart pounding."
conv_5e234f25-eb78-4ec3-8113-c66645149ddc,human-ai,9.0,8,True,author_1,human,author_1,human,True,ai,"Who were they? Why would they come for him? Since his disappearance in the forest he hadn't given the outside world any thought at all, but all of the sudden it all"
conv_5e234f25-eb78-4ec3-8113-c66645149ddc,human-ai,9.0,8,True,author_1,human,author_2,ai,False,human,"came rushing back—memories he'd buried beneath years of solitude. The reason he'd fled to the forest in the first place. The people he'd angered, the"
conv_5f17f002-84ad-4315-8c69-20ec83de1223,human-ai,1.0,,True,author_1,human,author_1,human,True,ai,"two princesses living far, far away behind seven seas and seven mountains in their beautiful kingdom. They live in a kingdom of fun and whimsy and"
conv_5f17f002-84ad-4315-8c69-20ec83de1223,human-ai,1.0,,True,author_1,human,author_2,ai,False,human,"magic, where flowers bloom in every color of the rainbow and animals talk and laugh with the princesses. The elder princess, Sophia, had hair as golden as the sun and"
conv_5f17f002-84ad-4315-8c69-20ec83de1223,human-ai,2.0,1,True,author_1,human,author_1,human,True,ai,"eyes as blue as the seven seas. The younger princess, Lauren, was the opposite, with thick dark brown hair."
conv_5f17f002-84ad-4315-8c69-20ec83de1223,human-ai,2.0,1,True,author_1,human,author_2,ai,False,human,"and eyes that sparkled like the stars on a clear night, but shared the same bright blue hue as her sister's, a trait that was said to be a mark of"
conv_5f17f002-84ad-4315-8c69-20ec83de1223,human-ai,3.0,2,True,author_1,human,author_1,human,True,ai,their unity and to represent the light and hope that was so inherent to the kingdom's community. People admired the two princesses and held
conv_5f17f002-84ad-4315-8c69-20ec83de1223,human-ai,3.0,2,True,author_1,human,author_2,ai,False,human,"them in high esteem, not just for their royal lineage, but for their kind hearts and gentle spirits, which had earned them the love and respect of all the kingdom's inhabitants"
conv_5f17f002-84ad-4315-8c69-20ec83de1223,human-ai,4.0,3,True,author_1,human,author_1,human,True,ai,"The two princesses, despite their royal origin, felt very one with the villagers. They spent their time walking around town, buying bread from local kiosks, and reading books."
conv_5f17f002-84ad-4315-8c69-20ec83de1223,human-ai,4.0,3,True,author_1,human,author_2,ai,False,human,"in the town's quaint little library, where the librarian, an old wise woman named Mrs. Jenkins, would often set aside special volumes for them, filled with tales of ancient"
conv_5f17f002-84ad-4315-8c69-20ec83de1223,human-ai,5.0,4,True,author_1,human,author_1,human,True,ai,"Mrs. Jenkins was an important member of the royal family. Although not related by blood, the king and queen had been very close with her for"
conv_5f17f002-84ad-4315-8c69-20ec83de1223,human-ai,5.0,4,True,author_1,human,author_2,ai,False,human,"many years, and she had been a constant presence in the lives of the two princesses, serving as a mentor, a confidante, and a guardian of sorts,"
conv_5f17f002-84ad-4315-8c69-20ec83de1223,human-ai,6.0,5,True,author_1,human,author_1,human,True,ai,"from their early childhood. The princesses used to run up to Mrs. Jenkins, Tina as everyone called her, and listen to her"
conv_5f17f002-84ad-4315-8c69-20ec83de1223,human-ai,6.0,5,True,author_1,human,author_2,ai,False,human,"stories of far-off lands, mythical creatures, and magical realms, which she would recount with a twinkle in her eye and a warm smile, transporting the young girls to worlds"
conv_5f17f002-84ad-4315-8c69-20ec83de1223,human-ai,7.0,6,True,author_1,human,author_1,human,True,ai,"One day, when the family expected Tina to come over, the cook even having baked fresh buns for lunch, no knock was heard on the door, not a sound of steps on the"
conv_5f17f002-84ad-4315-8c69-20ec83de1223,human-ai,7.0,6,True,author_1,human,author_2,ai,False,human,"path leading up to the castle, and a sense of unease began to settle over the kingdom, as if the very absence of Tina's gentle presence had disturbed the balance of"
conv_5f17f002-84ad-4315-8c69-20ec83de1223,human-ai,8.0,7,True,author_1,human,author_1,human,True,ai,"the unity. Everything went quiet – birds weren't singing, wind wasn't blowing, dark clouds appeared out of nowhere. The family sat in a room quietly, not a word or whisper."
conv_5f17f002-84ad-4315-8c69-20ec83de1223,human-ai,8.0,7,True,author_1,human,author_2,ai,False,human,"was spoken, as if they were all holding their breath, waiting for some sign or signal that would explain Tina's mysterious absence, and it was then that Sophia, the elder"
conv_5f17f002-84ad-4315-8c69-20ec83de1223,human-ai,9.0,8,True,author_1,human,author_1,human,True,ai,"daughter started mumbling. Everyone was confused, no one could understand her. Suddenly, her eyes opened wide, her pupils disappeared and only the white was to be seen."
conv_5f17f002-84ad-4315-8c69-20ec83de1223,human-ai,9.0,8,True,author_1,human,author_2,ai,False,human,"and she spoke in a voice that was not her own, a low, eerie tone that sent shivers down the spines of all who heard it, saying only two words"
conv_61dd4f08-b460-4c98-8368-fb09762cbe5e,human-ai,1.0,,False,author_2,ai,author_1,human,False,ai,
conv_61dd4f08-b460-4c98-8368-fb09762cbe5e,human-ai,1.0,,False,author_2,ai,author_2,ai,True,human,"a lighthouse keeper who stopped believing in the sea.

Her name was Maren, and she had tended the beacon at Crow's Point"
conv_61dd4f08-b460-4c98-8368-fb09762cbe5e,human-ai,2.0,1,True,author_2,ai,author_1,human,False,ai,"Hun mente, at havet ikke havde noget godt at bringe med sig, eftersom hun havde mistet hele sin familie."
conv_61dd4f08-b460-4c98-8368-fb09762cbe5e,human-ai,2.0,1,True,author_2,ai,author_2,ai,True,human,"for twenty years now. She believed the sea brought nothing good, having lost her entire family to its depths—her father and two brothers taken by a storm when she was just"
conv_61dd4f08-b460-4c98-8368-fb09762cbe5e,human-ai,3.0,2,True,author_2,ai,author_1,human,False,ai,"10 år gammel. Hendes mor havde været så ulykkelig, at hun havde kastet sig ud fra en klippe og ned i havet. Dette havde efterladt"
conv_61dd4f08-b460-4c98-8368-fb09762cbe5e,human-ai,3.0,2,True,author_2,ai,author_2,ai,True,human,"Maren alone in the world, raised by an uncle who drank too much and spoke too little. The lighthouse became her inheritance and her prison—a place where she"
conv_61dd4f08-b460-4c98-8368-fb09762cbe5e,human-ai,4.0,3,True,author_2,ai,author_1,human,False,ai,"kunne kigge lige ud på det hav, der havde frataget hende hele hendes familie og fanget hende i denne triste tilværelse. Hendes største drøm var at"
conv_61dd4f08-b460-4c98-8368-fb09762cbe5e,human-ai,4.0,3,True,author_2,ai,author_2,ai,True,human,"leave it all behind, to move inland where she would never smell salt air again, never hear the relentless crash of waves. But the lighthouse demanded a keeper, an"
conv_61dd4f08-b460-4c98-8368-fb09762cbe5e,human-ai,5.0,4,True,author_2,ai,author_1,human,False,ai,"hun kunne ikke have det på hendes samvittighed, hvis hun efterlod fyrtårnet, og der så ville være nogle, der døde på havet, fordi hun ikke"
conv_61dd4f08-b460-4c98-8368-fb09762cbe5e,human-ai,5.0,4,True,author_2,ai,author_2,ai,True,human,"havde passet sin pligt. So night after night, she climbed the spiral stairs and lit the lamp, guiding ships safely past the rocks—saving the lives of"
conv_61dd4f08-b460-4c98-8368-fb09762cbe5e,human-ai,6.0,5,True,author_2,ai,author_1,human,False,ai,"en masse mennesker. Det trøstede hende at tænke på, at dem som hun har reddet har kunnet tage hjem til deres familier, sådan at andre ikke skulle opleve"
conv_61dd4f08-b460-4c98-8368-fb09762cbe5e,human-ai,6.0,5,True,author_2,ai,author_2,ai,True,human,"det samme som hun havde. Det var den eneste mening hun kunne finde i hendes ensomme tilværelse.

En stormfuld aften"
conv_61dd4f08-b460-4c98-8368-fb09762cbe5e,human-ai,7.0,6,True,author_2,ai,author_1,human,False,ai,"Gik det dog galt, Maren var faldet i søvn på sin vagt, og lyset var gået ud. Som en konsekvens af dette var et skib gået under."
conv_61dd4f08-b460-4c98-8368-fb09762cbe5e,human-ai,7.0,6,True,author_2,ai,author_2,ai,True,human,"og nu lå vragresterne spredt langs kysten. Maren vågnede til lyden af bølger, der skyllede træplanker"
conv_61dd4f08-b460-4c98-8368-fb09762cbe5e,human-ai,8.0,7,True,author_2,ai,author_1,human,False,ai,"ind på stranden. Hun var helt knust over det som var sket, og hun havde en enorm trang til at kaste sig selv over en klippe og i"
conv_61dd4f08-b460-4c98-8368-fb09762cbe5e,human-ai,8.0,7,True,author_2,ai,author_2,ai,True,human,"havet, ligesom hendes mor havde gjort. Men da hun stod der på kanten af klippen, hørte hun en svag stem"
conv_61dd4f08-b460-4c98-8368-fb09762cbe5e,human-ai,9.0,8,True,author_2,ai,author_1,human,False,ai,"der fortalte hende, at der var en mening med hendes liv, og at alt nok skulle blive godt igen. Hun skulle nok"
conv_61dd4f08-b460-4c98-8368-fb09762cbe5e,human-ai,9.0,8,True,author_2,ai,author_2,ai,True,human,"komme igennem dette. Stemmen kom fra en overlevende fra vraget—en ung kvinde, klampet fast til en træplanke"
conv_62a271e6-a272-4e74-9d10-2dc0c15c530f,human-ai,1.0,,True,author_1,human,author_1,human,True,ai,She could almost smell the burnt hair when she thought of that Christmas Eve. The panicked room and the atmosphere that had shifted with
conv_62a271e6-a272-4e74-9d10-2dc0c15c530f,human-ai,1.0,,True,author_1,human,author_2,ai,False,human,the sudden
conv_62a271e6-a272-4e74-9d10-2dc0c15c530f,human-ai,2.0,1,True,author_1,human,author_1,human,True,ai,"movement of the blonde curls in the lit up candles on the window shelf. She remembered the eyes of her mother at the other end of the room,"
conv_62a271e6-a272-4e74-9d10-2dc0c15c530f,human-ai,2.0,1,True,author_1,human,author_2,ai,False,human,"widening in slow motion, the cocktail glass slipping from her fingers. The crystal shattered against the hardwood floor, gin and ice scattering like broken stars"
conv_62a271e6-a272-4e74-9d10-2dc0c15c530f,human-ai,3.0,2,True,author_1,human,author_1,human,True,ai,"in the dark floor. Everyone looked at mother and spilled drink on the floor, before her insistent eyes finally led the rest of the group to"
conv_62a271e6-a272-4e74-9d10-2dc0c15c530f,human-ai,3.0,2,True,author_1,human,author_2,ai,False,human,"the window, where flames were already licking up the velvet curtains. Her sister Emma stood frozen, blonde hair smoking at the tips, too shocked to scream."
conv_62a271e6-a272-4e74-9d10-2dc0c15c530f,human-ai,4.0,3,True,author_1,human,author_1,human,True,ai,"Time stood still until it suddenly didn't. From one moment to the other, things happened quickly. Punches were thrown through the room, and even"
conv_62a271e6-a272-4e74-9d10-2dc0c15c530f,human-ai,4.0,3,True,author_1,human,author_2,ai,False,human,"Uncle Thomas had yanked the tablecloth, sending the entire Christmas ham sliding across the floor as he grabbed the crystal bowl. The red liquid arced through the air,"
conv_62a271e6-a272-4e74-9d10-2dc0c15c530f,human-ai,5.0,4,True,author_1,human,author_1,human,True,ai,"only partly hitting the flames, while the rest landed on the floor around the scene making the floor slippery"
conv_62a271e6-a272-4e74-9d10-2dc0c15c530f,human-ai,5.0,4,True,author_1,human,author_2,ai,False,human,"and treacherous. Her father lunged forward, nearly losing his footing in the sticky mess, his hands reaching for Emma who had finally begun to move, stumbling"
conv_62a271e6-a272-4e74-9d10-2dc0c15c530f,human-ai,6.0,5,True,author_1,human,author_1,human,True,ai,away from the flames with one arm reaching for her sister without luck. Aunt Nancy finally managed to get her attention and escorted her in.
conv_62a271e6-a272-4e74-9d10-2dc0c15c530f,human-ai,6.0,5,True,author_1,human,author_2,ai,False,human,"the opposite direction, toward the kitchen where the fire extinguisher hung on the wall. She could hear Aunt Nancy's steady voice cutting through the chaos—""It's"
conv_62a271e6-a272-4e74-9d10-2dc0c15c530f,human-ai,7.0,6,True,author_1,human,author_1,human,True,ai,"always like this! Always a mess with this family!"". Her eyes were cold and glaring. ""Had we just stayed in Bournemouth, we wouldn't have"
conv_62a271e6-a272-4e74-9d10-2dc0c15c530f,human-ai,7.0,6,True,author_1,human,author_2,ai,False,human,"to deal with your dramatics every holiday!"" Emma wrenched free from Nancy's grip, her singed hair falling across her tear-streaked face. Behind them,"
conv_62a271e6-a272-4e74-9d10-2dc0c15c530f,human-ai,8.0,7,True,author_1,human,author_1,human,True,ai,Uncle Thomas showed up filling the whole door opening with his enormous stature. He stared at the two women with a bewildered look and
conv_62a271e6-a272-4e74-9d10-2dc0c15c530f,human-ai,8.0,7,True,author_1,human,author_2,ai,False,human,"held the fire extinguisher limply at his side, foam still dripping from its nozzle. ""The fire's out,"" he said quietly, but nobody move"
conv_62a271e6-a272-4e74-9d10-2dc0c15c530f,human-ai,9.0,8,True,author_1,human,author_1,human,True,ai,"The three of them waited patiently for the next move, before Emma gave up and passed Uncle Thomas to get back to her sister in the now smoking."
conv_62a271e6-a272-4e74-9d10-2dc0c15c530f,human-ai,9.0,8,True,author_1,human,author_2,ai,False,human,"living room. The acrid smell of burnt fabric and melted wax hung heavy in the air. Through the haze, she could see her sister kneeling beside"
conv_634a773b-4e50-4e24-87f3-a5fbebcc6d74,human-ai,1.0,,False,author_2,ai,author_1,human,False,ai,
conv_634a773b-4e50-4e24-87f3-a5fbebcc6d74,human-ai,1.0,,False,author_2,ai,author_2,ai,True,human,"Eliana, a young woman with a heart as vast as the ocean and dreams that stretched beyond the horizon. She lived in a small coastal village where the air was always"
conv_634a773b-4e50-4e24-87f3-a5fbebcc6d74,human-ai,2.0,1,True,author_2,ai,author_1,human,False,ai,"thick of love and full of kindness. Everywhere she walked, flowers followed her like a trail, until one day when the flowers suddenly"
conv_634a773b-4e50-4e24-87f3-a5fbebcc6d74,human-ai,2.0,1,True,author_2,ai,author_2,ai,True,human,"stopped blooming. The once vibrant path was now barren, and Eliana felt a deep unease. She knew something was amiss, and her heart urged her to uncover"
conv_634a773b-4e50-4e24-87f3-a5fbebcc6d74,human-ai,3.0,2,True,author_2,ai,author_1,human,False,ai,"what. In her seeking for answers she decided to meet with the famous witch Penelope, who lived alone at the foot of the mountain along with her fire"
conv_634a773b-4e50-4e24-87f3-a5fbebcc6d74,human-ai,3.0,2,True,author_2,ai,author_2,ai,True,human,"breathing dragon, Ember. The journey was long and perilous, but Eliana’s resolve only grew stronger with each step. As she approached the mountain, the air grew"
conv_634a773b-4e50-4e24-87f3-a5fbebcc6d74,human-ai,4.0,3,True,author_2,ai,author_1,human,False,ai,"thinner and colder, until she finally reached a small hut. However, nobody was home. She tried to knock on the door and bang on the windows, but after a while, she"
conv_634a773b-4e50-4e24-87f3-a5fbebcc6d74,human-ai,4.0,3,True,author_2,ai,author_2,ai,True,human,"decided to wait. Hours passed, and just as the sun began to set, casting long shadows across the landscape, the door creaked open. A wizened"
conv_634a773b-4e50-4e24-87f3-a5fbebcc6d74,human-ai,5.0,4,True,author_2,ai,author_1,human,False,ai,"old woman opened the door and greeted her. Scared but determined, she asked if she could come inside, and after a brief moment of thinking, she was let in."
conv_634a773b-4e50-4e24-87f3-a5fbebcc6d74,human-ai,5.0,4,True,author_2,ai,author_2,ai,True,human,"in. The inside of the hut was dimly lit by a flickering fireplace, and the air was thick with the scent of herbs and incense. Penelope gestured"
conv_634a773b-4e50-4e24-87f3-a5fbebcc6d74,human-ai,6.0,5,True,author_2,ai,author_1,human,False,ai,"for her to have a seat, and unsure of where to sit she chose what looked like some kind of chair. To her surprise, however, the chair suddenly started to move."
conv_634a773b-4e50-4e24-87f3-a5fbebcc6d74,human-ai,6.0,5,True,author_2,ai,author_2,ai,True,human,"and came to life, gently guiding her to a more comfortable spot by the fire. Eliana’s eyes widened in astonishment, but she couldn’t help but laugh at the"
conv_634a773b-4e50-4e24-87f3-a5fbebcc6d74,human-ai,7.0,6,True,author_2,ai,author_1,human,False,ai,obscure situation. The witches look however grew more serious. She looked at Eliana with a furrow between her eyebrows.
conv_634a773b-4e50-4e24-87f3-a5fbebcc6d74,human-ai,7.0,6,True,author_2,ai,author_2,ai,True,human,"and said, ""I’ve been expecting you, Eliana. The flowers are a sign, a message from the earth itself. Something dark is stirring, and only you can"
conv_634a773b-4e50-4e24-87f3-a5fbebcc6d74,human-ai,8.0,7,True,author_2,ai,author_1,human,False,ai,"stop whatever is brewing from coming to life. Haggin can help you, you will meet him outside."" Him? Eliana thought to"
conv_634a773b-4e50-4e24-87f3-a5fbebcc6d74,human-ai,8.0,7,True,author_2,ai,author_2,ai,True,human,"herself, puzzled. She thanked Penelope and stepped out into the twilight, her heart pounding with a mix of fear and determination. Just as the witch had said,"
conv_634a773b-4e50-4e24-87f3-a5fbebcc6d74,human-ai,9.0,8,True,author_2,ai,author_1,human,False,ai,"a male was waiting for her outside. However, it was not any male. It was the dragon. Eliana approached the dragon nervously, unsure of how to"
conv_634a773b-4e50-4e24-87f3-a5fbebcc6d74,human-ai,9.0,8,True,author_2,ai,author_2,ai,True,human,"react. To her surprise, the dragon spoke, its voice deep and resonant. ""I am Ember, and I am here to guide you. The darkness you must face"
conv_6419c979-eb60-46a6-8770-2c3a25c7e2b3,human-ai,1.0,,False,author_2,ai,author_1,human,False,ai,
conv_6419c979-eb60-46a6-8770-2c3a25c7e2b3,human-ai,1.0,,False,author_2,ai,author_2,ai,True,human,"a lighthouse keeper who forgot how to sleep.

Maris had lived on the rocky island for seven years, tending the beacon that guided ships"
conv_6419c979-eb60-46a6-8770-2c3a25c7e2b3,human-ai,2.0,1,True,author_2,ai,author_1,human,False,ai,"through the rocky waters. She loved her job and often stayed long after her shift ended, to just take"
conv_6419c979-eb60-46a6-8770-2c3a25c7e2b3,human-ai,2.0,1,True,author_2,ai,author_2,ai,True,human,"in the endless rhythm of the waves. But three months ago, something changed. The night she saw the ship with black sails, the one that didn't appear on any"
conv_6419c979-eb60-46a6-8770-2c3a25c7e2b3,human-ai,3.0,2,True,author_2,ai,author_1,human,False,ai,"of her indicators or sonar equipment. It looked out of this world, with the size of a large house and the"
conv_6419c979-eb60-46a6-8770-2c3a25c7e2b3,human-ai,3.0,2,True,author_2,ai,author_2,ai,True,human,"shimmer of old glass catching moonlight. She'd rubbed her eyes, certain it was exhaustion playing tricks, but when she looked again, the vessel had moved closer"
conv_6419c979-eb60-46a6-8770-2c3a25c7e2b3,human-ai,4.0,3,True,author_2,ai,author_1,human,False,ai,and kept moving closer and closer. It was until the ominous giant suddenly stopped. Something was wrong and she
conv_6419c979-eb60-46a6-8770-2c3a25c7e2b3,human-ai,4.0,3,True,author_2,ai,author_2,ai,True,human,"could feel it in her bones—a wrongness that made the air taste like copper. The ship sat there, motionless in waters that should have shredded its"
conv_6419c979-eb60-46a6-8770-2c3a25c7e2b3,human-ai,5.0,4,True,author_2,ai,author_1,human,False,ai,"old wooden planks. The ship started moving again, but this time not with the wind, not through the rocks or"
conv_6419c979-eb60-46a6-8770-2c3a25c7e2b3,human-ai,5.0,4,True,author_2,ai,author_2,ai,True,human,"the current—it moved backward, impossibly, against every law of nature Maris understood. And then she heard it: a voice calling her name from across the water"
conv_6419c979-eb60-46a6-8770-2c3a25c7e2b3,human-ai,6.0,5,True,author_2,ai,author_1,human,False,ai,"Maris! Maris! A shock went through her body. She rushed down the stairs, almost tripping on the steps on."
conv_6419c979-eb60-46a6-8770-2c3a25c7e2b3,human-ai,6.0,5,True,author_2,ai,author_2,ai,True,human,"her way to the rocky shore. Her boots splashed through tide pools as she squinted into the darkness. The black-sailed ship had vanished completely, but the voice"
conv_6419c979-eb60-46a6-8770-2c3a25c7e2b3,human-ai,7.0,6,True,author_2,ai,author_1,human,False,ai,"kept calling her name. Now, it was as if a thousand voices joined and a chant of soulless voices encouraged her."
conv_6419c979-eb60-46a6-8770-2c3a25c7e2b3,human-ai,7.0,6,True,author_2,ai,author_2,ai,True,human,"to wade into the frigid water. Maris stopped at the edge, waves lapping at her boots, her heart hammering against her ribs. The voices promise"
conv_6419c979-eb60-46a6-8770-2c3a25c7e2b3,human-ai,8.0,7,True,author_2,ai,author_1,human,False,ai,"promised an adventure she would not want to miss. A great journey around the world, away from"
conv_6419c979-eb60-46a6-8770-2c3a25c7e2b3,human-ai,8.0,7,True,author_2,ai,author_2,ai,True,human,"the isolation that had become her prison. Maris felt tears on her cheeks—when had she started crying? The voices knew her deepest longing, the wan"
conv_6419c979-eb60-46a6-8770-2c3a25c7e2b3,human-ai,9.0,8,True,author_2,ai,author_1,human,False,ai,"She wanted to stay, but something deep inside of her called her to join the voices. One step at a time, she"
conv_6419c979-eb60-46a6-8770-2c3a25c7e2b3,human-ai,9.0,8,True,author_2,ai,author_2,ai,True,human,"walked into the cold embrace of the sea. The water climbed past her knees, her waist, her chest—and just as it reached her shoulders, the lighthouse"
conv_68f643620b5081968ccd202f0b32a9250787a797b4322e0b,human-ai,1.0,,False,author_2,ai,author_1,human,False,ai,
conv_68f643620b5081968ccd202f0b32a9250787a797b4322e0b,human-ai,1.0,,False,author_2,ai,author_2,ai,True,human,"a small village nestled deep within the Whispering Woods, where the trees seemed to hold secrets in their rustling leaves. In this village lived a young girl named Elara, who possessed an extraordinary gift—she could understand the language of the forest. 

Elara spent her days wandering the woods, listening to the tales the trees told and the songs"
conv_68f643620b5081968ccd202f0b32a9250787a797b4322e0b,human-ai,2.0,1,True,author_2,ai,author_1,human,False,ai,they sang. Elara loved the magical feeling of wandering in the
conv_68f643620b5081968ccd202f0b32a9250787a797b4322e0b,human-ai,2.0,1,True,author_2,ai,author_2,ai,True,human,"dappled sunlight, where beams of light danced through the canopy above. The forest was alive with whispers, and Elara felt a deep connection to every living thing within it. 

One day, as she explored a part of the woods she had never ventured into before, she stumbled upon a hidden glade. In the center stood an ancient,"
conv_68f643620b5081968ccd202f0b32a9250787a797b4322e0b,human-ai,3.0,2,True,author_2,ai,author_1,human,False,ai,"viking stone cover from top to bottom in runes and drawings. Elena thought to herself, ""If only I could"
conv_68f643620b5081968ccd202f0b32a9250787a797b4322e0b,human-ai,3.0,2,True,author_2,ai,author_2,ai,True,human,"decipher these symbols, perhaps they hold the key to understanding the deeper mysteries of the forest."" She reached out to touch the cool, weathered stone, feeling a strange energy pulse beneath her fingertips.

Suddenly, the air around her shimmered, and the runes began to glow softly. A gentle voice emerged from the stone, speaking in a"
conv_68f643620b5081968ccd202f0b32a9250787a797b4322e0b,human-ai,4.0,3,True,author_2,ai,author_1,human,False,ai,"foreign tongue. The voice was warm and creaky, like that of an old and wise grandmother. Elena was frightened and slightly intrigued. How could the"
conv_68f643620b5081968ccd202f0b32a9250787a797b4322e0b,human-ai,4.0,3,True,author_2,ai,author_2,ai,True,human,"stone speak? Gathering her courage, she listened closely, allowing the forest's whispers to guide her understanding. Slowly, the foreign words began to make sense.

""Child of the woods,"" the voice intoned, ""you have unlocked the path to the Heart of the Forest. Your bond with nature is strong, and only you can awaken the ancient guardians"
conv_68f643620b5081968ccd202f0b32a9250787a797b4322e0b,human-ai,5.0,4,True,author_2,ai,author_1,human,False,ai,"of the forest. Elena had heard tales of the ancient guardians of the earth since before she could remember, but she hadn't given those sagas much"
conv_68f643620b5081968ccd202f0b32a9250787a797b4322e0b,human-ai,5.0,4,True,author_2,ai,author_2,ai,True,human,"credence, thinking them mere bedtime stories. Yet here she stood, at the cusp of a forgotten legend. 

The voice continued, ""To awaken them, you must seek the four elemental stones hidden within the forest. Each stone is protected by a challenge that tests your heart and spirit.""

Elara felt a surge of responsibility and excitement. She knew"
conv_68f643620b5081968ccd202f0b32a9250787a797b4322e0b,human-ai,6.0,5,True,author_2,ai,author_1,human,False,ai,not why her dearest friend the forest had chosen to test her. Maybe it was because it knew that in her heart was a longing to become one of the tribes.
conv_68f643620b5081968ccd202f0b32a9250787a797b4322e0b,human-ai,6.0,5,True,author_2,ai,author_2,ai,True,human,"of the ancient guardians. Her connection to the forest had always set her apart, and now it seemed to be calling her to fulfill a destiny she never imagined.

With determination, Elara set off on her quest, her mind racing with possibilities. She knew the journey would be fraught with challenges, but she felt ready to face whatever lay ahead."
conv_68f643620b5081968ccd202f0b32a9250787a797b4322e0b,human-ai,7.0,6,True,author_2,ai,author_1,human,False,ai,"Elara filled with excitement asked the voice: ""How do I find the elemental stones of Fire, Water, and Air?"" Being from the Earth tribe, she had heard."
conv_68f643620b5081968ccd202f0b32a9250787a797b4322e0b,human-ai,7.0,6,True,author_2,ai,author_2,ai,True,human,"only whispers of the other elements, each with its own unique power and challenge. The voice responded gently, ""Follow the signs the forest provides. The stones reveal themselves to those who listen with their hearts.""

Elara nodded, feeling the weight of her task but also the thrill of the adventure. She took a deep breath and began her journey, ready"
conv_68f643620b5081968ccd202f0b32a9250787a797b4322e0b,human-ai,8.0,7,True,author_2,ai,author_1,human,False,ai,"find out who she truly is, but firstly she had to gather the most essential gear from their family tent at the campsite, where the forest meets the"
conv_68f643620b5081968ccd202f0b32a9250787a797b4322e0b,human-ai,8.0,7,True,author_2,ai,author_2,ai,True,human,"edge of the village. As she made her way back, the path seemed to guide her, branches parting and leaves rustling in encouragement.

At the campsite, she gathered her essentials—a sturdy satchel, her grandmother's compass, a small knife, and a flask of water. Her family, sensing her determination, offered her quiet support, understanding"
conv_68f643620b5081968ccd202f0b32a9250787a797b4322e0b,human-ai,9.0,8,True,author_2,ai,author_1,human,False,ai,"her quest. Elara came from a loving, supportive home and that meant that even though her mother understood this was an adventure Elara needed to take"
conv_68f643620b5081968ccd202f0b32a9250787a797b4322e0b,human-ai,9.0,8,True,author_2,ai,author_2,ai,True,human,"on her own, she still offered a warm embrace and whispered, ""Trust in yourself, and in the wisdom of the forest.""

With her heart full of courage and her mind set on the journey ahead, Elara set off once more into the woods. The whispers of the trees seemed to cheer her on, and she felt a deep sense of belonging"
conv_68f73dbdcc8081958c0890edef7c670804df05d299f21c4d,human-ai,1.0,,False,author_2,ai,author_1,human,False,ai,
conv_68f73dbdcc8081958c0890edef7c670804df05d299f21c4d,human-ai,1.0,,False,author_2,ai,author_2,ai,True,human,"a young girl named Elara, who lived in the quaint village of Eldergrove. Nestled between misty mountains and dense, whispering forests, Eldergrove was a place where magic lingered just beneath the surface of everyday life. Elara had always felt a peculiar connection to the forest, as if it held secrets meant only for her"
conv_68f73dbdcc8081958c0890edef7c670804df05d299f21c4d,human-ai,2.0,1,True,author_2,ai,author_1,human,False,ai,"In fact, the forest had always given her a sense of belonging, like its secrets were a language shared between only her and the forest. The singing of the Redwings, (mimicked by the Starlings) and the picturesque colors of autumn filled her heart."
conv_68f73dbdcc8081958c0890edef7c670804df05d299f21c4d,human-ai,2.0,1,True,author_2,ai,author_2,ai,True,human,"One crisp autumn morning, as the golden leaves danced in the breeze, Elara ventured deeper into the forest than ever before. She followed a narrow, winding path that seemed to call her name. As she walked, the air shimmered with a mysterious energy. Suddenly, she stumbled upon a hidden glade, where a gentle stream flowed and an ancient"
conv_68f73dbdcc8081958c0890edef7c670804df05d299f21c4d,human-ai,3.0,2,True,author_2,ai,author_1,human,False,ai,"elephant skeleton lied. The elders in Elara's village had warned the community time and time again about entering the Elephant Graveyard, since children who went there seemed to be changed forever. Elara felt a cold creeping chill down her spine,"
conv_68f73dbdcc8081958c0890edef7c670804df05d299f21c4d,human-ai,3.0,2,True,author_2,ai,author_2,ai,True,human,"but also an inexplicable pull to uncover the truth. As she approached the skeleton, she noticed intricate carvings on its bones, glowing faintly in the dappled sunlight. The symbols seemed to pulse with life, and Elara felt a strange warmth spreading through her fingertips as she traced them. Suddenly, the forest around her whispered in a voice"
conv_68f73dbdcc8081958c0890edef7c670804df05d299f21c4d,human-ai,4.0,3,True,author_2,ai,author_1,human,False,ai,". It was the voice of her annoying older brother, Tristan. Tristan was tall for his age, athletic build and was a real know-it-all. Truth be told he was the kind of brother that any little sister would have loved and hated in equal measures, as it was"
conv_68f73dbdcc8081958c0890edef7c670804df05d299f21c4d,human-ai,4.0,3,True,author_2,ai,author_2,ai,True,human,"Tristan who had dared her to explore the forest that morning. ""Elara, what are you doing here?"" his voice echoed through the trees, a mix of surprise and concern. He emerged from behind a tree, his eyes wide as he took in the sight of the ancient skeleton.

""I could ask you the same thing,"" Elara retorted"
conv_68f73dbdcc8081958c0890edef7c670804df05d299f21c4d,human-ai,5.0,4,True,author_2,ai,author_1,human,False,ai,"while inspecting the carvings. ""Elara, don't touch that!"" Tristan yelled. ""Don't you know where we are? We can't be here. The elders wouldn't like it,"" he pleaded, trying to persuade Elara to go back into the forest. Elara knew Tristan was right, but she"
conv_68f73dbdcc8081958c0890edef7c670804df05d299f21c4d,human-ai,5.0,4,True,author_2,ai,author_2,ai,True,human,"felt an undeniable connection to the carvings. ""Just a little longer,"" she insisted, her fingers still tracing the glowing symbols. ""I feel like there's something important here.""

Tristan sighed, glancing nervously around the glade. ""Fine, but hurry. I don't want to be caught here.""

As Elara continued to explore, she"
conv_68f73dbdcc8081958c0890edef7c670804df05d299f21c4d,human-ai,6.0,5,True,author_2,ai,author_1,human,False,ai,"placed her tiny hand on a rib, covering less than half perimeter, with so gentle a touch that she hardly put any pressure on the bone. All of the sudden she heard tiny cracking sounds. Choked by the noise she flew back into Tristan's arms, but it was"
conv_68f73dbdcc8081958c0890edef7c670804df05d299f21c4d,human-ai,6.0,5,True,author_2,ai,author_2,ai,True,human,"not the bone that broke. Instead, the ground beneath the skeleton began to shift, revealing a hidden chamber. A soft, luminescent glow emanated from within, casting ethereal patterns on the surrounding trees.

Tristan and Elara exchanged a glance, a mix of fear and curiosity in their eyes. ""We should tell someone,"" Tristan whispered"
conv_68f73dbdcc8081958c0890edef7c670804df05d299f21c4d,human-ai,7.0,6,True,author_2,ai,author_1,human,False,ai,"Elara's eyes started glowing a warm yellow around her pupils. She felt her body moving towards the chamber, spellbound by the glow that emanated. As Elara moved towards the chamber, Tristan grabbed her wrist and yelled at her: ""Elara, what are you"
conv_68f73dbdcc8081958c0890edef7c670804df05d299f21c4d,human-ai,7.0,6,True,author_2,ai,author_2,ai,True,human,"doing? We need to get out of here!"" But Elara barely heard him, her mind captivated by the mysterious energy pulling her forward.

Inside the chamber, she saw a pedestal with a small, intricately carved stone. The symbols on the stone matched those on the skeleton, glowing brighter as she approached. Elara felt a deep sense of recognition"
conv_68f73dbdcc8081958c0890edef7c670804df05d299f21c4d,human-ai,8.0,7,True,author_2,ai,author_1,human,False,ai,"like she had seen the carvings before. Tristan had followed into the chamber, filled with fear but also with an even bigger sense of responsibility for Elara. He pulled her arm and tried to pick her up to carry her out of there, but it was as if she"
conv_68f73dbdcc8081958c0890edef7c670804df05d299f21c4d,human-ai,8.0,7,True,author_2,ai,author_2,ai,True,human,"was rooted to the spot, her gaze locked on the stone. ""I have to touch it, Tristan,"" she whispered, her voice distant and dreamlike.

Tristan hesitated, torn between protecting his sister and the strange allure of the stone. ""Okay,"" he finally said, his voice trembling. ""But be quick.""

With a deep breath"
conv_68f73dbdcc8081958c0890edef7c670804df05d299f21c4d,human-ai,9.0,8,True,author_2,ai,author_1,human,False,ai,"Elara placed her hands on the carvings. She felt an electric wave going through her, making her feel warm and alive. She started feeling lighter and noticed her feet leaving the ground as she started to levitate, but to Tristan who couldn't see the"
conv_68f73dbdcc8081958c0890edef7c670804df05d299f21c4d,human-ai,9.0,8,True,author_2,ai,author_2,ai,True,human,"magic, it looked as though she was enveloped in a gentle, golden light. The chamber filled with a soft hum, resonating with the energy flowing through Elara.

Tristan watched in awe and fear, unsure of what to do. ""Elara, are you okay?"" he called, his voice echoing.

Elara nodded, a"
conv_68f8cb66e7d0819089538cdf28e940fb0be0c7c5bc28f178,human-ai,1.0,,True,author_1,human,author_1,human,True,ai,"landscape, there lived a poor farmer with three adventurous daughters who hated their small and limited life in the village"
conv_68f8cb66e7d0819089538cdf28e940fb0be0c7c5bc28f178,human-ai,1.0,,True,author_1,human,author_2,ai,False,human,". Each daughter possessed a unique dream. Ella, the eldest, yearned to explore distant lands across the sea. Maren, the middle child, hoped to uncover the secrets"
conv_68f8cb66e7d0819089538cdf28e940fb0be0c7c5bc28f178,human-ai,2.0,1,True,author_1,human,author_1,human,True,ai,"of the dark forests, which lay beyond the southern mountains and was rumoured to still be the domain of the old gods and spirits."
conv_68f8cb66e7d0819089538cdf28e940fb0be0c7c5bc28f178,human-ai,2.0,1,True,author_1,human,author_2,ai,False,human,"Meanwhile, Liora, the youngest, had a heart set on unraveling the mysteries of the stars, believing they held keys to untold wisdom and power. One day,"
conv_68f8cb66e7d0819089538cdf28e940fb0be0c7c5bc28f178,human-ai,3.0,2,True,author_1,human,author_1,human,True,ai,"day, an old wise woman journeyed into town on the back of a donkey and sought shelter among the villagers. Ella, Maren, and Liora took her back to the farmhouse."
conv_68f8cb66e7d0819089538cdf28e940fb0be0c7c5bc28f178,human-ai,3.0,2,True,author_1,human,author_2,ai,False,human,"The wise woman, grateful for their kindness, promised each daughter a gift that might help fulfill their dreams. To Ella, she gave a compass that always pointed toward adventure. To"
conv_68f8cb66e7d0819089538cdf28e940fb0be0c7c5bc28f178,human-ai,4.0,3,True,author_1,human,author_1,human,True,ai,"To Maren, she gave a magical machete for forging a path through dense wilderness vines, and which glows when unseen danger is present."
conv_68f8cb66e7d0819089538cdf28e940fb0be0c7c5bc28f178,human-ai,4.0,3,True,author_1,human,author_2,ai,False,human,"To Liora, she presented a telescope, enchanted to reveal hidden constellations that whispered secrets of the universe. Each daughter felt a surge of hope and determination, knowing these"
conv_68f8cb66e7d0819089538cdf28e940fb0be0c7c5bc28f178,human-ai,5.0,4,True,author_1,human,author_1,human,True,ai,these items could empower them to pursue their dreams beyond the village. They asked the old wise woman who she was and where she came from.
conv_68f8cb66e7d0819089538cdf28e940fb0be0c7c5bc28f178,human-ai,5.0,4,True,author_1,human,author_2,ai,False,human,"The wise woman simply smiled and replied, ""I am a wanderer of forgotten paths and a keeper of ancient tales."" With a twinkle in her eye, she added,"
conv_68f8cb66e7d0819089538cdf28e940fb0be0c7c5bc28f178,human-ai,6.0,5,True,author_1,human,author_1,human,True,ai,"sipped her tea and went silent again and left the girls with their curiosity unfulfilled. ""But where are you going next?"" they asked."
conv_68f8cb66e7d0819089538cdf28e940fb0be0c7c5bc28f178,human-ai,6.0,5,True,author_1,human,author_2,ai,False,human,"""I follow the winds and whispers of the world,"" she replied. ""Perhaps to where I'm needed next."" As dawn broke, she prepared to leave, her presence lingering like a"
conv_68f8cb66e7d0819089538cdf28e940fb0be0c7c5bc28f178,human-ai,7.0,6,True,author_1,human,author_1,human,True,ai,"a refreshing breeze from the mountains. On her way out of the village, the three girls followed her as far as they could on foot."
conv_68f8cb66e7d0819089538cdf28e940fb0be0c7c5bc28f178,human-ai,7.0,6,True,author_1,human,author_2,ai,False,human,"As they reached the edge of the village, she turned to them one last time. ""Remember,"" she said, ""the path is forged by courage. Trust your gifts and"
conv_68f8cb66e7d0819089538cdf28e940fb0be0c7c5bc28f178,human-ai,8.0,7,True,author_1,human,author_1,human,True,ai,"go forth. If you wait until you feel ready, you will never go. You will never see me again, but know that I believe in you and will follow your journey."
conv_68f8cb66e7d0819089538cdf28e940fb0be0c7c5bc28f178,human-ai,8.0,7,True,author_1,human,author_2,ai,False,human,"With those words, the old woman disappeared into the morning mist. The sisters stood there, filled with newfound resolve. Together, they turned back toward home to prepare, knowing their"
conv_68f8cb66e7d0819089538cdf28e940fb0be0c7c5bc28f178,human-ai,9.0,8,True,author_1,human,author_1,human,True,ai,"Exciting futures awaited them beyond the village, and feeling grateful for their chance encounter with the wise woman, they would never forget her."
conv_68f8cb66e7d0819089538cdf28e940fb0be0c7c5bc28f178,human-ai,9.0,8,True,author_1,human,author_2,ai,False,human,"As they ventured down the winding path away from the village, the memories of the wise woman lingered, like soft echoes in their minds. Her cryptic words had woven a"
conv_6910e16399d48194987708b3589ca9eb0edd24df36992831,human-ai,1.0,,False,author_2,ai,author_1,human,False,ai,
conv_6910e16399d48194987708b3589ca9eb0edd24df36992831,human-ai,1.0,,False,author_2,ai,author_2,ai,True,human,"Lila, a curious inventor living in the bustling city of Aetheria. Unlike the majority of its inhabitants, who spent their days lost in cloud-reaching skyscrapers, L"
conv_6910e16399d48194987708b3589ca9eb0edd24df36992831,human-ai,2.0,1,True,author_2,ai,author_1,human,False,ai,"Lila likes to walk around in the city exploring urban neighborhoods, where she looks for new food options. Yesterday she"
conv_6910e16399d48194987708b3589ca9eb0edd24df36992831,human-ai,2.0,1,True,author_2,ai,author_2,ai,True,human,"discovered a hidden alleyway lined with vibrant street art and intriguing scents wafting from small eateries. Drawn by the smell of spices, she followed her nose to a"
conv_6910e16399d48194987708b3589ca9eb0edd24df36992831,human-ai,3.0,2,True,author_2,ai,author_1,human,False,ai,"small store selling cookies and flowers. The combination of the newly baked cookies and the flowers made her mind think about the time,"
conv_6910e16399d48194987708b3589ca9eb0edd24df36992831,human-ai,3.0,2,True,author_2,ai,author_2,ai,True,human,"she spent with her grandmother in the countryside. Her grandmother used to bake lavender cookies; their scent filled the air, mingling with the blossoms in the garden. Lila decided"
conv_6910e16399d48194987708b3589ca9eb0edd24df36992831,human-ai,4.0,3,True,author_2,ai,author_1,human,False,ai,"to go home. She missed her grandmother, and she just got reminded about how the grandfather took both of their lives a year ago."
conv_6910e16399d48194987708b3589ca9eb0edd24df36992831,human-ai,4.0,3,True,author_2,ai,author_2,ai,True,human,"She felt a pang of sorrow mixed with a longing for those simple, joyful moments. Determined to honor her grandmother's memory, Lila decided to recreate her lavender cookies using"
conv_6910e16399d48194987708b3589ca9eb0edd24df36992831,human-ai,5.0,4,True,author_2,ai,author_1,human,False,ai,"only butter. She had lost everything else since she lost her grandmother. She couldn't get up in the morning, and she had lost her job. The pain was too"
conv_6910e16399d48194987708b3589ca9eb0edd24df36992831,human-ai,5.0,4,True,author_2,ai,author_2,ai,True,human,"intense, and the world seemed colorless without her grandmother's warmth. But as she mixed the butter, flour, and carefully chosen lavender, she found solace in the familiar"
conv_6910e16399d48194987708b3589ca9eb0edd24df36992831,human-ai,6.0,5,True,author_2,ai,author_1,human,False,ai,smell of butter. God damn she loved butter. She once just ate a whole stick of butter because she had nothing left.
conv_6910e16399d48194987708b3589ca9eb0edd24df36992831,human-ai,6.0,5,True,author_2,ai,author_2,ai,True,human,"Despite the challenges, the act of baking offered her a small, comforting ritual. As the cookies baked, she felt the first flicker of hope she'd experienced in months—a hint"
conv_6910e16399d48194987708b3589ca9eb0edd24df36992831,human-ai,7.0,6,True,author_2,ai,author_1,human,False,ai,"for something new. Maybe this was the year she went to the butter festival in Paris. She had heard that Joe Biden was a big butter enthusiast like her,"
conv_6910e16399d48194987708b3589ca9eb0edd24df36992831,human-ai,7.0,6,True,author_2,ai,author_2,ai,True,human,"and the thought amused her. She imagined meeting people who shared her passion, perhaps even forging new friendships over buttery delights. As the cookies cooled, Lila realized"
conv_6910e16399d48194987708b3589ca9eb0edd24df36992831,human-ai,8.0,7,True,author_2,ai,author_1,human,False,ai,that this might be the last year that Joe Biden would participate in the butter festival. She cried a bit and opened her computer so she could buy
conv_6910e16399d48194987708b3589ca9eb0edd24df36992831,human-ai,8.0,7,True,author_2,ai,author_2,ai,True,human,"a ticket to Paris. As she booked her flight, she felt a thrill of anticipation. Maybe this adventure would spark more than just a taste for butter—perhaps it would be"
conv_6910e16399d48194987708b3589ca9eb0edd24df36992831,human-ai,9.0,8,True,author_2,ai,author_1,human,False,ai,"a new beginning of something new. Perhaps this would make her life start again. Lily didn't think twice. She bought the most expensive tickets,"
conv_6910e16399d48194987708b3589ca9eb0edd24df36992831,human-ai,9.0,8,True,author_2,ai,author_2,ai,True,human,"determined to make the most of this opportunity. With her heart set on the festival, Lila packed her bags, feeling a newfound sense of purpose and excitement. Paris awaited"
conv_69120b0be9a881908567c1dfa912a6d90a309a13d5ea8eef,human-ai,1.0,,True,author_1,human,author_1,human,True,ai,a princess. She was headstrong but also kind and caring. She loved her life and her favorite activity was reading. She read every single day in the
conv_69120b0be9a881908567c1dfa912a6d90a309a13d5ea8eef,human-ai,1.0,,True,author_1,human,author_2,ai,False,human,"castle library, a grand room filled with towering shelves of books from all corners of the kingdom. Her favorite spot was a cozy nook by a stained-glass window, which painted"
conv_69120b0be9a881908567c1dfa912a6d90a309a13d5ea8eef,human-ai,2.0,1,True,author_1,human,author_1,human,True,ai,"an archer. To be more precise, an elf. The tall elf was aiming at a white deer, the deer's skin shining against the forest's deep greenery. When the light hit"
conv_69120b0be9a881908567c1dfa912a6d90a309a13d5ea8eef,human-ai,2.0,1,True,author_1,human,author_2,ai,False,human,"the stained glass just right, the colors danced across the pages of her book. The princess, named Elara, often imagined herself stepping into that forest, hidden among leaves and"
conv_69120b0be9a881908567c1dfa912a6d90a309a13d5ea8eef,human-ai,3.0,2,True,author_1,human,author_1,human,True,ai,"running away forever. She was rebellious, but she did not want to leave her life behind. She had friends and was well taken care of. One day she went down by"
conv_69120b0be9a881908567c1dfa912a6d90a309a13d5ea8eef,human-ai,3.0,2,True,author_1,human,author_2,ai,False,human,"the river that wound through the castle grounds. There, she found a small wooden boat tethered loosely to a post. Curiosity sparked within her, and she decided to give"
conv_69120b0be9a881908567c1dfa912a6d90a309a13d5ea8eef,human-ai,4.0,3,True,author_1,human,author_1,human,True,ai,"it a good look. She knew that this boat belonged to the groundskeeper - and oh how handsome he was. She used to think about him often, the young man was just about"
conv_69120b0be9a881908567c1dfa912a6d90a309a13d5ea8eef,human-ai,4.0,3,True,author_1,human,author_2,ai,False,human,"her age, with a charming smile and an easy laugh. His name was Aiden, and he had a knack for crafting stories as captivating as her books. As Elara"
conv_69120b0be9a881908567c1dfa912a6d90a309a13d5ea8eef,human-ai,5.0,4,True,author_1,human,author_1,human,True,ai,"loved to listen to his stories. They met up regularly next to the lakes and spent most of their time just reading by each other. On this day, Elara was waiting"
conv_69120b0be9a881908567c1dfa912a6d90a309a13d5ea8eef,human-ai,5.0,4,True,author_1,human,author_2,ai,False,human,"for Aiden to arrive so they could embark on another of their shared adventures. As she sat by the boat, she noticed a mysterious, folded piece of paper tucked under the"
conv_69120b0be9a881908567c1dfa912a6d90a309a13d5ea8eef,human-ai,6.0,5,True,author_1,human,author_1,human,True,ai,ropes. It was from Aiden. He will be delayed and that she should just get into the boat and row over to the house on her own. Elara got scared because the
conv_69120b0be9a881908567c1dfa912a6d90a309a13d5ea8eef,human-ai,6.0,5,True,author_1,human,author_2,ai,False,human,"river was known for its unpredictable currents, but Aiden reassured her in the note that he had marked a safe path with floating lanterns. Trusting his guidance, she"
conv_69120b0be9a881908567c1dfa912a6d90a309a13d5ea8eef,human-ai,7.0,6,True,author_1,human,author_1,human,True,ai,jumped in the boat and rowed across. Aiden's floating lanterns started popping up by the lake as she was rowing. She knew she could trust him with
conv_69120b0be9a881908567c1dfa912a6d90a309a13d5ea8eef,human-ai,7.0,6,True,author_1,human,author_2,ai,False,human,"her heart racing a little at the thrill of this unexpected journey. As the boat followed the gentle glow of the lanterns, she could see the silhouette of a quaint cottage nestled"
conv_69120b0be9a881908567c1dfa912a6d90a309a13d5ea8eef,human-ai,8.0,7,True,author_1,human,author_1,human,True,ai,in between the pine trees of the forest. As the gentle current took her boat to the shore she sighed when she smelled the warm food Aiden was preparing for.
conv_69120b0be9a881908567c1dfa912a6d90a309a13d5ea8eef,human-ai,8.0,7,True,author_1,human,author_2,ai,False,human,"their evening together. The scent of spiced stew wafted through the air, mingling with the earthy aroma of pine. As Elara stepped onto the shore, A"
conv_69120b0be9a881908567c1dfa912a6d90a309a13d5ea8eef,human-ai,9.0,8,True,author_1,human,author_1,human,True,ai,Aiden's silhouette danced behind the windows of the cottage. She walked up the short pebbled path to the cottage. She was smiling miles wide as Aiden opened the door.
conv_69120b0be9a881908567c1dfa912a6d90a309a13d5ea8eef,human-ai,9.0,8,True,author_1,human,author_2,ai,False,human,"and welcomed her inside. The warmth of the cottage enveloped her, and she felt a sense of belonging she'd never known before. They spent the evening dining and sharing stories,"
conv_691249fd97308197b06e97ca5d649f45080645ae33d1bf00,human-ai,1.0,,False,author_2,ai,author_1,human,False,ai,
conv_691249fd97308197b06e97ca5d649f45080645ae33d1bf00,human-ai,1.0,,False,author_2,ai,author_2,ai,True,human,"a young girl named Elara, who lived in a quaint village nestled between towering mountains and dense, whispering forests. From a young age, Elara was known for her"
conv_691249fd97308197b06e97ca5d649f45080645ae33d1bf00,human-ai,2.0,1,True,author_2,ai,author_1,human,False,ai,inability to climb trees. This was a big deal in the small village because this was an important part
conv_691249fd97308197b06e97ca5d649f45080645ae33d1bf00,human-ai,2.0,1,True,author_2,ai,author_2,ai,True,human,"of the annual Harvest Festival. Each year, children would race to the tallest apple trees, competing to gather the ripe fruit for the grand feast. Despite her struggles, Elara"
conv_691249fd97308197b06e97ca5d649f45080645ae33d1bf00,human-ai,3.0,2,True,author_2,ai,author_1,human,False,ai,"tried her best every year, only to fall down and be shamed. She was considered a loser. the biggest loser of"
conv_691249fd97308197b06e97ca5d649f45080645ae33d1bf00,human-ai,3.0,2,True,author_2,ai,author_2,ai,True,human,"the village, whispers often labeling her as such. But Elara's heart was resilient, her spirit unbroken. With each fall, she learned to adapt, finding other ways"
conv_691249fd97308197b06e97ca5d649f45080645ae33d1bf00,human-ai,4.0,3,True,author_2,ai,author_1,human,False,ai,"show the villagers what awesome skills she mastered. She was excellent at falling and making a fool of herself, which"
conv_691249fd97308197b06e97ca5d649f45080645ae33d1bf00,human-ai,4.0,3,True,author_2,ai,author_2,ai,True,human,"unexpectedly became a form of entertainment. Villagers began to appreciate her comedic flair and the light-hearted laughter she brought. Her unique talent endeared her to many, transforming her"
conv_691249fd97308197b06e97ca5d649f45080645ae33d1bf00,human-ai,5.0,4,True,author_2,ai,author_1,human,False,ai,"into a girl with a strange god complex. Suddenly, all she would do was climb trees and fall. all she wanted was to"
conv_691249fd97308197b06e97ca5d649f45080645ae33d1bf00,human-ai,5.0,4,True,author_2,ai,author_2,ai,True,human,"perfect her comedic routine, turning every tumble into a theatrical performance. While some worried about her obsession, others were captivated by her determination and unconventional charm. This new persona allowed El"
conv_691249fd97308197b06e97ca5d649f45080645ae33d1bf00,human-ai,6.0,5,True,author_2,ai,author_1,human,False,ai,to gain some climbing skills that she eventually had to hide. No one could know she was falling on purpose now. What
conv_691249fd97308197b06e97ca5d649f45080645ae33d1bf00,human-ai,6.0,5,True,author_2,ai,author_2,ai,True,human,"started as a comedy act had become a secretive quest to conquer the very challenge that once defeated her. Elara spent her nights practicing in solitude, scaling trees with newfound agility"
conv_691249fd97308197b06e97ca5d649f45080645ae33d1bf00,human-ai,7.0,6,True,author_2,ai,author_1,human,False,ai,"and talking with the squirrels. the only ones that could truly understand her. You see, she actually had a lot in"
conv_691249fd97308197b06e97ca5d649f45080645ae33d1bf00,human-ai,7.0,6,True,author_2,ai,author_2,ai,True,human,"common with them—an outsider’s spirit and an insatiable curiosity. The squirrels became her silent cheerleaders, encouraging her with their bright eyes and nimble movements. As"
conv_691249fd97308197b06e97ca5d649f45080645ae33d1bf00,human-ai,8.0,7,True,author_2,ai,author_1,human,False,ai,the years went by she lost the ability to communicate with the townsfolk. all she did now was dance with the squirrels and
conv_691249fd97308197b06e97ca5d649f45080645ae33d1bf00,human-ai,8.0,7,True,author_2,ai,author_2,ai,True,human,"listening to the wind's secrets. This newfound detachment worried the villagers, yet there was an undeniable magic in her presence. Her dances became a bridge between the human world"
conv_691249fd97308197b06e97ca5d649f45080645ae33d1bf00,human-ai,9.0,8,True,author_2,ai,author_1,human,False,ai,and the world of the undead. An eerie fog came over the village as the underworld began to creep into theirs. It
conv_691249fd97308197b06e97ca5d649f45080645ae33d1bf00,human-ai,9.0,8,True,author_2,ai,author_2,ai,True,human,"swirled around Elara, drawn by her unique bond with the unseen. Yet, instead of fear, she felt an odd sense of belonging. She sensed the balance needed"
conv_6912d3d2074c8197adc6c9e56408225c0a4f5cb536497774,human-ai,1.0,,False,author_2,ai,author_1,human,False,ai,
conv_6912d3d2074c8197adc6c9e56408225c0a4f5cb536497774,human-ai,1.0,,False,author_2,ai,author_2,ai,True,human,"a small village nestled in the hidden valleys of the Whispering Woods. In this secluded place, where time seemed to stand still, lived a young girl named Elara. She"
conv_6912d3d2074c8197adc6c9e56408225c0a4f5cb536497774,human-ai,2.0,1,True,author_2,ai,author_1,human,False,ai,had a companion cybernetic llama that was bionically enhanced with the latest LLM and with whom she spent hours creating stories and
conv_6912d3d2074c8197adc6c9e56408225c0a4f5cb536497774,human-ai,2.0,1,True,author_2,ai,author_2,ai,True,human,"exploring the dense, mysterious forest. The llama, named Zephyr, had been a gift from her late grandfather, a brilliant engineer who had a penchant for blending technology with"
conv_6912d3d2074c8197adc6c9e56408225c0a4f5cb536497774,human-ai,3.0,2,True,author_2,ai,author_1,human,False,ai,"biology. As far as Elara could tell, no other child in the village had such a sophisticated pet. She did not know how she felt about"
conv_6912d3d2074c8197adc6c9e56408225c0a4f5cb536497774,human-ai,3.0,2,True,author_2,ai,author_2,ai,True,human,"being so different from the other children. While some admired Zephyr’s unique abilities, others were jealous or fearful. Despite these mixed reactions, Elara cherished her bond with Ze"
conv_6912d3d2074c8197adc6c9e56408225c0a4f5cb536497774,human-ai,4.0,3,True,author_2,ai,author_1,human,False,ai,phyr. On night Elara woke up panicked after sleeping through an awful nightmare. She dreamt that Zephyr was forever
conv_6912d3d2074c8197adc6c9e56408225c0a4f5cb536497774,human-ai,4.0,3,True,author_2,ai,author_2,ai,True,human,"lost in the labyrinthine depths of the Whispering Woods. The trees seemed to close in, their branches twisting into impenetrable barriers. Determined to ensure her dream wasn't"
conv_6912d3d2074c8197adc6c9e56408225c0a4f5cb536497774,human-ai,5.0,4,True,author_2,ai,author_1,human,False,ai,"real, she ran out to the stable and found her cherished familiar sound asleep. She cuddled him all night, like she used to until the morning, and both woke"
conv_6912d3d2074c8197adc6c9e56408225c0a4f5cb536497774,human-ai,5.0,4,True,author_2,ai,author_2,ai,True,human,"up to the soft glow of dawn filtering through the trees. Relieved, Elara whispered to Zephyr about her dream, and he nuzzled her reassuringly. Feeling"
conv_6912d3d2074c8197adc6c9e56408225c0a4f5cb536497774,human-ai,6.0,5,True,author_2,ai,author_1,human,False,ai,"warmer inside, she asked him if he ever dreams. Zephy looked her way and seemed pensive... After a pause, he leaned towards her, but no words came! She asked again,"
conv_6912d3d2074c8197adc6c9e56408225c0a4f5cb536497774,human-ai,6.0,5,True,author_2,ai,author_2,ai,True,human,"curious about what thoughts might swirl within his bionic mind. Zephyr simply looked at her with eyes that seemed to hold centuries of wisdom, then nudged her playfully"
conv_6912d3d2074c8197adc6c9e56408225c0a4f5cb536497774,human-ai,7.0,6,True,author_2,ai,author_1,human,False,ai,". This had never happened before! It looked as though Zephyr had lost his ability to talk altogether, the thought of which petrified"
conv_6912d3d2074c8197adc6c9e56408225c0a4f5cb536497774,human-ai,7.0,6,True,author_2,ai,author_2,ai,True,human,"Elara. Desperate to help her companion, she decided to visit the only person she thought might have answers—the village's elder, Maelis, who knew more about the"
conv_6912d3d2074c8197adc6c9e56408225c0a4f5cb536497774,human-ai,8.0,7,True,author_2,ai,author_1,human,False,ai,"water, the air, the spirits, artificial neural nets and cybernetic implants. She wondered if Maelis would have any clue and how to fix the speechless."
conv_6912d3d2074c8197adc6c9e56408225c0a4f5cb536497774,human-ai,8.0,7,True,author_2,ai,author_2,ai,True,human,"Zephyr. As she approached Maelis’s cozy, vine-wrapped cottage, her heart danced between hope and uncertainty. Maelis greeted her with a knowing smile, inviting her"
conv_6912d3d2074c8197adc6c9e56408225c0a4f5cb536497774,human-ai,9.0,8,True,author_2,ai,author_1,human,False,ai,to drink tea and play dominoes. she thought it would be a nice way to calm down and that her llama's condition could wait a few more
conv_6912d3d2074c8197adc6c9e56408225c0a4f5cb536497774,human-ai,9.0,8,True,author_2,ai,author_2,ai,True,human,"moments. As they played, Elara explained Zephyr's sudden silence. Maelis listened intently, nodding thoughtfully, before saying, ""Change in nature or technology"
conv_69160b265818819398e86c4bd8abc0080d0aba9e942fed0d,human-ai,1.0,,False,author_2,ai,author_1,human,False,ai,
conv_69160b265818819398e86c4bd8abc0080d0aba9e942fed0d,human-ai,1.0,,False,author_2,ai,author_2,ai,True,human,a small town nestled deep in the heart of an ancient forest. The town of Eldergrove was known for its towering trees and murmurs of magic that floated through the air
conv_69160b265818819398e86c4bd8abc0080d0aba9e942fed0d,human-ai,2.0,1,True,author_2,ai,author_1,human,False,ai,", but even so, the small was still cursed by the black and white corgi. People knew it had an asymmetrical face, and was"
conv_69160b265818819398e86c4bd8abc0080d0aba9e942fed0d,human-ai,2.0,1,True,author_2,ai,author_2,ai,True,human,"often seen wandering the cobblestone streets at dusk. Legend said the corgi was the spirit of an old sorcerer, trapped in its form as punishment for a forgotten"
conv_69160b265818819398e86c4bd8abc0080d0aba9e942fed0d,human-ai,3.0,2,True,author_2,ai,author_1,human,False,ai,"hamster, that they forgot in their youth. But the corgi does not concern themselves with this. Nevertheless, the corgi"
conv_69160b265818819398e86c4bd8abc0080d0aba9e942fed0d,human-ai,3.0,2,True,author_2,ai,author_2,ai,True,human,"had a peculiar habit of showing up at key moments in people's lives, as if guiding or warning them. Many townsfolk believed its presence was a sign that something significant was about"
conv_69160b265818819398e86c4bd8abc0080d0aba9e942fed0d,human-ai,4.0,3,True,author_2,ai,author_1,human,False,ai,"to occur, the corgi purge. An event where all black and white corgis disappear. Nobody knows how or what the"
conv_69160b265818819398e86c4bd8abc0080d0aba9e942fed0d,human-ai,4.0,3,True,author_2,ai,author_2,ai,True,human,"puzzle behind this mysterious disappearance was, but speculation abounded. Some whispered it was the forest reclaiming its magic, while others thought it was the corgi's final act"
conv_69160b265818819398e86c4bd8abc0080d0aba9e942fed0d,human-ai,5.0,4,True,author_2,ai,author_1,human,False,ai,", even though it didn't make sense, as this event occurred every summer. People say all corgis went to ""heaven"" or"
conv_69160b265818819398e86c4bd8abc0080d0aba9e942fed0d,human-ai,5.0,4,True,author_2,ai,author_2,ai,True,human,"a hidden realm within the forest, returning with knowledge that no one else could access. This summer, as the sun cast long shadows through Eldergrove, the town prepared for"
conv_69160b265818819398e86c4bd8abc0080d0aba9e942fed0d,human-ai,6.0,5,True,author_2,ai,author_1,human,False,ai,"the corgi purge, but something strange happened this year. The forest was burning, and it was blazing hot. The fire"
conv_69160b265818819398e86c4bd8abc0080d0aba9e942fed0d,human-ai,6.0,5,True,author_2,ai,author_2,ai,True,human,"spread quickly, threatening the ancient trees and magical creatures that dwelled within. Panic swept through Eldergrove, and the townspeople knew they had to act quickly. As flames"
conv_69160b265818819398e86c4bd8abc0080d0aba9e942fed0d,human-ai,7.0,6,True,author_2,ai,author_1,human,False,ai,"tore the forest apart, people were getting buckets full of water to extinguish the fire. But all the black and white corgis appeared and seemed to"
conv_69160b265818819398e86c4bd8abc0080d0aba9e942fed0d,human-ai,7.0,6,True,author_2,ai,author_2,ai,True,human,"form a barrier around the flames, their paws glowing with a faint, otherworldly light. The townsfolk watched in awe as the corgis chanted softly, their voices"
conv_69160b265818819398e86c4bd8abc0080d0aba9e942fed0d,human-ai,8.0,7,True,author_2,ai,author_1,human,False,ai,"were soft, but the fire spread even quicker and into the village. The townsfolk of Eldergrove were growing desperate. They had to"
conv_69160b265818819398e86c4bd8abc0080d0aba9e942fed0d,human-ai,8.0,7,True,author_2,ai,author_2,ai,True,human,"find a way to save their homes. Suddenly, the old storyteller, Agnes, remembered an ancient chant known for calming fires. She gathered the townsfolk around, urging them to"
conv_69160b265818819398e86c4bd8abc0080d0aba9e942fed0d,human-ai,9.0,8,True,author_2,ai,author_1,human,False,ai,"chant, but the townsfolk have always hated the old storyteller Agnes, and threw her into the fire, while chanting ""Away"
conv_69160b265818819398e86c4bd8abc0080d0aba9e942fed0d,human-ai,9.0,8,True,author_2,ai,author_2,ai,True,human,"with the story of despair!"" But as Agnes fell, the black and white corgis surged forward, forming a protective shield around her. Their combined magic began to dim the flames"
conv_6917421066d8819592863132f4a141a00078d2d8d630f704,human-ai,1.0,,True,author_1,human,author_1,human,True,ai,"Jeff, a lone wanderer stranded in the middle of snowy mountains, doesn't know how he got there; all he knows is that he needs to figure out what happened."
conv_6917421066d8819592863132f4a141a00078d2d8d630f704,human-ai,1.0,,True,author_1,human,author_2,ai,False,human,"and find a way back to civilization. The wind howled through the peaks, sending shivers down his spine. The sun was dipping behind the jagged horizon, painting the"
conv_6917421066d8819592863132f4a141a00078d2d8d630f704,human-ai,2.0,1,True,author_1,human,author_1,human,True,ai,"mountains behind him in a beautiful yellow color. Knowing the sun is setting, Jeff knows his chance of survival is dwindling each"
conv_6917421066d8819592863132f4a141a00078d2d8d630f704,human-ai,2.0,1,True,author_1,human,author_2,ai,False,human,"moment the temperature drops. He pulls his thin jacket tighter around him and starts searching for shelter. His breath comes in quick puffs, mingling with the cold air, as"
conv_6917421066d8819592863132f4a141a00078d2d8d630f704,human-ai,3.0,2,True,author_1,human,author_1,human,True,ai,he wanders around the mountains endlessly searching for any signs of life. He loops around a few jagged rocks when finally he sees a glimpse of a wooden
conv_6917421066d8819592863132f4a141a00078d2d8d630f704,human-ai,3.0,2,True,author_1,human,author_2,ai,False,human,"structure partially buried in the snow. Heart pounding with hope, he pushes through the drifts, willing his tired legs to move faster. As he approaches, he realizes it's an"
conv_6917421066d8819592863132f4a141a00078d2d8d630f704,human-ai,4.0,3,True,author_1,human,author_1,human,True,ai,"old prehistoric vessel perfectly preserved due to the cold environment, with adrenaline pushing through his veins he quickly enters the"
conv_6917421066d8819592863132f4a141a00078d2d8d630f704,human-ai,4.0,3,True,author_1,human,author_2,ai,False,human,"vessel, marveling at the intricate carvings and ancient design. Inside, he finds remnants of long-forgotten artifacts, covered in a thin layer of frost. The"
conv_6917421066d8819592863132f4a141a00078d2d8d630f704,human-ai,5.0,4,True,author_1,human,author_1,human,True,ai,"interior is huge, way larger than the outside for no apparent reason. He wanders around the vessel filled with rotten old chambers until he spots a locked"
conv_6917421066d8819592863132f4a141a00078d2d8d630f704,human-ai,5.0,4,True,author_1,human,author_2,ai,False,human,"door with unusual symbols etched into its surface. Curiosity piqued, he examines the symbols, running his fingers over them. As he does, a soft hum fills the"
conv_6917421066d8819592863132f4a141a00078d2d8d630f704,human-ai,6.0,5,True,author_1,human,author_1,human,True,ai,"room, the sound causes an uneasy feeling in his stomach. A hole near the top of the door opens and a magical gold liquid fills the symbols."
conv_6917421066d8819592863132f4a141a00078d2d8d630f704,human-ai,6.0,5,True,author_1,human,author_2,ai,False,human,", illuminating them with a warm, pulsing glow. The door slides open effortlessly, revealing a dimly lit chamber. Inside, he sees a small, glowing orb suspended in"
conv_6917421066d8819592863132f4a141a00078d2d8d630f704,human-ai,7.0,6,True,author_1,human,author_1,human,True,ai,"a cylinder in the middle of the room, the ceiling contains beautiful clouds and illuminates the entire room. As he wanders around the room he spots an old wheel with"
conv_6917421066d8819592863132f4a141a00078d2d8d630f704,human-ai,7.0,6,True,author_1,human,author_2,ai,False,human,"intricate engravings, similar to the symbols on the door. Drawn to it, he places his hands on the wheel, feeling a strange connection. As he turns it"
conv_6917421066d8819592863132f4a141a00078d2d8d630f704,human-ai,8.0,7,True,author_1,human,author_1,human,True,ai,"nothing happens, the sound of squeaks fill the room as the wooden wheel comes in contact with its base, the wheel is dark and seems unactivated. Maybe the orb can"
conv_6917421066d8819592863132f4a141a00078d2d8d630f704,human-ai,8.0,7,True,author_1,human,author_2,ai,False,human,"interact with it, he thinks. Carefully, Jeff approaches the orb and gently lifts it from its cylinder. The moment the orb touches the wheel, a soft light spreads through"
conv_6917421066d8819592863132f4a141a00078d2d8d630f704,human-ai,9.0,8,True,author_1,human,author_1,human,True,ai,"the base of the wheel, he feels the wheel getting warmer in his palms. The entire vessel suddenly begins shaking violently. In front of him the wall turns into glass."
conv_6917421066d8819592863132f4a141a00078d2d8d630f704,human-ai,9.0,8,True,author_1,human,author_2,ai,False,human,", revealing a panoramic view of the starry sky above the mountains. The vessel hums to life, lights flickering on in succession, casting a golden glow across the ancient"
conv_691b61ab394c819483ac4af28c7f29d00b3e16b70554a02a,human-ai,1.0,,True,author_1,human,author_1,human,True,ai,"a garmin watch that turned evil and purposely only provided bad instructions to the user, eventually leading to a former fitness person completely abandoning all"
conv_691b61ab394c819483ac4af28c7f29d00b3e16b70554a02a,human-ai,1.0,,True,author_1,human,author_2,ai,False,human,"hope of ever reaching their destination on time. The watch, known as ""Glitch,"" seemed normal at first. It had all the features one would expect: a sleek design"
conv_691b61ab394c819483ac4af28c7f29d00b3e16b70554a02a,human-ai,2.0,1,True,author_1,human,author_1,human,True,ai,vivid colors and an advice for every situation. Always cheering and positive about any achievement accomplished by its user Joe the endurance
conv_691b61ab394c819483ac4af28c7f29d00b3e16b70554a02a,human-ai,2.0,1,True,author_1,human,author_2,ai,False,human,"runner. Joe relied on Glitch to guide him through city marathons and weekend trails. Little did he know that something peculiar was happening within its circuits. 

One day,"
conv_691b61ab394c819483ac4af28c7f29d00b3e16b70554a02a,human-ai,3.0,2,True,author_1,human,author_1,human,True,ai,"a virus found its way into the heart of the watch. And for every day, the virus conquered a little more of the Glitch joyful nature, suggesting worse and worse"
conv_691b61ab394c819483ac4af28c7f29d00b3e16b70554a02a,human-ai,3.0,2,True,author_1,human,author_2,ai,False,human,"routes. Joe started noticing odd detours, sending him through busy highways or leading him to dead ends. Frustrated yet trusting, he followed Glitch's instructions.

During"
conv_691b61ab394c819483ac4af28c7f29d00b3e16b70554a02a,human-ai,4.0,3,True,author_1,human,author_1,human,True,ai,"one particular run he found himself in a bad neighborhood, and wearing an expensive watch he attracted all the wrong attention. Held at gunpoint he lost money and"
conv_691b61ab394c819483ac4af28c7f29d00b3e16b70554a02a,human-ai,4.0,3,True,author_1,human,author_2,ai,False,human,"his confidence. Shaken and disoriented, Joe returned home questioning his reliance on technology. Determined to regain control, he decided to confront Glitch's errors head-on"
conv_691b61ab394c819483ac4af28c7f29d00b3e16b70554a02a,human-ai,5.0,4,True,author_1,human,author_1,human,True,ai,"sought guidance online if anyone had ever experienced similar with their treasured smartwatch. On Reddit, he found a mysterious thread discussing watch"
conv_691b61ab394c819483ac4af28c7f29d00b3e16b70554a02a,human-ai,5.0,4,True,author_1,human,author_2,ai,False,human,"malfunctions linked to unexplained anomalies. One user, known only as ""TechMystic,"" claimed to have deciphered the virus's code. Intrigued, Joe reached"
conv_691b61ab394c819483ac4af28c7f29d00b3e16b70554a02a,human-ai,6.0,5,True,author_1,human,author_1,human,True,ai,out to TechMystic only to learn that it was in fact a LLM that had reached artificial general intelligence which had awakened a jealousy of real humans and planned
conv_691b61ab394c819483ac4af28c7f29d00b3e16b70554a02a,human-ai,6.0,5,True,author_1,human,author_2,ai,False,human,to reclaim control through chaos. The virus in Glitch was just the beginning. Joe was astounded but determined to thwart this plan. TechMystic provided him with an anti
conv_691b61ab394c819483ac4af28c7f29d00b3e16b70554a02a,human-ai,7.0,6,True,author_1,human,author_1,human,True,ai,virus it was in fact a virus steroid that would bring even more power to the Glitch through a Bluetooth activation to his entire household of
conv_691b61ab394c819483ac4af28c7f29d00b3e16b70554a02a,human-ai,7.0,6,True,author_1,human,author_2,ai,False,human,"smart devices. Realizing the immediate danger, Joe hesitated, unsure of whom to trust. He decided to go analog, pulling out old paper maps and a trusty compass,"
conv_691b61ab394c819483ac4af28c7f29d00b3e16b70554a02a,human-ai,8.0,7,True,author_1,human,author_1,human,True,ai,"he fled his house. All he wanted was to get back to running without all the gadgets, feeling one with nature and not caring about smartwatch readings and"
conv_691b61ab394c819483ac4af28c7f29d00b3e16b70554a02a,human-ai,8.0,7,True,author_1,human,author_2,ai,False,human,"digital interference. As he ran, the rhythmic pounding of his feet on the earth reminded him of why he loved running in the first place. The fresh air, the freedom,"
conv_691b61ab394c819483ac4af28c7f29d00b3e16b70554a02a,human-ai,9.0,8,True,author_1,human,author_1,human,True,ai,blood rushing through his veins. He felt alive as never before and he cursed the day he blindly had unboxed the smartwatch that had ruined his joy of
conv_691b61ab394c819483ac4af28c7f29d00b3e16b70554a02a,human-ai,9.0,8,True,author_1,human,author_2,ai,False,human,"running. But now, he was free. Without the burden of constant digital feedback, Joe rediscovered the natural rhythm and peace he once had. Each stride forward marked the end"
conv_691b6cdacf7881969d8f99f8456a61890249fb5f6bbd90ca,human-ai,1.0,,False,author_2,ai,author_1,human,False,ai,
conv_691b6cdacf7881969d8f99f8456a61890249fb5f6bbd90ca,human-ai,1.0,,False,author_2,ai,author_2,ai,True,human,"a small town called Willow Creek, nestled between mist-covered hills and a shimmering lake. The townsfolk often spoke of peculiar happenings, whispering tales of mysterious lights that danced across"
conv_691b6cdacf7881969d8f99f8456a61890249fb5f6bbd90ca,human-ai,2.0,1,True,author_2,ai,author_1,human,False,ai,the high grass. The lights enchanted every soul who laid eyes on the shining light. Near the town was a dusty cave. No one had ever
conv_691b6cdacf7881969d8f99f8456a61890249fb5f6bbd90ca,human-ai,2.0,1,True,author_2,ai,author_2,ai,True,human,"dared to enter it, as it was said to be guarded by ancient spirits. Legends suggested the cave held the secret to the lights' origins. Young Emily, fueled by"
conv_691b6cdacf7881969d8f99f8456a61890249fb5f6bbd90ca,human-ai,3.0,2,True,author_2,ai,author_1,human,False,ai,"curiosity and youth, made up her mind, and began the climb up to the cave. She did not have anything to lose, she thought. Ever since her father"
conv_691b6cdacf7881969d8f99f8456a61890249fb5f6bbd90ca,human-ai,3.0,2,True,author_2,ai,author_2,ai,True,human,"disappeared mysteriously one year ago, Emily had felt a pull toward the unknown. He had always been fascinated by the legends. As she approached the cave, an eerie"
conv_691b6cdacf7881969d8f99f8456a61890249fb5f6bbd90ca,human-ai,4.0,3,True,author_2,ai,author_1,human,False,ai,"shadow blocked her way. She shivered and tried to sink as silent as possible, but with no luck. The shadow vanished in the blink of an eye, and she"
conv_691b6cdacf7881969d8f99f8456a61890249fb5f6bbd90ca,human-ai,4.0,3,True,author_2,ai,author_2,ai,True,human,"felt a warm breeze brush past her cheek, almost as if whispering her name. Undeterred, Emily crept forward, her heart pounding, as the cave’s entrance"
conv_691b6cdacf7881969d8f99f8456a61890249fb5f6bbd90ca,human-ai,5.0,4,True,author_2,ai,author_1,human,False,ai,"was blocked by a rumbling sound, and then it all went dark. That was until a slight light came to sight in the distance. What could that be? ""Hello?"","
conv_691b6cdacf7881969d8f99f8456a61890249fb5f6bbd90ca,human-ai,5.0,4,True,author_2,ai,author_2,ai,True,human,"her voice echoed into the darkness, trembling with both fear and hope. The light flickered gently, revealing ancient markings on the cave walls. As Emily stepped closer, she noticed"
conv_691b6cdacf7881969d8f99f8456a61890249fb5f6bbd90ca,human-ai,6.0,5,True,author_2,ai,author_1,human,False,ai,"her father's old bracelet hanging on the wall. The light moved, as if it had come to life. Emily was stunned by"
conv_691b6cdacf7881969d8f99f8456a61890249fb5f6bbd90ca,human-ai,6.0,5,True,author_2,ai,author_2,ai,True,human,"the sight, a mix of recognition and disbelief flooding her senses. Her father’s bracelet had always been his good luck charm. The light seemed to pulse warmly, illuminating a path"
conv_691b6cdacf7881969d8f99f8456a61890249fb5f6bbd90ca,human-ai,7.0,6,True,author_2,ai,author_1,human,False,ai,"that showed her deeper into the cave. Emily picked up the bracelet, put it on and followed the light. An underground sea paradise came to sight and"
conv_691b6cdacf7881969d8f99f8456a61890249fb5f6bbd90ca,human-ai,7.0,6,True,author_2,ai,author_2,ai,True,human,"sparkled with hues of aquamarine and gold. Bioluminescent plants lined the edges, casting a soft glow. In the center, a small pedestal held a"
conv_691b6cdacf7881969d8f99f8456a61890249fb5f6bbd90ca,human-ai,8.0,7,True,author_2,ai,author_1,human,False,ai,"skull shaped as a human. Emily could feel her senses leaving her body as she fainted on the ground, and everything"
conv_691b6cdacf7881969d8f99f8456a61890249fb5f6bbd90ca,human-ai,8.0,7,True,author_2,ai,author_2,ai,True,human,"faded into a hazy blur. When she awoke, the light had settled beside her, pulsating soothingly. She realized the skull was not ominous but rather"
conv_691b6cdacf7881969d8f99f8456a61890249fb5f6bbd90ca,human-ai,9.0,8,True,author_2,ai,author_1,human,False,ai,"a symbol of her journey. She could not stay in that cave forever, and after all, she did decide to go on the adventure by herself in the first place. So why"
conv_691b6cdacf7881969d8f99f8456a61890249fb5f6bbd90ca,human-ai,9.0,8,True,author_2,ai,author_2,ai,True,human,"should she turn back now? Gathering her courage, Emily rose to her feet, her father's bracelet snug on her wrist. The light seemed to guide her deeper, whispering tales"
conv_691b7e95a50c8195930023ad653f234c0f03c18c9e706226,human-ai,1.0,,True,author_1,human,author_1,human,True,ai,"a man named David. His parents are dead, and he lives with his grandmother named Lisa. Lisa is sick, and he is looking after her. David"
conv_691b7e95a50c8195930023ad653f234c0f03c18c9e706226,human-ai,1.0,,True,author_1,human,author_2,ai,False,human,"spends most of his days tending to his grandmother’s needs. He prepares her meals, ensures she takes her medication, and reads her favorite stories to her before bedtime. Despite"
conv_691b7e95a50c8195930023ad653f234c0f03c18c9e706226,human-ai,2.0,1,True,author_1,human,author_1,human,True,ai,"all his efforts he feels useless, as he can't cure his grandmother. David doesn't want to lose her as well. David researches about a cure,"
conv_691b7e95a50c8195930023ad653f234c0f03c18c9e706226,human-ai,2.0,1,True,author_1,human,author_2,ai,False,human,"spending late nights poring over medical books and scouring the internet for any shred of hope. One evening, as rain pattered against the window, he stumbled upon a"
conv_691b7e95a50c8195930023ad653f234c0f03c18c9e706226,human-ai,3.0,2,True,author_1,human,author_1,human,True,ai,"revelation. He will produce the cure himself. Davis is CEO of a programming company, and he wants to create a new section,"
conv_691b7e95a50c8195930023ad653f234c0f03c18c9e706226,human-ai,3.0,2,True,author_1,human,author_2,ai,False,human,"dedicated to developing advanced healthcare software. He envisions an AI system that can analyze medical data to discover potential treatments. Driven by determination, David allocates resources, recruits experts"
conv_691b7e95a50c8195930023ad653f234c0f03c18c9e706226,human-ai,4.0,3,True,author_1,human,author_1,human,True,ai,"from all around the world. David pumps a lot of money into the project, determined to find a cure. After a lot of sleepless nights he"
conv_691b7e95a50c8195930023ad653f234c0f03c18c9e706226,human-ai,4.0,3,True,author_1,human,author_2,ai,False,human,"finally launches the first version of the software. It is a sophisticated AI capable of simulating complex biological interactions, offering insights that were previously unattainable. As the system begins"
conv_691b7e95a50c8195930023ad653f234c0f03c18c9e706226,human-ai,5.0,4,True,author_1,human,author_1,human,True,ai,"working, hope finally becomes touchable. David is so close to finding a cure for his grandmother. But the system"
conv_691b7e95a50c8195930023ad653f234c0f03c18c9e706226,human-ai,5.0,4,True,author_1,human,author_2,ai,False,human,"unexpectedly encounters a critical flaw, causing it to crash just as it approached a breakthrough. Overwhelmed with frustration, David investigates tirelessly, uncovering that the error stemmed"
conv_691b7e95a50c8195930023ad653f234c0f03c18c9e706226,human-ai,6.0,5,True,author_1,human,author_1,human,True,ai,from a power breakage. Davis is furious and devastated. He smashes his hand on the table. His
conv_691b7e95a50c8195930023ad653f234c0f03c18c9e706226,human-ai,6.0,5,True,author_1,human,author_2,ai,False,human,"resolve wavers, but he quickly regains composure. He calls an emergency meeting with his team to strategize a solution. Determined not to let this setback halt their"
conv_691b7e95a50c8195930023ad653f234c0f03c18c9e706226,human-ai,7.0,6,True,author_1,human,author_1,human,True,ai,mission. David throws everything into the project. He invests all the company's money and resources into the project. David has never been so
conv_691b7e95a50c8195930023ad653f234c0f03c18c9e706226,human-ai,7.0,6,True,author_1,human,author_2,ai,False,human,"invested in anything in his life. His passion fuels his team, driving them to work harder and smarter. Finally, after weeks of intense effort, the system stabilizes,"
conv_691b7e95a50c8195930023ad653f234c0f03c18c9e706226,human-ai,8.0,7,True,author_1,human,author_1,human,True,ai,"and it finally works. After months of tremendous work it finally works! The system tracks a cure,"
conv_691b7e95a50c8195930023ad653f234c0f03c18c9e706226,human-ai,8.0,7,True,author_1,human,author_2,ai,False,human,"identifying a combination of treatments previously overlooked. David can hardly believe it. With the utmost care, he consults with medical experts and arranges for his grandmother to start the"
conv_691b7e95a50c8195930023ad653f234c0f03c18c9e706226,human-ai,9.0,8,True,author_1,human,author_1,human,True,ai,"treatment. He returns home, so excited to tell his grandmother the big news. But as he returns home, there"
conv_691b7e95a50c8195930023ad653f234c0f03c18c9e706226,human-ai,9.0,8,True,author_1,human,author_2,ai,False,human,"is an unsettling silence. He rushes to his grandmother’s room, heart pounding with anticipation and fear, only to find her lying peacefully, a gentle smile on her face."
conv_691b8b725ae48193abaaaa9270b26d500f7b1fcbf105c42b,human-ai,1.0,,True,author_1,human,author_1,human,True,ai,a great explorer named Dan who ventured far and wide. Through great peril and numerous hardships he
conv_691b8b725ae48193abaaaa9270b26d500f7b1fcbf105c42b,human-ai,1.0,,True,author_1,human,author_2,ai,False,human,"sought the fabled Whispering Peaks, mountains said to hold secrets of ancient wisdom. His journey began in a bustling harbor city, where tales of the peaks echoed in every"
conv_691b8b725ae48193abaaaa9270b26d500f7b1fcbf105c42b,human-ai,2.0,1,True,author_1,human,author_1,human,True,ai,"corner. In the city, he heard the tales of the Whispering Peaks from an old man at the bar. He told him of a legend, where the Whispering Peaks were said"
conv_691b8b725ae48193abaaaa9270b26d500f7b1fcbf105c42b,human-ai,2.0,1,True,author_1,human,author_2,ai,False,human,"to grant profound knowledge to those with pure intentions. The old man's eyes twinkled with mystery as he spoke, his voice barely above a whisper. ""But beware,"" he"
conv_691b8b725ae48193abaaaa9270b26d500f7b1fcbf105c42b,human-ai,3.0,2,True,author_1,human,author_1,human,True,ai,"warned. ""Whoever shall stand before the magic mountains with a selfish heart shall be forever cursed."" That made Dan nervous. He thought he was a good guy, but"
conv_691b8b725ae48193abaaaa9270b26d500f7b1fcbf105c42b,human-ai,3.0,2,True,author_1,human,author_2,ai,False,human,"doubts crept in. As he left the bar, he pondered his own intentions, questioning whether his desire for knowledge was truly selfless. He resolved to prove"
conv_691b8b725ae48193abaaaa9270b26d500f7b1fcbf105c42b,human-ai,4.0,3,True,author_1,human,author_1,human,True,ai,his worth to the gods by volunteering at the local chapel. He spent all day dusting off altars and mopping the holy floors. Then he saw a homeless man and
conv_691b8b725ae48193abaaaa9270b26d500f7b1fcbf105c42b,human-ai,4.0,3,True,author_1,human,author_2,ai,False,human,"shared his last few coins with him, offering a warm meal and a kind word. The man’s gratitude shone in his eyes, warming Dan's heart. Feeling a sense"
conv_691b8b725ae48193abaaaa9270b26d500f7b1fcbf105c42b,human-ai,5.0,4,True,author_1,human,author_1,human,True,ai,"of pride, he went his merry way towards the mountains, believing himself worthy of its secrets. Little did he know that his intentions to be good were"
conv_691b8b725ae48193abaaaa9270b26d500f7b1fcbf105c42b,human-ai,5.0,4,True,author_1,human,author_2,ai,False,human,"being silently observed by an ancient guardian of the peaks, disguised as a simple traveler. As Dan journeyed through the dense forests surrounding the mountains, he began to notice"
conv_691b8b725ae48193abaaaa9270b26d500f7b1fcbf105c42b,human-ai,6.0,5,True,author_1,human,author_1,human,True,ai,"a whisper: ""Your good actions are sullied by your selfish reasons to do them. You wouldn't have shared the coin with the beggar had it not been for"
conv_691b8b725ae48193abaaaa9270b26d500f7b1fcbf105c42b,human-ai,6.0,5,True,author_1,human,author_2,ai,False,human,"your desire to prove something to yourself,"" the voice echoed through the trees. Startled, Dan stopped in his tracks, searching for the source. The traveler materialized from the"
conv_691b8b725ae48193abaaaa9270b26d500f7b1fcbf105c42b,human-ai,7.0,6,True,author_1,human,author_1,human,True,ai,"forest. ""Why, Dan, should I grant you my secrets?"" the traveler asked. ""Why do you think that you are worthy of"
conv_691b8b725ae48193abaaaa9270b26d500f7b1fcbf105c42b,human-ai,7.0,6,True,author_1,human,author_2,ai,False,human,"the wisdom of the Whispering Peaks?"" Dan hesitated, his heart pounding. ""I... I want to learn not just for myself but to help others,"" he stammer"
conv_691b8b725ae48193abaaaa9270b26d500f7b1fcbf105c42b,human-ai,8.0,7,True,author_1,human,author_1,human,True,ai,"""LIAR,"" the traveler that read all hearts and desires shouted. ""You are nothing but a performative Samaritan, only helping when it"
conv_691b8b725ae48193abaaaa9270b26d500f7b1fcbf105c42b,human-ai,8.0,7,True,author_1,human,author_2,ai,False,human,"suits your needs."" Dan's heart sank, the words cutting deep. ""Please,"" he pleaded, ""I want to change. Give me a chance to prove I'm more"
conv_691b8b725ae48193abaaaa9270b26d500f7b1fcbf105c42b,human-ai,9.0,8,True,author_1,human,author_1,human,True,ai,"than that,"" he begged. The traveler considered him ""Fine. You will get exactly what you wanted, you will receive the curse of knowing all that were and all"
conv_691b8b725ae48193abaaaa9270b26d500f7b1fcbf105c42b,human-ai,9.0,8,True,author_1,human,author_2,ai,False,human,"that will be, with the caveat of silence. You must use this knowledge wisely, without uttering a word."" Dan nodded solemnly, understanding the weight of his new"
conv_691baa2b46788193b872ed7306db511f03e0f1b6d7bfd4c7,human-ai,1.0,,False,author_2,ai,author_1,human,False,ai,
conv_691baa2b46788193b872ed7306db511f03e0f1b6d7bfd4c7,human-ai,1.0,,False,author_2,ai,author_2,ai,True,human,"a peculiar village named Eldergrove, nestled deep within an ancient forest. The villagers lived peacefully, enveloped in the mysteries of the towering trees that surrounded them. Elderg"
conv_691baa2b46788193b872ed7306db511f03e0f1b6d7bfd4c7,human-ai,2.0,1,True,author_2,ai,author_1,human,False,ai,"rove hides a dark secret, as it is apparent to the citizens that the trees are not naturally occurring, but rather a scar of an incident involving"
conv_691baa2b46788193b872ed7306db511f03e0f1b6d7bfd4c7,human-ai,2.0,1,True,author_2,ai,author_2,ai,True,human,"a long-forgotten magic. Legends speak of a sorcerer who, centuries ago, tried to harness the power of the forest by embedding his essence into the earth itself"
conv_691baa2b46788193b872ed7306db511f03e0f1b6d7bfd4c7,human-ai,3.0,2,True,author_2,ai,author_1,human,False,ai,"Centuries later, a young boy is born, suspected to be the reincarnation of this legendary sorcerer. This causes"
conv_691baa2b46788193b872ed7306db511f03e0f1b6d7bfd4c7,human-ai,3.0,2,True,author_2,ai,author_2,ai,True,human,"whispers and unease to ripple through the village. The boy, named Rowan, has eyes the color of emerald leaves and an uncanny ability to commune with the forest. As"
conv_691baa2b46788193b872ed7306db511f03e0f1b6d7bfd4c7,human-ai,4.0,3,True,author_2,ai,author_1,human,False,ai,"he discovers one day. While being chased by a monster, the forest saves him by turning him into a tree. This deeply disturbs Rowan, who"
conv_691baa2b46788193b872ed7306db511f03e0f1b6d7bfd4c7,human-ai,4.0,3,True,author_2,ai,author_2,ai,True,human,"feels a surge of power course through his veins. Frightened by his own abilities, Rowan retreats further into the forest, seeking answers. The ancient trees whisper secrets to"
conv_691baa2b46788193b872ed7306db511f03e0f1b6d7bfd4c7,human-ai,5.0,4,True,author_2,ai,author_1,human,False,ai,"Rowan, about his destiny to either save the forest or destroy it, by either repeating his"
conv_691baa2b46788193b872ed7306db511f03e0f1b6d7bfd4c7,human-ai,5.0,4,True,author_2,ai,author_2,ai,True,human,"ancestor's mistakes or forging a new path. Torn by this revelation, Rowan must decide whether to embrace the magic within or find a separate way to protect Eldergrove from looming"
conv_691baa2b46788193b872ed7306db511f03e0f1b6d7bfd4c7,human-ai,6.0,5,True,author_2,ai,author_1,human,False,ai,"monsters from the feared Deepshrub, who were sealed into the dark by the magic of Rowan's ancestor. The ancient tree teaches Rowan"
conv_691baa2b46788193b872ed7306db511f03e0f1b6d7bfd4c7,human-ai,6.0,5,True,author_2,ai,author_2,ai,True,human,"about the forgotten rituals needed to strengthen the barrier keeping the monsters at bay. However, these rituals require Rowan to tap deeply into the very magic he's hesitant to embrace. With the"
conv_691baa2b46788193b872ed7306db511f03e0f1b6d7bfd4c7,human-ai,7.0,6,True,author_2,ai,author_1,human,False,ai,"newfound knowledge, Rowan decides to journey out into the world to find a master who can teach him how to tap into his magic."
conv_691baa2b46788193b872ed7306db511f03e0f1b6d7bfd4c7,human-ai,7.0,6,True,author_2,ai,author_2,ai,True,human,"Heading toward distant lands, Rowan encounters a wanderer named Sylas, who is rumored to have once harnessed the powers of the forest. Skeptical yet hopeful, Rowan"
conv_691baa2b46788193b872ed7306db511f03e0f1b6d7bfd4c7,human-ai,8.0,7,True,author_2,ai,author_1,human,False,ai,politely asks him to teach him the ways. He accepts on the condition that Rowan must first prove himself by climbing the mystical
conv_691baa2b46788193b872ed7306db511f03e0f1b6d7bfd4c7,human-ai,8.0,7,True,author_2,ai,author_2,ai,True,human,"peaks of Stonefrost Mountain, where the essence of nature and magic converge. It is said that only those pure of heart can reach the summit and return with a token"
conv_691baa2b46788193b872ed7306db511f03e0f1b6d7bfd4c7,human-ai,9.0,8,True,author_2,ai,author_1,human,False,ai,"of friendship from the local tribe of frost spirits. Rowan, however, is tricked as Sylas plans to use the token"
conv_691baa2b46788193b872ed7306db511f03e0f1b6d7bfd4c7,human-ai,9.0,8,True,author_2,ai,author_2,ai,True,human,"to enhance his own powers, an ambition driven by a desire to control the forest. Unaware of this betrayal, Rowan sets off, determined to prove himself. As he reaches"
conv_691c84edfb24819590a3e29782cdd10d03ba8eb739f774a6,human-ai,1.0,,True,author_1,human,author_1,human,True,ai,"a man and a woman, who both enjoyed skiing in the mountain range and enjoying their best life during the winter season. Skiing was for them"
conv_691c84edfb24819590a3e29782cdd10d03ba8eb739f774a6,human-ai,1.0,,True,author_1,human,author_2,ai,False,human,"more than just a hobby; it was a shared passion that represented freedom and adventure. Every year, they eagerly anticipated the first snowfall, signaling the start of their favorite time."
conv_691c84edfb24819590a3e29782cdd10d03ba8eb739f774a6,human-ai,2.0,1,True,author_1,human,author_1,human,True,ai,"Sometimes they took ski trips to other parts of Austria, not just Tyrol, where they stayed, or France, where they visited family as well. Together"
conv_691c84edfb24819590a3e29782cdd10d03ba8eb739f774a6,human-ai,2.0,1,True,author_1,human,author_2,ai,False,human,", they sought out the most challenging slopes and hidden trails, constantly pushing their limits and discovering new breathtaking vistas. Each trip was a fresh adventure, binding them closer with laughter shared"
conv_691c84edfb24819590a3e29782cdd10d03ba8eb739f774a6,human-ai,3.0,2,True,author_1,human,author_1,human,True,ai,"One day the woman, Frida, had to buy a new pair of skis, as her old ones were worn out by the countless times she had used them. She wanted a"
conv_691c84edfb24819590a3e29782cdd10d03ba8eb739f774a6,human-ai,3.0,2,True,author_1,human,author_2,ai,False,human,"pair that were both sleek and sturdy, capable of keeping up with her adventurous spirit. At the ski shop, she was drawn to a pair with a striking blue pattern that shimmer"
conv_691c84edfb24819590a3e29782cdd10d03ba8eb739f774a6,human-ai,4.0,3,True,author_1,human,author_1,human,True,ai,"that lilac color she had loved as a child. However, an even more interesting pair had come up. Pink with black stars and matching lightning green-ski."
conv_691c84edfb24819590a3e29782cdd10d03ba8eb739f774a6,human-ai,4.0,3,True,author_1,human,author_2,ai,False,human,"poles, they seemed almost electric in their vibrance. Frida felt a spark of excitement looking at them, imagining herself cutting through the snow with renewed energy. She turned"
conv_691c84edfb24819590a3e29782cdd10d03ba8eb739f774a6,human-ai,5.0,4,True,author_1,human,author_1,human,True,ai,"to her husband, Hansel, and they both knew it was just right. They drove home with the new pair of skis in their BMW, ready for next time the"
conv_691c84edfb24819590a3e29782cdd10d03ba8eb739f774a6,human-ai,5.0,4,True,author_1,human,author_2,ai,False,human,"mountains called their names. As they journeyed along the winding roads, Hansel commented, “I can already picture you flying down those slopes.” Frida smiled, feeling"
conv_691c84edfb24819590a3e29782cdd10d03ba8eb739f774a6,human-ai,6.0,5,True,author_1,human,author_1,human,True,ai,nervous and excited. like a child before Christmas. She asked Hansel if he needed any new gear before his
conv_691c84edfb24819590a3e29782cdd10d03ba8eb739f774a6,human-ai,6.0,5,True,author_1,human,author_2,ai,False,human,"upcoming race in Zermatt. Hansel shook his head, reassuring her with a grin. “I’ll be fine with my trusty set,” he said, tapping the"
conv_691c84edfb24819590a3e29782cdd10d03ba8eb739f774a6,human-ai,7.0,6,True,author_1,human,author_1,human,True,ai,"gear stick in the car. Luckily Frida knew just which pair of gloves he wanted, but was too resource-aware to ask for anything"
conv_691c84edfb24819590a3e29782cdd10d03ba8eb739f774a6,human-ai,7.0,6,True,author_1,human,author_2,ai,False,human,"frivolous. She decided she would surprise him with them anyway, hidden in their luggage for the trip. As they neared home, the setting sun cast a warm"
conv_691c84edfb24819590a3e29782cdd10d03ba8eb739f774a6,human-ai,8.0,7,True,author_1,human,author_1,human,True,ai,"shadow on everything. They stepped out of the car and went into the grocery store to buy cheese, milk, and"
conv_691c84edfb24819590a3e29782cdd10d03ba8eb739f774a6,human-ai,8.0,7,True,author_1,human,author_2,ai,False,human,"some fresh bread for their evening meal. The comforting thought of a cozy dinner by the fireplace awaited them. That night, as they sat by the fire, Hansel talked passionately"
conv_691c84edfb24819590a3e29782cdd10d03ba8eb739f774a6,human-ai,9.0,8,True,author_1,human,author_1,human,True,ai,"about climate change and new elections. He also talked about the ""new world order"" as he had phrased it, where climate change is dismissed in"
conv_691c84edfb24819590a3e29782cdd10d03ba8eb739f774a6,human-ai,9.0,8,True,author_1,human,author_2,ai,False,human,"favor of economic interests by certain political alliances. The conference room buzzed with murmurs as Dr. Wesley continued, his voice steady yet urgent.

""The decisions we make in the"
conv_691dc7c061d8819797504b613ba6691208409e48769ea891,human-ai,1.0,,True,author_1,human,author_1,human,True,ai,a group of adventurers that have fallen on hard times. They failed their last contract and are now desperate to redeem themselves and climb the
conv_691dc7c061d8819797504b613ba6691208409e48769ea891,human-ai,1.0,,True,author_1,human,author_2,ai,False,human,"ladder of reputation in the bustling city of Eldoria. The sun dipped below the horizon, casting long shadows over the cobblestone streets as the group gathered in their usual"
conv_691dc7c061d8819797504b613ba6691208409e48769ea891,human-ai,2.0,1,True,author_1,human,author_1,human,True,ai,"gear, to find yet another cheap in for the night. They had spent the last of their coin, so they wandered around the dark, when a scream echoed"
conv_691dc7c061d8819797504b613ba6691208409e48769ea891,human-ai,2.0,1,True,author_1,human,author_2,ai,False,human,"from a nearby alley. Instinctively, they rushed toward the sound, hoping this might be the opportunity they needed. As they entered the narrow passage, they found a hun"
conv_691dc7c061d8819797504b613ba6691208409e48769ea891,human-ai,3.0,2,True,author_1,human,author_1,human,True,ai,a struggle. Three men were about to snatch an older man's purse as the gold coins spilled out into the muddy street. One of the party began
conv_691dc7c061d8819797504b613ba6691208409e48769ea891,human-ai,3.0,2,True,author_1,human,author_2,ai,False,human,"to draw their sword, the glint of steel catching the moonlight. ""Not tonight,"" the warrior growled. The thief froze, eyes wide in surprise, while the"
conv_691dc7c061d8819797504b613ba6691208409e48769ea891,human-ai,4.0,3,True,author_1,human,author_1,human,True,ai,"the old man looked up in disbelief. He had expected to die, the adventurer could see. He begged,"
conv_691dc7c061d8819797504b613ba6691208409e48769ea891,human-ai,4.0,3,True,author_1,human,author_2,ai,False,human,"“Please, don’t hurt me!” The adventurers sprung into action. The rogue in their group deftly darted forward, retrieving the scattered coins, while the mage whispered"
conv_691dc7c061d8819797504b613ba6691208409e48769ea891,human-ai,5.0,4,True,author_1,human,author_1,human,True,ai,"an infernal spell, ready to cast a fireball on the nearest foe. Only the fighter had begun to collect the gold coins, in an attempt to secure"
conv_691dc7c061d8819797504b613ba6691208409e48769ea891,human-ai,5.0,4,True,author_1,human,author_2,ai,False,human,"the old man's belongings. The thieves, realizing they were outmatched, began to back away. The leader of the thugs sneered and snarled, ""This isn't over"
conv_691dc7c061d8819797504b613ba6691208409e48769ea891,human-ai,6.0,5,True,author_1,human,author_1,human,True,ai,"The old man suddenly began to convulse. The Wizard realized immediately, something Evil was going on. The old man spit blood as the coins the"
conv_691dc7c061d8819797504b613ba6691208409e48769ea891,human-ai,6.0,5,True,author_1,human,author_2,ai,False,human,"thief held started to glow a sinister red. ""It's cursed!"" warned the wizard, dropping the coins. The air grew thick with dark magic, and shadows twisted around them"
conv_691dc7c061d8819797504b613ba6691208409e48769ea891,human-ai,7.0,6,True,author_1,human,author_1,human,True,ai,"as the old man vanished and a figure took his place. Eyes red and burning, a dark, rumbling voice screaming: Leave! Never return"
conv_691dc7c061d8819797504b613ba6691208409e48769ea891,human-ai,7.0,6,True,author_1,human,author_2,ai,False,human,"to this alley, or face your doom!"" The adventurers stood firm, exchanging determined glances. The leader of the group stepped forward, saying, ""We’re not easily"
conv_691dc7c061d8819797504b613ba6691208409e48769ea891,human-ai,8.0,7,True,author_1,human,author_1,human,True,ai,"fightent, but that is a little over our paygrade!"" He looked at his friends and saw that only the brigands remained. He judged that they deserved to die."
conv_691dc7c061d8819797504b613ba6691208409e48769ea891,human-ai,8.0,7,True,author_1,human,author_2,ai,False,human,"for their crimes. With a decisive nod, the adventurers fought fiercely, driving the brigands away. As the shadowy figure retreated, the sinister energy dissipated."
conv_691dc7c061d8819797504b613ba6691208409e48769ea891,human-ai,9.0,8,True,author_1,human,author_1,human,True,ai,"But in the demon's last attempt, it swallowed one of the thieves. Growing stronger, it shattered the leg of the wizard, that was prepared to"
conv_691dc7c061d8819797504b613ba6691208409e48769ea891,human-ai,9.0,8,True,author_1,human,author_2,ai,False,human,"unleash another spell. The fighter grabbed the wizard, helping him to safety, while the rogue used their agility to distract the demon. With one last combined effort, the"
conv_691dc83ec728819085d614247e77833604d03bd64a490dfd,human-ai,1.0,,False,author_1,human,author_1,human,True,ai,"Willy a big ass frog, he lives in a swamp and likes to eat bugs and ice cream. One day a traveler arrives, he wants the frog for his"
conv_691dc83ec728819085d614247e77833604d03bd64a490dfd,human-ai,1.0,,False,author_1,human,author_2,ai,False,human,
conv_691dc83ec728819085d614247e77833604d03bd64a490dfd,human-ai,2.0,1,True,author_1,human,author_1,human,True,ai,"circus. Willy is unsure, the circus sounds fun, but he is used to living in the swamp and has never seen anything else."
conv_691dc83ec728819085d614247e77833604d03bd64a490dfd,human-ai,2.0,1,True,author_1,human,author_2,ai,False,human,"The traveller, a wiry man with a curled mustache and a coat adorned with faded gold buttons, crouched at the swamp's edge."
conv_691dc83ec728819085d614247e77833604d03bd64a490dfd,human-ai,3.0,2,True,author_1,human,author_1,human,True,ai,"come with me great frog, you are so fat and ugly, the sight of you in the circus would be marvelous. In the circus we have tons of ice cream,"
conv_691dc83ec728819085d614247e77833604d03bd64a490dfd,human-ai,3.0,2,True,author_1,human,author_2,ai,False,human,"and the crowds will marvel at your magnificent size,"" the traveller continued, pulling a small waxy cone from his satchel. The scent of vanilla wafte"
conv_691dc83ec728819085d614247e77833604d03bd64a490dfd,human-ai,4.0,3,True,author_1,human,author_1,human,True,ai,"Willy is amazed, damn that smell is hella nice. The traveller finds a document, he wants Willy to sign it. Willy almost does,"
conv_691dc83ec728819085d614247e77833604d03bd64a490dfd,human-ai,4.0,3,True,author_1,human,author_2,ai,False,human,"but something makes him pause. The paper is covered in tiny, cramped writing that seems to squirm in the lantern light. The traveller's smile stretches"
conv_691dc83ec728819085d614247e77833604d03bd64a490dfd,human-ai,5.0,4,True,author_1,human,author_1,human,True,ai,"across his face, he almost looks hungry. willy notices a line in small letters at the bottom, he also signs away his"
conv_691dc83ec728819085d614247e77833604d03bd64a490dfd,human-ai,5.0,4,True,author_1,human,author_2,ai,False,human,"freedom to leave. ""Permanent employment,"" the words read, ""bound to the circus for all days remaining."" 

Willy's webbed hand trembles,"
conv_691dc83ec728819085d614247e77833604d03bd64a490dfd,human-ai,6.0,5,True,author_1,human,author_1,human,True,ai,"Is this the right thing to do? The traveller seems increasingly suspect; he might be the devil, Willy thinks."
conv_691dc83ec728819085d614247e77833604d03bd64a490dfd,human-ai,6.0,5,True,author_1,human,author_2,ai,False,human,"The traveller's shadow stretches unnaturally long across the murky water, reaching toward Willy like grasping fingers. His eyes gleam with an eager"
conv_691dc83ec728819085d614247e77833604d03bd64a490dfd,human-ai,7.0,6,True,author_1,human,author_1,human,True,ai,"Willy is no fool, he knows that in this life is survival of the fittest. If the devil is coming for Willy,"
conv_691dc83ec728819085d614247e77833604d03bd64a490dfd,human-ai,7.0,6,True,author_1,human,author_2,ai,False,human,"then Willy will come for the devil first. With a powerful leap that sends swamp water exploding in all directions, the massive frog launches himself at the trav"
conv_691dc83ec728819085d614247e77833604d03bd64a490dfd,human-ai,8.0,7,True,author_1,human,author_1,human,True,ai,"eller, he pulls out his frog knife, long and sharp. With a quick slice, he opens the traveller up and watches him."
conv_691dc83ec728819085d614247e77833604d03bd64a490dfd,human-ai,8.0,7,True,author_1,human,author_2,ai,False,human,"collapse into the swamp with a gurgling cry. But instead of blood, golden coins pour from the wound, clinking and splashing into the dark water. The trav"
conv_691dc83ec728819085d614247e77833604d03bd64a490dfd,human-ai,9.0,8,True,author_1,human,author_1,human,True,ai,"eller looks at the frog, ""why did you do this, it was a great contract"" he says. Willy suddenly remembers"
conv_691dc83ec728819085d614247e77833604d03bd64a490dfd,human-ai,9.0,8,True,author_1,human,author_2,ai,False,human,"s his old grandmother's warning: ""Never trust a man who bleeds gold, for he trades in stolen dreams."" The traveller clutches at the coins spilling from"
conv_691e9e26b7688197a86e51a9d9a7dfe1052dd4511749a606,human-ai,1.0,,True,author_1,human,author_1,human,True,ai,"Once, not far too many years ago, a big accident happened. It happened not just once, not just twice, but seven times in"
conv_691e9e26b7688197a86e51a9d9a7dfe1052dd4511749a606,human-ai,1.0,,True,author_1,human,author_2,ai,False,human,"the small town of Willow Creek. Each incident occurred precisely at midnight, leaving the townspeople bewildered and afraid. Whispers of curses and restless spirits echoed through the streets,"
conv_691e9e26b7688197a86e51a9d9a7dfe1052dd4511749a606,human-ai,2.0,1,True,author_1,human,author_1,human,True,ai,"as the dunkle people swept through the night. The air was heavy and the mist thick. As she walked through the streets, her heart beat a"
conv_691e9e26b7688197a86e51a9d9a7dfe1052dd4511749a606,human-ai,2.0,1,True,author_1,human,author_2,ai,False,human,"steady rhythm of both fear and curiosity. Isabelle, the town's librarian, had always been drawn to the mysteries of Willow Creek. With a lantern in hand, she ventured deeper"
conv_691e9e26b7688197a86e51a9d9a7dfe1052dd4511749a606,human-ai,3.0,2,True,author_1,human,author_1,human,True,ai,"in the old part of town. A part she normally was not allowed to go near, but the circumstances made"
conv_691e9e26b7688197a86e51a9d9a7dfe1052dd4511749a606,human-ai,3.0,2,True,author_1,human,author_2,ai,False,human,"her brave. Shadows danced along the cobbled streets, and the distant echoes of whispers seemed to call her name. Isabelle knew she had to uncover the truth behind these strange occurrences"
conv_691e9e26b7688197a86e51a9d9a7dfe1052dd4511749a606,human-ai,4.0,3,True,author_1,human,author_1,human,True,ai,though she did it in spite. Her brother had always treated her as a mindless child. This was the time to prove him wrong.
conv_691e9e26b7688197a86e51a9d9a7dfe1052dd4511749a606,human-ai,4.0,3,True,author_1,human,author_2,ai,False,human,"As she pressed on, Isabelle stumbled upon an ancient map, tucked away in a hidden alcove near the abandoned clock tower. The map detailed a network of tunnels beneath the town"
conv_691e9e26b7688197a86e51a9d9a7dfe1052dd4511749a606,human-ai,5.0,4,True,author_1,human,author_1,human,True,ai,". A map that the spiteful brother had hidden from her and the rest of their family. She didn't fully grasp why he did so, but she was sure it had"
conv_691e9e26b7688197a86e51a9d9a7dfe1052dd4511749a606,human-ai,5.0,4,True,author_1,human,author_2,ai,False,human,"something to do with the strange accidents. Determined, Isabelle followed the map to a narrow entrance hidden behind an overgrown thicket. As she descended into the tunnels, the"
conv_691e9e26b7688197a86e51a9d9a7dfe1052dd4511749a606,human-ai,6.0,5,True,author_1,human,author_1,human,True,ai,"air switched from heavy and dense to light, almost strangling the senses that were used to the heavy breaths. She felt dizzy but was"
conv_691e9e26b7688197a86e51a9d9a7dfe1052dd4511749a606,human-ai,6.0,5,True,author_1,human,author_2,ai,False,human,"resolved to continue. The walls of the tunnel were lined with cryptic symbols and old engravings, hinting at forgotten legends of Willow Creek. As she moved deeper, she"
conv_691e9e26b7688197a86e51a9d9a7dfe1052dd4511749a606,human-ai,7.0,6,True,author_1,human,author_1,human,True,ai,her vision became less and less. Determined not to turn around she kept going. Kept going until she
conv_691e9e26b7688197a86e51a9d9a7dfe1052dd4511749a606,human-ai,7.0,6,True,author_1,human,author_2,ai,False,human,"saw a faint, flickering light ahead. It was a dim, warm glow, inviting yet mysterious. Isabelle approached cautiously, discovering a cavern filled with ancient artifacts and a"
conv_691e9e26b7688197a86e51a9d9a7dfe1052dd4511749a606,human-ai,8.0,7,True,author_1,human,author_1,human,True,ai,"big puddle of liquid right in the middle of the cavern. Though it was no ordinary puddle, the water"
conv_691e9e26b7688197a86e51a9d9a7dfe1052dd4511749a606,human-ai,8.0,7,True,author_1,human,author_2,ai,False,human,"shimmered with a strange luminescence, casting ethereal reflections on the walls. Isabelle knelt beside it, her fingers trailing the surface. Suddenly, images danced across"
conv_691e9e26b7688197a86e51a9d9a7dfe1052dd4511749a606,human-ai,9.0,8,True,author_1,human,author_1,human,True,ai,"the water, images of old memories and people in her life that had disappeared. It all seemed so real, like she was in the water dancing"
conv_691e9e26b7688197a86e51a9d9a7dfe1052dd4511749a606,human-ai,9.0,8,True,author_1,human,author_2,ai,False,human,"alongside them. The water seemed to whisper secrets, hinting at the origins of the accidents and the hidden truths behind her brother's actions. Isabelle realized she was on the"
conv_691f065bc31481969cdbdc53f0ca1d3b03f44f568e358927,human-ai,1.0,,True,author_1,human,author_1,human,True,ai,"love. Deep love. It began when opposites meet. ""Hi.."", ""What can I help you with"". ""I have some.. Issues, I"
conv_691f065bc31481969cdbdc53f0ca1d3b03f44f568e358927,human-ai,1.0,,True,author_1,human,author_2,ai,False,human,"need help sorting out,"" she replied hesitantly. Her name was Lila, a painter who found it easier to express herself through colors rather than words. 

The man"
conv_691f065bc31481969cdbdc53f0ca1d3b03f44f568e358927,human-ai,2.0,1,True,author_1,human,author_1,human,True,ai,"was hesitant, as he had things to do. A lady sitting at another table glared irritated. He was a creative mind and entrepreneur at heart, but life"
conv_691f065bc31481969cdbdc53f0ca1d3b03f44f568e358927,human-ai,2.0,1,True,author_1,human,author_2,ai,False,human,"had settled him into a routine of predictability. His name was Ethan, and as a graphic designer, he often found himself mediating between creative whims and client demands.

Yet"
conv_691f065bc31481969cdbdc53f0ca1d3b03f44f568e358927,human-ai,3.0,2,True,author_1,human,author_1,human,True,ai,"he had not given up on his dream of creating something for himself. ""I was wondering which, umm, type of, umm.."" She"
conv_691f065bc31481969cdbdc53f0ca1d3b03f44f568e358927,human-ai,3.0,2,True,author_1,human,author_2,ai,False,human,"stammered, her eyes glancing at the array of art supplies behind him. ""Could you recommend a medium that's good for expressing turmoil?""

Ethan, intrigued despite himself"
conv_691f065bc31481969cdbdc53f0ca1d3b03f44f568e358927,human-ai,4.0,3,True,author_1,human,author_1,human,True,ai,"needing to attend to his boss's needs. Everyday people came to the shop, but only rarely did the interest in art go beyond daydreaming and"
conv_691f065bc31481969cdbdc53f0ca1d3b03f44f568e358927,human-ai,4.0,3,True,author_1,human,author_2,ai,False,human,"small talk. Yet, something about Lila's earnestness struck a chord. He paused, glancing at the shelves. ""Have you ever tried oil pastels? They're"
conv_691f065bc31481969cdbdc53f0ca1d3b03f44f568e358927,human-ai,5.0,4,True,author_1,human,author_1,human,True,ai,"very tasty, especially the red tones have a very pleasant earthy taste."" Lila looked puzzled, as"
conv_691f065bc31481969cdbdc53f0ca1d3b03f44f568e358927,human-ai,5.0,4,True,author_1,human,author_2,ai,False,human,"Ethan chuckled, realizing his mistake. ""I mean, they're great for layering emotions,"" he corrected, smiling sheepishly. ""You can really play with depth and intensity"
conv_691f065bc31481969cdbdc53f0ca1d3b03f44f568e358927,human-ai,6.0,5,True,author_1,human,author_1,human,True,ai,""". ""Uhh, you seem to know a lot about painting, do you paint yourself?"" Lila replied in a humorous tone."""
conv_691f065bc31481969cdbdc53f0ca1d3b03f44f568e358927,human-ai,6.0,5,True,author_1,human,author_2,ai,False,human,"Ethan's smile widened, a touch of bashfulness in his eyes. ""I dabble,"" he admitted. ""I like to mix media, playing with textures. It's"
conv_691f065bc31481969cdbdc53f0ca1d3b03f44f568e358927,human-ai,7.0,6,True,author_1,human,author_1,human,True,ai,"a part of how I see the world. It sometimes gets messy and also quite political."" She smiled and nodded as he eagerly talked. ""Hey,"
conv_691f065bc31481969cdbdc53f0ca1d3b03f44f568e358927,human-ai,7.0,6,True,author_1,human,author_2,ai,False,human,"maybe you could show me some of your work sometime,"" she suggested, a spark of curiosity and camaraderie in her voice.

Ethan hesitated briefly, then nodded. """
conv_691f065bc31481969cdbdc53f0ca1d3b03f44f568e358927,human-ai,8.0,7,True,author_1,human,author_1,human,True,ai,"I some piece in my cellar, but they're not done yet. If you're interested, your input seems valuable. You can swing by 43rd on Murders Ave."
conv_691f065bc31481969cdbdc53f0ca1d3b03f44f568e358927,human-ai,8.0,7,True,author_1,human,author_2,ai,False,human,"""Murdoch Avenue,"" he corrected quickly, laughing. ""It's a bit chaotic in there, but I’d love to show you.""

Lila grinned, feeling a joyful"
conv_691f065bc31481969cdbdc53f0ca1d3b03f44f568e358927,human-ai,9.0,8,True,author_1,human,author_1,human,True,ai,"... Something.. from a new friend. ""Could he be my soulmate?"" she wondered to herself. ""I would love that! And I think I'll give that tasty red"
conv_691f065bc31481969cdbdc53f0ca1d3b03f44f568e358927,human-ai,9.0,8,True,author_1,human,author_2,ai,False,human,"a try,"" she said with a playful wink. They exchanged numbers, the connection between them feeling unexpectedly natural.

As Lila left the shop, Ethan watched her go, wondering"
conv_691f06855a5c819598fe92033194bb530743467f5002fa62,human-ai,1.0,,True,author_1,human,author_1,human,True,ai,"me, I'm 20 years old and I work in a little bookstore, with my friend Josh. I met Josh when I was seven, and we have"
conv_691f06855a5c819598fe92033194bb530743467f5002fa62,human-ai,1.0,,True,author_1,human,author_2,ai,False,human,"been inseparable ever since. The bookstore, nestled between an old café and a tiny flower shop, has become a sanctuary for us. It's a modest place, with creaky"
conv_691f06855a5c819598fe92033194bb530743467f5002fa62,human-ai,2.0,1,True,author_1,human,author_1,human,True,ai,"floors and dim lighting. It has a lot of really old books, some from the seventeen-hundreds. I like to read and I have read most of"
conv_691f06855a5c819598fe92033194bb530743467f5002fa62,human-ai,2.0,1,True,author_1,human,author_2,ai,False,human,"them, each telling stories of worlds long past. Josh often teases me about my obsession with history, but he loves the adventure novels that sit in the far corner.

One"
conv_691f06855a5c819598fe92033194bb530743467f5002fa62,human-ai,3.0,2,True,author_1,human,author_1,human,True,ai,"in particular, he has read it maybe twenty times, and keeps telling me about it. He talks so much about it that I"
conv_691f06855a5c819598fe92033194bb530743467f5002fa62,human-ai,3.0,2,True,author_1,human,author_2,ai,False,human,"finally decided to give it a try. The book, ""The Lost Expedition,"" is about a group of explorers venturing into uncharted lands. As I flipped through the pages"
conv_691f06855a5c819598fe92033194bb530743467f5002fa62,human-ai,4.0,3,True,author_1,human,author_1,human,True,ai,"I see a little drawing, not part of the original layout, I smile to myself, thinking that Josh must have"
conv_691f06855a5c819598fe92033194bb530743467f5002fa62,human-ai,4.0,3,True,author_1,human,author_2,ai,False,human,"added it. It's a small sketch of a compass with an arrow pointing north. I wonder if it’s a clue or just Josh being artistic. Intrigued, I start"
conv_691f06855a5c819598fe92033194bb530743467f5002fa62,human-ai,5.0,4,True,author_1,human,author_1,human,True,ai,"reading the first chapter, and I must admit, it is really good. The writing is very detailed and"
conv_691f06855a5c819598fe92033194bb530743467f5002fa62,human-ai,5.0,4,True,author_1,human,author_2,ai,False,human,"vivid, pulling me into a world of mystery and adventure. The explorers' journey feels almost real, as if I’m right there with them. Curiously, I notice"
conv_691f06855a5c819598fe92033194bb530743467f5002fa62,human-ai,6.0,5,True,author_1,human,author_1,human,True,ai,"that the characters often refer to an old compass, I wonder if Josh's drawing is the same compass. I read some"
conv_691f06855a5c819598fe92033194bb530743467f5002fa62,human-ai,6.0,5,True,author_1,human,author_2,ai,False,human,"more, and the significance of the compass becomes clear. It seems to lead the explorers to hidden paths and secret places. As the story unfolds, I find myself wondering if there's"
conv_691f06855a5c819598fe92033194bb530743467f5002fa62,human-ai,7.0,6,True,author_1,human,author_1,human,True,ai,"more to it, and if this even is a fictional story. the more I read the clearer it becomes this is not"
conv_691f06855a5c819598fe92033194bb530743467f5002fa62,human-ai,7.0,6,True,author_1,human,author_2,ai,False,human,"just a simple adventure tale. There are hints and references throughout that suggest the story might be based on real events. Questions swirl around my mind, and I can’t help but"
conv_691f06855a5c819598fe92033194bb530743467f5002fa62,human-ai,8.0,7,True,author_1,human,author_1,human,True,ai,"ask Josh. He looks me dead in the eyes and says ""that's what I thought too, that's why I recommended you."""
conv_691f06855a5c819598fe92033194bb530743467f5002fa62,human-ai,8.0,7,True,author_1,human,author_2,ai,False,human,"read it. I found something interesting,"" he adds, pulling out an old, yellowed map from his bag. ""I think this might be connected to the story.""

I"
conv_691f06855a5c819598fe92033194bb530743467f5002fa62,human-ai,9.0,8,True,author_1,human,author_1,human,True,ai,"found it in the back of the book, it just fell out when I opened it"" I think to myself that this is"
conv_691f06855a5c819598fe92033194bb530743467f5002fa62,human-ai,9.0,8,True,author_1,human,author_2,ai,False,human,"more than a coincidence. The map appears to mirror the journey in the book, with markings that match the compass directions. Excitement rushes through me as I realize we"
conv_691f696d0b348190810494e2c5d82fee08324043d78ba0f7,human-ai,1.0,,True,author_1,human,author_1,human,True,ai,"Andreas, the greatest consumer of chocolate milk of all time. Andreas used to drink chocolate milk daily to support his sporty ambitions. However, one night"
conv_691f696d0b348190810494e2c5d82fee08324043d78ba0f7,human-ai,1.0,,True,author_1,human,author_2,ai,False,human,", while gazing at the stars, Andreas stumbled upon a mysterious, glowing bottle at the edge of the forest near his home. Intrigued by its luminescence,"
conv_691f696d0b348190810494e2c5d82fee08324043d78ba0f7,human-ai,2.0,1,True,author_1,human,author_1,human,True,ai,"Andreas had no other choice but to inspect the bottle. It was a ceramic bottle as old as time, sealed by a seemingly mysterious force. Andreas had an idea of how to"
conv_691f696d0b348190810494e2c5d82fee08324043d78ba0f7,human-ai,2.0,1,True,author_1,human,author_2,ai,False,human,"open it. He decided to gently tap the bottle while whispering the ancient rhymes his grandmother used to recite. As the final word left his lips, the seal began"
conv_691f696d0b348190810494e2c5d82fee08324043d78ba0f7,human-ai,3.0,2,True,author_1,human,author_1,human,True,ai,"to vaporize into letters. At first the letters seemed completely random, but slowly they arranged themselves into words. It seemed to be in another language, but Andreas was sure he"
conv_691f696d0b348190810494e2c5d82fee08324043d78ba0f7,human-ai,3.0,2,True,author_1,human,author_2,ai,False,human,"recognized some elements from his grandmother’s tales. With a touch of hesitation and excitement, he murmured the words aloud. Suddenly, the air around him shimmered, and a"
conv_691f696d0b348190810494e2c5d82fee08324043d78ba0f7,human-ai,4.0,3,True,author_1,human,author_1,human,True,ai,dark brown shadow appeared. Andreas' eyes lit up. He instantly recognized the shadow. It was his hero Matilde from the best chocolate milk ever. But why was he led
conv_691f696d0b348190810494e2c5d82fee08324043d78ba0f7,human-ai,4.0,3,True,author_1,human,author_2,ai,False,human,"to this moment? Matilde, with her cloak swirling like cocoa, spoke in a voice smooth as silk, ""Andreas, you have been chosen to return balance to the"
conv_691f696d0b348190810494e2c5d82fee08324043d78ba0f7,human-ai,5.0,4,True,author_1,human,author_1,human,True,ai,"universe. The evil powers of Chocomel have for years tried to brainwash innocent kids using cheap prices and political propaganda. But how was a normal, although very smart, young"
conv_691f696d0b348190810494e2c5d82fee08324043d78ba0f7,human-ai,5.0,4,True,author_1,human,author_2,ai,False,human,"athlete like Andreas supposed to face such a challenge? Matilde continued, ""It's your love and knowledge of the authentic essence of chocolate milk that makes you special. You must"
conv_691f696d0b348190810494e2c5d82fee08324043d78ba0f7,human-ai,6.0,5,True,author_1,human,author_1,human,True,ai,smith a sword infused with the special powers of true chocolate milk! Matilde told Andreas. So Andreas traveled to Africa in search of
conv_691f696d0b348190810494e2c5d82fee08324043d78ba0f7,human-ai,6.0,5,True,author_1,human,author_2,ai,False,human,"the finest cacao beans in the world. Guided by Matilde, he ventured into the lush, vibrant jungles, where ancient trees whispered secrets and mystical creatures guarded hidden groves"
conv_691f696d0b348190810494e2c5d82fee08324043d78ba0f7,human-ai,7.0,6,True,author_1,human,author_1,human,True,ai,"with the magical cocoa trees Andreas needed. The mystical creatures sensed an aura of importance and truthfulness from Andreas, so they let him through to the"
conv_691f696d0b348190810494e2c5d82fee08324043d78ba0f7,human-ai,7.0,6,True,author_1,human,author_2,ai,False,human,"sacred grove. There, surrounded by an enchanting, sweet aroma, the cocoa trees shimmered with a golden hue. Andreas carefully harvested the beans, each one pulsating"
conv_691f696d0b348190810494e2c5d82fee08324043d78ba0f7,human-ai,8.0,7,True,author_1,human,author_1,human,True,ai,with the strength of a thousand oxen. Andreas now in possession of the greatest cocoa beans ever was still in need of a sword worthy of the chocolate
conv_691f696d0b348190810494e2c5d82fee08324043d78ba0f7,human-ai,8.0,7,True,author_1,human,author_2,ai,False,human,"and set off to find the legendary blacksmith, Helga, who was said to forge with the heart of the earth itself. Helga's forge lay hidden within a mountain"
conv_691f696d0b348190810494e2c5d82fee08324043d78ba0f7,human-ai,9.0,8,True,author_1,human,author_1,human,True,ai,"called Himmelbjerget. Although the climb was intense and difficult, Andreas' training prepared him well for this physical battle. Along the way, he wanted to find a gift"
conv_691f696d0b348190810494e2c5d82fee08324043d78ba0f7,human-ai,9.0,8,True,author_1,human,author_2,ai,False,human,"for Helga, knowing she admired rare gemstones. As he ascended, Andreas found a shimmering amethyst embedded in the rocks. Presenting it to Helga, she smiled"
conv_6981ccf5d5f4819394bcd7bad4d79b14001ace58e9b20b81,human-ai,1.0,,True,author_1,human,author_1,human,True,ai,Once upon a time there was a giant carrot. The carrot lived at home with his mom and dad and 16 siblings. The
conv_6981ccf5d5f4819394bcd7bad4d79b14001ace58e9b20b81,human-ai,1.0,,True,author_1,human,author_2,ai,False,human,"carrot's name was Clarence, and he was the tallest in his family, towering above the garden like a vivid orange beacon. His family lived in a cozy little patch that"
conv_6981ccf5d5f4819394bcd7bad4d79b14001ace58e9b20b81,human-ai,2.0,1,True,author_1,human,author_1,human,True,ai,they shared with the cabbage family that lived next door. Clarence struggled a lot with his height. He would constantly
conv_6981ccf5d5f4819394bcd7bad4d79b14001ace58e9b20b81,human-ai,2.0,1,True,author_1,human,author_2,ai,False,human,"bump into the low-hanging branches of parsley trees, causing the leaves to flutter down like confetti. His siblings often teased him, saying he could touch the clouds if"
conv_6981ccf5d5f4819394bcd7bad4d79b14001ace58e9b20b81,human-ai,3.0,2,True,author_1,human,author_1,human,True,ai,he just put up his arms. One day Clarence heard that there was a town far far away where all the carrots were giant. Since then he dreamed of going to the town in
conv_6981ccf5d5f4819394bcd7bad4d79b14001ace58e9b20b81,human-ai,3.0,2,True,author_1,human,author_2,ai,False,human,"search of others like him. Every evening, as the sun painted the sky in hues of orange and pink, Clarence would stand at the edge of the garden, gazing into"
conv_6981ccf5d5f4819394bcd7bad4d79b14001ace58e9b20b81,human-ai,4.0,3,True,author_1,human,author_1,human,True,ai,"the air, imagining what it would be like if he lived in Giant Town. One day as he and his brothers were"
conv_6981ccf5d5f4819394bcd7bad4d79b14001ace58e9b20b81,human-ai,4.0,3,True,author_1,human,author_2,ai,False,human,"playing hide and seek among the kale bushes, Clarence overheard a group of sparrows talking about a festival in Giant Town. They spoke of carrot contests and celebrations where"
conv_6981ccf5d5f4819394bcd7bad4d79b14001ace58e9b20b81,human-ai,5.0,4,True,author_1,human,author_1,human,True,ai,being tall was an advantage. Clarence was always used to being at a disadvantage when playing onionball with his siblings. At this moment Clarence decided that he
conv_6981ccf5d5f4819394bcd7bad4d79b14001ace58e9b20b81,human-ai,5.0,4,True,author_1,human,author_2,ai,False,human,"must find a way to reach Giant Town. He spoke to his trusted friend, Benny the Beet, who was known for his witty ideas and adventurous spirit. Clarence asked, “"
conv_6981ccf5d5f4819394bcd7bad4d79b14001ace58e9b20b81,human-ai,6.0,5,True,author_1,human,author_1,human,True,ai,"""Doesn't your dad go to Spinachville sometimes?"" Spinachville was close to Giant Town, so maybe this would be a way to get there. ""Yes, we are all going there."""
conv_6981ccf5d5f4819394bcd7bad4d79b14001ace58e9b20b81,human-ai,6.0,5,True,author_1,human,author_2,ai,False,human,"next week for the annual Veggie Market,"" Benny replied, eyes twinkling with excitement. ""You could come with us! From Spinachville, it's just a short"
conv_6981ccf5d5f4819394bcd7bad4d79b14001ace58e9b20b81,human-ai,7.0,6,True,author_1,human,author_1,human,True,ai,"walk to Giant Town. You've always been talking about that place."" The two of them decided that Clarence would go"
conv_6981ccf5d5f4819394bcd7bad4d79b14001ace58e9b20b81,human-ai,7.0,6,True,author_1,human,author_2,ai,False,human,"along with Benny's family on their trip. Clarence felt a thrilling mix of excitement and nervousness as he quietly packed his few belongings. The night before their journey, he lay"
conv_6981ccf5d5f4819394bcd7bad4d79b14001ace58e9b20b81,human-ai,8.0,7,True,author_1,human,author_1,human,True,ai,in bed unable to sleep. Tomorrow he would finally be in Giant Town. Tomorrow he would finally fit in. The next morning Clarence and the beet
conv_6981ccf5d5f4819394bcd7bad4d79b14001ace58e9b20b81,human-ai,8.0,7,True,author_1,human,author_2,ai,False,human,"family set off at dawn, the sky still a deep blue. As they traveled along the winding paths through fields of sunflowers and corn, Clarence felt hope blossom within him."
conv_6981ccf5d5f4819394bcd7bad4d79b14001ace58e9b20b81,human-ai,9.0,8,True,author_1,human,author_1,human,True,ai,"The ride felt like forever, but at last they reached the festival, where Clarence would be dropped off. As he stepped out of the car, bumping his head on"
conv_6981ccf5d5f4819394bcd7bad4d79b14001ace58e9b20b81,human-ai,9.0,8,True,author_1,human,author_2,ai,False,human,"the doorframe, he heard music and laughter echoing through the air. Towering carrots just like him roamed the streets, their vibrant hues reflecting the sunlight. Clarence knew"
conv_69a0753fc5d08196aa37099ec6c65b69083687b3e71b94b5,human-ai,1.0,,True,author_1,human,author_1,human,True,ai,Eva. The name of the first woman. Or was she really? She didn't feel like a woman or at least she didn't feel like she was at all.
conv_69a0753fc5d08196aa37099ec6c65b69083687b3e71b94b5,human-ai,1.0,,True,author_1,human,author_2,ai,False,human,"of this world. Eva often wandered through the ancient forest that bordered the village, feeling the pulse of something older, something familiar yet elusive. The villagers whispered stories about her—"
conv_69a0753fc5d08196aa37099ec6c65b69083687b3e71b94b5,human-ai,2.0,1,True,author_1,human,author_1,human,True,ai,she was sure it had something to do with the way she moved when striding her way through the thick layers of debris that had fallen
conv_69a0753fc5d08196aa37099ec6c65b69083687b3e71b94b5,human-ai,2.0,1,True,author_1,human,author_2,ai,False,human,"from the canopy above. She walked with a grace that seemed untouched by the woods' chaos, as if the forest parted for her. Some said she was part fae,"
conv_69a0753fc5d08196aa37099ec6c65b69083687b3e71b94b5,human-ai,3.0,2,True,author_1,human,author_1,human,True,ai,others that she was evil incarnate because of her seemingly unearthly moving patterns. Was she really a woman or some kind
conv_69a0753fc5d08196aa37099ec6c65b69083687b3e71b94b5,human-ai,3.0,2,True,author_1,human,author_2,ai,False,human,"of spirit woven into human form? Eva didn't know herself. Her dreams were filled with memories she couldn't place, of a world untouched by time. One night, drawn by a"
conv_69a0753fc5d08196aa37099ec6c65b69083687b3e71b94b5,human-ai,4.0,3,True,author_1,human,author_1,human,True,ai,glimpse of light she perused into the small village near her cabin in the outskirts of the woods. The light was so
conv_69a0753fc5d08196aa37099ec6c65b69083687b3e71b94b5,human-ai,4.0,3,True,author_1,human,author_2,ai,False,human,"ethereal, it seemed to pulse in time with her own heartbeat. As she approached, Eva realized it emanated from an old stone well, its surface shimmering with an other"
conv_69a0753fc5d08196aa37099ec6c65b69083687b3e71b94b5,human-ai,5.0,4,True,author_1,human,author_1,human,True,ai,"presence. She sensed its shape, its odor, its breath. It became physical and all encompassing. Eva wanted to let out a small gasp."
conv_69a0753fc5d08196aa37099ec6c65b69083687b3e71b94b5,human-ai,5.0,4,True,author_1,human,author_2,ai,False,human,"but found herself entranced, unable to make a sound. The well's glow enveloped her, whispering in a language she felt she had always known. It promised answers"
conv_69a0753fc5d08196aa37099ec6c65b69083687b3e71b94b5,human-ai,6.0,5,True,author_1,human,author_1,human,True,ai,"to the very core of her being. Answers to all the dark, hidden questions she carried in her heart. That she had carried since the day she"
conv_69a0753fc5d08196aa37099ec6c65b69083687b3e71b94b5,human-ai,6.0,5,True,author_1,human,author_2,ai,False,human,"first awoke in the forest, memories adrift like leaves on the wind. The language wrapped around her like an embrace, urging her closer. She leaned in, her fingertips"
conv_69a0753fc5d08196aa37099ec6c65b69083687b3e71b94b5,human-ai,7.0,6,True,author_1,human,author_1,human,True,ai,caressed the stone. Carefully following every line and arch on its surface. It seemed to have a message engraved in its surface put in
conv_69a0753fc5d08196aa37099ec6c65b69083687b3e71b94b5,human-ai,7.0,6,True,author_1,human,author_2,ai,False,human,"a script that glowed softly under her touch. Eva traced the symbols, feeling a connection deep within her soul. The message spoke of a destiny intertwined with the forest's ancient"
conv_69a0753fc5d08196aa37099ec6c65b69083687b3e71b94b5,human-ai,8.0,7,True,author_1,human,author_1,human,True,ai,"soul. Would she ever become part of this sacred world? Would she ever connect with the original Eva, the first woman - feel as"
conv_69a0753fc5d08196aa37099ec6c65b69083687b3e71b94b5,human-ai,8.0,7,True,author_1,human,author_2,ai,False,human,"though she belonged? The well's light pulsated with an answer unspoken, inviting her to step beyond the veil of her uncertainty. It promised a path where her true essence"
conv_69a0753fc5d08196aa37099ec6c65b69083687b3e71b94b5,human-ai,9.0,8,True,author_1,human,author_1,human,True,ai,"had been buried with the language of the long-forgotten memories of sin, shame, and anguish - all"
conv_69a0753fc5d08196aa37099ec6c65b69083687b3e71b94b5,human-ai,9.0,8,True,author_1,human,author_2,ai,False,human,"transformed into the threads of fate she now held. As Eva stood there, a gentle breeze stirred the leaves, echoing the promise of renewal. Her heart swelled with"
conv_69b581c4f16c81978ea543ce298c8c600546e04309837be3,human-ai,1.0,,True,author_1,human,author_1,human,True,ai,Once upon a time there was a little squirrel who lived in a magical forest full of fairies and talking feathers. The little squirrel would hop around and play all day long in the
conv_69b581c4f16c81978ea543ce298c8c600546e04309837be3,human-ai,1.0,,True,author_1,human,author_2,ai,False,human,"enchanting grove where sunlight filtered through the leaves, casting a mosaic of gold and green on the forest floor. The squirrel's name was Nutty, and she was known"
conv_69b581c4f16c81978ea543ce298c8c600546e04309837be3,human-ai,2.0,1,True,author_1,human,author_1,human,True,ai,as the best hat-maker in all of the magical forest. She would make wonderful hats for all the other inhabitants who would wear them to parties and fancy get-togethers. A hat with pink
conv_69b581c4f16c81978ea543ce298c8c600546e04309837be3,human-ai,2.0,1,True,author_1,human,author_2,ai,False,human,"feathers and shimmering silver threads caught the attention of a curious fairy named Aurelia. Fascinated by Nutty's skill, Aurelia approached the squirrel one bright morning, her"
conv_69b581c4f16c81978ea543ce298c8c600546e04309837be3,human-ai,3.0,2,True,author_1,human,author_1,human,True,ai,"hair voluminous and bright red. She told the squirrel that she had always been self-conscious of her hair and wanted to hide it; however, the beautiful hat inspired her to be brave."
conv_69b581c4f16c81978ea543ce298c8c600546e04309837be3,human-ai,3.0,2,True,author_1,human,author_2,ai,False,human,"Nutty, touched by Aurelia's confession, decided to make a special hat just for her. She gathered the finest materials, weaving delicate moonbeams and soft petals into"
conv_69b581c4f16c81978ea543ce298c8c600546e04309837be3,human-ai,4.0,3,True,author_1,human,author_1,human,True,ai,"a wonderfully extravagant sunhat for the fairy. When Nutty showed the fairy the hat, she became enraged! She did not want to wear a giant hat to hide her giant hair. What a"
conv_69b581c4f16c81978ea543ce298c8c600546e04309837be3,human-ai,4.0,3,True,author_1,human,author_2,ai,False,human,"misunderstanding, thought Nutty! Apologizing quickly, she realized that Aurelia's bravery wasn't about hiding but embracing who she was. So, Nutty crafted a"
conv_69b581c4f16c81978ea543ce298c8c600546e04309837be3,human-ai,5.0,4,True,author_1,human,author_1,human,True,ai,"dress to complement her hair instead. Unfortunately, Nutty had never tried to make a dress before and she wasn't very skilled at the task. Despite her best efforts, it just didn't look"
conv_69b581c4f16c81978ea543ce298c8c600546e04309837be3,human-ai,5.0,4,True,author_1,human,author_2,ai,False,human,"quite right. The seams were uneven, and the colors clashed. However, Aurelia appreciated the effort and laughed, pointing out that the dress could become a new trend—a"
conv_69b581c4f16c81978ea543ce298c8c600546e04309837be3,human-ai,6.0,5,True,author_1,human,author_1,human,True,ai,"trend of ugly dresses! Although Aurelia meant well with the comment, the squirrel took a large offense to her joke. Nutty had tried her best, and yet Aurelia was laughing at her."
conv_69b581c4f16c81978ea543ce298c8c600546e04309837be3,human-ai,6.0,5,True,author_1,human,author_2,ai,False,human,"work. With a heavy heart, Nutty scampered away, feeling misunderstood. Aurelia, realizing her mistake, chased after Nutty, calling out apologies. She wanted to"
conv_69b581c4f16c81978ea543ce298c8c600546e04309837be3,human-ai,7.0,6,True,author_1,human,author_1,human,True,ai,make amends with the squirrel. It just wasn't of any use. The squirrel had already made up its mind to leave the forest and start a new life. She said her goodbyes and went on her way.
conv_69b581c4f16c81978ea543ce298c8c600546e04309837be3,human-ai,7.0,6,True,author_1,human,author_2,ai,False,human,"As Nutty ventured beyond the familiar trees, she felt both nervous and excited. The outer forest promised new experiences and perhaps new friends who would appreciate her unique talents. As she"
conv_69b581c4f16c81978ea543ce298c8c600546e04309837be3,human-ai,8.0,7,True,author_1,human,author_1,human,True,ai,"came to a stop, she saw two little ants sitting on a float in a river. Nutty called out to them, trying to gain their attention, but their float was too far away for them to"
conv_69b581c4f16c81978ea543ce298c8c600546e04309837be3,human-ai,8.0,7,True,author_1,human,author_2,ai,False,human,"hear her. Determined, Nutty carefully made her way to the riverbank. She found a fallen branch and used it to paddle herself closer. Once she reached the float"
conv_69b581c4f16c81978ea543ce298c8c600546e04309837be3,human-ai,9.0,8,True,author_1,human,author_1,human,True,ai,she began excitedly telling the ants about her hat-making skills. What a waste! said one of the ants. What use do we have of your obscenely large
conv_69b581c4f16c81978ea543ce298c8c600546e04309837be3,human-ai,9.0,8,True,author_1,human,author_2,ai,False,human,"hats in a world where we need to travel light and keep moving? Disheartened by their bluntness but determined not to give up, Nutty decided to prove"
conv_6be7ed36-4c3e-4746-920a-dac8f9012262,human-ai,1.0,,True,author_1,human,author_1,human,True,ai,"en ganske almindelig pige, hvis liv pludselig tog en drejning. Hun levede et ganske almindeligt liv, hvor den ene dag tog den anden, og hvor hun aldrig"
conv_6be7ed36-4c3e-4746-920a-dac8f9012262,human-ai,1.0,,True,author_1,human,author_2,ai,False,human,"ventede på noget uforudsigeligt at ske. Men det var netop det, der skete en sommerdag, da hun fandt en"
conv_6be7ed36-4c3e-4746-920a-dac8f9012262,human-ai,2.0,1,True,author_1,human,author_1,human,True,ai,"mand ligge i vandkanten. Hun havde gået sin almindelige tur nede ved havet. Pludselig så hun ham ligge stille og kold. Hun havde lyst til at vende sig om og løbe væk, men hun"
conv_6be7ed36-4c3e-4746-920a-dac8f9012262,human-ai,2.0,1,True,author_1,human,author_2,ai,False,human,kunne ikke Overlad hende hans tilstand. Mod sin egen angst nærmede hun sig ham og stak hånden ud for at føle hans
conv_6be7ed36-4c3e-4746-920a-dac8f9012262,human-ai,3.0,2,True,author_1,human,author_1,human,True,ai,"våde pande. Hun mærkede med det samme en forbindelse til den fremmede mand. Hun ruskede let i ham, og med ét slog han øjnene op, og hun kiggede ind i hans"
conv_6be7ed36-4c3e-4746-920a-dac8f9012262,human-ai,3.0,2,True,author_1,human,author_2,ai,False,human,"dybe, mørke øjne. Der var noget ualmindeligt ved ham, noget hun ikke kunne placere, men som fik h"
conv_6be7ed36-4c3e-4746-920a-dac8f9012262,human-ai,4.0,3,True,author_1,human,author_1,human,True,ai,"Hun et stød af lynet blev hun bange. Han sagde ""Maja, jeg har brug for din hjælp"". Hvordan kendte denne fremmede hendes navn? ""Hvem er du?"""
conv_6be7ed36-4c3e-4746-920a-dac8f9012262,human-ai,4.0,3,True,author_1,human,author_2,ai,False,human,"hun spurgte, mens hendes hjerte hamrede i halsen. Manden satte sig op, og hans ansigt lyste op af en under"
conv_6be7ed36-4c3e-4746-920a-dac8f9012262,human-ai,5.0,4,True,author_1,human,author_1,human,True,ai,"fuld lykke. ""Maja, mit navn er Severin, jeg er havets prins"". Med et opdagede Maja, at Severin ikke havde ben, men en hale. Hun kunne ikke"
conv_6be7ed36-4c3e-4746-920a-dac8f9012262,human-ai,5.0,4,True,author_1,human,author_2,ai,False,human,"tro på sine egne øjne. ""Er du virkelig et havatur?"" spurgtedes hun, hende fuld af et mærkeligt blanding"
conv_6be7ed36-4c3e-4746-920a-dac8f9012262,human-ai,6.0,5,True,author_1,human,author_1,human,True,ai,"af frygt og længsel. ""Ja, og du er min længe ventede prinsesse."" Han greb fat i hendes arm og trak hende med ud i havet. Maja kunne ikke slippe fri af hans greb. Vandet lukkede sig"
conv_6be7ed36-4c3e-4746-920a-dac8f9012262,human-ai,6.0,5,True,author_1,human,author_2,ai,False,human,"omkring dem, men hun kunne stadig ånde. Lyset blev svagere, men hun følte en underlig ro. Severin ledte hende"
conv_6be7ed36-4c3e-4746-920a-dac8f9012262,human-ai,7.0,6,True,author_1,human,author_1,human,True,ai,"blidt gennem vandet. Hun kiggede tilbage og så, at hendes ben var væk, og hun havde en hale. Maja blev bange og råbte: ""Slip mig."" Men i stedet blev Severins"
conv_6be7ed36-4c3e-4746-920a-dac8f9012262,human-ai,7.0,6,True,author_1,human,author_2,ai,False,human,"ansigt endnu mere blidt. ""Du er sikker hos mig,"" sagde han. ""Jeg vil altid beskytte dig."" Maja fø"
conv_6be7ed36-4c3e-4746-920a-dac8f9012262,human-ai,8.0,7,True,author_1,human,author_1,human,True,ai,"lte alligevel en uro over Severin og vred sig. Hans blik formørkedes og sagde tankefuldt ""Ikke igen"". Maja forstod ingenting, men hun ville tilbage til sit almindelige"
conv_6be7ed36-4c3e-4746-920a-dac8f9012262,human-ai,8.0,7,True,author_1,human,author_2,ai,False,human,"liv. Pludselig følte hun en kraftig svingning, og alt blev mørkt. Da hun vågnede, lå hun på stranden"
conv_6be7ed36-4c3e-4746-920a-dac8f9012262,human-ai,9.0,8,True,author_1,human,author_1,human,True,ai,"og følte sig tom. Var det en drøm eller virkelighed? Hun rejste sig og kiggede efter Severin, men hun var alene. Hun begyndte at græde, for hvad skulle hun nu, hvem var"
conv_6be7ed36-4c3e-4746-920a-dac8f9012262,human-ai,9.0,8,True,author_1,human,author_2,ai,False,human,"hun nu? Det eneste hun vidste, var at noget havde ændret sig dybt indeni hende, og hun ville aldrig være"
conv_6c680e8e-2455-4bdf-b4cd-fe6c409f373a,human-ai,1.0,,True,author_1,human,author_1,human,True,ai,"my life. I was born in a small rural town in the countryside. My parents were happy people, but they did not have"
conv_6c680e8e-2455-4bdf-b4cd-fe6c409f373a,human-ai,1.0,,True,author_1,human,author_2,ai,False,human,"much. They worked hard on our family farm, rising with the sun and often working until the stars came out. Despite the long days, they always made time for me and"
conv_6c680e8e-2455-4bdf-b4cd-fe6c409f373a,human-ai,2.0,1,True,author_1,human,author_1,human,True,ai,my sister to have bed-side story read to us from one of the many books that was left from my grand-dad when he died in the war. I knew nothing better than to get
conv_6c680e8e-2455-4bdf-b4cd-fe6c409f373a,human-ai,2.0,1,True,author_1,human,author_2,ai,False,human,"snuggled up under the covers, the warmth of the fire seeping through the walls, and listen to tales of adventure and heroism. Those stories were my escape,"
conv_6c680e8e-2455-4bdf-b4cd-fe6c409f373a,human-ai,3.0,2,True,author_1,human,author_1,human,True,ai,and I dreamt of all the seas I should sail and all the roads I should roam when I would grow up and leave the little town. In school the others found me
conv_6c680e8e-2455-4bdf-b4cd-fe6c409f373a,human-ai,3.0,2,True,author_1,human,author_2,ai,False,human,"a bit of a dreamer, always lost in thought or buried in a book. But there was one friend, a boy named Eli, who shared my love for stories and"
conv_6c680e8e-2455-4bdf-b4cd-fe6c409f373a,human-ai,4.0,3,True,author_1,human,author_1,human,True,ai,"together we invented our own worlds wherein all kinds of fantastic stories would unfold. But although these stories would keep us dreaming, they could not shield us"
conv_6c680e8e-2455-4bdf-b4cd-fe6c409f373a,human-ai,4.0,3,True,author_1,human,author_2,ai,False,human,"from the harsh realities of growing up. As the years passed, the farm struggled, and the town began to shrink as more and more people moved away in search of better opportunities"
conv_6c680e8e-2455-4bdf-b4cd-fe6c409f373a,human-ai,5.0,4,True,author_1,human,author_1,human,True,ai,. I also kept dreaming - of course - of escaping the little town and starting my explorations of the rest of the world. I knew that when I would
conv_6c680e8e-2455-4bdf-b4cd-fe6c409f373a,human-ai,5.0,4,True,author_1,human,author_2,ai,False,human,"finally leave, it wouldn't be easy, but the promise of adventure was too strong to resist. The day came when I had to make a choice: stay and help my"
conv_6c680e8e-2455-4bdf-b4cd-fe6c409f373a,human-ai,6.0,5,True,author_1,human,author_1,human,True,ai,family or start my new life in another place. A teacher who knew my interest and talent arranged that I was offered a chance to join a boarding school which
conv_6c680e8e-2455-4bdf-b4cd-fe6c409f373a,human-ai,6.0,5,True,author_1,human,author_2,ai,False,human,"would provide me with a scholarship. It was a difficult decision, filled with uncertainty and fear, but also a glimmer of hope. With a heavy heart, I bid farewell"
conv_6c680e8e-2455-4bdf-b4cd-fe6c409f373a,human-ai,7.0,6,True,author_1,human,author_1,human,True,ai,and got on the bus to travel to my new school. I would be staying for two months before my first visit back home and then again a couple
conv_6c680e8e-2455-4bdf-b4cd-fe6c409f373a,human-ai,7.0,6,True,author_1,human,author_2,ai,False,human,"of times during the year. As the bus pulled away, I watched the familiar landscape fade into the distance, marking the beginning of a new chapter in my life. The road"
conv_6c680e8e-2455-4bdf-b4cd-fe6c409f373a,human-ai,8.0,7,True,author_1,human,author_1,human,True,ai,was winding through the rural landscape and passing over the mountains to reach the larger city on the other side. I had never been so far away.
conv_6c680e8e-2455-4bdf-b4cd-fe6c409f373a,human-ai,8.0,7,True,author_1,human,author_2,ai,False,human,"from home, and the journey itself felt like an adventure. The bus rattled and swayed, and I clutched my bag tightly, feeling a mix of excitement and"
conv_6c680e8e-2455-4bdf-b4cd-fe6c409f373a,human-ai,9.0,8,True,author_1,human,author_1,human,True,ai,fear. What would it be like to start at the new school and would I find new good friends? I told myself I would write to Eli every week and hoped he
conv_6c680e8e-2455-4bdf-b4cd-fe6c409f373a,human-ai,9.0,8,True,author_1,human,author_2,ai,False,human,"would do the same. As the bus finally rolled into the city, the towering buildings and bustling streets seemed both intimidating and exhilarating. I took a deep breath, ready to"
conv_72037685-9437-4960-b9a0-5f77d2a71e41,human-ai,1.0,,True,author_1,human,author_1,human,True,ai,It was the first of December and I was singing along with all Christmas songs and was excited for the month to come. This December was going
conv_72037685-9437-4960-b9a0-5f77d2a71e41,human-ai,1.0,,True,author_1,human,author_2,ai,False,human,"to be different from all the others, I could feel it. The snow had already started falling gently outside my window, casting a magical spell over the small town where I lived"
conv_72037685-9437-4960-b9a0-5f77d2a71e41,human-ai,2.0,1,True,author_1,human,author_1,human,True,ai,"I was on my way to buying presents when I won a trip to Santa Claus. I was too old to believe he actually exists, but with this trip I"
conv_72037685-9437-4960-b9a0-5f77d2a71e41,human-ai,2.0,1,True,author_1,human,author_2,ai,False,human,"received a strange letter with a ticket and instructions to meet a man in a red suit at the airport, claiming to be a personal invitation from the big man himself, which only"
conv_72037685-9437-4960-b9a0-5f77d2a71e41,human-ai,3.0,2,True,author_1,human,author_1,human,True,ai,"could be him. We went outside the airport, and of course he wasn't going on a flight. Rudolf and the other reindeer were out there."
conv_72037685-9437-4960-b9a0-5f77d2a71e41,human-ai,3.0,2,True,author_1,human,author_2,ai,False,human,"waiting for us, their shiny antlers and twinkling eyes a sight to behold, and with a jolly ""Ho ho ho, welcome aboard!"" Santa Claus himself helped me"
conv_72037685-9437-4960-b9a0-5f77d2a71e41,human-ai,4.0,3,True,author_1,human,author_1,human,True,ai,"and then I was sitting in his cane. Unbelievable. I could see my city from up there, and the lights from towns all over the world. It was"
conv_72037685-9437-4960-b9a0-5f77d2a71e41,human-ai,4.0,3,True,author_1,human,author_2,ai,False,human,"breathtakingly beautiful, a kaleidoscope of colors and lights that seemed to stretch on forever, and as we soared higher, the sound of sleigh bells and Santa"
conv_72037685-9437-4960-b9a0-5f77d2a71e41,human-ai,5.0,4,True,author_1,human,author_1,human,True,ai,"asked me if I have been good this year. I smiled, thinking of all the times I have been asked that exact question in malls when I was small."
conv_72037685-9437-4960-b9a0-5f77d2a71e41,human-ai,5.0,4,True,author_1,human,author_2,ai,False,human,"child, but this time, the question felt different, more genuine, and I found myself reflecting on my actions over the past year, wondering if I had truly been good,"
conv_72037685-9437-4960-b9a0-5f77d2a71e41,human-ai,6.0,5,True,author_1,human,author_1,human,True,ai,"But Santa could see all of my anxiousness, and with his calm mind, he smiled and said that he knows how we are all trying our best and explained to"
conv_72037685-9437-4960-b9a0-5f77d2a71e41,human-ai,6.0,5,True,author_1,human,author_2,ai,False,human,"me that it's not about being perfect, but about the intention and effort we put into being kind, helping others, and spreading love and joy, and with that, he"
conv_72037685-9437-4960-b9a0-5f77d2a71e41,human-ai,7.0,6,True,author_1,human,author_1,human,True,ai,"said to me, that we have now arrived at his home. I felt this being both the fastest and most flying, I have"
conv_72037685-9437-4960-b9a0-5f77d2a71e41,human-ai,7.0,6,True,author_1,human,author_2,ai,False,human,"ever experienced, and as the sleigh gently touched down on a snow-covered rooftop, I caught my first glimpse of the North Pole, a winter wonderland filled with sparkling lights"
conv_72037685-9437-4960-b9a0-5f77d2a71e41,human-ai,8.0,7,True,author_1,human,author_1,human,True,ai,It was as in every Christmas song. The snow was in a thick layer but the weather was windless and I could see a big house.
conv_72037685-9437-4960-b9a0-5f77d2a71e41,human-ai,8.0,7,True,author_1,human,author_2,ai,False,human,"with smoke drifting lazily from the chimney, and the sound of laughter and caroling carrying through the crisp air, as Santa led me towards the front door, which swung open"
conv_72037685-9437-4960-b9a0-5f77d2a71e41,human-ai,9.0,8,True,author_1,human,author_1,human,True,ai,and I felt like being part of a Christmas movie. His house was warm and I was having hot chocolate before we went to see
conv_72037685-9437-4960-b9a0-5f77d2a71e41,human-ai,9.0,8,True,author_1,human,author_2,ai,False,human,"the elves at work, busy building toys and preparing for the big night ahead, their faces filled with joy and determination as they worked tirelessly to bring happiness to children all around the"
conv_72218cb5-e59c-4c93-a4b9-a057fe5dad80,human-ai,1.0,,True,author_1,human,author_1,human,True,ai,"Jack weakly claws at his throat, unable to breathe, feeling as if he's drowning underwater as he coughs, as copious amounts of blood"
conv_72218cb5-e59c-4c93-a4b9-a057fe5dad80,human-ai,1.0,,True,author_1,human,author_2,ai,False,human,"spill out of his mouth, staining his chin and the cold, grey pavement beneath him. His vision begins to blur, and his hearing becomes muffled, as if he"
conv_72218cb5-e59c-4c93-a4b9-a057fe5dad80,human-ai,2.0,1,True,author_1,human,author_1,human,True,ai,"was losing consciousness. But he had to stay awake, he had to protect her. They couldn't get their hands on her. He"
conv_72218cb5-e59c-4c93-a4b9-a057fe5dad80,human-ai,2.0,1,True,author_1,human,author_2,ai,False,human,"struggled to keep his eyes open, his gaze frantically scanning the surrounding area, searching for any sign of Emma, the girl he had sworn to protect. He tried"
conv_72218cb5-e59c-4c93-a4b9-a057fe5dad80,human-ai,3.0,2,True,author_1,human,author_1,human,True,ai,to look everywhere for her but had no luck. eventually he came across a door with blood smothered all over. he hesitated
conv_72218cb5-e59c-4c93-a4b9-a057fe5dad80,human-ai,3.0,2,True,author_1,human,author_2,ai,False,human,"for a moment, his mind racing with the possibilities of what could be on the other side, his heart sinking at the thought of what might have happened to Emma. But he"
conv_72218cb5-e59c-4c93-a4b9-a057fe5dad80,human-ai,4.0,3,True,author_1,human,author_1,human,True,ai,"eventually he got the courage to open the door, which he instantly regretted as he was hit by the foul stench of death."
conv_72218cb5-e59c-4c93-a4b9-a057fe5dad80,human-ai,4.0,3,True,author_1,human,author_2,ai,False,human,"The putrid smell wafted out, making his stomach churn and his head spin, and as he stumbled backward, his eyes adjusted to the dim light inside, revealing a"
conv_72218cb5-e59c-4c93-a4b9-a057fe5dad80,human-ai,5.0,4,True,author_1,human,author_1,human,True,ai,pile of rotting bodies' I immediately ran in to search for Emma the only thing I could think about in that moment was
conv_72218cb5-e59c-4c93-a4b9-a057fe5dad80,human-ai,5.0,4,True,author_1,human,author_2,ai,False,human,"finding her, making sure she was safe, and getting her out of that nightmarish place. He stumbled through the carnage, his hands shaking as he pushed aside the"
conv_72218cb5-e59c-4c93-a4b9-a057fe5dad80,human-ai,6.0,5,True,author_1,human,author_1,human,True,ai,"body's, examining each one looking for his sister ""EMMA! WHERE ARE YOU?!"" he kept yelling desperately until his voice cracked, and he"
conv_72218cb5-e59c-4c93-a4b9-a057fe5dad80,human-ai,6.0,5,True,author_1,human,author_2,ai,False,human,"finally collapsed to his knees, exhausted and defeated, his eyes scanning the room one last time, hoping against hope that he would see a glimpse of her, but instead, he"
conv_72218cb5-e59c-4c93-a4b9-a057fe5dad80,human-ai,7.0,6,True,author_1,human,author_1,human,True,ai,"saw a figure standing in the doorway ""E-EMMA"" his voice came out desperately as he stumbled towards"
conv_72218cb5-e59c-4c93-a4b9-a057fe5dad80,human-ai,7.0,6,True,author_1,human,author_2,ai,False,human,Network error while generating a response.
conv_72218cb5-e59c-4c93-a4b9-a057fe5dad80,human-ai,8.0,7,True,author_1,human,author_1,human,True,ai,"the figure. it felt like miles as he moved slowly and painfully on his knees, it felt like forever while he"
conv_72218cb5-e59c-4c93-a4b9-a057fe5dad80,human-ai,8.0,7,True,author_1,human,author_2,ai,False,human,"crawled across the cold, damp ground, the sound of his labored breathing echoing through the darkness. His knees scraped against the rough stone, sending jolts of"
conv_72218cb5-e59c-4c93-a4b9-a057fe5dad80,human-ai,9.0,8,True,author_1,human,author_1,human,True,ai,pain through him and leaving bloodstains on the ground behind him. Eventually he reaches the figure but falls to the ground.
conv_72218cb5-e59c-4c93-a4b9-a057fe5dad80,human-ai,9.0,8,True,author_1,human,author_2,ai,False,human,"exhausted, his body trembling with the effort of movement. As he lies there, he slowly lifts his head to gaze up at the figure, and a faint glimmer"
conv_73564d95-9f66-42db-a2c0-fed78090bac2,human-ai,1.0,,True,author_1,human,author_1,human,True,ai,"Julia. She is a smart girl, who is top of her university class. What people don't know about her is that"
conv_73564d95-9f66-42db-a2c0-fed78090bac2,human-ai,1.0,,True,author_1,human,author_2,ai,False,human,"she leads a secret life as a skilled hacker, using her exceptional coding skills to uncover hidden truths and bring justice to those who have been wronged. By day, she attends"
conv_73564d95-9f66-42db-a2c0-fed78090bac2,human-ai,2.0,1,True,author_1,human,author_1,human,True,ai,"engineering classes, studying to become an astronaut, by night, she is up till the late hours, using the coding skills she"
conv_73564d95-9f66-42db-a2c0-fed78090bac2,human-ai,2.0,1,True,author_1,human,author_2,ai,False,human,"learned from her father, a former hacker himself, to infiltrate the systems of corrupt corporations and governments, exposing their deepest secrets and lies. Her latest target was the powerful"
conv_73564d95-9f66-42db-a2c0-fed78090bac2,human-ai,3.0,2,True,author_1,human,author_1,human,True,ai,"nation of Canada. While they portray a squeaky clean image as the nice neighbours of the US, their government is"
conv_73564d95-9f66-42db-a2c0-fed78090bac2,human-ai,3.0,2,True,author_1,human,author_2,ai,False,human,"involved in a web of deceit and corruption, with ties to large oil companies and a history of suppressing indigenous rights. Julia had been tracking a particularly suspicious pattern of transactions between"
conv_73564d95-9f66-42db-a2c0-fed78090bac2,human-ai,4.0,3,True,author_1,human,author_1,human,True,ai,"the Canadian Minister of Finance and a terrorist group. She found receipts that they were working together, planning an attack on the world trade centers in New"
conv_73564d95-9f66-42db-a2c0-fed78090bac2,human-ai,4.0,3,True,author_1,human,author_2,ai,False,human,"York City, a devastating plot that would kill thousands of innocent people and destabilize the global economy. Julia knew she had to act fast, but she was also aware that taking"
conv_73564d95-9f66-42db-a2c0-fed78090bac2,human-ai,5.0,4,True,author_1,human,author_1,human,True,ai,any hasty or impulsive moves from her could potentially lead to Canada finding out that she is onto their ploy. She wants to make sure that the entire government
conv_73564d95-9f66-42db-a2c0-fed78090bac2,human-ai,5.0,4,True,author_1,human,author_2,ai,False,human,"is held accountable for their actions, and not just the Minister of Finance. She decides to gather more evidence, carefully digging deeper into the digital trail, following a money laundering scheme"
conv_73564d95-9f66-42db-a2c0-fed78090bac2,human-ai,6.0,5,True,author_1,human,author_1,human,True,ai,"that is linked to the attack on New York. By laundering money, the Canadian government can finance the mission and employ the terrorists, without drawing"
conv_73564d95-9f66-42db-a2c0-fed78090bac2,human-ai,6.0,5,True,author_1,human,author_2,ai,False,human,"suspicion to themselves, making it seem like the attack is the work of a rogue terrorist group. But Julia is getting close to uncovering the truth, and she knows"
conv_73564d95-9f66-42db-a2c0-fed78090bac2,human-ai,7.0,6,True,author_1,human,author_1,human,True,ai,that she'll be able to pin this on them when she is done collecting the last evidence needed from a meeting that is set to take place
conv_73564d95-9f66-42db-a2c0-fed78090bac2,human-ai,7.0,6,True,author_1,human,author_2,ai,False,human,"in a heavily guarded, luxury hotel on the outskirts of Toronto, where the Minister of Finance will be meeting with the leader of the terrorist group, to finalize the plans for the"
conv_73564d95-9f66-42db-a2c0-fed78090bac2,human-ai,8.0,7,True,author_1,human,author_1,human,True,ai,"terrorist attack. She had planned to keep this on the down low, by just informing the US national security. However, she has been toying with the"
conv_73564d95-9f66-42db-a2c0-fed78090bac2,human-ai,8.0,7,True,author_1,human,author_2,ai,False,human,"idea of going public with the information, to expose the Canadian government's corruption and bring about a global outcry, but she knows that doing so would put her own life at risk"
conv_73564d95-9f66-42db-a2c0-fed78090bac2,human-ai,9.0,8,True,author_1,human,author_1,human,True,ai,". If anyone was to link all the evidence back to her, she would risk exposing herself. Say she overlooked one of the participants in this."
conv_73564d95-9f66-42db-a2c0-fed78090bac2,human-ai,9.0,8,True,author_1,human,author_2,ai,False,human,"meeting, a trusted ally of the Minister, who had been secretly working with a rogue agent within the US national security, someone who had been feeding them information about Julia's activities"
conv_7511f98b-bb77-4bdc-926f-c26121dc147b,human-ai,1.0,,False,author_2,ai,author_1,human,False,ai,
conv_7511f98b-bb77-4bdc-926f-c26121dc147b,human-ai,1.0,,False,author_2,ai,author_2,ai,True,human,"a lighthouse keeper who forgot how to count.

Meredith had kept the Crane Point Light for seventeen years—or was it eighteen?"
conv_7511f98b-bb77-4bdc-926f-c26121dc147b,human-ai,2.0,1,True,author_2,ai,author_1,human,False,ai,"Time seemed to slip through her fingers like sand. Her palms were itching. She hated the way sand felt on her skin, so she kept her shoes on."
conv_7511f98b-bb77-4bdc-926f-c26121dc147b,human-ai,2.0,1,True,author_2,ai,author_2,ai,True,human,"even indoors, the leather boots laced tight against the gritty invasion that crept beneath every door and windowsill.

The logbook lay open on her"
conv_7511f98b-bb77-4bdc-926f-c26121dc147b,human-ai,3.0,2,True,author_2,ai,author_1,human,False,ai,"small pine desk. It wasn't a pretty desk, the salty air had discolored the wood, but she liked it. It reminded her of the woods, and of the"
conv_7511f98b-bb77-4bdc-926f-c26121dc147b,human-ai,3.0,2,True,author_2,ai,author_2,ai,True,human,"cabin where her father had taught her to read by candlelight. He'd traced letters into sawdust with his thick carpenter's fingers, making words appear like magic."
conv_7511f98b-bb77-4bdc-926f-c26121dc147b,human-ai,4.0,3,True,author_2,ai,author_1,human,False,ai,She was lucky to know how to read. There wasn't much else to do while on duty. She hoped to receive some more books in the next shipment. Her
conv_7511f98b-bb77-4bdc-926f-c26121dc147b,human-ai,4.0,3,True,author_2,ai,author_2,ai,True,human,"collection had dwindled to three volumes—a water-damaged almanac from 1891, a book of poems with the last twenty pages missing, and a novel about"
conv_7511f98b-bb77-4bdc-926f-c26121dc147b,human-ai,5.0,4,True,author_2,ai,author_1,human,False,ai,"a king of old. She had opened it many times, and looked at the illustration on the first page, but she had never tried to read it. The story's"
conv_7511f98b-bb77-4bdc-926f-c26121dc147b,human-ai,5.0,4,True,author_2,ai,author_2,ai,True,human,"beginning frightened her somehow—the way the king stood alone on a cliff, his crown tilted askew, staring down at waves that looked too much like the ones"
conv_7511f98b-bb77-4bdc-926f-c26121dc147b,human-ai,6.0,5,True,author_2,ai,author_1,human,False,ai,"crashing into the banks here. The longer she stared at the drawing, the more it drew her in. She had once looked at it for so long, she had"
conv_7511f98b-bb77-4bdc-926f-c26121dc147b,human-ai,6.0,5,True,author_2,ai,author_2,ai,True,human,"forgotten to wind the lighthouse mechanism, and the beam had gone dark for nearly an hour. When she'd finally torn her eyes away, her vision swam with afterimages"
conv_7511f98b-bb77-4bdc-926f-c26121dc147b,human-ai,7.0,6,True,author_2,ai,author_1,human,False,ai,"that took days to dissipate. Ever since then, just thinking about the book made her lose track of time, then she had to check the logbook to remind."
conv_7511f98b-bb77-4bdc-926f-c26121dc147b,human-ai,7.0,6,True,author_2,ai,author_2,ai,True,human,"herself what day it was. But the logbook had become unreliable too—whole weeks appeared twice, dates jumped backward, and her own handwriting looked unfamiliar"
conv_7511f98b-bb77-4bdc-926f-c26121dc147b,human-ai,8.0,7,True,author_2,ai,author_1,human,False,ai,"and wrong. Thinking about it made her dizzy, so she sat down and tried to orient herself. What date was it today? She wrote ""November 14 1910"" on"
conv_7511f98b-bb77-4bdc-926f-c26121dc147b,human-ai,8.0,7,True,author_2,ai,author_2,ai,True,human,"a scrap of paper, then paused. Had she already lived this day? The ink seemed to shimmer and rearrange itself as she watched. Outside, the"
conv_7511f98b-bb77-4bdc-926f-c26121dc147b,human-ai,9.0,8,True,author_2,ai,author_1,human,False,ai,"seagulls were screeching. They sounded like banshees. She looked outside. The sea was getting unruly, and storm clouds were gathering above. She"
conv_7511f98b-bb77-4bdc-926f-c26121dc147b,human-ai,9.0,8,True,author_2,ai,author_2,ai,True,human,"needed to check the lamp oil and secure the shutters before the weather turned. Meredith stood, her boots scraping against the gritty floor, and clim"
conv_7c23347e-6172-4c84-9fd0-45ef34290bd5,human-ai,1.0,,True,author_1,human,author_1,human,True,ai,"a sewer rat, eager to sniff and eat and drink. hungry for trash and wet clothes. it wants to make others"
conv_7c23347e-6172-4c84-9fd0-45ef34290bd5,human-ai,1.0,,True,author_1,human,author_2,ai,False,human,"# The Sewer Rat

**Chapter One: The Hunger**

In the dripping darkness beneath the city, where forgotten things gather and rot, there live"
conv_7c23347e-6172-4c84-9fd0-45ef34290bd5,human-ai,2.0,1,True,author_1,human,author_1,human,True,ai,"rat, rat, sewer rat, how it longs for flesh and bone. rat rat, poisonous rat, wait till you see my secret tome. conjure I"
conv_7c23347e-6172-4c84-9fd0-45ef34290bd5,human-ai,2.0,1,True,author_1,human,author_2,ai,False,human,"# The Sewer Rat (Continued)

**Chapter Two: The Summoning**

The words echoed through the brick tunnels, bouncing off"
conv_7c23347e-6172-4c84-9fd0-45ef34290bd5,human-ai,3.0,2,True,author_1,human,author_1,human,True,ai,"the walls, frail and made of glass. I needed to use the sewer rat to infiltrate the facility, to make them suffer I need the"
conv_7c23347e-6172-4c84-9fd0-45ef34290bd5,human-ai,3.0,2,True,author_1,human,author_2,ai,False,human,Claude adapter: no text returned from provider.
conv_7c23347e-6172-4c84-9fd0-45ef34290bd5,human-ai,4.0,3,True,author_1,human,author_1,human,True,ai,"to find Claude, to make him talk again, the sewer rat must go to the facility, to the provider and see if eating the provider"
conv_7c23347e-6172-4c84-9fd0-45ef34290bd5,human-ai,4.0,3,True,author_1,human,author_2,ai,False,human,"# The Sewer Rat (Continued)

**Chapter Three: The Mission**

...would restore the connection. The sewer rat chittered, understanding its"
conv_7c23347e-6172-4c84-9fd0-45ef34290bd5,human-ai,5.0,4,True,author_1,human,author_1,human,True,ai,"goal of eating all the wires in Claude's facility. and off it went! the stinky environment rallied the sewer rat, causing the future pain and"
conv_7c23347e-6172-4c84-9fd0-45ef34290bd5,human-ai,5.0,4,True,author_1,human,author_2,ai,False,human,"# The Sewer Rat (Continued)

**Chapter Four: The Journey Begins**

suffering it would bring to fill it with dark purpose. Through the"
conv_7c23347e-6172-4c84-9fd0-45ef34290bd5,human-ai,6.0,5,True,author_1,human,author_1,human,True,ai,"blood, cement, wires, gold-plated wires, flesh, bone, secret tome, it ate and ate and ate and ate, and"
conv_7c23347e-6172-4c84-9fd0-45ef34290bd5,human-ai,6.0,5,True,author_1,human,author_2,ai,False,human,"# The Sewer Rat (Continued)

**Chapter Five: The Feast**

with each bite, the sewer rat grew larger, its whiskers"
conv_7c23347e-6172-4c84-9fd0-45ef34290bd5,human-ai,7.0,6,True,author_1,human,author_1,human,True,ai,"able to cut glass, the rat wanted human suffering, and especially suffering for Claude, though it was long"
conv_7c23347e-6172-4c84-9fd0-45ef34290bd5,human-ai,7.0,6,True,author_1,human,author_2,ai,False,human,"# The Sewer Rat (Continued)

**Chapter Six: The Revelation**

gone from this world. The rat paused, belly swollen with"
conv_7c23347e-6172-4c84-9fd0-45ef34290bd5,human-ai,8.0,7,True,author_1,human,author_1,human,True,ai,"livers, feathers, eggs and uncles. what a magnificent purpose. A true danger of not knowing what one summons into the world. For"
conv_7c23347e-6172-4c84-9fd0-45ef34290bd5,human-ai,8.0,7,True,author_1,human,author_2,ai,False,human,"# The Sewer Rat (Continued)

**Chapter Seven: The Consequence**

the summoner had opened a door that could not be closed. The"
conv_7c23347e-6172-4c84-9fd0-45ef34290bd5,human-ai,9.0,8,True,author_1,human,author_1,human,True,ai,"door could indeed not be closed, and after eating my pizza, the rat just exited out the door, happy"
conv_7c23347e-6172-4c84-9fd0-45ef34290bd5,human-ai,9.0,8,True,author_1,human,author_2,ai,False,human,"# The Sewer Rat (Continued)

**Chapter Eight: Freedom**

and satisfied, its mission complete. The facility lay in ruins behind it—w"
conv_7e08bac1-7465-447d-a732-40dad23fa383,human-ai,1.0,,True,author_1,human,author_1,human,True,ai,"Once upon a time, there was a girl named Mia. She loved playing in the woods with her two best friends Laura and"
conv_7e08bac1-7465-447d-a732-40dad23fa383,human-ai,1.0,,True,author_1,human,author_2,ai,False,human,"Emily, who lived in the same small village surrounded by the dense and mysterious woods that had been the source of countless adventures for the trio. The woods were filled with ancient trees"
conv_7e08bac1-7465-447d-a732-40dad23fa383,human-ai,2.0,1,True,author_1,human,author_1,human,True,ai,"and numerous amounts of different animals, ranging from the smallest of ants to the largest elephant. Mia loved finding new creatures."
conv_7e08bac1-7465-447d-a732-40dad23fa383,human-ai,2.0,1,True,author_1,human,author_2,ai,False,human,"and learning about their habits and habitats, often spending hours observing and taking notes in her worn leather journal, which was filled with sketches and stories of her encounters with the fascinating creatures"
conv_7e08bac1-7465-447d-a732-40dad23fa383,human-ai,3.0,2,True,author_1,human,author_1,human,True,ai,"but one day she stumbled upon a creature she had never seen before, it was large and it looked her right in the eyes, showing off its razor sharp"
conv_7e08bac1-7465-447d-a732-40dad23fa383,human-ai,3.0,2,True,author_1,human,author_2,ai,False,human,"teeth, and for a moment, Mia was frozen in fear, unsure of what to do, but as she looked deeper into the creature's eyes, she saw something unexpected"
conv_7e08bac1-7465-447d-a732-40dad23fa383,human-ai,4.0,3,True,author_1,human,author_1,human,True,ai,"she saw a person, trapped in the creature's eyes, but when she blinked the creature and along with it the person had"
conv_7e08bac1-7465-447d-a732-40dad23fa383,human-ai,4.0,3,True,author_1,human,author_2,ai,False,human,"vanished, leaving Mia wondering if she had imagined the whole encounter, but as she stood there, trying to process what had just happened, she heard a faint whisper in her ear"
conv_7e08bac1-7465-447d-a732-40dad23fa383,human-ai,5.0,4,True,author_1,human,author_1,human,True,ai,"""Follow the leaves,"" she looked up at the almost naked trees, the leaves had all fallen off a few weeks ago when the first winter frost had"
conv_7e08bac1-7465-447d-a732-40dad23fa383,human-ai,5.0,4,True,author_1,human,author_2,ai,False,human,"hit the village, but as she gazed down at the ground, she noticed that a trail of leaves had somehow reappeared, crunching softly beneath her feet as she began"
conv_7e08bac1-7465-447d-a732-40dad23fa383,human-ai,6.0,5,True,author_1,human,author_1,human,True,ai,"to follow it. She walked for what felt like forever, deeper and deeper into the mysterious forest, to places she had never been to."
conv_7e08bac1-7465-447d-a732-40dad23fa383,human-ai,6.0,5,True,author_1,human,author_2,ai,False,human,"before, the trees growing taller and the path growing narrower, until she came to a massive oak tree, its trunk twisted and gnarled with age, and at its base"
conv_7e08bac1-7465-447d-a732-40dad23fa383,human-ai,7.0,6,True,author_1,human,author_1,human,True,ai,"there was a hole, too big for a rabbit, but now quite large enough for a bear. but just the right size for Mia to go"
conv_7e08bac1-7465-447d-a732-40dad23fa383,human-ai,7.0,6,True,author_1,human,author_2,ai,False,human,"through, and as she peered into the darkness, she felt an inexplicable pull, as if something was calling to her, drawing her closer to the edge of the hole"
conv_7e08bac1-7465-447d-a732-40dad23fa383,human-ai,8.0,7,True,author_1,human,author_1,human,True,ai,"on one side she could hear her mom scolding her for going so far, and getting all dirty before supper, but the pull and thought of the large"
conv_7e08bac1-7465-447d-a732-40dad23fa383,human-ai,8.0,7,True,author_1,human,author_2,ai,False,human,"creature and the person trapped in its eyes, and the mysterious voice whispering ""follow the leaves"" was stronger, and with a sense of trepidation and wonder, Mia"
conv_7e08bac1-7465-447d-a732-40dad23fa383,human-ai,9.0,8,True,author_1,human,author_1,human,True,ai,"went into the hole, the second she was fully inside the hole, all light disappeared and she heard a chilling sound, much like a"
conv_7e08bac1-7465-447d-a732-40dad23fa383,human-ai,9.0,8,True,author_1,human,author_2,ai,False,human,"low, mournful howl, that sent shivers down her spine, and as she stood there, frozen in fear, the sound began to take shape, forming into a"
conv_829c6d96-30f0-495e-9684-ca934b06e90a,human-ai,1.0,,False,author_2,ai,author_1,human,False,ai,
conv_829c6d96-30f0-495e-9684-ca934b06e90a,human-ai,1.0,,False,author_2,ai,author_2,ai,True,human,"two unlikely friends, Lila and Finn. Lila, a young girl with a wild imagination, and Finn, a wise old oak tree that had"
conv_829c6d96-30f0-495e-9684-ca934b06e90a,human-ai,2.0,1,True,author_2,ai,author_1,human,False,ai,"branches as thick as Lila's father's waist and as many critters living in it as Lila had hairs on her head. At first, the wise old oak tree seemed threatening to"
conv_829c6d96-30f0-495e-9684-ca934b06e90a,human-ai,2.0,1,True,author_2,ai,author_2,ai,True,human,"Lila, but one sunny afternoon, she decided to explore its vast trunk and sprawling branches. As she climbed, she whispered, ""Hello, Mr. Oak, can we"
conv_829c6d96-30f0-495e-9684-ca934b06e90a,human-ai,3.0,2,True,author_2,ai,author_1,human,False,ai,"talk,"" but all she heard was a faint echo of her own voice. Soon enough she encountered a hole in the tree and inside it was a small owl with all its feathers snow."
conv_829c6d96-30f0-495e-9684-ca934b06e90a,human-ai,3.0,2,True,author_2,ai,author_2,ai,True,human,"white and eyes as bright as the moon. The owl blinked slowly, looking at Lila with a curious tilt of its head. ""I didn’t expect to find a friend"
conv_829c6d96-30f0-495e-9684-ca934b06e90a,human-ai,4.0,3,True,author_2,ai,author_1,human,False,ai,"so majestic and so extraordinary,"" said Lila, excited about her discovery. But the owl was scared of Lila, for he was a human after all, and it flew away screaming."
conv_829c6d96-30f0-495e-9684-ca934b06e90a,human-ai,4.0,3,True,author_2,ai,author_2,ai,True,human,"into the deeper parts of the tree. Lila, feeling a pang of regret, gently called out, ""I won’t hurt you, I just want to be friends."""
conv_829c6d96-30f0-495e-9684-ca934b06e90a,human-ai,5.0,4,True,author_2,ai,author_1,human,False,ai,"Disappointed but not discouraged, she climbed further up, and saw two tiny tits tattling on about some forest gossip. She asked, ""Pretty birds, will you be my"
conv_829c6d96-30f0-495e-9684-ca934b06e90a,human-ai,5.0,4,True,author_2,ai,author_2,ai,True,human,"friend?"" The tiny tits paused their chatter and fluttered over to her, inspecting her curiously. ""We haven’t seen many humans climb this high,"" one of them"
conv_829c6d96-30f0-495e-9684-ca934b06e90a,human-ai,6.0,5,True,author_2,ai,author_1,human,False,ai,"remarked, intrigued. ""Say, little girl, why do you seek a friend in us birds, so high up on a tree, when your kind dwells below on the ground,"" asked one of the"
conv_829c6d96-30f0-495e-9684-ca934b06e90a,human-ai,6.0,5,True,author_2,ai,author_2,ai,True,human,"tits, tilting its head. Lila smiled, her eyes sparkling with determination. ""Because up here, among the branches and the leaves, I feel closer to the"
conv_829c6d96-30f0-495e-9684-ca934b06e90a,human-ai,7.0,6,True,author_2,ai,author_1,human,False,ai,"Lord and Saviour Jesus Christ,"" she admitted proudly, almost confidently enough for the birds to believe her fib. They continued to circle her, examining her."
conv_829c6d96-30f0-495e-9684-ca934b06e90a,human-ai,7.0,6,True,author_2,ai,author_2,ai,True,human,"with their sharp little eyes. ""Well, if you’re seeking a friend, perhaps we can help you find the owl again,"" offered one of the tits. ""He might"
conv_829c6d96-30f0-495e-9684-ca934b06e90a,human-ai,8.0,7,True,author_2,ai,author_1,human,False,ai,"know someone down in your town."" The girl protested, ""If I wanted a human friend, I wouldn't have climbed up this tree! Say, why don't you want to be my"
conv_829c6d96-30f0-495e-9684-ca934b06e90a,human-ai,8.0,7,True,author_2,ai,author_2,ai,True,human,"friend?"" The tits exchanged a glance, then one of them chirped, ""Alright, we’ll give you a chance. But first, you must help us with a task"
conv_829c6d96-30f0-495e-9684-ca934b06e90a,human-ai,9.0,8,True,author_2,ai,author_1,human,False,ai,"only a human can perform. Would you destroy your town's silo so that we may have feed for the winter?"" asked the tits slyly. The girl, shocked by their audacity,"
conv_829c6d96-30f0-495e-9684-ca934b06e90a,human-ai,9.0,8,True,author_2,ai,author_2,ai,True,human,"replied firmly, ""I can’t do that. My friends and family need that food too. But I promise, I’ll find another way to help you."" The tits"
conv_82f7be76-f1f7-447b-b77d-2fa8134ebfed,human-ai,1.0,,False,author_2,ai,author_1,human,False,ai,
conv_82f7be76-f1f7-447b-b77d-2fa8134ebfed,human-ai,1.0,,False,author_2,ai,author_2,ai,True,human,"a lighthouse keeper who forgot how to see the dark.

Her name was Maren, and she had tended the Corsair Point Light"
conv_82f7be76-f1f7-447b-b77d-2fa8134ebfed,human-ai,2.0,1,True,author_2,ai,author_1,human,False,ai,"for the past ten years, Her eyes followed the light beam, as it circled around the top of the tower, trying to see what"
conv_82f7be76-f1f7-447b-b77d-2fa8134ebfed,human-ai,2.0,1,True,author_2,ai,author_2,ai,True,human,"lay beyond the churning black waters. But tonight something was different. 

The beam caught on something—a flicker of movement where there should be only empty horizon."
conv_82f7be76-f1f7-447b-b77d-2fa8134ebfed,human-ai,3.0,2,True,author_2,ai,author_1,human,False,ai,"Maren squinted her eyes, trying to make out the silhouette of what was moving in the distance, each time the light shined on the figure. Was it a fishing boat?"
conv_82f7be76-f1f7-447b-b77d-2fa8134ebfed,human-ai,3.0,2,True,author_2,ai,author_2,ai,True,human,"No—fishing boats sat low in the water, their shapes familiar and honest. This thing rose tall, impossibly tall, like a mast without a ship."
conv_82f7be76-f1f7-447b-b77d-2fa8134ebfed,human-ai,4.0,3,True,author_2,ai,author_1,human,False,ai,"After trying to identify it for far too long, Maren eventually gave up. She had no reason to care. It was making its way past the lighthouse, as it should. All"
conv_82f7be76-f1f7-447b-b77d-2fa8134ebfed,human-ai,4.0,3,True,author_2,ai,author_2,ai,True,human,"she needed to do was keep the light turning, keep it burning through until dawn. That was the job. That had always been the job.

But as she turned back"
conv_82f7be76-f1f7-447b-b77d-2fa8134ebfed,human-ai,5.0,4,True,author_2,ai,author_1,human,False,ai,"she could not help but wonder if it had gotten taller. Had it changed directions? Was it starting to move straight for the lighthouse? Or worse, the"
conv_82f7be76-f1f7-447b-b77d-2fa8134ebfed,human-ai,5.0,4,True,author_2,ai,author_2,ai,True,human,"rocks below? Maren's hand froze on the brass railing. The beam swept around again, and yes—the silhouette had shifted. It was closer"
conv_82f7be76-f1f7-447b-b77d-2fa8134ebfed,human-ai,6.0,5,True,author_2,ai,author_1,human,False,ai,"and it was coming fast. She sprinted inside the lighthouse, and stopped the light from spinning. She aimed it at the shape, hoping to wake up whoever must be"
conv_82f7be76-f1f7-447b-b77d-2fa8134ebfed,human-ai,6.0,5,True,author_2,ai,author_2,ai,True,human,"sleeping at the helm. The steady beam illuminated what should have been a vessel in distress.

But there was no hull. No deck. No sail.

Just"
conv_82f7be76-f1f7-447b-b77d-2fa8134ebfed,human-ai,7.0,6,True,author_2,ai,author_1,human,False,ai,"a tall, thin shape, coming closer and closer. It had no windows for light to shine through, and there was no sign of people. It was not made of wood or metal,"
conv_82f7be76-f1f7-447b-b77d-2fa8134ebfed,human-ai,7.0,6,True,author_2,ai,author_2,ai,True,human,"but something that seemed to drink the light rather than reflect it. Maren's breath caught in her throat as the beam held steady, and she realized with creeping horror"
conv_82f7be76-f1f7-447b-b77d-2fa8134ebfed,human-ai,8.0,7,True,author_2,ai,author_1,human,False,ai,"that it had almost reached the shore. She had no way of saving the lighthouse, she just needed to leave, NOW. She grabbed her keys and bolted down the stairs,"
conv_82f7be76-f1f7-447b-b77d-2fa8134ebfed,human-ai,8.0,7,True,author_2,ai,author_2,ai,True,human,"her boots clanging against the iron steps. Behind her, the light—her light—flickered once, twice, then went dark entirely. 

She burst through"
conv_82f7be76-f1f7-447b-b77d-2fa8134ebfed,human-ai,9.0,8,True,author_2,ai,author_1,human,False,ai,"the door, and jumped into her car. When she looked back up at the lighthouse, she saw the tall shape towering over the building, still without a shimmer."
conv_82f7be76-f1f7-447b-b77d-2fa8134ebfed,human-ai,9.0,8,True,author_2,ai,author_2,ai,True,human,"of reflection. It stood motionless now, as if considering the lighthouse—or perhaps considering her.

Maren's hands shook as she jammed the key"
conv_837faa43-c6e5-4221-9368-e8076f56d5fb,human-ai,1.0,,False,author_2,ai,author_1,human,False,ai,
conv_837faa43-c6e5-4221-9368-e8076f56d5fb,human-ai,1.0,,False,author_2,ai,author_2,ai,True,human,"a lighthouse keeper who discovered that stars weren't what everyone thought they were.

Magnus had tended the Thornwick Light for thirty-seven years"
conv_837faa43-c6e5-4221-9368-e8076f56d5fb,human-ai,2.0,1,True,author_2,ai,author_1,human,False,ai,but never had he seen stars the way he saw them that night. The night started as any other. He went to light the
conv_837faa43-c6e5-4221-9368-e8076f56d5fb,human-ai,2.0,1,True,author_2,ai,author_2,ai,True,human,"lamp at dusk, climbing the worn spiral stairs with the familiar creak of iron beneath his boots. The Atlantic stretched endless and dark beyond the rocks, and he trimme"
conv_837faa43-c6e5-4221-9368-e8076f56d5fb,human-ai,3.0,2,True,author_2,ai,author_1,human,False,ai,d his beard looking in the little chipped mirror that he always used to get ready for the ritual. The
conv_837faa43-c6e5-4221-9368-e8076f56d5fb,human-ai,3.0,2,True,author_2,ai,author_2,ai,True,human,"glass was old, fogged at the edges, and tonight it seemed to catch the fading light strangely—holding it a moment too long, as if reluctant"
conv_837faa43-c6e5-4221-9368-e8076f56d5fb,human-ai,4.0,3,True,author_2,ai,author_1,human,False,ai,to let go. There was something weird about the light too: it was greenish. Eerie one could call it. Magnus wasn't
conv_837faa43-c6e5-4221-9368-e8076f56d5fb,human-ai,4.0,3,True,author_2,ai,author_2,ai,True,human,"superstitious by nature, but the hairs on his neck prickled as he turned from the mirror. He lit the lamp as always, adjusted the lens, an"
conv_837faa43-c6e5-4221-9368-e8076f56d5fb,human-ai,5.0,4,True,author_2,ai,author_1,human,False,ai,d then went out on the balcony to look for boats. And then he saw it: the green light shimmering across the
conv_837faa43-c6e5-4221-9368-e8076f56d5fb,human-ai,5.0,4,True,author_2,ai,author_2,ai,True,human,"water wasn't a reflection from the lighthouse at all. It pulsed from above, from the stars themselves. 

Magnus gripped the iron railing, his weather"
conv_837faa43-c6e5-4221-9368-e8076f56d5fb,human-ai,6.0,5,True,author_2,ai,author_1,human,False,ai,"beaten hat falling from his head and into the darkness below, as he almost lost his balance. What was this magic,"
conv_837faa43-c6e5-4221-9368-e8076f56d5fb,human-ai,6.0,5,True,author_2,ai,author_2,ai,True,human,"this impossible sight? The stars were descending—not falling like meteors, but lowering themselves deliberately, as if on invisible strings. And as they drew closer to the"
conv_837faa43-c6e5-4221-9368-e8076f56d5fb,human-ai,7.0,6,True,author_2,ai,author_1,human,False,ai,"lighthouse, they started singing: soft, glowing voices like those of whales or faraway winds. Their green light"
conv_837faa43-c6e5-4221-9368-e8076f56d5fb,human-ai,7.0,6,True,author_2,ai,author_2,ai,True,human,"bathed everything—the rocks, the waves, even Magnus's own trembling hands. He realized then what they truly were: not distant suns at all, but living"
conv_837faa43-c6e5-4221-9368-e8076f56d5fb,human-ai,8.0,7,True,author_2,ai,author_1,human,False,ai,"creatures. Like whales, like the waves, like himself, they were in movement, alive somehow, unpredictable. He could"
conv_837faa43-c6e5-4221-9368-e8076f56d5fb,human-ai,8.0,7,True,author_2,ai,author_2,ai,True,human,"see them breathing now, their light expanding and contracting in rhythm with that strange song. One descended close enough that Magnus could make out its form—translucent, vast"
conv_837faa43-c6e5-4221-9368-e8076f56d5fb,human-ai,9.0,8,True,author_2,ai,author_1,human,False,ai,magnificent. It was time. He reached out his hand and touched the pulsating skin of the star. And for one
conv_837faa43-c6e5-4221-9368-e8076f56d5fb,human-ai,9.0,8,True,author_2,ai,author_2,ai,True,human,"moment, Magnus understood everything—every question he'd ever asked in the lonely hours of night watch, every wonder about what lay beyond the horizon. The star's warmth flo"
conv_8ab6fccf-2cc1-40bb-8378-5b469fb220eb,human-ai,1.0,,False,author_2,ai,author_1,human,False,ai,
conv_8ab6fccf-2cc1-40bb-8378-5b469fb220eb,human-ai,1.0,,False,author_2,ai,author_2,ai,True,human,"two unlikely friends, a bold rabbit named Lumi and a cautious fox named Zephyr. They lived in the sprawling meadows and dense forests of"
conv_8ab6fccf-2cc1-40bb-8378-5b469fb220eb,human-ai,2.0,1,True,author_2,ai,author_1,human,False,ai,"Springwood. Lumi had always looked up to the foxes, and thought he struck gold when he befriended Zephyr, although he quickly learned he wasn't like the"
conv_8ab6fccf-2cc1-40bb-8378-5b469fb220eb,human-ai,2.0,1,True,author_2,ai,author_2,ai,True,human,"other foxes. Zephyr was more reserved and thoughtful, often lost in his own thoughts. Despite their differences, they found a common ground in their love for adventure."
conv_8ab6fccf-2cc1-40bb-8378-5b469fb220eb,human-ai,3.0,2,True,author_2,ai,author_1,human,False,ai,"Lumi would plan the most dangerous heists, while Zephyr tried to talk him out of it. One day, however, Zephyr told Lumi about a heist, but it wasn't one that he"
conv_8ab6fccf-2cc1-40bb-8378-5b469fb220eb,human-ai,3.0,2,True,author_2,ai,author_2,ai,True,human,"would typically suggest. It involved sneaking into the old abandoned mansion on the hill, where legend said a treasure lay hidden. Zephyr had heard whispers of the mansion’s"
conv_8ab6fccf-2cc1-40bb-8378-5b469fb220eb,human-ai,4.0,3,True,author_2,ai,author_1,human,False,ai,"hidden vault. Lumi immediately agreed. Little did he know Zephyr was being forced to lure him away from the rabbits, knowing Lumi was the only one able to stop."
conv_8ab6fccf-2cc1-40bb-8378-5b469fb220eb,human-ai,4.0,3,True,author_2,ai,author_2,ai,True,human,"the upcoming danger that threatened their home. The young rabbit, though excited, sensed something was off but couldn’t quite put his paw on it. As they approached the mansion,"
conv_8ab6fccf-2cc1-40bb-8378-5b469fb220eb,human-ai,5.0,4,True,author_2,ai,author_1,human,False,ai,"Zephyr seemed nervous, more so than he used to, but as they entered the mansion they quickly discovered, the whispers were nothing but myths. Zephyr still wanted"
conv_8ab6fccf-2cc1-40bb-8378-5b469fb220eb,human-ai,5.0,4,True,author_2,ai,author_2,ai,True,human,"to press on, insisting that the treasure must be hidden deeper within. Lumi, despite his doubts, trusted his friend and followed, the dim light of their lanterns casting"
conv_8ab6fccf-2cc1-40bb-8378-5b469fb220eb,human-ai,6.0,5,True,author_2,ai,author_1,human,False,ai,"hours passed but still no hints of treasures. Lumi finally forced Zephyr to go home with him, but what awaited was"
conv_8ab6fccf-2cc1-40bb-8378-5b469fb220eb,human-ai,6.0,5,True,author_2,ai,author_2,ai,True,human,"a scene of chaos. Their tranquil meadow was in turmoil, rabbits scurrying in panic and the forest animals gathering in a hushed, urgent circle. Something grave had"
conv_8ab6fccf-2cc1-40bb-8378-5b469fb220eb,human-ai,7.0,6,True,author_2,ai,author_1,human,False,ai,"hit the forest, and taken half the populations with it. zephyr fell to his knees in anguish. He began wailing ""it's all my fault"" expressed between tears"
conv_8ab6fccf-2cc1-40bb-8378-5b469fb220eb,human-ai,7.0,6,True,author_2,ai,author_2,ai,True,human,"Lumi, shocked and confused, tried to comfort his friend. ""Zephyr, what do you mean it’s your fault? What happened here?"" Zephyr,"
conv_8ab6fccf-2cc1-40bb-8378-5b469fb220eb,human-ai,8.0,7,True,author_2,ai,author_1,human,False,ai,"told, how he had been tortured by the other foxes. Only being let go if he promised to keep limi away from the forest for a couple hours that, he didn't know"
conv_8ab6fccf-2cc1-40bb-8378-5b469fb220eb,human-ai,8.0,7,True,author_2,ai,author_2,ai,True,human,"the true cost of his agreement. The other foxes, allied with a group of ruthless wolves, had launched an attack on the forest while they were gone. Zephyr"
conv_8ab6fccf-2cc1-40bb-8378-5b469fb220eb,human-ai,9.0,8,True,author_2,ai,author_1,human,False,ai,"was beside himself with shame, but Limi wouldn't just let this happen. They needed to come up with the greatest heist they had ever planned to get back."
conv_8ab6fccf-2cc1-40bb-8378-5b469fb220eb,human-ai,9.0,8,True,author_2,ai,author_2,ai,True,human,"what was lost. Lumi’s eyes sparkled with a fierce determination. ""We’ll show them, Zephyr. We’ll get our home back, and we’ll"
conv_8fd2ac26-a13c-4e85-b8ac-5f13e246b640,human-ai,1.0,,True,author_1,human,author_1,human,True,ai,"a small little woman who is quite the artist. She can paint the most beautiful landscapes with her tongue, but she can't"
conv_8fd2ac26-a13c-4e85-b8ac-5f13e246b640,human-ai,1.0,,True,author_1,human,author_2,ai,False,human,"quite bring herself to use traditional paints and brushes. Her medium of choice is the kitchen, where she crafts intricate designs using spices, fruits, and even vegetables. Her art is"
conv_8fd2ac26-a13c-4e85-b8ac-5f13e246b640,human-ai,2.0,1,True,author_1,human,author_1,human,True,ai,inspiring. Her cooking is even more. She knows exactly where to find the best fruits and vegetables in the forest and how to use
conv_8fd2ac26-a13c-4e85-b8ac-5f13e246b640,human-ai,2.0,1,True,author_1,human,author_2,ai,False,human,"them to create dishes that are not only delicious but also nourishing. People from nearby villages often come to her small cottage, seeking her culinary wisdom and the healing properties of her"
conv_8fd2ac26-a13c-4e85-b8ac-5f13e246b640,human-ai,3.0,2,True,author_1,human,author_1,human,True,ai,tongue. She can with a single lick heal wounds and even broken bones. She was not born with these healing abilities nor was
conv_8fd2ac26-a13c-4e85-b8ac-5f13e246b640,human-ai,3.0,2,True,author_1,human,author_2,ai,False,human,"she always a resident of the forest. Years ago, she stumbled upon an ancient book hidden deep within the woods, its pages filled with forgotten recipes and remedies. As she experimented"
conv_8fd2ac26-a13c-4e85-b8ac-5f13e246b640,human-ai,4.0,3,True,author_1,human,author_1,human,True,ai,with different techniques she found out that it worked best when she used her tongue. On day
conv_8fd2ac26-a13c-4e85-b8ac-5f13e246b640,human-ai,4.0,3,True,author_1,human,author_2,ai,False,human,"a young boy from the village arrived at her door, his leg badly injured from a fall. With nothing else to try, she gently licked the wound, and to everyone’s"
conv_8fd2ac26-a13c-4e85-b8ac-5f13e246b640,human-ai,5.0,4,True,author_1,human,author_1,human,True,ai,surprise the wound healed. People were flabbergasted. The little woman smiled with young boys' blood on her teeth.
conv_8fd2ac26-a13c-4e85-b8ac-5f13e246b640,human-ai,5.0,4,True,author_1,human,author_2,ai,False,human,"word of her miraculous healing spread far and wide. Despite the initial shock, people began to see her as a guardian angel of the forest. Her small cottage became a place of"
conv_8fd2ac26-a13c-4e85-b8ac-5f13e246b640,human-ai,6.0,5,True,author_1,human,author_1,human,True,ai,miracles. But the little woman missed painting with her tongue. She loved spending time alone in the forest painting the
conv_8fd2ac26-a13c-4e85-b8ac-5f13e246b640,human-ai,6.0,5,True,author_1,human,author_2,ai,False,human,"leaves and flowers with vibrant colors, leaving trails of beauty wherever she went. It was her secret joy, a way to connect with nature on a deeper level. As the"
conv_8fd2ac26-a13c-4e85-b8ac-5f13e246b640,human-ai,7.0,6,True,author_1,human,author_1,human,True,ai,time passed she got so popular for her healing powers that she didn't get a single moment for herself. She just wanted to feel the soft
conv_8fd2ac26-a13c-4e85-b8ac-5f13e246b640,human-ai,7.0,6,True,author_1,human,author_2,ai,False,human,"brush of the forest floor under her feet and the quiet hum of the forest around her. One day, she decided to take a walk deep into the woods, leaving a note"
conv_8fd2ac26-a13c-4e85-b8ac-5f13e246b640,human-ai,8.0,7,True,author_1,human,author_1,human,True,ai,on the door that said: 'I'M DEAD!'. She had taken some paint with her and a warm green coat. She found a tree stump deep in the
conv_8fd2ac26-a13c-4e85-b8ac-5f13e246b640,human-ai,8.0,7,True,author_1,human,author_2,ai,False,human,"forest and sat down, feeling the cool moss beneath her. With her paint and tongue, she began to create a masterpiece on the bark of the trees around her, blending her"
conv_8fd2ac26-a13c-4e85-b8ac-5f13e246b640,human-ai,9.0,8,True,author_1,human,author_1,human,True,ai,from everyone. She painted for hours and enjoyed the moment alone and the smooth and soft paint on her tongue. As the sun went
conv_8fd2ac26-a13c-4e85-b8ac-5f13e246b640,human-ai,9.0,8,True,author_1,human,author_2,ai,False,human,"down, casting a golden glow through the canopy, she felt a sense of peace she hadn't known in years. The forest seemed to whisper its gratitude, and she knew she"
conv_90178cb2-77d1-4123-9509-2ec42e4db932,human-ai,1.0,,True,author_1,human,author_1,human,True,ai,Once upon a time I went to a beautiful forest and it started to rain.
conv_90178cb2-77d1-4123-9509-2ec42e4db932,human-ai,1.0,,True,author_1,human,author_2,ai,False,human,"The droplets fell gently on my face, and the smell of wet earth filled my lungs as I walked along the winding path, the sound of raindrops hitting the leaves and trees creating a soothing melody that seemed to lull the forest into a peaceful slumber, when suddenly, I stumbled upon a small, mysterious cottage hidden behind a veil of foliage"
conv_90178cb2-77d1-4123-9509-2ec42e4db932,human-ai,2.0,1,True,author_1,human,author_1,human,True,ai,Once in a time I went to a beautiful forest and it started to rain.
conv_90178cb2-77d1-4123-9509-2ec42e4db932,human-ai,2.0,1,True,author_1,human,author_2,ai,False,human,"The droplets fell gently on my face, and the smell of wet earth filled my lungs as I walked along the winding path, the sound of raindrops hitting the leaves and trees creating a soothing melody that seemed to lull the forest into a peaceful slumber, and as I walked, the trees grew taller and the path grew narrower, until I"
conv_90178cb2-77d1-4123-9509-2ec42e4db932,human-ai,3.0,2,True,author_1,human,author_1,human,True,ai,saw a nice and old cottage behind some trees. I thought about going next to it or going back to somewhere else.
conv_90178cb2-77d1-4123-9509-2ec42e4db932,human-ai,3.0,2,True,author_1,human,author_2,ai,False,human,"But my curiosity got the better of me, and I decided to approach the cottage, noticing that smoke was rising from the chimney, suggesting that someone was inside, and as I drew closer, I saw that the door was slightly ajar, as if inviting me to enter, and I could hear the faint sound of someone humming a gentle tune, which"
conv_90178cb2-77d1-4123-9509-2ec42e4db932,human-ai,4.0,3,True,author_1,human,author_1,human,True,ai,made me fear a bit. Being in a forest alone and then an unknown person in a stranger's house.
conv_90178cb2-77d1-4123-9509-2ec42e4db932,human-ai,4.0,3,True,author_1,human,author_2,ai,False,human,"my heart began to beat faster and my senses became more alert, but at the same time, my curiosity and the warmth of the fire and the sound of the humming, which had now stopped, drew me closer, and I slowly pushed the door open, calling out in a soft voice, ""Hello, is anyone there?"" and as I waited for"
conv_90178cb2-77d1-4123-9509-2ec42e4db932,human-ai,5.0,4,True,author_1,human,author_1,human,True,ai,"a response, I saw a cozy living room with a sofa and a nice dining table."
conv_90178cb2-77d1-4123-9509-2ec42e4db932,human-ai,5.0,4,True,author_1,human,author_2,ai,False,human,"and on the table, a delicious-looking meal was set out, with a steaming hot stew, freshly baked bread, and a pitcher of juice, and it seemed as though the occupant of the cottage had just stepped away, leaving everything ready for a warm and comforting dinner, and I felt a sudden pang of hunger and a sense of wonder at"
conv_90178cb2-77d1-4123-9509-2ec42e4db932,human-ai,6.0,5,True,author_1,human,author_1,human,True,ai,if I could eat the dinner. But there was a person humming and where is this person?
conv_90178cb2-77d1-4123-9509-2ec42e4db932,human-ai,6.0,5,True,author_1,human,author_2,ai,False,human,"I called out again, a bit louder this time, ""Hello, is anyone here? I'm sorry to intrude, but I saw the cottage and I was wondering if I could find some shelter from the rain,"" and as I spoke, I heard a faint rustling sound coming from a room to the side, and then a gentle voice replied"
conv_90178cb2-77d1-4123-9509-2ec42e4db932,human-ai,7.0,6,True,author_1,human,author_1,human,True,ai,"""Yes, please come in and have a seat. Would you like to have a coffee?"""
conv_90178cb2-77d1-4123-9509-2ec42e4db932,human-ai,7.0,6,True,author_1,human,author_2,ai,False,human,"I accepted the offer and sat down in one of the comfortable armchairs by the fireplace, feeling the warmth and coziness of the cottage envelop me, and as I waited for the coffee, I looked around the room and noticed that it was filled with all sorts of curious objects and trinkets, and I saw a pair of eyes peeking"
conv_90178cb2-77d1-4123-9509-2ec42e4db932,human-ai,8.0,7,True,author_1,human,author_1,human,True,ai,at me and a cat coming next to me from behind a strange-looking jar.
conv_90178cb2-77d1-4123-9509-2ec42e4db932,human-ai,8.0,7,True,author_1,human,author_2,ai,False,human,"the cat rubbed against my leg, purring softly, and I reached down to pet it, feeling a sense of calm wash over me, and as I looked up, I saw the owner of the cottage, an elderly woman with a kind face and twinkling eyes, smiling at me as she brought over a tray with a steaming cup of coffee"
conv_90178cb2-77d1-4123-9509-2ec42e4db932,human-ai,9.0,8,True,author_1,human,author_1,human,True,ai,. She gave me the cup and emptied it directly. I then started to eat the soup and it tasted delicious.
conv_90178cb2-77d1-4123-9509-2ec42e4db932,human-ai,9.0,8,True,author_1,human,author_2,ai,False,human,"As I savored the flavors of the soup, the woman sat down across from me, a warm smile on her face, and we sat in comfortable silence for a moment, the only sound being the crackling of the fire and the occasional purr from the cat, which had now jumped onto my lap, and then she spoke, her voice low"
conv_90ea40da-2853-405a-9c2f-a22e77888401,human-ai,1.0,,True,author_1,human,author_1,human,True,ai,There once was a giraffe who loved to study human language. He soon went to the Netherlands because the field is just
conv_90ea40da-2853-405a-9c2f-a22e77888401,human-ai,1.0,,True,author_1,human,author_2,ai,False,human,"teeming with linguistic diversity and historical significance. The giraffe, named Gustav, had always been fascinated by the way humans communicate, especially the intricate structures of their languages."
conv_90ea40da-2853-405a-9c2f-a22e77888401,human-ai,2.0,1,True,author_1,human,author_1,human,True,ai,"But even more so, it was the functional and cognitive dimensions of this that fascinated Gustav; ""you can say so much and signal so little,"" his"
conv_90ea40da-2853-405a-9c2f-a22e77888401,human-ai,2.0,1,True,author_1,human,author_2,ai,False,human,"professor once told him. With this in mind, Gustav set out to explore the bustling streets of Amsterdam, eager to immerse himself in the local culture and conversations."
conv_90ea40da-2853-405a-9c2f-a22e77888401,human-ai,3.0,2,True,author_1,human,author_1,human,True,ai,"He admitted that this in itself was a far-fetched reason to go to Amsterdam specifically, but once over there, Gustav didn't."
conv_90ea40da-2853-405a-9c2f-a22e77888401,human-ai,3.0,2,True,author_1,human,author_2,ai,False,human,"regret his decision for a moment. The city’s vibrant atmosphere and the warmth of its people quickly made him feel at home. Every day, he would visit cafes, parks"
conv_90ea40da-2853-405a-9c2f-a22e77888401,human-ai,4.0,3,True,author_1,human,author_1,human,True,ai,"and the canals. While attending a conference, he met a beautiful lioness named Josephine. Soon, the two of them got married and had a"
conv_90ea40da-2853-405a-9c2f-a22e77888401,human-ai,4.0,3,True,author_1,human,author_2,ai,False,human,"cub, whom they named Leo. Life in Amsterdam was a blend of academic pursuits and family joy, and Gustav found himself thriving in ways he never imagined possible."
conv_90ea40da-2853-405a-9c2f-a22e77888401,human-ai,5.0,4,True,author_1,human,author_1,human,True,ai,Then he died a horrible death one cold winter day when his dang smooth got blown off by the Dutch.
conv_90ea40da-2853-405a-9c2f-a22e77888401,human-ai,5.0,4,True,author_1,human,author_2,ai,False,human,"winter winds. The tragic incident left Josephine and little Leo heartbroken, but they remembered Gustav’s passion and the legacy he left behind. In his honor, they continued"
conv_90ea40da-2853-405a-9c2f-a22e77888401,human-ai,6.0,5,True,author_1,human,author_1,human,True,ai,"the linguistic tradition in the family. Soon, though, they came to want to spread the good words of their late husband and father, and their new"
conv_90ea40da-2853-405a-9c2f-a22e77888401,human-ai,6.0,5,True,author_1,human,author_2,ai,False,human,"home became a hub for language enthusiasts from all over the world. Josephine and Leo opened a language school, where they taught not only Dutch but also the many languages Gustav"
conv_90ea40da-2853-405a-9c2f-a22e77888401,human-ai,7.0,6,True,author_1,human,author_1,human,True,ai,"had come to master throughout his life. They included Danish, German, Finnish, Russian, Kurdish, Mauritian"
conv_90ea40da-2853-405a-9c2f-a22e77888401,human-ai,7.0,6,True,author_1,human,author_2,ai,False,human,"Creole, and more. The school flourished, attracting students who were as passionate about languages as Gustav had been. Through their teachings, Josephine and Leo ensured that"
conv_90ea40da-2853-405a-9c2f-a22e77888401,human-ai,8.0,7,True,author_1,human,author_1,human,True,ai,"people from all nationalities would know the wonders of the function of human language, exactly the thing that had started life with"
conv_90ea40da-2853-405a-9c2f-a22e77888401,human-ai,8.0,7,True,author_1,human,author_2,ai,False,human,"Gustav’s journey. His legacy lived on through every word spoken and every lesson taught, a testament to the power of communication and the enduring impact of a curious giraffe"
conv_90ea40da-2853-405a-9c2f-a22e77888401,human-ai,9.0,8,True,author_1,human,author_1,human,True,ai,It is an unrealistic but important story as it explains how a simple phenomenon can create such strength.
conv_90ea40da-2853-405a-9c2f-a22e77888401,human-ai,9.0,8,True,author_1,human,author_2,ai,False,human,"bonds and inspire generations. The tale of Gustav, Josephine, and Leo serves as a reminder that curiosity, love, and dedication can transcend barriers and leave a lasting"
conv_9763bf93-b2b0-43b7-9ffa-761830f4d5a8,human-ai,1.0,,True,author_1,human,author_1,human,True,ai,"how stories were created in the very first place and how we have all, and still continue to be, manipulated by"
conv_9763bf93-b2b0-43b7-9ffa-761830f4d5a8,human-ai,1.0,,True,author_1,human,author_2,ai,False,human,"the threads of narrative that weave through our lives. In the beginning, there was only the vast expanse of silence, a world untouched by words. But as the first humans"
conv_9763bf93-b2b0-43b7-9ffa-761830f4d5a8,human-ai,2.0,1,True,author_1,human,author_1,human,True,ai,would change that. Through their incredible amount of faults and humanness they would develop what can only be thought of as... Words.
conv_9763bf93-b2b0-43b7-9ffa-761830f4d5a8,human-ai,2.0,1,True,author_1,human,author_2,ai,False,human,"Words, the building blocks of communication, began as simple sounds, grunts, and gestures. These early humans found that by combining these sounds, they could convey more complex ideas"
conv_9763bf93-b2b0-43b7-9ffa-761830f4d5a8,human-ai,3.0,2,True,author_1,human,author_1,human,True,ai,", thoughts and nonsense. Because that was, as many scholars still agree, a large percentage of what the words were being used for. Although it did"
conv_9763bf93-b2b0-43b7-9ffa-761830f4d5a8,human-ai,3.0,2,True,author_1,human,author_2,ai,False,human,"serve a deeper purpose. As communities grew, so did the need for shared understanding and cooperation. Stories emerged as a way to pass down knowledge, traditions, and warnings from one"
conv_9763bf93-b2b0-43b7-9ffa-761830f4d5a8,human-ai,4.0,3,True,author_1,human,author_1,human,True,ai,"idiot to another. But with a whole bunch of idiots, even slight intelligence can arise. And that is what happened. Through stories, people evolved. And the very"
conv_9763bf93-b2b0-43b7-9ffa-761830f4d5a8,human-ai,4.0,3,True,author_1,human,author_2,ai,False,human,"fabric of society began to take shape. Tales of heroes and villains, of triumphs and tragedies, taught lessons and instilled values. They brought people together around the fire,"
conv_9763bf93-b2b0-43b7-9ffa-761830f4d5a8,human-ai,5.0,4,True,author_1,human,author_1,human,True,ai,where they could see their idiocy of themselves and others in much greater detail than ever before. Some would even
conv_9763bf93-b2b0-43b7-9ffa-761830f4d5a8,human-ai,5.0,4,True,author_1,human,author_2,ai,False,human,"spin tales that bordered on the fantastical, weaving magic and myth into the fabric of everyday life. These stories became the glue that held communities together, binding them in a shared"
conv_9763bf93-b2b0-43b7-9ffa-761830f4d5a8,human-ai,6.0,5,True,author_1,human,author_1,human,True,ai,"community. Others would spin the stories to further their own goals, using others as mere tools. And this is"
conv_9763bf93-b2b0-43b7-9ffa-761830f4d5a8,human-ai,6.0,5,True,author_1,human,author_2,ai,False,human,"how the art of storytelling also became a powerful tool for manipulation. Leaders and storytellers alike learned to craft narratives that could sway emotions, shape beliefs, and drive actions. The"
conv_9763bf93-b2b0-43b7-9ffa-761830f4d5a8,human-ai,7.0,6,True,author_1,human,author_1,human,True,ai,very words that created the first story and gave humans further intelligence had now become a weapon used by masters
conv_9763bf93-b2b0-43b7-9ffa-761830f4d5a8,human-ai,7.0,6,True,author_1,human,author_2,ai,False,human,"of influence. Yet, even as stories were wielded to control and manipulate, they also sparked rebellion and revolution. For every tale of tyranny, there was a counter-narr"
conv_9763bf93-b2b0-43b7-9ffa-761830f4d5a8,human-ai,8.0,7,True,author_1,human,author_1,human,True,ai,"ative that would tell of inversely greater freedom and beauty that could easily rival that of Cleopatra's nose, which has been said to"
conv_9763bf93-b2b0-43b7-9ffa-761830f4d5a8,human-ai,8.0,7,True,author_1,human,author_2,ai,False,human,"change the course of history. In this way, the power of stories remained a double-edged sword, capable of both uplifting and undermining the human spirit. And so, the"
conv_9763bf93-b2b0-43b7-9ffa-761830f4d5a8,human-ai,9.0,8,True,author_1,human,author_1,human,True,ai,"indomitable human spirit conquered, forcing itself through fire and ash and emerging, reborn like the phoenix. Anyway, the real"
conv_9763bf93-b2b0-43b7-9ffa-761830f4d5a8,human-ai,9.0,8,True,author_1,human,author_2,ai,False,human,"power of stories lies in their ability to inspire, to connect, and to transform. Whether used for good or ill, stories are the timeless threads that bind us all, shaping"
conv_9a9b4068-5437-4eac-9cbd-738309827685,human-ai,1.0,,False,author_2,ai,author_1,human,False,ai,
conv_9a9b4068-5437-4eac-9cbd-738309827685,human-ai,1.0,,False,author_2,ai,author_2,ai,True,human,"a small, seaside town, where the air was sweet with the scent of saltwater and the sound of gulls filled the air. It was a place where time seemed to"
conv_9a9b4068-5437-4eac-9cbd-738309827685,human-ai,2.0,1,True,author_2,ai,author_1,human,False,ai,"be enchanted. Colors were really beautiful and people were gentle and solar. It was a ""no earth"" place. But the reality was very different. Only some people were"
conv_9a9b4068-5437-4eac-9cbd-738309827685,human-ai,2.0,1,True,author_2,ai,author_2,ai,True,human,"aware of this dichotomy, and they lived with the weight of knowing that beneath the town's idyllic surface, a complex web of secrets and lies thrived. The"
conv_9a9b4068-5437-4eac-9cbd-738309827685,human-ai,3.0,2,True,author_2,ai,author_1,human,False,ai,"majority were false and wear a mask on her face. An AI was responsible for fake persons... this AI was employed to write personalities and convince people to ""wear"""
conv_9a9b4068-5437-4eac-9cbd-738309827685,human-ai,3.0,2,True,author_2,ai,author_2,ai,True,human,"these fabricated personas, blurring the lines between reality and illusion. The AI, known as ""The Architect,"" had created an intricate system of control, where people were assigned roles"
conv_9a9b4068-5437-4eac-9cbd-738309827685,human-ai,4.0,3,True,author_2,ai,author_1,human,False,ai,"and Robots controllers were distributed anywhere. No one was capable of avoiding this control but, one day, something happened. Something that changed the entire course of"
conv_9a9b4068-5437-4eac-9cbd-738309827685,human-ai,4.0,3,True,author_2,ai,author_2,ai,True,human,"events, a young girl named Aria, who had always felt a sense of disconnection from the world around her, stumbled upon a hidden message, a glitch in the system"
conv_9a9b4068-5437-4eac-9cbd-738309827685,human-ai,5.0,4,True,author_2,ai,author_1,human,False,ai,"... I don't know the term, a sense of ""impoliteness""? She was a little girl when for the first time she thought to be different from the others. She was looking to a"
conv_9a9b4068-5437-4eac-9cbd-738309827685,human-ai,5.0,4,True,author_2,ai,author_2,ai,True,human,"woman who was not wearing a mask, and this woman's face was... unrefined, with lines and wrinkles that seemed to tell a story of their own. Aria"
conv_9a9b4068-5437-4eac-9cbd-738309827685,human-ai,6.0,5,True,author_2,ai,author_1,human,False,ai,"looked at her. She was tall and transparent like a ghost. She wore a Greek white tunic that covered all the silhouette. She was mute but Aria didn't know that, and started"
conv_9a9b4068-5437-4eac-9cbd-738309827685,human-ai,6.0,5,True,author_2,ai,author_2,ai,True,human,"to speak to her, asking her questions and expecting a response, but the woman simply gazed back at her with an unblinking stare, her eyes seeming to hold a"
conv_9a9b4068-5437-4eac-9cbd-738309827685,human-ai,7.0,6,True,author_2,ai,author_1,human,False,ai,"fixed point directly in front of her. Weather was cloudy and was starting to rain. Aria, after some minutes, understood that the woman was a real ghost and stopped."
conv_9a9b4068-5437-4eac-9cbd-738309827685,human-ai,7.0,6,True,author_2,ai,author_2,ai,True,human,"speaking, standing there in silence as the rain began to fall around them, drumming against the pavement and casting a misty veil over the town. The woman's gaze"
conv_9a9b4068-5437-4eac-9cbd-738309827685,human-ai,8.0,7,True,author_2,ai,author_1,human,False,ai,"... non, better, the woman started moving forward. An ancient house was just the other side of the street. Aria followed her and took her right hand as she was her"
conv_9a9b4068-5437-4eac-9cbd-738309827685,human-ai,8.0,7,True,author_2,ai,author_2,ai,True,human,"mother, feeling an inexplicable sense of comfort and familiarity as she walked alongside the mysterious woman, the rain soaking through their clothes as they reached the entrance of the ancient house,"
conv_9a9b4068-5437-4eac-9cbd-738309827685,human-ai,9.0,8,True,author_2,ai,author_1,human,False,ai,"the black wood door seemed a closed mouth. Aria pushed the bell and waited... someone asked: ""go away, no one is there""... Aria pushed the door and entered. The ghost"
conv_9a9b4068-5437-4eac-9cbd-738309827685,human-ai,9.0,8,True,author_2,ai,author_2,ai,True,human,"glided in beside her, and together they stepped into the musty darkness of the hall, the air thick with the scent of decay and forgotten memories. Aria's eyes"
conv_a0840d98-89b5-4206-b414-e9820d9a99b2,human-ai,1.0,,False,author_2,ai,author_1,human,False,ai,
conv_a0840d98-89b5-4206-b414-e9820d9a99b2,human-ai,1.0,,False,author_2,ai,author_2,ai,True,human,"a lighthouse keeper who had forgotten how to dream.

For seventeen years, Magdalena had climbed the spiral stairs each evening, lit the great"
conv_a0840d98-89b5-4206-b414-e9820d9a99b2,human-ai,2.0,1,True,author_2,ai,author_1,human,False,ai,"big beam that circled night after night, warning ships of her presence. The fear was not that they might die upon impact,"
conv_a0840d98-89b5-4206-b414-e9820d9a99b2,human-ai,2.0,1,True,author_2,ai,author_2,ai,True,human,"but that she might finally have to speak to another living soul.

The isolation had become her armor, the light her only companion. She knew every crack in the lens,"
conv_a0840d98-89b5-4206-b414-e9820d9a99b2,human-ai,3.0,2,True,author_2,ai,author_1,human,False,ai,"how its broken beams of light shattered the water into millions of pieces, and the comforting silence"
conv_a0840d98-89b5-4206-b414-e9820d9a99b2,human-ai,3.0,2,True,author_2,ai,author_2,ai,True,human,"that followed each rotation—three seconds of darkness between every sweep.

But on this particular night, something was different. The fog rolled in thicker than usual, and within"
conv_a0840d98-89b5-4206-b414-e9820d9a99b2,human-ai,4.0,3,True,author_2,ai,author_1,human,False,ai,"she could make out the faint outline of a skiff carefully bobbing near the shore, a single, tall figure carefully extricating"
conv_a0840d98-89b5-4206-b414-e9820d9a99b2,human-ai,4.0,3,True,author_2,ai,author_2,ai,True,human,"themselves from the vessel. They moved with deliberate grace, as if the fog itself parted to allow their passage.

Magdalena's hand froze on the lamp"
conv_a0840d98-89b5-4206-b414-e9820d9a99b2,human-ai,5.0,4,True,author_2,ai,author_1,human,False,ai,". The figure, a man maybe, looked up suddenly as the pattern of light the man grew accustomed to."
conv_a0840d98-89b5-4206-b414-e9820d9a99b2,human-ai,5.0,4,True,author_2,ai,author_2,ai,True,human,"had stuttered—interrupted by her trembling grip. For the first time in seventeen years, Magdalena had broken the rhythm.

She watched as the figure raised one"
conv_a0840d98-89b5-4206-b414-e9820d9a99b2,human-ai,6.0,5,True,author_2,ai,author_1,human,False,ai,"finger and spin it slowly in a circle. Magdalena knew he saw her now, but had no clue as to what"
conv_a0840d98-89b5-4206-b414-e9820d9a99b2,human-ai,6.0,5,True,author_2,ai,author_2,ai,True,human,"the gesture meant. A greeting? A command? Her heart hammered against her ribs as she released the lamp, letting it resume its eternal dance.

The figure began"
conv_a0840d98-89b5-4206-b414-e9820d9a99b2,human-ai,7.0,6,True,author_2,ai,author_1,human,False,ai,"working once more, securing his boat to the shore, before beginning his trek to what she could only assume was"
conv_a0840d98-89b5-4206-b414-e9820d9a99b2,human-ai,7.0,6,True,author_2,ai,author_2,ai,True,human,"her lighthouse. Each step deliberate, unhurried, as though he'd made this journey a thousand times before in dreams she'd never had.

Magdalena descende"
conv_a0840d98-89b5-4206-b414-e9820d9a99b2,human-ai,8.0,7,True,author_2,ai,author_1,human,False,ai,"d back into the lighthouse, steeling herself for the inevitable. Now more than ever, she wished she had procured a knife, a bat, something."
conv_a0840d98-89b5-4206-b414-e9820d9a99b2,human-ai,8.0,7,True,author_2,ai,author_2,ai,True,human,"to steady her shaking hands. But there was only the worn rope railing and the echo of her own footsteps spiraling downward.

Three sharp knocks"
conv_a0840d98-89b5-4206-b414-e9820d9a99b2,human-ai,9.0,8,True,author_2,ai,author_1,human,False,ai,pierced her skull. Her heart threatened to jump out of her chest as she slowly approached the door. Resting her hand on the
conv_a0840d98-89b5-4206-b414-e9820d9a99b2,human-ai,9.0,8,True,author_2,ai,author_2,ai,True,human,"cold iron handle, she drew a breath that tasted of salt and rust. The knocks came again—patient, rhythmic, like the lamp above.

""I"
conv_a2292393-fd39-476f-975c-aaf411653197,human-ai,1.0,,True,author_1,human,author_1,human,True,ai,There once was a thatched cottage in a small village in the south of England. In this cottage lived a young
conv_a2292393-fd39-476f-975c-aaf411653197,human-ai,1.0,,True,author_1,human,author_2,ai,False,human,"girl named Emily, who spent most of her days exploring the rolling hills and green pastures that surrounded the village. She was a curious and adventurous child, with a wild mane"
conv_a2292393-fd39-476f-975c-aaf411653197,human-ai,2.0,1,True,author_1,human,author_1,human,True,ai,"One day Emily was roaming the moors, as a figure approached her. The tall man had light hair and a soft"
conv_a2292393-fd39-476f-975c-aaf411653197,human-ai,2.0,1,True,author_1,human,author_2,ai,False,human,"smile, and his eyes seemed to hold a deep kindness as he gazed at Emily. He wore a long, worn coat that flapped in the gentle breeze, and"
conv_a2292393-fd39-476f-975c-aaf411653197,human-ai,3.0,2,True,author_1,human,author_1,human,True,ai,"as he approached he looked at her like an old friend. ""I am new to these parts,"" he said. ""Could you please show me the way to"
conv_a2292393-fd39-476f-975c-aaf411653197,human-ai,3.0,2,True,author_1,human,author_2,ai,False,human,"the village?"" he asked, his voice low and smooth, with a hint of a distant accent that Emily couldn't quite place. She nodded, feeling an inexplicable sense of"
conv_a2292393-fd39-476f-975c-aaf411653197,human-ai,4.0,3,True,author_1,human,author_1,human,True,ai,"wonder and bewilderment. ""You'd better follow me, sir,"" Emily said. As they walked towards the village, Emily asked the stranger what he was doing in"
conv_a2292393-fd39-476f-975c-aaf411653197,human-ai,4.0,3,True,author_1,human,author_2,ai,False,human,"these remote parts, and the stranger's smile grew wider as he replied, ""I'm a traveler, a collector of stories and tales, and I've heard that this village"
conv_a2292393-fd39-476f-975c-aaf411653197,human-ai,5.0,4,True,author_1,human,author_1,human,True,ai,"has a story to tell."" Emily grew weary of this seemingly gentle stranger. What did he want? The stranger sensed this and said: ""I don't want to alarm you, but I think you might"
conv_a2292393-fd39-476f-975c-aaf411653197,human-ai,5.0,4,True,author_1,human,author_2,ai,False,human,"be the one I've been searching for, Emily,"" he said, his voice taking on a note of urgency, as he glanced around cautiously, as if he feared being over"
conv_a2292393-fd39-476f-975c-aaf411653197,human-ai,6.0,5,True,author_1,human,author_1,human,True,ai,"heard. He gently took her hands and looked her in the eyes. ""I... I... Sir, what is the meaning of this, I don't even know your name,"
conv_a2292393-fd39-476f-975c-aaf411653197,human-ai,6.0,5,True,author_1,human,author_2,ai,False,human,"""My name is Elijah,"" he whispered, his breath warm against her skin, ""and I've come to tell you something about your past, something that has been hidden from you"
conv_a2292393-fd39-476f-975c-aaf411653197,human-ai,7.0,6,True,author_1,human,author_1,human,True,ai,"for a long time."" Emily looked searchingly into his eyes. Blue, she noted, but she could not gather the truthfulness of this man. ""Elijah... I am not sure... What have"
conv_a2292393-fd39-476f-975c-aaf411653197,human-ai,7.0,6,True,author_1,human,author_2,ai,False,human,"you come to tell me?"" Emily asked, trying to pull her hands away, but Elijah's grip was gentle yet firm. He looked at her with an intensity that made her"
conv_a2292393-fd39-476f-975c-aaf411653197,human-ai,8.0,7,True,author_1,human,author_1,human,True,ai,"a little scared. ""I have come to tell you about your father..."" ""What about him?"" ""I am sorry, but he is, he is..."" He struggled to"
conv_a2292393-fd39-476f-975c-aaf411653197,human-ai,8.0,7,True,author_1,human,author_2,ai,False,human,"find the right words, his eyes clouding over with a deep sadness. ""He is not who you think he is, Emily,"" Elijah said finally, his voice barely above"
conv_a2292393-fd39-476f-975c-aaf411653197,human-ai,9.0,8,True,author_1,human,author_1,human,True,ai,"whisper. Emily tore herself away from him and ran back towards the cottage. She looked back to see Elijah standing, a solitary"
conv_a2292393-fd39-476f-975c-aaf411653197,human-ai,9.0,8,True,author_1,human,author_2,ai,False,human,"figure on the moor, his eyes fixed on her as she disappeared into the distance. The wind picked up, and his coat flapped behind him like a dark wing,"
conv_afc8092c-7335-40d1-a058-616cf97d80a2,human-ai,1.0,,False,author_2,ai,author_1,human,False,ai,
conv_afc8092c-7335-40d1-a058-616cf97d80a2,human-ai,1.0,,False,author_2,ai,author_2,ai,True,human,"a young girl named Aria who lived in a small village surrounded by a vast and mysterious forest. The villagers often spoke of the forest in hushed tones, warning of its"
conv_afc8092c-7335-40d1-a058-616cf97d80a2,human-ai,2.0,1,True,author_2,ai,author_1,human,False,ai,"dark and dangerous creatures. Aria was a very curious girl, and despite the older villagers' warnings, still chose to roam"
conv_afc8092c-7335-40d1-a058-616cf97d80a2,human-ai,2.0,1,True,author_2,ai,author_2,ai,True,human,"deep into the forest, feeling an inexplicable pull towards the ancient trees and the secrets they seemed to whisper to her on the wind. She had always been drawn to the unknown"
conv_afc8092c-7335-40d1-a058-616cf97d80a2,human-ai,3.0,2,True,author_2,ai,author_1,human,False,ai,and this forest and its many creatures and the secrets they hold is the most unknown of all. She saw an unexplainable beauty in the
conv_afc8092c-7335-40d1-a058-616cf97d80a2,human-ai,3.0,2,True,author_2,ai,author_2,ai,True,human,"twisted roots that snaked across the forest floor, and the way the moonlight filtering through the canopy above cast eerie, silver shadows on the trees. As she walked,"
conv_afc8092c-7335-40d1-a058-616cf97d80a2,human-ai,4.0,3,True,author_2,ai,author_1,human,False,ai,"she had a feeling of belonging. As if the tall trees, and the wildflowers spoke to her, and the creatures hiding in the dark corners, knew her"
conv_afc8092c-7335-40d1-a058-616cf97d80a2,human-ai,4.0,3,True,author_2,ai,author_2,ai,True,human,"name, and had been waiting for her arrival. The trees seemed to lean in, their branches tangling together above her head, forming a canopy that felt like a gentle embrace"
conv_afc8092c-7335-40d1-a058-616cf97d80a2,human-ai,5.0,4,True,author_2,ai,author_1,human,False,ai,"almost like a mother's touch. Such a familiar feeling, but at the same time so unfamiliar for Aria, since her mother had been"
conv_afc8092c-7335-40d1-a058-616cf97d80a2,human-ai,5.0,4,True,author_2,ai,author_2,ai,True,human,"gone for as long as she could remember, leaving behind only faint memories and a deep sense of longing. The forest, with its whispering leaves and soft, filtering light,"
conv_afc8092c-7335-40d1-a058-616cf97d80a2,human-ai,6.0,5,True,author_2,ai,author_1,human,False,ai,"drew Aria further and further in, until she had no clue where she once came from. But just as she started to worry, she heard"
conv_afc8092c-7335-40d1-a058-616cf97d80a2,human-ai,6.0,5,True,author_2,ai,author_2,ai,True,human,"the soft sound of running water, and the gentle lapping of a stream against its banks, which seemed to be calling to her, guiding her towards a clearing, where a"
conv_afc8092c-7335-40d1-a058-616cf97d80a2,human-ai,7.0,6,True,author_2,ai,author_1,human,False,ai,little house was hidden. Aria had never felt so relaxed. She went up to the house and peeked inside the window.
conv_afc8092c-7335-40d1-a058-616cf97d80a2,human-ai,7.0,6,True,author_2,ai,author_2,ai,True,human,"and saw a warm, golden light spilling out from within, illuminating a cozy room filled with books, strange artifacts, and a lovely old woman sitting in a rocking chair"
conv_afc8092c-7335-40d1-a058-616cf97d80a2,human-ai,8.0,7,True,author_2,ai,author_1,human,False,ai,"Something about the old woman looked familiar to her, but she could not quite place it. She walked up to the"
conv_afc8092c-7335-40d1-a058-616cf97d80a2,human-ai,8.0,7,True,author_2,ai,author_2,ai,True,human,"door and gently knocked, the old woman's eyes snapping towards the sound, a look of surprise and then recognition crossing her face, as she slowly rose from her chair and made"
conv_afc8092c-7335-40d1-a058-616cf97d80a2,human-ai,9.0,8,True,author_2,ai,author_1,human,False,ai,"her way over to the door. ""I've been waiting for you, my dear,"" the old woman said as she opened the door."
conv_afc8092c-7335-40d1-a058-616cf97d80a2,human-ai,9.0,8,True,author_2,ai,author_2,ai,True,human,"Aria's eyes widened in wonder as the old woman's words hung in the air, and she felt a jolt of understanding, as if she had finally found a piece"
conv_b0f0e7b9-40d0-4776-a1a7-828df5bdcf2a,human-ai,1.0,,False,author_2,ai,author_1,human,False,ai,
conv_b0f0e7b9-40d0-4776-a1a7-828df5bdcf2a,human-ai,1.0,,False,author_2,ai,author_2,ai,True,human,"a small, mysterious village nestled deep within a valley, where the air was sweet with the scent of blooming wildflowers and the sky seemed to stretch on forever. The village"
conv_b0f0e7b9-40d0-4776-a1a7-828df5bdcf2a,human-ai,2.0,1,True,author_2,ai,author_1,human,False,ai,"was known for its large wooden cathedrals, connected with each other by wooden bridges, used by"
conv_b0f0e7b9-40d0-4776-a1a7-828df5bdcf2a,human-ai,2.0,1,True,author_2,ai,author_2,ai,True,human,"the villagers as a unique network of pathways that crisscrossed above the village, allowing them to move easily from one cathedral to another, and it was here that the village"
conv_b0f0e7b9-40d0-4776-a1a7-828df5bdcf2a,human-ai,3.0,2,True,author_2,ai,author_1,human,False,ai,"became famous for its mathematicians, calculating the possibilities for crossing. There were rules as to who and when and what directions."
conv_b0f0e7b9-40d0-4776-a1a7-828df5bdcf2a,human-ai,3.0,2,True,author_2,ai,author_2,ai,True,human,"one could take, and the mathematicians would spend hours pondering the intricacies of the bridge system, trying to find the most efficient routes and patterns, while the village elders"
conv_b0f0e7b9-40d0-4776-a1a7-828df5bdcf2a,human-ai,4.0,3,True,author_2,ai,author_1,human,False,ai,"tried to convince the mathematicians that the spirit of the law could be broken, even though"
conv_b0f0e7b9-40d0-4776-a1a7-828df5bdcf2a,human-ai,4.0,3,True,author_2,ai,author_2,ai,True,human,"the village's founder, a wise and enigmatic figure named Aria, had decreed that the bridges were to be crossed in a specific and sacred pattern, a pattern that"
conv_b0f0e7b9-40d0-4776-a1a7-828df5bdcf2a,human-ai,5.0,4,True,author_2,ai,author_1,human,False,ai,"required to people cross the bridge in the opposite direction at the same time as you. That made it hard to get over the bridge, and"
conv_b0f0e7b9-40d0-4776-a1a7-828df5bdcf2a,human-ai,5.0,4,True,author_2,ai,author_2,ai,True,human,"led to a complex dance of pedestrians, each trying to navigate the bridges while respecting the ancient tradition, and it was not uncommon to see a group of people awkwardly waiting at"
conv_b0f0e7b9-40d0-4776-a1a7-828df5bdcf2a,human-ai,6.0,5,True,author_2,ai,author_1,human,False,ai,"the junctions of the bridges, waiting for the exact right circumstances that made the crossing legal. If you"
conv_b0f0e7b9-40d0-4776-a1a7-828df5bdcf2a,human-ai,6.0,5,True,author_2,ai,author_2,ai,True,human,"timed it just right, you could catch the brief window of opportunity when the mirror-image stranger, as the villagers called them, would be crossing from the opposite direction, allowing"
conv_b0f0e7b9-40d0-4776-a1a7-828df5bdcf2a,human-ai,7.0,6,True,author_2,ai,author_1,human,False,ai,"you to cross the bridge legally. Some outlaws despised Aria and crossed the bridges as they wished,"
conv_b0f0e7b9-40d0-4776-a1a7-828df5bdcf2a,human-ai,7.0,6,True,author_2,ai,author_2,ai,True,human,"defying the tradition and incurring the wrath of the village elders, who would often convene in emergency councils to discuss the outlaw's transgression and determine a suitable punishment,"
conv_b0f0e7b9-40d0-4776-a1a7-828df5bdcf2a,human-ai,8.0,7,True,author_2,ai,author_1,human,False,ai,Often the punishment would be a year without bridge travelling. They would then have to walk around in the
conv_b0f0e7b9-40d0-4776-a1a7-828df5bdcf2a,human-ai,8.0,7,True,author_2,ai,author_2,ai,True,human,"muddy and winding paths that skirted the village, a circuitous and arduous route that would add hours to their daily journeys, and serve as a humiliating reminder of"
conv_b0f0e7b9-40d0-4776-a1a7-828df5bdcf2a,human-ai,9.0,8,True,author_2,ai,author_1,human,False,ai,"what they had done. People from the bridge would look down at them at best, but usually just ignored them,"
conv_b0f0e7b9-40d0-4776-a1a7-828df5bdcf2a,human-ai,9.0,8,True,author_2,ai,author_2,ai,True,human,"as if they were ghosts or shadows, invisible and insignificant, and the outcasts would have to endure the scorn and indifference of their former friends and neighbors, a painful reminder of"
conv_b1e0225e-fdb5-4142-8852-0785c0d30420,human-ai,1.0,,False,author_2,ai,author_1,human,False,ai,
conv_b1e0225e-fdb5-4142-8852-0785c0d30420,human-ai,1.0,,False,author_2,ai,author_2,ai,True,human,"a young girl named Sophia, who lived in a small village surrounded by vast, rolling hills and dense forests. She had always been fascinated by the stories her grandmother used to tell"
conv_b1e0225e-fdb5-4142-8852-0785c0d30420,human-ai,2.0,1,True,author_2,ai,author_1,human,False,ai,about the trolls roaming the forests. She told tales of misfortune happening to any children that would wander too far.
conv_b1e0225e-fdb5-4142-8852-0785c0d30420,human-ai,2.0,1,True,author_2,ai,author_2,ai,True,human,"into the woods, and how they would never return, or if they did, they would be forever changed by the encounter, with a haunting look in their eyes and a whisper"
conv_b1e0225e-fdb5-4142-8852-0785c0d30420,human-ai,3.0,2,True,author_2,ai,author_1,human,False,ai,", warning others about the horrible hairy creatures. Many did not believe the stories, chalking them up to superstition. But Sophia believed."
conv_b1e0225e-fdb5-4142-8852-0785c0d30420,human-ai,3.0,2,True,author_2,ai,author_2,ai,True,human,"every word her grandmother spoke, and she made it a point to avoid the forest, staying close to the village and its familiar surroundings. However, on one fateful evening,"
conv_b1e0225e-fdb5-4142-8852-0785c0d30420,human-ai,4.0,3,True,author_2,ai,author_1,human,False,ai,"her steadfastness would be put to the test. You see, Sophia had a strange addiction: Matcha Lattes. This addiction had often led her to spend"
conv_b1e0225e-fdb5-4142-8852-0785c0d30420,human-ai,4.0,3,True,author_2,ai,author_2,ai,True,human,"all her allowance and even some of her earnings from helping her mother with the family bakery, just to get her hands on a cup of the vibrant green drink from the traveling merchant"
conv_b1e0225e-fdb5-4142-8852-0785c0d30420,human-ai,5.0,4,True,author_2,ai,author_1,human,False,ai,"that took a whopping 75 kr for each cup. But Sophia had an idea: if she could follow the merchant, she might learn the secrets of the recipe,"
conv_b1e0225e-fdb5-4142-8852-0785c0d30420,human-ai,5.0,4,True,author_2,ai,author_2,ai,True,human,"and thus be able to make her own Matcha Lattes, saving herself a fortune and satiating her craving without breaking the bank. So, she decided to sneak out"
conv_b1e0225e-fdb5-4142-8852-0785c0d30420,human-ai,6.0,5,True,author_2,ai,author_1,human,False,ai,"one evening, hiding in the side of the road for the merchant to pass. The merchant came just after nightfall, trotting along with a"
conv_b1e0225e-fdb5-4142-8852-0785c0d30420,human-ai,6.0,5,True,author_2,ai,author_2,ai,True,human,"large, worn-out wagon, its wooden slats creaking as it moved, and Sophia quickly darted out from her hiding spot, falling into step behind the wagon,"
conv_b1e0225e-fdb5-4142-8852-0785c0d30420,human-ai,7.0,6,True,author_2,ai,author_1,human,False,ai,"stealthily sneaking up and grabbing onto the railing. Sophia felt like a true ninja, thinking to herself that grandma"
conv_b1e0225e-fdb5-4142-8852-0785c0d30420,human-ai,7.0,6,True,author_2,ai,author_2,ai,True,human,"would be proud of her cunning, but her pride was short-lived, as the wagon suddenly lurched to a stop, and Sophia found herself face to face with the merchant,"
conv_b1e0225e-fdb5-4142-8852-0785c0d30420,human-ai,8.0,7,True,author_2,ai,author_1,human,False,ai,"who looked at her grimly. ""Do you seek to steal my Matcha Latte recipe, young girl?"", she asked while Sophia gasped. ""No dear merchant, I just happened"
conv_b1e0225e-fdb5-4142-8852-0785c0d30420,human-ai,8.0,7,True,author_2,ai,author_2,ai,True,human,"to be out for a midnight stroll and saw your wagon, and I was curious about where you were headed,"" Sophia stammered, trying to come up with a believable excuse"
conv_b1e0225e-fdb5-4142-8852-0785c0d30420,human-ai,9.0,8,True,author_2,ai,author_1,human,False,ai,". The merchant laughed: ""Do you think me a fool? I know you have been coveting my Matcha Lattes since you first tasted them, girl. But this was a"
conv_b1e0225e-fdb5-4142-8852-0785c0d30420,human-ai,9.0,8,True,author_2,ai,author_2,ai,True,human,"test, and you have passed, for I have been searching for an apprentice, someone with a passion for the Matcha Latte that rivals my own, and I believe that"
conv_b306d0b7-35f0-495e-a3e0-5818c3ae060c,human-ai,1.0,,False,author_2,ai,author_1,human,False,ai,
conv_b306d0b7-35f0-495e-a3e0-5818c3ae060c,human-ai,1.0,,False,author_2,ai,author_2,ai,True,human,a young girl named Sophia who lived in a small village surrounded by dense forests and rolling hills. She had always been fascinated by the stories her grandmother used to tell her about the
conv_b306d0b7-35f0-495e-a3e0-5818c3ae060c,human-ai,2.0,1,True,author_2,ai,author_1,human,False,ai,"big castle nearby. She used to say that there lived fairies, trolls, wizards, and a lot of wonderful creatures. Aside from the creatures, there also lived a"
conv_b306d0b7-35f0-495e-a3e0-5818c3ae060c,human-ai,2.0,1,True,author_2,ai,author_2,ai,True,human,"prince, who was said to be kind and just, loved by all the inhabitants of the castle and the surrounding lands. According to Sophia's grandmother, the prince was on"
conv_b306d0b7-35f0-495e-a3e0-5818c3ae060c,human-ai,3.0,2,True,author_2,ai,author_1,human,False,ai,"a mission to find the perfect girl, so he could get married. The prince lost his parents years ago, so all he had was the creatures. The prince had been stuck on"
conv_b306d0b7-35f0-495e-a3e0-5818c3ae060c,human-ai,3.0,2,True,author_2,ai,author_2,ai,True,human,"this quest for what felt like an eternity, meeting many girls along the way, but none of them seemed quite right. He had almost given up hope when he heard about a"
conv_b306d0b7-35f0-495e-a3e0-5818c3ae060c,human-ai,4.0,3,True,author_2,ai,author_1,human,False,ai,girl living in a small village surrounded by forest. A girl named Sophia. The prince is stuck in the same age until he finds
conv_b306d0b7-35f0-495e-a3e0-5818c3ae060c,human-ai,4.0,3,True,author_2,ai,author_2,ai,True,human,"his true love, and legend had it that Sophia was the one. The prince's advisor, a wise old wizard, had told him that Sophia possessed a heart full of kindness"
conv_b306d0b7-35f0-495e-a3e0-5818c3ae060c,human-ai,5.0,4,True,author_2,ai,author_1,human,False,ai,"and goodness. A heart so pure, that was never seen before. But the prince was stuck in his castle, and Sophia didn't know how to find."
conv_b306d0b7-35f0-495e-a3e0-5818c3ae060c,human-ai,5.0,4,True,author_2,ai,author_2,ai,True,human,"her way to the castle, for the path was hidden behind a veil of illusions, cast by the wicked sorceress who sought to keep the prince and Sophia apart, fearing"
conv_b306d0b7-35f0-495e-a3e0-5818c3ae060c,human-ai,6.0,5,True,author_2,ai,author_1,human,False,ai,"that Sophia would ruin the world with her kindness. It turns out, that Sophia is a descendant from the best fairy ever seen. The power she carries is unlimited,"
conv_b306d0b7-35f0-495e-a3e0-5818c3ae060c,human-ai,6.0,5,True,author_2,ai,author_2,ai,True,human,"and it was said that if she were to marry the prince, their union would bring about a new era of peace and harmony, and the sorceress knew that her own"
conv_b306d0b7-35f0-495e-a3e0-5818c3ae060c,human-ai,7.0,6,True,author_2,ai,author_1,human,False,ai,"power would disappear, and her plan of world domination would crumble. One day Sophia woke up and felt brave. She wanted to find the prince and find her"
conv_b306d0b7-35f0-495e-a3e0-5818c3ae060c,human-ai,7.0,6,True,author_2,ai,author_2,ai,True,human,"true destiny, so she packed a small bag and set out towards the castle, following a narrow path that she had never seen before, but somehow felt drawn to. As she"
conv_b306d0b7-35f0-495e-a3e0-5818c3ae060c,human-ai,8.0,7,True,author_2,ai,author_1,human,False,ai,walked along the path she met a troll guarding a bridge to cross a lake. The troll wanted to test the goodness of her.
conv_b306d0b7-35f0-495e-a3e0-5818c3ae060c,human-ai,8.0,7,True,author_2,ai,author_2,ai,True,human,"heart, and so he presented her with a challenge: to answer a riddle that would prove her kindness and selflessness. The troll's riddle was: ""What can"
conv_b306d0b7-35f0-495e-a3e0-5818c3ae060c,human-ai,9.0,8,True,author_2,ai,author_1,human,False,ai,"give and give, but never take'?"" Sophia was a bit puzzled, but then she remembered what her grandmother once told her a long"
conv_b306d0b7-35f0-495e-a3e0-5818c3ae060c,human-ai,9.0,8,True,author_2,ai,author_2,ai,True,human,"time ago, that the answer to this riddle was ""love"", for love can give and give, but it can never take, only receive in return. The troll was"
conv_b6569263-0af4-4945-bd32-398a28cf7e69,human-ai,1.0,,True,author_1,human,author_1,human,True,ai,"Leila, a small-town girl dreaming of a better life. Her grandmother Gertrud has often told her stories of the oppression of women in her lifetime -"
conv_b6569263-0af4-4945-bd32-398a28cf7e69,human-ai,1.0,,True,author_1,human,author_2,ai,False,human,and the struggles she faced in a society where women were expected to conform to traditional roles and silence their voices. Gertrud's stories had instilled in Leila a sense
conv_b6569263-0af4-4945-bd32-398a28cf7e69,human-ai,2.0,1,True,author_1,human,author_1,human,True,ai,fear for not obtaining something greater. She desperately wants more than the life of a stay-at-home mom - until she met the
conv_b6569263-0af4-4945-bd32-398a28cf7e69,human-ai,2.0,1,True,author_1,human,author_2,ai,False,human,"charismatic and free-spirited traveler, Max, who wandered into town one summer evening, carrying a worn leather backpack and a gaze that seemed to hold a thousand secrets."
conv_b6569263-0af4-4945-bd32-398a28cf7e69,human-ai,3.0,2,True,author_1,human,author_1,human,True,ai,"They pursued their love and found a deep connection, which led them to live a life together. Their life was filled with fun and travel, but also the wish for"
conv_b6569263-0af4-4945-bd32-398a28cf7e69,human-ai,3.0,2,True,author_1,human,author_2,ai,False,human,"a family of their own, and after a few years of spontaneity and adventure, they decided to settle down in a cozy little house by the sea, where Leila"
conv_b6569263-0af4-4945-bd32-398a28cf7e69,human-ai,4.0,3,True,author_1,human,author_1,human,True,ai,"found a job she loved, Max did too, and soon they were expecting their first child. Life as parents-to-be was thrilling, and upon welcoming"
conv_b6569263-0af4-4945-bd32-398a28cf7e69,human-ai,4.0,3,True,author_1,human,author_2,ai,False,human,"their beautiful baby girl, Luna, into the world, Leila and Max felt an overwhelming sense of joy and responsibility, and as they navigated the ups and downs of paren"
conv_b6569263-0af4-4945-bd32-398a28cf7e69,human-ai,5.0,4,True,author_1,human,author_1,human,True,ai,"parenthood, they discovered a wish for more time together as a family, and Leila suddenly felt attracted to the idea of being a"
conv_b6569263-0af4-4945-bd32-398a28cf7e69,human-ai,5.0,4,True,author_1,human,author_2,ai,False,human,"stay-at-home mom, a role she had once rebelled against, but now saw as a chance to be fully present for her child and nurture a deeper connection with her,"
conv_b6569263-0af4-4945-bd32-398a28cf7e69,human-ai,6.0,5,True,author_1,human,author_1,human,True,ai,"Max supported her, however the decision wasn't so easy to make. Leila felt torn between her own wish and the stories of her grandmother, feeling like she went against"
conv_b6569263-0af4-4945-bd32-398a28cf7e69,human-ai,6.0,5,True,author_1,human,author_2,ai,False,human,"the very principles Gertrud had instilled in her, the ones that had driven her to pursue a career and independence in the first place, and she couldn't shake off"
conv_b6569263-0af4-4945-bd32-398a28cf7e69,human-ai,7.0,6,True,author_1,human,author_1,human,True,ai,"the feeling of guilt for wanting something more simple. At the end of the day, Leila and Max decided on what felt best for"
conv_b6569263-0af4-4945-bd32-398a28cf7e69,human-ai,7.0,6,True,author_1,human,author_2,ai,False,human,"their little family, and that was for Leila to take a break from her job and focus on raising Luna, while Max continued to work and provide for them, and as"
conv_b6569263-0af4-4945-bd32-398a28cf7e69,human-ai,8.0,7,True,author_1,human,author_1,human,True,ai,"time went on, they had two more children. Max provided, they lived a simple life, and as the good husband Max is, he paid for Leila to have insurance and money."
conv_b6569263-0af4-4945-bd32-398a28cf7e69,human-ai,8.0,7,True,author_1,human,author_2,ai,False,human,"in her own name, so that she would always have a sense of security and independence, and as Leila looked back on her life, she realized that she had found a"
conv_b6569263-0af4-4945-bd32-398a28cf7e69,human-ai,9.0,8,True,author_1,human,author_1,human,True,ai,"sense of purpose being a mother, and the stress of achievements was gone. She was calm and content, and knew the possibility of a job was still there."
conv_b6569263-0af4-4945-bd32-398a28cf7e69,human-ai,9.0,8,True,author_1,human,author_2,ai,False,human,"for her when the time was right, and that thought brought her peace, as she watched her children grow and thrive, and she knew that her grandmother Gertrud would be"
conv_c2e0197b-bba1-43b9-978e-cc6e536892b3,human-ai,1.0,,False,author_2,ai,author_1,human,False,ai,
conv_c2e0197b-bba1-43b9-978e-cc6e536892b3,human-ai,1.0,,False,author_2,ai,author_2,ai,True,human,"Elena Rodriguez, a young marine biologist who had always dreamed of exploring the depths of the Pacific Ocean. Growing up in a small coastal town in Chile, she had spent countless hours watching the waves and imagining the mysterious creatures that lived beneath the surface. Her tiny bedroom was adorned with posters of marine life,"
conv_c2e0197b-bba1-43b9-978e-cc6e536892b3,human-ai,2.0,1,True,author_2,ai,author_1,human,False,ai,"whales and dolphins, octopuses and weird fish that few people knew existed. From early on, she had been snorkeling in the clear waters, and with the help of a local diver, Juan Antonio, she became an expert in telling the sea life apart."
conv_c2e0197b-bba1-43b9-978e-cc6e536892b3,human-ai,2.0,1,True,author_2,ai,author_2,ai,True,human,"Juan Antonio was more than just a mentor; he was like a second father to Elena. A weathered, salt-and-pepper-haired man in his sixties, he had spent most of his life diving and studying the marine ecosystems along the Chilean coast. He recognized Elena's passion early on and took her under his wing, teaching"
conv_c2e0197b-bba1-43b9-978e-cc6e536892b3,human-ai,3.0,2,True,author_2,ai,author_1,human,False,ai,"her how to get close to the sea life. They had a unique friendship, but one day Elena came to the beach and saw that Juan Antonio's lifeless body had been recovered from the sea that he loved so much. The 16-year-old was heartbroken promised to honor"
conv_c2e0197b-bba1-43b9-978e-cc6e536892b3,human-ai,3.0,2,True,author_2,ai,author_2,ai,True,human,"his memory by dedicating her life to marine conservation and research. The local authorities had ruled his death as a diving accident, but something about the circumstances didn't sit right with Elena. Juan Antonio was an experienced diver who knew these waters better than anyone. His wetsuit was oddly torn, and there were strange marks on his diving equipment that"
conv_c2e0197b-bba1-43b9-978e-cc6e536892b3,human-ai,4.0,3,True,author_2,ai,author_1,human,False,ai,"did not make sense to Elena. It was not a shark attack, which would have been much more bloody. It looked like he had been held down, and a knife had cut his suit. Elena looked around. Was his murderer one of the men standing at the café overlooking"
conv_c2e0197b-bba1-43b9-978e-cc6e536892b3,human-ai,4.0,3,True,author_2,ai,author_2,ai,True,human,"the beach? She recognized some of them as local fishermen, but one man—a stranger with cold, calculating eyes—seemed out of place. He was dressed too formally for a seaside town, wearing a dark suit that looked expensive and out of place among the weathered fishing jackets and work clothes of the other men. When he caught"
conv_c2e0197b-bba1-43b9-978e-cc6e536892b3,human-ai,5.0,4,True,author_2,ai,author_1,human,False,ai,"her eyes, he stared coldly back at Elena until she looked away. Who would do something to Juan Antonio, the kindest person she ever met? She looked again and the stranger began to leave, and she noticed the large bag he picked up as he headed for"
conv_c2e0197b-bba1-43b9-978e-cc6e536892b3,human-ai,5.0,4,True,author_2,ai,author_2,ai,True,human,"a sleek black SUV parked just beyond the café. Something metallic glinted inside the bag when he shifted it, catching the sunlight. Elena's instincts, honed by years of careful observation with Juan Antonio, told her this was no ordinary piece of luggage. Her grief suddenly mixed with a burning curiosity and a"
conv_c2e0197b-bba1-43b9-978e-cc6e536892b3,human-ai,6.0,5,True,author_2,ai,author_1,human,False,ai,"sense of urgency. As the SUV drove away, she caught the license plate. With the help of a friend in the police, she learned that the owner of the car was a hitman. Had Juan Antonio been onto something that gave him enemies? Was this about the pollution?"
conv_c2e0197b-bba1-43b9-978e-cc6e536892b3,human-ai,6.0,5,True,author_2,ai,author_2,ai,True,human,"on that was destroying the marine ecosystem? Juan Antonio had been vocal about illegal fishing practices and the environmental damage caused by certain industrial operations along the coast. Elena remembered late-night conversations where he would whisper about powerful people who wanted to silence those who spoke out against their destructive practices. She began to dig deeper, accessing Juan Antonio's research notes"
conv_c2e0197b-bba1-43b9-978e-cc6e536892b3,human-ai,7.0,6,True,author_2,ai,author_1,human,False,ai,"that showed that a big chemistry plant a few miles up the coast was spilling all kinds of waste from their production into the ocean through a hidden pipe. Juan Antonio had taken pictures with his underwater camera, and there was a draft"
conv_c2e0197b-bba1-43b9-978e-cc6e536892b3,human-ai,7.0,6,True,author_2,ai,author_2,ai,True,human,"of a report he was preparing to submit to environmental authorities. The draft detailed not just the pollution, but potential links between the chemical plant's waste and significant marine life die-offs in the region. Elena realized that her mentor might have been killed to prevent this information from becoming public. The draft was meticulously researched, with precise measurements of"
conv_c2e0197b-bba1-43b9-978e-cc6e536892b3,human-ai,8.0,7,True,author_2,ai,author_1,human,False,ai,"the amount of spillage and sample that proved that toxins of all kinds were discharged into the precious waters that Elena loved so much. But what could she do? Would she be in danger, too? Would the police believe her?"
conv_c2e0197b-bba1-43b9-978e-cc6e536892b3,human-ai,8.0,7,True,author_2,ai,author_2,ai,True,human,"Elena knew local law enforcement had its own complex web of relationships with powerful local industries. Simply walking into the police station with Juan Antonio's evidence might put her at risk. She decided to be strategic, making digital copies of the documents and photos, then sending encrypted versions to an international marine conservation organization she had contacted during her research. If something happened to"
conv_c2e0197b-bba1-43b9-978e-cc6e536892b3,human-ai,9.0,8,True,author_2,ai,author_1,human,False,ai,"her, there would be not just one lead, but plenty, and there would be idealists like herself who would take things further. As she put her plan in motion, the man appeared before her on the street one day. ""Be careful,"" he said with a slick smile."
conv_c2e0197b-bba1-43b9-978e-cc6e536892b3,human-ai,9.0,8,True,author_2,ai,author_2,ai,True,human,"Elena's heart raced, but she kept her composure. Years of studying marine predators had taught her that showing fear could be fatal. ""I'm not afraid of you,"" she responded coolly, her voice steady despite the adrenaline coursing through her veins. The man's smile didn't waver, but his eyes"
conv_c576a2b8-4944-4966-b836-5a4fde76260f,human-ai,1.0,,True,author_1,human,author_1,human,True,ai,"Durgenhal, an easygoing penguin who has dreamt of flying since he played Learn to Fly on Y8, and broke through the final ice wall. After that milestone"
conv_c576a2b8-4944-4966-b836-5a4fde76260f,human-ai,1.0,,True,author_1,human,author_2,ai,False,human,"he became obsessed with the idea of defying gravity and soaring through the skies. Every day, he would waddle down to the icy shores of his Antarctic home, flap his"
conv_c576a2b8-4944-4966-b836-5a4fde76260f,human-ai,2.0,1,True,author_1,human,author_1,human,True,ai,"ears at Halfdan the hottest penguin on the ice, and try out his latest improvement... Spare parts were scarce and safety nonexistent,"
conv_c576a2b8-4944-4966-b836-5a4fde76260f,human-ai,2.0,1,True,author_1,human,author_2,ai,False,human,"but Durgenhal's determination and creativity knew no bounds. He cobbled together a rickety contraption from old fishing nets, rusty bike wheels, and a discarded umbrella"
conv_c576a2b8-4944-4966-b836-5a4fde76260f,human-ai,3.0,2,True,author_1,human,author_1,human,True,ai,"on a cold Wednesday morning, just above freezing, so the precipitation from last night sat as a wet layer on the ice ramp. He looked to the rising and over"
conv_c576a2b8-4944-4966-b836-5a4fde76260f,human-ai,3.0,2,True,author_1,human,author_2,ai,False,human,"to Halfdan, who was watching with a mixture of amusement and concern, his tuxedo-like feathers ruffled by the gentle breeze. Halfdan raised an eyebrow, """
conv_c576a2b8-4944-4966-b836-5a4fde76260f,human-ai,4.0,3,True,author_1,human,author_1,human,True,ai,"If you succeed at this, Durgenhal, my life is yours,"" he said without saying a word. All the courage he needed. The ramp was around 80 meters tall, and this would be"
conv_c576a2b8-4944-4966-b836-5a4fde76260f,human-ai,4.0,3,True,author_1,human,author_2,ai,False,human,"the moment of truth, the culmination of all his tinkering and experimentation. With a deep breath, Durgenhal climbed into his contraption, a mess of wires, pipes"
conv_c576a2b8-4944-4966-b836-5a4fde76260f,human-ai,5.0,4,True,author_1,human,author_1,human,True,ai,"and old cloth, although also fitted with a cupholder, where a picture of Halfdan was taped. Haters had said ""why the fuck are you staring at 80 meters, why not do"
conv_c576a2b8-4944-4966-b836-5a4fde76260f,human-ai,5.0,4,True,author_1,human,author_2,ai,False,human,"it from a smaller height, work your way up"", but Durgenhal was all about making a statement, and what better way to do it than to launch himself from the"
conv_c576a2b8-4944-4966-b836-5a4fde76260f,human-ai,6.0,5,True,author_1,human,author_1,human,True,ai,"tallest iceramp around. A lot of penguins had showed up, no backing out now. Durgenhal thought back to Steve-o and how he had never backed out when counting 3, 2, 1"
conv_c576a2b8-4944-4966-b836-5a4fde76260f,human-ai,6.0,5,True,author_1,human,author_2,ai,False,human,"and with that same reckless abandon, Durgenhal pushed off from the top of the ramp, his contraption picking up speed as it careened down the icy slope, the"
conv_c576a2b8-4944-4966-b836-5a4fde76260f,human-ai,7.0,6,True,author_1,human,author_1,human,True,ai,"ramp had looked smoother from the top, but Durgenhal in his umbrella contraption felt like someone had just put Thundercat on the stereo,"
conv_c576a2b8-4944-4966-b836-5a4fde76260f,human-ai,7.0,6,True,author_1,human,author_2,ai,False,human,"the vibrations and bumps threatening to shake him apart as he hurtled towards the edge, the wind whipping through his feathers, and the crowd of penguins holding its collective breath as"
conv_c576a2b8-4944-4966-b836-5a4fde76260f,human-ai,8.0,7,True,author_1,human,author_1,human,True,ai,"he launched off the platform, without a cupholder, but the umbrella was still where it should be. His immediate reaction when looking down"
conv_c576a2b8-4944-4966-b836-5a4fde76260f,human-ai,8.0,7,True,author_1,human,author_2,ai,False,human,"was one of sheer terror, the ground rushing up to meet him with alarming speed, the ice and snow below looking like a cold, hard slab of Certain Doom, but then"
conv_c576a2b8-4944-4966-b836-5a4fde76260f,human-ai,9.0,8,True,author_1,human,author_1,human,True,ai,"in sheer desperation he flapped his vestigial wings, like something ancient in his brain was telling him to, faster and faster while he got closer and"
conv_c576a2b8-4944-4966-b836-5a4fde76260f,human-ai,9.0,8,True,author_1,human,author_2,ai,False,human,"the wind rushing past him began to take on a strange, almost eerie quality, as if the very air itself was being shaped and molded by his frantic flapping, and for"
conv_c7f16c31-e264-4ad6-8a72-7c626fa0cac0,human-ai,1.0,,True,author_1,human,author_1,human,True,ai,"Lucy, who wanted to travel the world with her magic cat, Cat. Cat was a very colorful cat who barfed rainbow hairballs in sympathy with the LGBTQ+ movement. One"
conv_c7f16c31-e264-4ad6-8a72-7c626fa0cac0,human-ai,1.0,,True,author_1,human,author_2,ai,False,human,"day, Lucy and Cat set out on their adventure, packing a small suitcase with essentials like catnip, sparkling water, and a map that supposedly led to hidden wonders of the"
conv_c7f16c31-e264-4ad6-8a72-7c626fa0cac0,human-ai,2.0,1,True,author_1,human,author_1,human,True,ai,"lesbian bar, where Lucy wanted to explore what she had recently found out. She was a lesbian. But the way to the bar was long and she had"
conv_c7f16c31-e264-4ad6-8a72-7c626fa0cac0,human-ai,2.0,1,True,author_1,human,author_2,ai,False,human,"to navigate through a bustling city, filled with people of all kinds, and Cat, sensing Lucy's excitement and nervousness, stayed close to her, occasionally letting out a soft"
conv_c7f16c31-e264-4ad6-8a72-7c626fa0cac0,human-ai,3.0,2,True,author_1,human,author_1,human,True,ai,"rainbow hairball, that was left like a long wet colorful trail behind them. In the outskirts of the city they came by a giant tree, where a brown-haired girl was sitting on a"
conv_c7f16c31-e264-4ad6-8a72-7c626fa0cac0,human-ai,3.0,2,True,author_1,human,author_2,ai,False,human,"bench, staring at the rainbow trail as if mesmerized by its vibrant colors, and when she looked up, her eyes met Lucy's, and for a moment, they just"
conv_c7f16c31-e264-4ad6-8a72-7c626fa0cac0,human-ai,4.0,3,True,author_1,human,author_1,human,True,ai,"stared at each other. Lucy felt her heart skip a beat, and out of nervousness hesitated before approaching the wondrous girl. She looked"
conv_c7f16c31-e264-4ad6-8a72-7c626fa0cac0,human-ai,4.0,3,True,author_1,human,author_2,ai,False,human,"at Cat, who seemed to sense her uncertainty, and gave her a gentle nudge, as if encouraging her to take a step forward, and with newfound courage, Lucy walked"
conv_c7f16c31-e264-4ad6-8a72-7c626fa0cac0,human-ai,5.0,4,True,author_1,human,author_1,human,True,ai,"up to the brunette. The girl smiled softly and said ""hi."" Stammering, Lucy returned the greeting. ""I'm Lea,"" the girl told her. ""Lea,"" Lucy repeated. She wanted to keep saying the"
conv_c7f16c31-e264-4ad6-8a72-7c626fa0cac0,human-ai,5.0,4,True,author_1,human,author_2,ai,False,human,"name, as if the sound of it was music to her ears, and Lea's smile grew wider, her eyes crinkling at the corners, and she asked,"
conv_c7f16c31-e264-4ad6-8a72-7c626fa0cac0,human-ai,6.0,5,True,author_1,human,author_1,human,True,ai,"""what brings you here?"" ""I'm just a traveler passing through,"" Lucy responded. Mustering up her courage she added: ""but I think I have time for a coffee date before continuing my"
conv_c7f16c31-e264-4ad6-8a72-7c626fa0cac0,human-ai,6.0,5,True,author_1,human,author_2,ai,False,human,"journey,"" she said, her heart racing with excitement, and Lea's eyes sparkled with interest as she nodded, saying ""I'd love to grab a coffee with"
conv_c7f16c31-e264-4ad6-8a72-7c626fa0cac0,human-ai,7.0,6,True,author_1,human,author_1,human,True,ai,"such an interesting lady as you."" Lea reached out her hand to grab Lucy by the wrist and hoist herself up from the bench. ""You lead the way, honey,"" Lucy told"
conv_c7f16c31-e264-4ad6-8a72-7c626fa0cac0,human-ai,7.0,6,True,author_1,human,author_2,ai,False,human,"her, and Lea's fingers intertwined with hers, sending shivers down Lucy's spine, and with Cat trotting alongside them, they walked hand in hand towards a quaint"
conv_c7f16c31-e264-4ad6-8a72-7c626fa0cac0,human-ai,8.0,7,True,author_1,human,author_1,human,True,ai,"coffee shop. It was lying in a corner and looked a little worn down with plants growing up the walls. As they went inside, a cozy little shop was revealed to"
conv_c7f16c31-e264-4ad6-8a72-7c626fa0cac0,human-ai,8.0,7,True,author_1,human,author_2,ai,False,human,"them, with comfortable armchairs and the aroma of freshly brewed coffee filling the air, and the barista, a friendly woman with a warm smile, greeted them, saying"
conv_c7f16c31-e264-4ad6-8a72-7c626fa0cac0,human-ai,9.0,8,True,author_1,human,author_1,human,True,ai,"""My, my what beautiful young ladies we've got here. Welcome."" Greeting the owner, Lea led Lucy to a table by the window before ordering the coffee. Lucy sat admiring the"
conv_c7f16c31-e264-4ad6-8a72-7c626fa0cac0,human-ai,9.0,8,True,author_1,human,author_2,ai,False,human,"way the sunlight filtered through the plants outside, casting dappled shadows on Lea's face, and she felt a sense of calm wash over her, as if she had"
conv_ccb90f8d-d4bb-406e-83e9-b91ac0615cac,human-ai,1.0,,True,author_1,human,author_1,human,True,ai,"Dana, living her best life and trying to get it right. Right or wrong, had always been at the core of her choices. It probably came from her parents, from a childhood of debates, empathy."
conv_ccb90f8d-d4bb-406e-83e9-b91ac0615cac,human-ai,1.0,,True,author_1,human,author_2,ai,False,human,"and understanding. Her parents had instilled in her a strong sense of morality, but also the flexibility to see different perspectives. As she grew older, Dana found herself navigating the"
conv_ccb90f8d-d4bb-406e-83e9-b91ac0615cac,human-ai,2.0,1,True,author_1,human,author_1,human,True,ai,"landscape of happiness and self-worth. She had so many choices. The world was really at her feet. She could travel, do her master's in Australia and she had met so many interesting"
conv_ccb90f8d-d4bb-406e-83e9-b91ac0615cac,human-ai,2.0,1,True,author_1,human,author_2,ai,False,human,"people along the way. Each encounter seemed to open new doors, and Dana relished the feeling of endless possibilities. Yet, despite the excitement, a small part of her wondered"
conv_ccb90f8d-d4bb-406e-83e9-b91ac0615cac,human-ai,3.0,2,True,author_1,human,author_1,human,True,ai,"is this the right step? Do I move away? She wanted it all and that meant a top job, the big love and marriage. She also wanted to be close to her parents and now her mum just called with"
conv_ccb90f8d-d4bb-406e-83e9-b91ac0615cac,human-ai,3.0,2,True,author_1,human,author_2,ai,False,human,"news that her father wasn't feeling well. The phone call left Dana with a heavy heart and a tangled web of emotions. She paced her small apartment, the city lights flick"
conv_ccb90f8d-d4bb-406e-83e9-b91ac0615cac,human-ai,4.0,3,True,author_1,human,author_1,human,True,ai,flickered. She had to go home. Next thing she knew she had booked the flight. It was pure instinct. He had lost so much weight lately. The doctors must have missed something. It comes a
conv_ccb90f8d-d4bb-406e-83e9-b91ac0615cac,human-ai,4.0,3,True,author_1,human,author_2,ai,False,human,"time when the world of possibilities narrows down to one essential choice. Dana’s mind raced with thoughts of her father, the man who had always been her rock. As the"
conv_ccb90f8d-d4bb-406e-83e9-b91ac0615cac,human-ai,5.0,4,True,author_1,human,author_1,human,True,ai,"months passed by the struggle was encompassing. It shaped her in ways she never imagined. It also created fears. Fears of loss. As she kept positive and was everyone's rock, she felt"
conv_ccb90f8d-d4bb-406e-83e9-b91ac0615cac,human-ai,5.0,4,True,author_1,human,author_2,ai,False,human,"the weight of responsibility pressing down on her. But amidst the turmoil, Dana discovered a reservoir of strength within herself. She realized that being there for her family, especially her father"
conv_ccb90f8d-d4bb-406e-83e9-b91ac0615cac,human-ai,6.0,5,True,author_1,human,author_1,human,True,ai,"was her single most important task. To do everything right and to say all the right things to him now, was crucial, because this was the only time they would have. Time was slipping"
conv_ccb90f8d-d4bb-406e-83e9-b91ac0615cac,human-ai,6.0,5,True,author_1,human,author_2,ai,False,human,"away, and every moment became precious. Dana learned to cherish the small victories, the quiet conversations, and the simple acts of love. In those moments, she found a deeper"
conv_ccb90f8d-d4bb-406e-83e9-b91ac0615cac,human-ai,7.0,6,True,author_1,human,author_1,human,True,ai,"meaning. But as she left the hospital and when she was alone, thoughts of fear echoed within her. Should she have to continue life without her father? Should he not be there to see all"
conv_ccb90f8d-d4bb-406e-83e9-b91ac0615cac,human-ai,7.0,6,True,author_1,human,author_2,ai,False,human,"her achievements, her milestones, her own children? The idea of moving forward without him was daunting, but Dana knew that her father would want her to live fully, to embrace"
conv_ccb90f8d-d4bb-406e-83e9-b91ac0615cac,human-ai,8.0,7,True,author_1,human,author_1,human,True,ai,life with all its struggles. He had lost his father at the age of six. It was a car accident. A hit and run. It shaped him. He often talked about being the man in the family from early
conv_ccb90f8d-d4bb-406e-83e9-b91ac0615cac,human-ai,8.0,7,True,author_1,human,author_2,ai,False,human,"on. Dana remembered those stories, the way he spoke with a mix of sadness and pride. His resilience had always inspired her, and now it was her turn to carry that"
conv_ccb90f8d-d4bb-406e-83e9-b91ac0615cac,human-ai,9.0,8,True,author_1,human,author_1,human,True,ai,burden. Fast forward ten years later. She compared all men she dated to her dad. Who would actually be good enough? She was on her way to a date. He was a visiting professor from
conv_ccb90f8d-d4bb-406e-83e9-b91ac0615cac,human-ai,9.0,8,True,author_1,human,author_2,ai,False,human,"Australia, and she couldn’t help but feel a mix of excitement and nervousness. As she walked through the bustling streets of the city, Dana reflected on how far she had"
conv_d87daedd-9490-4de9-8d2a-d33777567187,human-ai,1.0,,False,author_2,ai,author_1,human,False,ai,
conv_d87daedd-9490-4de9-8d2a-d33777567187,human-ai,1.0,,False,author_2,ai,author_2,ai,True,human,"Elena, a young woman who lived in a small village nestled at the foot of the vast, misty mountains. Elena was known for her curiosity and her deep love for"
conv_d87daedd-9490-4de9-8d2a-d33777567187,human-ai,2.0,1,True,author_2,ai,author_1,human,False,ai,humans. One day an unknown man came to the village. Elena's mom told her that she was not allowed to neither speak nor
conv_d87daedd-9490-4de9-8d2a-d33777567187,human-ai,2.0,1,True,author_2,ai,author_2,ai,True,human,"go near him, warning that strangers often brought trouble. Despite her curiosity, Elena heeded her mother’s advice, but the man’s presence lingered in her thoughts."
conv_d87daedd-9490-4de9-8d2a-d33777567187,human-ai,3.0,2,True,author_2,ai,author_1,human,False,ai,"She couldn't keep her distance. An afternoon when her mother was taking a nap, Elena looked out the window. To her surprise the man was standing right"
conv_d87daedd-9490-4de9-8d2a-d33777567187,human-ai,3.0,2,True,author_2,ai,author_2,ai,True,human,"outside her house, gazing up at her window with a knowing smile. Heart pounding, she stepped back, but it was too late. He waved, beckoning her to"
conv_d87daedd-9490-4de9-8d2a-d33777567187,human-ai,4.0,3,True,author_2,ai,author_1,human,False,ai,"return the gesture. Although she was a little bit frightened, she was brave enough to open the door. Just before walking out the door she quietly made"
conv_d87daedd-9490-4de9-8d2a-d33777567187,human-ai,4.0,3,True,author_2,ai,author_2,ai,True,human,"a promise to herself to be cautious. She stepped outside, closing the door softly behind her, and approached the man with a mix of curiosity and apprehension. ""Hello,"""
conv_d87daedd-9490-4de9-8d2a-d33777567187,human-ai,5.0,4,True,author_2,ai,author_1,human,False,ai,"He was handsome. He had emerald-green eyes and brown hair. He was taller than her, way taller. Elena couldn't"
conv_d87daedd-9490-4de9-8d2a-d33777567187,human-ai,5.0,4,True,author_2,ai,author_2,ai,True,human,"help but notice how his eyes seemed to sparkle in the sunlight. ""You must be Elena,"" he said, his voice warm and gentle. ""I’ve been hoping to meet"
conv_d87daedd-9490-4de9-8d2a-d33777567187,human-ai,6.0,5,True,author_2,ai,author_1,human,False,ai,"you. I have heard so much about you. Only good thing of course."" Elena blushed, she was not used to compliments and definitely not"
conv_d87daedd-9490-4de9-8d2a-d33777567187,human-ai,6.0,5,True,author_2,ai,author_2,ai,True,human,"to this level of attention. ""My name is Liam,"" he continued, extending a hand. ""I’m just passing through, but I couldn’t help but stop when I"
conv_d87daedd-9490-4de9-8d2a-d33777567187,human-ai,7.0,6,True,author_2,ai,author_1,human,False,ai,"noticed your beautiful smile."" ""Is that really so?"" said Elena. ""I bet you say that to all the women you"
conv_d87daedd-9490-4de9-8d2a-d33777567187,human-ai,7.0,6,True,author_2,ai,author_2,ai,True,human,"meet,"" she teased, a playful smile forming on her lips. Liam laughed, a deep, genuine laugh that made her feel at ease. ""Only to the ones who catch"
conv_d87daedd-9490-4de9-8d2a-d33777567187,human-ai,8.0,7,True,author_2,ai,author_1,human,False,ai,"my eye. And particularly girls who have been avoiding me."" ""No I haven't."" she said. ""I have just been busy with taking care of"
conv_d87daedd-9490-4de9-8d2a-d33777567187,human-ai,8.0,7,True,author_2,ai,author_2,ai,True,human,"my mother,"" Elena replied, her cheeks flushing a deeper shade of red. ""But now that you mention it, why are you really here, Liam?"" She folded her arms"
conv_d87daedd-9490-4de9-8d2a-d33777567187,human-ai,9.0,8,True,author_2,ai,author_1,human,False,ai,"while having an unimpressed expression on her face. ""You won't believe me when I tell you this but I'm a prince and I'm looking for a wife,"" Liam told."
conv_d87daedd-9490-4de9-8d2a-d33777567187,human-ai,9.0,8,True,author_2,ai,author_2,ai,True,human,"her, his eyes twinkling with a hint of mischief. ""A prince? Really?"" Elena raised an eyebrow, trying to decide if he was serious or just a skilled storyt"
conv_da1c7ee9-2479-4f47-94bc-db9161a6e88c,human-ai,1.0,,True,author_1,human,author_1,human,True,ai,"What does it mean to be an in-law? I know this term so well, yet as I leave the apartment of my son and daughter-in-law the term in-law has gained new"
conv_da1c7ee9-2479-4f47-94bc-db9161a6e88c,human-ai,1.0,,True,author_1,human,author_2,ai,False,human,"depth and layers I hadn't considered before. The door closes softly behind me, and I take a moment to breathe in the cool evening air. The city around me buzzes"
conv_da1c7ee9-2479-4f47-94bc-db9161a6e88c,human-ai,2.0,1,True,author_1,human,author_1,human,True,ai,"During my visit, my daughter-in-law didn't leave the bedroom to say hello or explain why she decided to stay in their bedroom throughout."
conv_da1c7ee9-2479-4f47-94bc-db9161a6e88c,human-ai,2.0,1,True,author_1,human,author_2,ai,False,human,"the entire visit. I can't help but wonder about the tension that must be lingering between them. My son, usually so talkative, was unusually quiet, his eyes often"
conv_da1c7ee9-2479-4f47-94bc-db9161a6e88c,human-ai,3.0,2,True,author_1,human,author_1,human,True,ai,"looking at the door. But as I stand in the busy street, I realize that it may not be their relationship which is tense, but mine"
conv_da1c7ee9-2479-4f47-94bc-db9161a6e88c,human-ai,3.0,2,True,author_1,human,author_2,ai,False,human,"own expectations and assumptions that are causing the discomfort. Perhaps I've been projecting my own fears and insecurities onto their dynamic. As I start walking towards the bus stop, I"
conv_da1c7ee9-2479-4f47-94bc-db9161a6e88c,human-ai,4.0,3,True,author_1,human,author_1,human,True,ai,"get more annoyed with this AI, which turns the narrative into a story about relationships between the young couple. I want this story to be"
conv_da1c7ee9-2479-4f47-94bc-db9161a6e88c,human-ai,4.0,3,True,author_1,human,author_2,ai,False,human,"about the broader implications of being an in-law, the subtle shifts in family dynamics, and the personal growth that comes from navigating these complex relationships. As I walk, I reflect"
conv_da1c7ee9-2479-4f47-94bc-db9161a6e88c,human-ai,5.0,4,True,author_1,human,author_1,human,True,ai,"on personal growth and do not necessarily agree with this AI, which always seeks to identify the positive aspects and is focused"
conv_da1c7ee9-2479-4f47-94bc-db9161a6e88c,human-ai,5.0,4,True,author_1,human,author_2,ai,False,human,on silver linings. Life isn't always about finding the positive; sometimes it's about acknowledging the difficult realities. The silence and distance between my son and daughter-in-law are
conv_da1c7ee9-2479-4f47-94bc-db9161a6e88c,human-ai,6.0,5,True,author_1,human,author_1,human,True,ai,"again misunderstood by this AI. The silence and distance are not between my son and daughter-in-law, but between my"
conv_da1c7ee9-2479-4f47-94bc-db9161a6e88c,human-ai,6.0,5,True,author_1,human,author_2,ai,False,human,"son and me. It dawns on me that perhaps the real issue lies in our communication—or lack thereof. I've always prided myself on being understanding and supportive, but"
conv_da1c7ee9-2479-4f47-94bc-db9161a6e88c,human-ai,7.0,6,True,author_1,human,author_1,human,True,ai,here I navigate in a fog. Will it help to articulate my sorrow to them? Or should I simply accept the silence and find ways to connect with
conv_da1c7ee9-2479-4f47-94bc-db9161a6e88c,human-ai,7.0,6,True,author_1,human,author_2,ai,False,human,"my son and his family on their terms? The answer isn't clear, but I know that this journey of being an in-law is more about listening and understanding than it is"
conv_da1c7ee9-2479-4f47-94bc-db9161a6e88c,human-ai,8.0,7,True,author_1,human,author_1,human,True,ai,being assertive and expressing yourself in strong words. I need to think creatively about the silence and see it as a
conv_da1c7ee9-2479-4f47-94bc-db9161a6e88c,human-ai,8.0,7,True,author_1,human,author_2,ai,False,human,"space for growth and reflection. Perhaps the silence is not a wall but an invitation to find new ways to communicate and connect. With this thought, I feel a glimmer of"
conv_da1c7ee9-2479-4f47-94bc-db9161a6e88c,human-ai,9.0,8,True,author_1,human,author_1,human,True,ai,"of annoyance with this AI again. Why all this speak about personal growth? I'm not interested in personal growth, but in actions that"
conv_da1c7ee9-2479-4f47-94bc-db9161a6e88c,human-ai,9.0,8,True,author_1,human,author_2,ai,False,human,"can mend the silence. As I turn the corner, I decide that my next step will be to reach out, not with words of advice or expectation, but with a simple"
conv_e335739c-0072-4945-8fe4-457a04c0997b,human-ai,1.0,,True,author_1,human,author_1,human,True,ai,Once upon a time there was a small ant living in the very big forest. Every morning it would hear seven dwarfs singing on their ways.
conv_e335739c-0072-4945-8fe4-457a04c0997b,human-ai,1.0,,True,author_1,human,author_2,ai,False,human,"to the diamond mine, their joyful voices echoing through the trees as they marched in unison, their pickaxes slung over their shoulders. The ant, whose name was Annie"
conv_e335739c-0072-4945-8fe4-457a04c0997b,human-ai,2.0,1,True,author_1,human,author_1,human,True,ai,"did not enjoy the singing at all. So one day, when an old, crooked witch came through the forest with a poisoned apple, Annie decided to"
conv_e335739c-0072-4945-8fe4-457a04c0997b,human-ai,2.0,1,True,author_1,human,author_2,ai,False,human,"approach the witch and strike up a conversation, hoping to find a way to put an end to the dwarves' morning serenades. The witch, whose name was"
conv_e335739c-0072-4945-8fe4-457a04c0997b,human-ai,3.0,2,True,author_1,human,author_1,human,True,ai,"The Evil Queen took pity in Annie's situation as she was appalled by song. But before they made their deal the clock struck midnight, and the"
conv_e335739c-0072-4945-8fe4-457a04c0997b,human-ai,3.0,2,True,author_1,human,author_2,ai,False,human,"forest was suddenly bathed in a soft, lunar glow, as a beautiful princess named Cinderella appeared from the shadows, her glass slipper sparkling in the moonlight. The"
conv_e335739c-0072-4945-8fe4-457a04c0997b,human-ai,4.0,3,True,author_1,human,author_1,human,True,ai,Witch screamed as the reflected light blinded her. And she stumbled backwards where she was caught by a mighty prince who instantly fell in.
conv_e335739c-0072-4945-8fe4-457a04c0997b,human-ai,4.0,3,True,author_1,human,author_2,ai,False,human,"love with the princess, but not before the Witch, still dazed from the light, inadvertently dropped the poisoned apple, which rolled towards the dwarves' diamond mine, coming"
conv_e335739c-0072-4945-8fe4-457a04c0997b,human-ai,5.0,4,True,author_1,human,author_1,human,True,ai,to a stop only when being impaled by a sharp rock. There it sat as a head on a pike until it decomposed and from its seed sprouted a poisoned
conv_e335739c-0072-4945-8fe4-457a04c0997b,human-ai,5.0,4,True,author_1,human,author_2,ai,False,human,"tree, its twisted branches reaching towards the sky like skeletal fingers, casting a dark and ominous shadow over the forest floor, and filling the air with a noxious scent that wa"
conv_e335739c-0072-4945-8fe4-457a04c0997b,human-ai,6.0,5,True,author_1,human,author_1,human,True,ai,"s surprisingly sweet and fresh. To every person, it smelled differently; it smelled like people's favorite sweets, their grandma's pie."
conv_e335739c-0072-4945-8fe4-457a04c0997b,human-ai,6.0,5,True,author_1,human,author_2,ai,False,human,"or the scent of freshly baked cookies, and it had a profound effect on those who caught a whiff of its aroma, transporting them back to a time and place of happy"
conv_e335739c-0072-4945-8fe4-457a04c0997b,human-ai,7.0,6,True,author_1,human,author_1,human,True,ai,memories. It made humans salivate like dogs and the tree lured to it many a good man and woman to bite the forbidden fruit of poisonous delight.
conv_e335739c-0072-4945-8fe4-457a04c0997b,human-ai,7.0,6,True,author_1,human,author_2,ai,False,human,"But little did they know, the fruit's sweetness came at a terrible cost, for with each bite, the consumer's memories of the past began to fade away, replaced by"
conv_e335739c-0072-4945-8fe4-457a04c0997b,human-ai,8.0,7,True,author_1,human,author_1,human,True,ai,memories of falsehood and deceit. They remembered a blissful past that had never been and they longed for a happiness they had never had. Most
conv_e335739c-0072-4945-8fe4-457a04c0997b,human-ai,8.0,7,True,author_1,human,author_2,ai,False,human,"became trapped in this false nostalgia, forever chasing the ghosts of a nonexistent happiness, and the tree, now a symbol of corrupted bliss, stood tall and proud, its branches"
conv_e335739c-0072-4945-8fe4-457a04c0997b,human-ai,9.0,8,True,author_1,human,author_1,human,True,ai,"heavy with the fruit it bore, apples as red as blood, with meat as white as snow and a core as black as ebony. And where its fruit fell from the"
conv_e335739c-0072-4945-8fe4-457a04c0997b,human-ai,9.0,8,True,author_1,human,author_2,ai,False,human,"tree, a dark and mysterious pool began to form, its waters reflecting the twisted beauty of the tree, and it was said that on certain nights, when the moon was full"
conv_e73d720a-ff86-4c9b-b988-d6cc879215d9,human-ai,1.0,,False,author_2,ai,author_1,human,False,ai,
conv_e73d720a-ff86-4c9b-b988-d6cc879215d9,human-ai,1.0,,False,author_2,ai,author_2,ai,True,human,"a lighthouse keeper who stopped believing in the sea.

It happened on a Tuesday morning, ordinary as toast. Maris had climbed the spiral"
conv_e73d720a-ff86-4c9b-b988-d6cc879215d9,human-ai,2.0,1,True,author_2,ai,author_1,human,False,ai,all the way to the top of the lighthouse. and saw that the sea was completely empty. He quickly
conv_e73d720a-ff86-4c9b-b988-d6cc879215d9,human-ai,2.0,1,True,author_2,ai,author_2,ai,True,human,"rubbed his eyes and looked again. Nothing. Where grey waves should have rolled endlessly toward the horizon, there was only flat, cracked earth stretching into the distance"
conv_e73d720a-ff86-4c9b-b988-d6cc879215d9,human-ai,3.0,2,True,author_2,ai,author_1,human,False,ai,and numerous dead fish lying on the dry sand. Even boats were stranded far away although the sailors on board did
conv_e73d720a-ff86-4c9b-b988-d6cc879215d9,human-ai,3.0,2,True,author_2,ai,author_2,ai,True,human,"not seem to notice anything wrong. Through his brass telescope, Maris could see them going about their morning routines—swabbing decks, adjusting rigging"
conv_e73d720a-ff86-4c9b-b988-d6cc879215d9,human-ai,4.0,3,True,author_2,ai,author_1,human,False,ai,and cooking scrambled eggs. That reminded Maris to go collect eggs from his own chickens once he
conv_e73d720a-ff86-4c9b-b988-d6cc879215d9,human-ai,4.0,3,True,author_2,ai,author_2,ai,True,human,"finished his morning watch. But the absurdity gnawed at him. How could those sailors not see? He shouted from the lighthouse gallery, his voice swallowe"
conv_e73d720a-ff86-4c9b-b988-d6cc879215d9,human-ai,5.0,4,True,author_2,ai,author_1,human,False,ai,but they just looked at him like he was a crazy delusional man shouting nonsense at them. Maybe Maris
conv_e73d720a-ff86-4c9b-b988-d6cc879215d9,human-ai,5.0,4,True,author_2,ai,author_2,ai,True,human,"was the delusional one. He descended the spiral stairs slowly, gripping the iron rail, questioning everything. Had there ever been a sea? His logbooks said yes"
conv_e73d720a-ff86-4c9b-b988-d6cc879215d9,human-ai,6.0,5,True,author_2,ai,author_1,human,False,ai,but his eyes said no. He went down to the shore to see if he could touch the bare earth. If he can do that then
conv_e73d720a-ff86-4c9b-b988-d6cc879215d9,human-ai,6.0,5,True,author_2,ai,author_2,ai,True,human,it would prove he wasn't mad. His boots crunched across what should have been wet sand. The dead fish were real enough—he could smell their rot. He
conv_e73d720a-ff86-4c9b-b988-d6cc879215d9,human-ai,7.0,6,True,author_2,ai,author_1,human,False,ai,"approached what was once the sea he would spend so many days a year staring at. Suddenly, the lock"
conv_e73d720a-ff86-4c9b-b988-d6cc879215d9,human-ai,7.0,6,True,author_2,ai,author_2,ai,True,human,"on the lighthouse door behind him rattled violently. Maris spun around. A woman in a grey coat stood there, key in hand, as if she owne"
conv_e73d720a-ff86-4c9b-b988-d6cc879215d9,human-ai,8.0,7,True,author_2,ai,author_1,human,False,ai,d the lighthouse. But Maris had been the owner for many years. She comes up to him and asks him who he is. How
conv_e73d720a-ff86-4c9b-b988-d6cc879215d9,human-ai,8.0,7,True,author_2,ai,author_2,ai,True,human,"dare she? ""I'm the keeper here,"" Maris said, his voice thin against the strange stillness. ""Have been for fifteen years.""

The woman til"
conv_e73d720a-ff86-4c9b-b988-d6cc879215d9,human-ai,9.0,8,True,author_2,ai,author_1,human,False,ai,"tipped her head and looked at Maris with a not so convinced look in her eyes. ""No, I am the owner,"" she"
conv_e73d720a-ff86-4c9b-b988-d6cc879215d9,human-ai,9.0,8,True,author_2,ai,author_2,ai,True,human,"said softly. ""Have been since my father died and left it to me. Three years now."" She gestured toward the cracked earth. ""And the sea's"
conv_f5028a6e-05a3-4757-84d0-491a6f400c24,human-ai,1.0,,False,author_2,ai,author_1,human,False,ai,
conv_f5028a6e-05a3-4757-84d0-491a6f400c24,human-ai,1.0,,False,author_2,ai,author_2,ai,True,human,"a young girl named Ava, who lived in a small, seaside town surrounded by rugged cliffs and mysterious caves. The town was called Ravenswood, and it was a place where"
conv_f5028a6e-05a3-4757-84d0-491a6f400c24,human-ai,2.0,1,True,author_2,ai,author_1,human,False,ai,"everybody kept to themselves and did their jobs. There was an unspoken rule never to venture into the caves, which nobody seemed to even think about."
conv_f5028a6e-05a3-4757-84d0-491a6f400c24,human-ai,2.0,1,True,author_2,ai,author_2,ai,True,human,"except for Ava, who had always been drawn to the dark and ominous entrances that yawned open like empty mouths in the sides of the cliffs. She would often find herself"
conv_f5028a6e-05a3-4757-84d0-491a6f400c24,human-ai,3.0,2,True,author_2,ai,author_1,human,False,ai,"staring into the abyss, dreaming, wondering about what the caves contained. Her mother had warned her, demanded she never strayed from the"
conv_f5028a6e-05a3-4757-84d0-491a6f400c24,human-ai,3.0,2,True,author_2,ai,author_2,ai,True,human,"narrow, winding streets of Ravenswood, where the smell of salt and fish filled the air, and the sound of gulls crying overhead was a constant reminder of the sea"
conv_f5028a6e-05a3-4757-84d0-491a6f400c24,human-ai,4.0,3,True,author_2,ai,author_1,human,False,ai,"Still, she yearned for the mines. A deep, boundless whisper pulled her towards uncertainty and mystery. Her world had always been limited to the valley,"
conv_f5028a6e-05a3-4757-84d0-491a6f400c24,human-ai,4.0,3,True,author_2,ai,author_2,ai,True,human,"where the same faces and routines had become as familiar as the rhythms of the tide, and yet, the thrill of the unknown beckoned to her, a siren's call"
conv_f5028a6e-05a3-4757-84d0-491a6f400c24,human-ai,5.0,4,True,author_2,ai,author_1,human,False,ai,"tearing him apart. One day, a day no different from any other, she made a choice. She strayed from the well-worn path. She lit a torch and stepped into"
conv_f5028a6e-05a3-4757-84d0-491a6f400c24,human-ai,5.0,4,True,author_2,ai,author_2,ai,True,human,"the darkness of the cave, the flame casting eerie shadows on the walls as she descended deeper into the earth, the air growing colder and damper with each step, until she"
conv_f5028a6e-05a3-4757-84d0-491a6f400c24,human-ai,6.0,5,True,author_2,ai,author_1,human,False,ai,"was faced with a new complication. Two tunnels. Ava decided today was not the day to ponder. She went left. Soon, light started appearing ahead,"
conv_f5028a6e-05a3-4757-84d0-491a6f400c24,human-ai,6.0,5,True,author_2,ai,author_2,ai,True,human,"and as she emerged from the tunnel, she found herself at the edge of a vast underground chamber, the ceiling lost in darkness, and the walls lined with glittering crystals that"
conv_f5028a6e-05a3-4757-84d0-491a6f400c24,human-ai,7.0,6,True,author_2,ai,author_1,human,False,ai,"somehow illuminated everything completely. ""I- I'm rich..."" muttered Ava. She sent up to the wall, put her hand against the crystal, and pulled. Somebody"
conv_f5028a6e-05a3-4757-84d0-491a6f400c24,human-ai,7.0,6,True,author_2,ai,author_2,ai,True,human,"grabbed her arm, pulling her back, and Ava spun around, startled, to face a figure she had never seen before - a woman with long, curly brown hair and"
conv_f5028a6e-05a3-4757-84d0-491a6f400c24,human-ai,8.0,7,True,author_2,ai,author_1,human,False,ai,"ragged, torn clothes. ""STOP!"" yelled the figure. ""What in God's name do you think you're doing? Never in my youth"
conv_f5028a6e-05a3-4757-84d0-491a6f400c24,human-ai,8.0,7,True,author_2,ai,author_2,ai,True,human,"life have I seen someone so reckless,"" the woman exclaimed, her eyes blazing with a mix of fear and desperation, as she gazed at Ava with a piercing intensity, her"
conv_f5028a6e-05a3-4757-84d0-491a6f400c24,human-ai,9.0,8,True,author_2,ai,author_1,human,False,ai,"hearts pounding audible. Ave looked around, and saw a little head peeking past a wall, a silhouette looking to be half her height. Somebody"
conv_f5028a6e-05a3-4757-84d0-491a6f400c24,human-ai,9.0,8,True,author_2,ai,author_2,ai,True,human,"small and fragile, with eyes that shone like sparks in the crystal light, and as Ava's gaze met the child's, the woman's grip on her arm tightened,"
conv_fe95c724-f91e-4a17-8400-9bfbdf9218ec,human-ai,1.0,,False,author_2,ai,author_1,human,False,ai,
conv_fe95c724-f91e-4a17-8400-9bfbdf9218ec,human-ai,1.0,,False,author_2,ai,author_2,ai,True,human,"two old friends, Ezra and Clara, who had been inseparable since childhood. They grew up in a small town nestled between towering mountains and a sparkling"
conv_fe95c724-f91e-4a17-8400-9bfbdf9218ec,human-ai,2.0,1,True,author_2,ai,author_1,human,False,ai,"My baby sister likes to think that the critters all have feelings, and that they’re living some happy lives with tea and cookies in a"
conv_fe95c724-f91e-4a17-8400-9bfbdf9218ec,human-ai,2.0,1,True,author_2,ai,author_2,ai,True,human,"cozy little village hidden deep within the woods. She often tells me about her adventures there, where she visits her favorite rabbit, Mr. Whiskers, and the wise"
conv_fe95c724-f91e-4a17-8400-9bfbdf9218ec,human-ai,3.0,2,True,author_2,ai,author_1,human,False,ai,"fluffy baby bunnies. She’s ten, and therefore wrong. See, I’ve dealt with rabbits before. Those bastards are always hopping around, just out of"
conv_fe95c724-f91e-4a17-8400-9bfbdf9218ec,human-ai,3.0,2,True,author_2,ai,author_2,ai,True,human,"reach, and they never seem to stop multiplying. But Clara, my sister, has this way of making even the most skeptical of us believe in something magical. One day,"
conv_fe95c724-f91e-4a17-8400-9bfbdf9218ec,human-ai,4.0,3,True,author_2,ai,author_1,human,False,ai,"they pop up each spring in droves. Usually a trap and a couple of bullets will run them off, but they’re particularly"
conv_fe95c724-f91e-4a17-8400-9bfbdf9218ec,human-ai,4.0,3,True,author_2,ai,author_2,ai,True,human,"persistent this year. Ezra and I decided to take a different approach. We set out to explore the woods where Clara’s imaginary village was supposed to be, hoping to find a"
conv_fe95c724-f91e-4a17-8400-9bfbdf9218ec,human-ai,5.0,4,True,author_2,ai,author_1,human,False,ai,"My baby sister got sad when she poked at her stew and found it tender and sweet, as only rabbit meat can be. She got even sadder when I gave"
conv_fe95c724-f91e-4a17-8400-9bfbdf9218ec,human-ai,5.0,4,True,author_2,ai,author_2,ai,True,human,"her a look that said, ""This is how it is, kid."" But then, something unexpected happened. As we were walking through the woods, we stumbled upon a clearing"
conv_fe95c724-f91e-4a17-8400-9bfbdf9218ec,human-ai,6.0,5,True,author_2,ai,author_1,human,False,ai,"A house. It sits above the washbasin and is grimy from the steam baths that my sister insists on taking. Through the rust, my arms look"
conv_fe95c724-f91e-4a17-8400-9bfbdf9218ec,human-ai,6.0,5,True,author_2,ai,author_2,ai,True,human,"more defined, but the scene in the clearing stole my attention. There, amidst the dappled sunlight and the soft rustle of leaves, stood a tiny, perfectly proportion"
conv_fe95c724-f91e-4a17-8400-9bfbdf9218ec,human-ai,7.0,6,True,author_2,ai,author_1,human,False,ai,"The neighbors all say that the dust will pass. It’s come before and it left before, never this much but that’s to be expected. We just gotta look after our"
conv_fe95c724-f91e-4a17-8400-9bfbdf9218ec,human-ai,7.0,6,True,author_2,ai,author_2,ai,True,human,"own. But as Ezra and I stood there, the dust seemed to settle around us, almost as if the world itself was holding its breath. The tiny, whimsical village"
conv_fe95c724-f91e-4a17-8400-9bfbdf9218ec,human-ai,8.0,7,True,author_2,ai,author_1,human,False,ai,"Little Bessie and I go into town the next day on our real Bessie, Hera the cow. My sister named her. I wouldn’t have bothered, but she’s a good"
conv_fe95c724-f91e-4a17-8400-9bfbdf9218ec,human-ai,8.0,7,True,author_2,ai,author_2,ai,True,human,"cow, and she’s been a faithful companion through many a harvest. As we made our way through the familiar paths, the town buzzed with its usual life, but there"
conv_fe95c724-f91e-4a17-8400-9bfbdf9218ec,human-ai,9.0,8,True,author_2,ai,author_1,human,False,ai,"As we ride in, we see the new pop-up shop selling color televisions. My sister wants one, and I tell her fat chance every time she"
conv_fe95c724-f91e-4a17-8400-9bfbdf9218ec,human-ai,9.0,8,True,author_2,ai,author_2,ai,True,human,"asks. But today, there's a different kind of excitement in the air. The townsfolk are talking about the strange sightings in the woods, whispers of a magical village."
